batch,level,missing_mode,missing_rate,missing_rate_pct,imputation_method,config_type,mae,rmse,r2,seed,architecture
3C,level_4,MCAR,0.0,0.0,knn,baseline,0.0588786131432858,0.0860346106798931,-0.1391872084466836,7,cnn
3C,level_4,MCAR,0.05,5.0,knn,baseline,0.0587763568916186,0.0865228896102355,-0.1521545374426582,7,cnn
3C,level_4,MCAR,0.1,10.0,knn,baseline,0.0589662123162469,0.0884004030885962,-0.2026996783240731,7,cnn
3C,level_4,MCAR,0.15,15.0,knn,baseline,0.0590117660513516,0.0861445864685349,-0.1421014561817422,7,cnn
3C,level_4,MCAR,0.2,20.0,knn,baseline,0.0560448476963557,0.0736363599383837,0.1654865743454114,7,cnn
3C,level_4,MCAR,0.25,25.0,knn,baseline,0.0581815907488394,0.0837119327712189,-0.0785081779777443,7,cnn
3C,level_4,MCAR,0.3,30.0,knn,baseline,0.0564698923945007,0.0772578206423878,0.0813848360568356,7,cnn
3C,level_4,MCAR,0.35,35.0,knn,baseline,0.0564562240010269,0.075503804893731,0.1226227286979945,7,cnn
3C,level_4,MCAR,0.4,40.0,knn,baseline,0.0542251710925264,0.0719876382883585,0.2024378125525965,7,cnn
3C,level_4,MCAR,0.45,45.0,knn,baseline,0.056805841785802,0.0821756077102477,-0.0392847463312313,7,cnn
3C,level_4,MCAR,0.5,50.0,knn,baseline,0.054965569695163,0.0728959066010191,0.1821851591444812,7,cnn
3C,level_4,MCAR,0.55,55.00000000000001,knn,baseline,0.054763765197566,0.0716606837136406,0.2096661210533899,7,cnn
3C,level_4,MCAR,0.6000000000000001,60.00000000000001,knn,baseline,0.053926153729697,0.0722725602018263,0.1961119306202079,7,cnn
3C,level_4,MCAR,0.65,65.0,knn,baseline,0.0525932407546854,0.0682004041344777,0.2841490584808966,7,cnn
3C,level_4,MCAR,0.7000000000000001,70.0,knn,baseline,0.0546990193873469,0.0729089939001356,0.1818914815233717,7,cnn
3C,level_4,MCAR,0.75,75.0,knn,baseline,0.0571412399164537,0.0768888530537949,0.0901381212721883,7,cnn
3C,level_4,MCAR,0.8,80.0,knn,baseline,0.052787262122768,0.0725628881238747,0.1896403200164399,7,cnn
3C,level_4,MCAR,0.8500000000000001,85.00000000000001,knn,baseline,0.0650842566674647,0.0863248519815994,-0.1468863631959325,7,cnn
3C,level_4,MCAR,0.9,90.0,knn,baseline,0.1042367894070928,0.1308546979717983,-1.6352835006892756,7,cnn
3C,level_4,MCAR,0.95,95.0,knn,baseline,0.1985819071415301,0.2274632807099512,-6.962900729579437,7,cnn
3C,level_4,MAR,0.0,0.0,knn,baseline,0.0588786131432858,0.0860346106798931,-0.1391872084466836,7,cnn
3C,level_4,MAR,0.05,5.0,knn,baseline,0.0589248176286256,0.0854573419756013,-0.1239512260187667,7,cnn
3C,level_4,MAR,0.1,10.0,knn,baseline,0.0586671529347284,0.0855140373335981,-0.1254430569982358,7,cnn
3C,level_4,MAR,0.15,15.0,knn,baseline,0.0575245955513063,0.0787432995510351,0.0457197799975763,7,cnn
3C,level_4,MAR,0.2,20.0,knn,baseline,0.0566908083465146,0.0800209132128496,0.0145020826673681,7,cnn
3C,level_4,MAR,0.25,25.0,knn,baseline,0.0582808744177868,0.0839573907528121,-0.0848421986291021,7,cnn
3C,level_4,MAR,0.3,30.0,knn,baseline,0.0564894196352673,0.0770523788433906,0.0862638509779505,7,cnn
3C,level_4,MAR,0.35,35.0,knn,baseline,0.0556783090683108,0.0736803452680645,0.1644893139943238,7,cnn
3C,level_4,MAR,0.4,40.0,knn,baseline,0.0563084540775205,0.0797417209780975,0.0213668725956889,7,cnn
3C,level_4,MAR,0.45,45.0,knn,baseline,0.0542837569548684,0.0707634254370333,0.2293336450598617,7,cnn
3C,level_4,MAR,0.5,50.0,knn,baseline,0.0560027032284216,0.0767382893478344,0.093698014337022,7,cnn
3C,level_4,MAR,0.55,55.00000000000001,knn,baseline,0.0562984878756935,0.0775307881366734,0.0748820624524834,7,cnn
3C,level_4,MAR,0.6000000000000001,60.00000000000001,knn,baseline,0.0593037239121664,0.0854712384135825,-0.124316792933472,7,cnn
3C,level_4,MAR,0.65,65.0,knn,baseline,0.0549096978915394,0.0787392056010703,0.0458190055554751,7,cnn
3C,level_4,MAR,0.7000000000000001,70.0,knn,baseline,0.061559531492477,0.0875298885533047,-0.1791293650984626,7,cnn
3C,level_4,MAR,0.75,75.0,knn,baseline,0.0648465036021028,0.0932263993779688,-0.337600819986938,7,cnn
3C,level_4,MAR,0.8,80.0,knn,baseline,0.0654214031771786,0.0952611231637881,-0.3966259255324884,7,cnn
3C,level_4,MAR,0.8500000000000001,85.00000000000001,knn,baseline,0.0784531960582397,0.1183869052051256,-1.1570292757697729,7,cnn
3C,level_4,MAR,0.9,90.0,knn,baseline,0.089313677048767,0.1322211560467618,-1.6906090843839707,7,cnn
3C,level_4,MAR,0.95,95.0,knn,baseline,0.1045570960777166,0.1542549843764021,-2.6620740041877564,7,cnn
3C,level_4,MNAR,0.0,0.0,knn,baseline,0.0588786131432858,0.0860346106798931,-0.1391872084466836,7,cnn
3C,level_4,MNAR,0.05,5.0,knn,baseline,0.0584607517917718,0.0863392160576981,-0.1472680686542531,7,cnn
3C,level_4,MNAR,0.1,10.0,knn,baseline,0.0573872063794421,0.0770442526637079,0.0864565716362792,7,cnn
3C,level_4,MNAR,0.15,15.0,knn,baseline,0.0587546616070156,0.0849983177880384,-0.1119093070411005,7,cnn
3C,level_4,MNAR,0.2,20.0,knn,baseline,0.0574361044502481,0.0810995941374001,-0.0122459918021402,7,cnn
3C,level_4,MNAR,0.25,25.0,knn,baseline,0.0576468823557023,0.0845332091303226,-0.099773920855366,7,cnn
3C,level_4,MNAR,0.3,30.0,knn,baseline,0.0578929049949154,0.0836162571426204,-0.0760443003081161,7,cnn
3C,level_4,MNAR,0.35,35.0,knn,baseline,0.0553170884535991,0.0755163320840999,0.1223315649901912,7,cnn
3C,level_4,MNAR,0.4,40.0,knn,baseline,0.0554251877135157,0.0754920241265267,0.1228964995636473,7,cnn
3C,level_4,MNAR,0.45,45.0,knn,baseline,0.0569174208937328,0.0809423121902096,-0.0083235643015302,7,cnn
3C,level_4,MNAR,0.5,50.0,knn,baseline,0.0557319210886536,0.0780069283201635,0.0634843090191352,7,cnn
3C,level_4,MNAR,0.55,55.00000000000001,knn,baseline,0.0553308707580476,0.0743192016205327,0.1499376617462681,7,cnn
3C,level_4,MNAR,0.6000000000000001,60.00000000000001,knn,baseline,0.0545308382575425,0.0729826636840392,0.1802373556348945,7,cnn
3C,level_4,MNAR,0.65,65.0,knn,baseline,0.0538271917352083,0.0712989828410588,0.2176242649413959,7,cnn
3C,level_4,MNAR,0.7000000000000001,70.0,knn,baseline,0.054714187842321,0.0711892513993113,0.2200306149362261,7,cnn
3C,level_4,MNAR,0.75,75.0,knn,baseline,0.0528546680805971,0.0671754017036831,0.3055047999324942,7,cnn
3C,level_4,MNAR,0.8,80.0,knn,baseline,0.054998638290593,0.0738237385125185,0.1612340857893732,7,cnn
3C,level_4,MNAR,0.8500000000000001,85.00000000000001,knn,baseline,0.0579587752352286,0.0778240851286069,0.067869428112502,7,cnn
3C,level_4,MNAR,0.9,90.0,knn,baseline,0.0548518593632741,0.0725987784324735,0.1888384982485449,7,cnn
3C,level_4,MNAR,0.95,95.0,knn,baseline,0.0561830728582312,0.0710741633415823,0.222550450457922,7,cnn
3C,level_4,MCAR,0.0,0.0,knn,baseline,0.0783937402685139,0.095730645022889,-0.6946365457922201,1,cnn
3C,level_4,MCAR,0.05,5.0,knn,baseline,0.0787261550700561,0.0959168372796053,-0.7012349563123936,1,cnn
3C,level_4,MCAR,0.1,10.0,knn,baseline,0.0782937290748058,0.0953349378984235,-0.6806557809512561,1,cnn
3C,level_4,MCAR,0.15,15.0,knn,baseline,0.0774156111916446,0.0949263028968711,-0.6662790387345485,1,cnn
3C,level_4,MCAR,0.2,20.0,knn,baseline,0.0781798632684243,0.095125255050236,-0.673270930162956,1,cnn
3C,level_4,MCAR,0.25,25.0,knn,baseline,0.0772535880009824,0.094367989418385,-0.6467360838583098,1,cnn
3C,level_4,MCAR,0.3,30.0,knn,baseline,0.0788078845723155,0.0964771575812757,-0.7211693241733155,1,cnn
3C,level_4,MCAR,0.35,35.0,knn,baseline,0.078026396882254,0.0951418558417178,-0.673855003143291,1,cnn
3C,level_4,MCAR,0.4,40.0,knn,baseline,0.0778130014440774,0.0950191620245267,-0.6695406194158131,1,cnn
3C,level_4,MCAR,0.45,45.0,knn,baseline,0.0772031283219459,0.0940886389509162,-0.6370010959344474,1,cnn
3C,level_4,MCAR,0.5,50.0,knn,baseline,0.0778637519360178,0.0947649435349651,-0.6606190436282755,1,cnn
3C,level_4,MCAR,0.55,55.00000000000001,knn,baseline,0.0769401517285699,0.0953157010650039,-0.6799775986571774,1,cnn
3C,level_4,MCAR,0.6000000000000001,60.00000000000001,knn,baseline,0.0760737649825653,0.0932476728088574,-0.6078687757526713,1,cnn
3C,level_4,MCAR,0.65,65.0,knn,baseline,0.07741192054277,0.0943418599994937,-0.6458242852667064,1,cnn
3C,level_4,MCAR,0.7000000000000001,70.0,knn,baseline,0.0746929105562981,0.0913507378056982,-0.543116504620972,1,cnn
3C,level_4,MCAR,0.75,75.0,knn,baseline,0.0735445099419215,0.0899956879420559,-0.4976764468582588,1,cnn
3C,level_4,MCAR,0.8,80.0,knn,baseline,0.0711014490940956,0.0875923399812363,-0.4187532014792656,1,cnn
3C,level_4,MCAR,0.8500000000000001,85.00000000000001,knn,baseline,0.0605745999344494,0.0762700948303001,-0.0756801894719416,1,cnn
3C,level_4,MCAR,0.9,90.0,knn,baseline,0.0644480290100512,0.082899179132437,-0.2707937143838719,1,cnn
3C,level_4,MCAR,0.95,95.0,knn,baseline,0.0996676871979929,0.1239315124531398,-1.84012920261952,1,cnn
3C,level_4,MAR,0.0,0.0,knn,baseline,0.0783937402685139,0.095730645022889,-0.6946365457922201,1,cnn
3C,level_4,MAR,0.05,5.0,knn,baseline,0.0789902019689345,0.0959532205032583,-0.7025258277161412,1,cnn
3C,level_4,MAR,0.1,10.0,knn,baseline,0.0794577506693685,0.0964178303754693,-0.7190531596200394,1,cnn
3C,level_4,MAR,0.15,15.0,knn,baseline,0.0784483421217231,0.0957082388681524,-0.6938433651945874,1,cnn
3C,level_4,MAR,0.2,20.0,knn,baseline,0.0789035949141192,0.0958776838905325,-0.6998463467403926,1,cnn
3C,level_4,MAR,0.25,25.0,knn,baseline,0.0788080974526988,0.0959558639462383,-0.7026196357596268,1,cnn
3C,level_4,MAR,0.3,30.0,knn,baseline,0.0782121268415038,0.0957156383593755,-0.6941052875487488,1,cnn
3C,level_4,MAR,0.35,35.0,knn,baseline,0.0781886095959412,0.095519536288531,-0.6871706374254054,1,cnn
3C,level_4,MAR,0.4,40.0,knn,baseline,0.0801859568606495,0.0984479221104202,-0.7922050880764453,1,cnn
3C,level_4,MAR,0.45,45.0,knn,baseline,0.0794749906749748,0.0967889292918286,-0.7323114217344502,1,cnn
3C,level_4,MAR,0.5,50.0,knn,baseline,0.0804509228445838,0.0981275685776403,-0.780560249201899,1,cnn
3C,level_4,MAR,0.55,55.00000000000001,knn,baseline,0.0796448638783986,0.0973312346382912,-0.7517779781683536,1,cnn
3C,level_4,MAR,0.6000000000000001,60.00000000000001,knn,baseline,0.0803982138898965,0.0991109044232638,-0.8164250233348156,1,cnn
3C,level_4,MAR,0.65,65.0,knn,baseline,0.0797205486957752,0.097299645537819,-0.7506410746683407,1,cnn
3C,level_4,MAR,0.7000000000000001,70.0,knn,baseline,0.080647974120377,0.0984744785736279,-0.7931721180923184,1,cnn
3C,level_4,MAR,0.75,75.0,knn,baseline,0.0819024079538541,0.0990971232782185,-0.8159199189468374,1,cnn
3C,level_4,MAR,0.8,80.0,knn,baseline,0.0811307463675405,0.0988984001889012,-0.8086441600508094,1,cnn
3C,level_4,MAR,0.8500000000000001,85.00000000000001,knn,baseline,0.085204884471351,0.1030762598359927,-0.9646803471866616,1,cnn
3C,level_4,MAR,0.9,90.0,knn,baseline,0.0884781186512875,0.1086112238250344,-1.1813432601527896,1,cnn
3C,level_4,MAR,0.95,95.0,knn,baseline,0.0909581532826087,0.1121290640188221,-1.3249359427012264,1,cnn
3C,level_4,MNAR,0.0,0.0,knn,baseline,0.0783937402685139,0.095730645022889,-0.6946365457922201,1,cnn
3C,level_4,MNAR,0.05,5.0,knn,baseline,0.0779896130838854,0.0954540046183323,-0.6848564473051506,1,cnn
3C,level_4,MNAR,0.1,10.0,knn,baseline,0.0776642148662703,0.0950694208301533,-0.6713072379978893,1,cnn
3C,level_4,MNAR,0.15,15.0,knn,baseline,0.0767901310961974,0.0941102375730629,-0.6377527494119173,1,cnn
3C,level_4,MNAR,0.2,20.0,knn,baseline,0.0787892855206879,0.0961551738827817,-0.7097000043484085,1,cnn
3C,level_4,MNAR,0.25,25.0,knn,baseline,0.0774777100613739,0.0949101481029726,-0.6657119439861572,1,cnn
3C,level_4,MNAR,0.3,30.0,knn,baseline,0.0775265150883583,0.0945870369194134,-0.6543897823475857,1,cnn
3C,level_4,MNAR,0.35,35.0,knn,baseline,0.0772572857393469,0.0945076648779261,-0.651614408388846,1,cnn
3C,level_4,MNAR,0.4,40.0,knn,baseline,0.0775872046891485,0.094488828967717,-0.6509561218769282,1,cnn
3C,level_4,MNAR,0.45,45.0,knn,baseline,0.0777087344415992,0.0949892263791933,-0.6684888125608885,1,cnn
3C,level_4,MNAR,0.5,50.0,knn,baseline,0.0774405654534716,0.0944989107174279,-0.6513084474280719,1,cnn
3C,level_4,MNAR,0.55,55.00000000000001,knn,baseline,0.0762005757259939,0.0936361273804605,-0.6212929163243632,1,cnn
3C,level_4,MNAR,0.6000000000000001,60.00000000000001,knn,baseline,0.07777982962883,0.0944110465057987,-0.6482391324128034,1,cnn
3C,level_4,MNAR,0.65,65.0,knn,baseline,0.0761884812377439,0.0938825752919695,-0.6298385511312199,1,cnn
3C,level_4,MNAR,0.7000000000000001,70.0,knn,baseline,0.0768438540082632,0.0940020164778471,-0.6339882814114959,1,cnn
3C,level_4,MNAR,0.75,75.0,knn,baseline,0.0781332959409697,0.0961368138262847,-0.7090471597732588,1,cnn
3C,level_4,MNAR,0.8,80.0,knn,baseline,0.0781944619380352,0.0960398682314218,-0.7056020475893137,1,cnn
3C,level_4,MNAR,0.8500000000000001,85.00000000000001,knn,baseline,0.0755844381848725,0.0928073564451745,-0.5927198848745527,1,cnn
3C,level_4,MNAR,0.9,90.0,knn,baseline,0.079715711885978,0.0971491111999915,-0.74522835736925,1,cnn
3C,level_4,MNAR,0.95,95.0,knn,baseline,0.0783158179142861,0.0964867352655985,-0.721511076254824,1,cnn
3C,level_4,MCAR,0.0,0.0,knn,baseline,0.0568408933835672,0.0691011084666761,0.1603629378951255,9,cnn
3C,level_4,MCAR,0.05,5.0,knn,baseline,0.0564575455803115,0.068478948034111,0.1754144261357423,9,cnn
3C,level_4,MCAR,0.1,10.0,knn,baseline,0.0566788303812626,0.0691239844396347,0.1598069209372212,9,cnn
3C,level_4,MCAR,0.15,15.0,knn,baseline,0.0576927896594324,0.0700348018008667,0.1375193106841863,9,cnn
3C,level_4,MCAR,0.2,20.0,knn,baseline,0.0567406080856954,0.0686549485432528,0.1711703778843665,9,cnn
3C,level_4,MCAR,0.25,25.0,knn,baseline,0.0572470737382875,0.0691588938537858,0.1589580678286323,9,cnn
3C,level_4,MCAR,0.3,30.0,knn,baseline,0.0578928937855623,0.0702529028897537,0.1321391033062141,9,cnn
3C,level_4,MCAR,0.35,35.0,knn,baseline,0.0571527949089699,0.0682908805254818,0.1799374163300299,9,cnn
3C,level_4,MCAR,0.4,40.0,knn,baseline,0.0573848709361209,0.068585621851339,0.1728434111024509,9,cnn
3C,level_4,MCAR,0.45,45.0,knn,baseline,0.0576647656871353,0.0686414842707637,0.1714954380245054,9,cnn
3C,level_4,MCAR,0.5,50.0,knn,baseline,0.0583083793570245,0.0704968771547759,0.1261008223647765,9,cnn
3C,level_4,MCAR,0.55,55.00000000000001,knn,baseline,0.0548703786171356,0.0670575478654859,0.2092905871404405,9,cnn
3C,level_4,MCAR,0.6000000000000001,60.00000000000001,knn,baseline,0.0565943401293833,0.0680316890279227,0.1861505412676362,9,cnn
3C,level_4,MCAR,0.65,65.0,knn,baseline,0.0542407501944413,0.0655502608389379,0.2444374552721268,9,cnn
3C,level_4,MCAR,0.7000000000000001,70.0,knn,baseline,0.0559111939513655,0.0671024875093294,0.2082304199430588,9,cnn
3C,level_4,MCAR,0.75,75.0,knn,baseline,0.055551229527656,0.0678080100441416,0.1914933972032168,9,cnn
3C,level_4,MCAR,0.8,80.0,knn,baseline,0.067507275660269,0.0864496796148595,-0.3141603157437698,9,cnn
3C,level_4,MCAR,0.8500000000000001,85.00000000000001,knn,baseline,0.0718056025211974,0.0913396569084104,-0.4670344899196377,9,cnn
3C,level_4,MCAR,0.9,90.0,knn,baseline,0.1104077350805837,0.1366335559594942,-2.28273869739766,9,cnn
3C,level_4,MCAR,0.95,95.0,knn,baseline,0.1871698874051971,0.2143254139135928,-7.077350238050912,9,cnn
3C,level_4,MAR,0.0,0.0,knn,baseline,0.0568408933835672,0.0691011084666761,0.1603629378951255,9,cnn
3C,level_4,MAR,0.05,5.0,knn,baseline,0.0571089407591673,0.0686197759709416,0.1720193946849606,9,cnn
3C,level_4,MAR,0.1,10.0,knn,baseline,0.0570880524858515,0.0692231739264506,0.1573939201765946,9,cnn
3C,level_4,MAR,0.15,15.0,knn,baseline,0.0568333967650753,0.0688575046699923,0.16627248834856,9,cnn
3C,level_4,MAR,0.2,20.0,knn,baseline,0.0556931996548429,0.0666571096550091,0.2187059291546476,9,cnn
3C,level_4,MAR,0.25,25.0,knn,baseline,0.0554063961545344,0.0658422491650989,0.2376912792318433,9,cnn
3C,level_4,MAR,0.3,30.0,knn,baseline,0.0571518068358689,0.0681018076482159,0.1844720467229975,9,cnn
3C,level_4,MAR,0.35,35.0,knn,baseline,0.0563427883333066,0.0674159200146941,0.2008165097025757,9,cnn
3C,level_4,MAR,0.4,40.0,knn,baseline,0.0561201830958643,0.0668469699537506,0.2142488507976088,9,cnn
3C,level_4,MAR,0.45,45.0,knn,baseline,0.0551206373796395,0.0660802777267523,0.232169619934204,9,cnn
3C,level_4,MAR,0.5,50.0,knn,baseline,0.0579601696332295,0.0729395785151606,0.0644907822214919,9,cnn
3C,level_4,MAR,0.55,55.00000000000001,knn,baseline,0.0556816823307785,0.0665928708574385,0.2202111011507495,9,cnn
3C,level_4,MAR,0.6000000000000001,60.00000000000001,knn,baseline,0.0575521811322962,0.0747269066881086,0.0180811837368426,9,cnn
3C,level_4,MAR,0.65,65.0,knn,baseline,0.0604490134439851,0.0789314561710418,-0.0955237628937388,9,cnn
3C,level_4,MAR,0.7000000000000001,70.0,knn,baseline,0.064981474507785,0.088213821576449,-0.3683425942017335,9,cnn
3C,level_4,MAR,0.75,75.0,knn,baseline,0.0698880572431758,0.0979132744203039,-0.6857948442662773,9,cnn
3C,level_4,MAR,0.8,80.0,knn,baseline,0.0726822518355457,0.1025424609592515,-0.8489665075498443,9,cnn
3C,level_4,MAR,0.8500000000000001,85.00000000000001,knn,baseline,0.0756971665736349,0.1065610567336158,-0.9967266273022416,9,cnn
3C,level_4,MAR,0.9,90.0,knn,baseline,0.0842610011472769,0.1218825170034371,-1.612187824372461,9,cnn
3C,level_4,MAR,0.95,95.0,knn,baseline,0.0918313670631841,0.133714406705145,-2.143966976449978,9,cnn
3C,level_4,MNAR,0.0,0.0,knn,baseline,0.0568408933835672,0.0691011084666761,0.1603629378951255,9,cnn
3C,level_4,MNAR,0.05,5.0,knn,baseline,0.0571564206400661,0.069134855001623,0.1595426396117953,9,cnn
3C,level_4,MNAR,0.1,10.0,knn,baseline,0.0573432657510112,0.0696197984954195,0.1477105822478839,9,cnn
3C,level_4,MNAR,0.15,15.0,knn,baseline,0.056955971207179,0.069742028087041,0.1447152723409813,9,cnn
3C,level_4,MNAR,0.2,20.0,knn,baseline,0.0565934336653274,0.0673314756325461,0.2028173513321588,9,cnn
3C,level_4,MNAR,0.25,25.0,knn,baseline,0.0576631180963899,0.0696990012824655,0.1457702693937719,9,cnn
3C,level_4,MNAR,0.3,30.0,knn,baseline,0.056838342901099,0.0685622111064426,0.1734079914472454,9,cnn
3C,level_4,MNAR,0.35,35.0,knn,baseline,0.0565211502677159,0.0699468293006234,0.1396847177875665,9,cnn
3C,level_4,MNAR,0.4,40.0,knn,baseline,0.0573598295250119,0.0680379644569601,0.1860003909435167,9,cnn
3C,level_4,MNAR,0.45,45.0,knn,baseline,0.0571316741014485,0.0682470918465035,0.1809887410229098,9,cnn
3C,level_4,MNAR,0.5,50.0,knn,baseline,0.0560205819105143,0.0677732575209545,0.1923219259929768,9,cnn
3C,level_4,MNAR,0.55,55.00000000000001,knn,baseline,0.0545255999215669,0.0664729303623612,0.2230175288793388,9,cnn
3C,level_4,MNAR,0.6000000000000001,60.00000000000001,knn,baseline,0.0563717829036938,0.0676417408967267,0.1954535455322926,9,cnn
3C,level_4,MNAR,0.65,65.0,knn,baseline,0.0568529887616493,0.0698278942134335,0.1426079290915253,9,cnn
3C,level_4,MNAR,0.7000000000000001,70.0,knn,baseline,0.0574379014416507,0.0698521870770882,0.1420112583199926,9,cnn
3C,level_4,MNAR,0.75,75.0,knn,baseline,0.0568996888537215,0.0688817158236277,0.1656860873830165,9,cnn
3C,level_4,MNAR,0.8,80.0,knn,baseline,0.0572890974635491,0.0696966138030952,0.1458287902015841,9,cnn
3C,level_4,MNAR,0.8500000000000001,85.00000000000001,knn,baseline,0.0572165585409664,0.0679515735362228,0.1880662237656153,9,cnn
3C,level_4,MNAR,0.9,90.0,knn,baseline,0.0574025016710267,0.0692860365415947,0.1558628585559812,9,cnn
3C,level_4,MNAR,0.95,95.0,knn,baseline,0.0577518342392382,0.0699295105791696,0.1401106903821939,9,cnn
3C,level_4,MCAR,0.0,0.0,knn,baseline,0.0681073111558744,0.0771588410753158,-0.0464293819875534,6,cnn
3C,level_4,MCAR,0.05,5.0,knn,baseline,0.068538165145077,0.0775247339751896,-0.0563774035198831,6,cnn
3C,level_4,MCAR,0.1,10.0,knn,baseline,0.0692585229526663,0.0781786197809394,-0.074272679921552,6,cnn
3C,level_4,MCAR,0.15,15.0,knn,baseline,0.0677923668192026,0.0766805570808776,-0.0334966000942684,6,cnn
3C,level_4,MCAR,0.2,20.0,knn,baseline,0.0668031906667449,0.0761325913017076,-0.0187784680659752,6,cnn
3C,level_4,MCAR,0.25,25.0,knn,baseline,0.0690988130871678,0.0774128162115334,-0.053329548940973,6,cnn
3C,level_4,MCAR,0.3,30.0,knn,baseline,0.0686346303957728,0.0782417464013962,-0.076008258860577,6,cnn
3C,level_4,MCAR,0.35,35.0,knn,baseline,0.0687168056864134,0.0780812940566365,-0.0715995888303218,6,cnn
3C,level_4,MCAR,0.4,40.0,knn,baseline,0.070058665266619,0.0790532329189522,-0.0984437046253481,6,cnn
3C,level_4,MCAR,0.45,45.0,knn,baseline,0.0685504492873877,0.0779164286513912,-0.067079090361573,6,cnn
3C,level_4,MCAR,0.5,50.0,knn,baseline,0.0669918086819805,0.0758105178043997,-0.0101769613735303,6,cnn
3C,level_4,MCAR,0.55,55.00000000000001,knn,baseline,0.0679429401623811,0.0771465907240037,-0.0460971294617065,6,cnn
3C,level_4,MCAR,0.6000000000000001,60.00000000000001,knn,baseline,0.0685155783315219,0.077603228322413,-0.0585176658291715,6,cnn
3C,level_4,MCAR,0.65,65.0,knn,baseline,0.0676244487784837,0.0765177621540024,-0.0291129750327869,6,cnn
3C,level_4,MCAR,0.7000000000000001,70.0,knn,baseline,0.0674046847473287,0.0771535400772693,-0.0462856024936642,6,cnn
3C,level_4,MCAR,0.75,75.0,knn,baseline,0.0708065289757061,0.0821322996859629,-0.1856772851358104,6,cnn
3C,level_4,MCAR,0.8,80.0,knn,baseline,0.0692762974696539,0.0822185878094796,-0.1881699369123195,6,cnn
3C,level_4,MCAR,0.8500000000000001,85.00000000000001,knn,baseline,0.0763146767717012,0.092199512640559,-0.4941554538747585,6,cnn
3C,level_4,MCAR,0.9,90.0,knn,baseline,0.1045084577457445,0.1231894842473526,-1.6673856322226437,6,cnn
3C,level_4,MCAR,0.95,95.0,knn,baseline,0.1684331804351627,0.1920735477788776,-5.484457529087651,6,cnn
3C,level_4,MAR,0.0,0.0,knn,baseline,0.0681073111558744,0.0771588410753158,-0.0464293819875534,6,cnn
3C,level_4,MAR,0.05,5.0,knn,baseline,0.0681395133504285,0.0770668084995932,-0.0439345763400329,6,cnn
3C,level_4,MAR,0.1,10.0,knn,baseline,0.0684793097502748,0.0774032625372635,-0.0530695778678662,6,cnn
3C,level_4,MAR,0.15,15.0,knn,baseline,0.0684410548142984,0.0772933710144984,-0.0500815572637851,6,cnn
3C,level_4,MAR,0.2,20.0,knn,baseline,0.0690329839601203,0.0784828540499697,-0.0826500726035397,6,cnn
3C,level_4,MAR,0.25,25.0,knn,baseline,0.0690697650707943,0.0782230891601536,-0.0754951580405931,6,cnn
3C,level_4,MAR,0.3,30.0,knn,baseline,0.0685418771052024,0.0779013440324137,-0.0666659573770054,6,cnn
3C,level_4,MAR,0.35,35.0,knn,baseline,0.0682370877635311,0.0769696143484774,-0.0413030841274153,6,cnn
3C,level_4,MAR,0.4,40.0,knn,baseline,0.0672162949344921,0.0759111506819376,-0.0128606123626147,6,cnn
3C,level_4,MAR,0.45,45.0,knn,baseline,0.0678085745041359,0.0776308684644656,-0.0592718300477195,6,cnn
3C,level_4,MAR,0.5,50.0,knn,baseline,0.0677775783001537,0.0766336884068357,-0.0322335990468969,6,cnn
3C,level_4,MAR,0.55,55.00000000000001,knn,baseline,0.0700044883013891,0.0803447826483884,-0.1346290378783068,6,cnn
3C,level_4,MAR,0.6000000000000001,60.00000000000001,knn,baseline,0.0704828333227847,0.0812682300147399,-0.1608607722983137,6,cnn
3C,level_4,MAR,0.65,65.0,knn,baseline,0.070519548144139,0.082112698269109,-0.1851114132071005,6,cnn
3C,level_4,MAR,0.7000000000000001,70.0,knn,baseline,0.0704687706383181,0.0829682792665722,-0.2099368384132158,6,cnn
3C,level_4,MAR,0.75,75.0,knn,baseline,0.0701841375838982,0.0824266011071562,-0.1941896899885467,6,cnn
3C,level_4,MAR,0.8,80.0,knn,baseline,0.0753258212732037,0.0924202041710865,-0.5013169255837815,6,cnn
3C,level_4,MAR,0.8500000000000001,85.00000000000001,knn,baseline,0.0767939966351773,0.0931439066195963,-0.524921303561817,6,cnn
3C,level_4,MAR,0.9,90.0,knn,baseline,0.0863039998045549,0.1067398774738713,-1.00258949407934,6,cnn
3C,level_4,MAR,0.95,95.0,knn,baseline,0.0940851269171271,0.1157034362424161,-1.353049416020569,6,cnn
3C,level_4,MNAR,0.0,0.0,knn,baseline,0.0681073111558744,0.0771588410753158,-0.0464293819875534,6,cnn
3C,level_4,MNAR,0.05,5.0,knn,baseline,0.0684892211430509,0.0775075037070505,-0.0559078851538372,6,cnn
3C,level_4,MNAR,0.1,10.0,knn,baseline,0.0678041186153608,0.0769860928618136,-0.0417489994074309,6,cnn
3C,level_4,MNAR,0.15,15.0,knn,baseline,0.0681315316292042,0.0773019244468711,-0.0503139781930228,6,cnn
3C,level_4,MNAR,0.2,20.0,knn,baseline,0.0681397609923367,0.0772563599109109,-0.0490761574005436,6,cnn
3C,level_4,MNAR,0.25,25.0,knn,baseline,0.0682372005075356,0.0780509261536553,-0.0707662034601301,6,cnn
3C,level_4,MNAR,0.3,30.0,knn,baseline,0.0688317485572026,0.0786559581625891,-0.0874311897582988,6,cnn
3C,level_4,MNAR,0.35,35.0,knn,baseline,0.0686995183638004,0.078154029119423,-0.0735969728996541,6,cnn
3C,level_4,MNAR,0.4,40.0,knn,baseline,0.0672053253673052,0.0764425452813652,-0.0270907356973568,6,cnn
3C,level_4,MNAR,0.45,45.0,knn,baseline,0.0687554013617161,0.0776968565900103,-0.061073409032192,6,cnn
3C,level_4,MNAR,0.5,50.0,knn,baseline,0.0690587930500227,0.0791880867476797,-0.1021944856565366,6,cnn
3C,level_4,MNAR,0.55,55.00000000000001,knn,baseline,0.0686586274798487,0.0782423576022689,-0.0760250698287807,6,cnn
3C,level_4,MNAR,0.6000000000000001,60.00000000000001,knn,baseline,0.0683224538536698,0.0773363898129443,-0.0512507601902103,6,cnn
3C,level_4,MNAR,0.65,65.0,knn,baseline,0.0670964237143735,0.0765080282316578,-0.0288511621322624,6,cnn
3C,level_4,MNAR,0.7000000000000001,70.0,knn,baseline,0.067680731861804,0.0773081963882031,-0.0504844209068218,6,cnn
3C,level_4,MNAR,0.75,75.0,knn,baseline,0.0682697087285664,0.0784711847936523,-0.0823281479710289,6,cnn
3C,level_4,MNAR,0.8,80.0,knn,baseline,0.067366475253038,0.0776572946632479,-0.0599931228258332,6,cnn
3C,level_4,MNAR,0.8500000000000001,85.00000000000001,knn,baseline,0.0705880201120331,0.0809499129020893,-0.1517847000228123,6,cnn
3C,level_4,MNAR,0.9,90.0,knn,baseline,0.0706337304618996,0.0804819280264387,-0.1385058779801309,6,cnn
3C,level_4,MNAR,0.95,95.0,knn,baseline,0.067103302920928,0.0768817113754052,-0.0389260066313836,6,cnn
3C,level_4,MCAR,0.0,0.0,knn,baseline,0.0995956565631954,0.118098879156766,-1.176425366383706,8,cnn
3C,level_4,MCAR,0.05,5.0,knn,baseline,0.0999410733360338,0.1185456274628397,-1.1929226168902507,8,cnn
3C,level_4,MCAR,0.1,10.0,knn,baseline,0.0989646034738465,0.1172396907987108,-1.1448728703283706,8,cnn
3C,level_4,MCAR,0.15,15.0,knn,baseline,0.099094289395406,0.1176031232839847,-1.1581913069088228,8,cnn
3C,level_4,MCAR,0.2,20.0,knn,baseline,0.0988757320893831,0.1174889064690221,-1.1540012475236936,8,cnn
3C,level_4,MCAR,0.25,25.0,knn,baseline,0.0973829158442503,0.1161749107809162,-1.106089982861532,8,cnn
3C,level_4,MCAR,0.3,30.0,knn,baseline,0.0985825411203261,0.117487923927305,-1.1539652205097657,8,cnn
3C,level_4,MCAR,0.35,35.0,knn,baseline,0.0983856117491433,0.1158893900233164,-1.0957505134852277,8,cnn
3C,level_4,MCAR,0.4,40.0,knn,baseline,0.0974317305919272,0.1153280860039405,-1.0754983681432235,8,cnn
3C,level_4,MCAR,0.45,45.0,knn,baseline,0.0981338321490676,0.1149629222652895,-1.062375859927147,8,cnn
3C,level_4,MCAR,0.5,50.0,knn,baseline,0.0963967908309745,0.1146584006653738,-1.051464407968992,8,cnn
3C,level_4,MCAR,0.55,55.00000000000001,knn,baseline,0.0963358290299991,0.114686598954373,-1.0524735778030845,8,cnn
3C,level_4,MCAR,0.6000000000000001,60.00000000000001,knn,baseline,0.0988451862713489,0.116889190210353,-1.132067387206689,8,cnn
3C,level_4,MCAR,0.65,65.0,knn,baseline,0.0971355880058384,0.1153986919525856,-1.078040461648329,8,cnn
3C,level_4,MCAR,0.7000000000000001,70.0,knn,baseline,0.0936751660902465,0.1105254960370733,-0.9062382189385249,8,cnn
3C,level_4,MCAR,0.75,75.0,knn,baseline,0.0894337892801129,0.1048088322451767,-0.7141467186777504,8,cnn
3C,level_4,MCAR,0.8,80.0,knn,baseline,0.0914992088176512,0.1071645326731958,-0.792067550857362,8,cnn
3C,level_4,MCAR,0.8500000000000001,85.00000000000001,knn,baseline,0.0811224216718016,0.0959884799223523,-0.4377734369684107,8,cnn
3C,level_4,MCAR,0.9,90.0,knn,baseline,0.0776000146626928,0.0948584017650667,-0.4041187328861459,8,cnn
3C,level_4,MCAR,0.95,95.0,knn,baseline,0.091465570256705,0.1124288827662589,-0.9724591481580628,8,cnn
3C,level_4,MAR,0.0,0.0,knn,baseline,0.0995956565631954,0.118098879156766,-1.176425366383706,8,cnn
3C,level_4,MAR,0.05,5.0,knn,baseline,0.1002295010383542,0.1188561670029401,-1.204426729656305,8,cnn
3C,level_4,MAR,0.1,10.0,knn,baseline,0.0990742406994415,0.1173469766009553,-1.1488002040435958,8,cnn
3C,level_4,MAR,0.15,15.0,knn,baseline,0.10103101972349,0.1198297139415042,-1.2406874020000571,8,cnn
3C,level_4,MAR,0.2,20.0,knn,baseline,0.0994045174126834,0.1174621406612987,-1.1530199290696157,8,cnn
3C,level_4,MAR,0.25,25.0,knn,baseline,0.0996153269640339,0.1176932468463564,-1.1615003757691822,8,cnn
3C,level_4,MAR,0.3,30.0,knn,baseline,0.1000623174330884,0.1177724119801194,-1.1644091750500092,8,cnn
3C,level_4,MAR,0.35,35.0,knn,baseline,0.0998744295106302,0.1183918761209698,-1.18723795092443,8,cnn
3C,level_4,MAR,0.4,40.0,knn,baseline,0.1009874004371977,0.1182116275414986,-1.180582993989297,8,cnn
3C,level_4,MAR,0.45,45.0,knn,baseline,0.0980576801728107,0.1165539491847937,-1.1198552829606454,8,cnn
3C,level_4,MAR,0.5,50.0,knn,baseline,0.0988377158875754,0.1169827420750792,-1.1354815386359722,8,cnn
3C,level_4,MAR,0.55,55.00000000000001,knn,baseline,0.0993797655702881,0.1172236946732266,-1.1442876194674825,8,cnn
3C,level_4,MAR,0.6000000000000001,60.00000000000001,knn,baseline,0.1009723106874055,0.1183923928376905,-1.1872570431953644,8,cnn
3C,level_4,MAR,0.65,65.0,knn,baseline,0.1010749517791206,0.1188892099504716,-1.205652595907139,8,cnn
3C,level_4,MAR,0.7000000000000001,70.0,knn,baseline,0.1005699008063633,0.1171565492125782,-1.1418318370439264,8,cnn
3C,level_4,MAR,0.75,75.0,knn,baseline,0.1002485734784279,0.1188016848718319,-1.202406231392572,8,cnn
3C,level_4,MAR,0.8,80.0,knn,baseline,0.1006615781993109,0.1172633937535759,-1.1457402380903567,8,cnn
3C,level_4,MAR,0.8500000000000001,85.00000000000001,knn,baseline,0.1005205738459847,0.1161118140224749,-1.103802890697034,8,cnn
3C,level_4,MAR,0.9,90.0,knn,baseline,0.098413813160954,0.1137114848471237,-1.0177199518334437,8,cnn
3C,level_4,MAR,0.95,95.0,knn,baseline,0.0978911093072752,0.1123918118137962,-0.9711586125215604,8,cnn
3C,level_4,MNAR,0.0,0.0,knn,baseline,0.0995956565631954,0.118098879156766,-1.176425366383706,8,cnn
3C,level_4,MNAR,0.05,5.0,knn,baseline,0.0996901117446278,0.1184264413540707,-1.1885152923838014,8,cnn
3C,level_4,MNAR,0.1,10.0,knn,baseline,0.0994359552526772,0.1176773690329487,-1.160917205782042,8,cnn
3C,level_4,MNAR,0.15,15.0,knn,baseline,0.0994130029071099,0.1177027529526634,-1.161849559477104,8,cnn
3C,level_4,MNAR,0.2,20.0,knn,baseline,0.0969723052102489,0.1152914415383957,-1.0741796356801545,8,cnn
3C,level_4,MNAR,0.25,25.0,knn,baseline,0.0993232063351195,0.1178650725186144,-1.1678163263920447,8,cnn
3C,level_4,MNAR,0.3,30.0,knn,baseline,0.0984074122472695,0.1168338084743572,-1.1300475319822274,8,cnn
3C,level_4,MNAR,0.35,35.0,knn,baseline,0.0980847012991696,0.1162400886478313,-1.1084538144025022,8,cnn
3C,level_4,MNAR,0.4,40.0,knn,baseline,0.0982523753966568,0.1155433282868169,-1.0832527999340629,8,cnn
3C,level_4,MNAR,0.45,45.0,knn,baseline,0.0974068746536907,0.1150648994386508,-1.066036319071808,8,cnn
3C,level_4,MNAR,0.5,50.0,knn,baseline,0.0971971271759781,0.1144200647346359,-1.042944674423011,8,cnn
3C,level_4,MNAR,0.55,55.00000000000001,knn,baseline,0.0955911271298354,0.1135358405665116,-1.011491429579598,8,cnn
3C,level_4,MNAR,0.6000000000000001,60.00000000000001,knn,baseline,0.0957640289891985,0.1126589342055498,-0.9805394795247784,8,cnn
3C,level_4,MNAR,0.65,65.0,knn,baseline,0.09512657346606,0.1112219985724949,-0.930339140576634,8,cnn
3C,level_4,MNAR,0.7000000000000001,70.0,knn,baseline,0.0948266745489674,0.1109049381527016,-0.919349196436057,8,cnn
3C,level_4,MNAR,0.75,75.0,knn,baseline,0.0959709219056529,0.1122422776290213,-0.965916958181022,8,cnn
3C,level_4,MNAR,0.8,80.0,knn,baseline,0.0977563621724074,0.1131645549568047,-0.9983569574817366,8,cnn
3C,level_4,MNAR,0.8500000000000001,85.00000000000001,knn,baseline,0.0977574282140473,0.114293359164371,-1.038422580372285,8,cnn
3C,level_4,MNAR,0.9,90.0,knn,baseline,0.0969413259651566,0.111077006541698,-0.9253095355769672,8,cnn
3C,level_4,MNAR,0.95,95.0,knn,baseline,0.097135376302086,0.1122973843555132,-0.9678478142660952,8,cnn
3C,level_4,MCAR,0.0,0.0,knn,baseline,0.0400325864344289,0.0529719527600546,0.5905301921832895,2,cnn
3C,level_4,MCAR,0.05,5.0,knn,baseline,0.0400399837257787,0.053042083109728,0.5894452682472702,2,cnn
3C,level_4,MCAR,0.1,10.0,knn,baseline,0.039898142973753,0.0535443400628096,0.5816333486528615,2,cnn
3C,level_4,MCAR,0.15,15.0,knn,baseline,0.0402803265301608,0.0534279230610456,0.5834506105157089,2,cnn
3C,level_4,MCAR,0.2,20.0,knn,baseline,0.040184749527306,0.0529756407603487,0.5904731741855866,2,cnn
3C,level_4,MCAR,0.25,25.0,knn,baseline,0.0400258663842701,0.0528147851660061,0.5929563784982812,2,cnn
3C,level_4,MCAR,0.3,30.0,knn,baseline,0.0399808945568565,0.0532679340126908,0.5859415761158417,2,cnn
3C,level_4,MCAR,0.35,35.0,knn,baseline,0.0410975533650688,0.0538900884701667,0.5762129205929342,2,cnn
3C,level_4,MCAR,0.4,40.0,knn,baseline,0.0406982524541273,0.053388050286953,0.5840721125763786,2,cnn
3C,level_4,MCAR,0.45,45.0,knn,baseline,0.0388287260622203,0.0515472843254841,0.6122592027722675,2,cnn
3C,level_4,MCAR,0.5,50.0,knn,baseline,0.0399436862573941,0.0526351978030633,0.5957198322817433,2,cnn
3C,level_4,MCAR,0.55,55.00000000000001,knn,baseline,0.0386659061495531,0.0513646194598355,0.6150023590661201,2,cnn
3C,level_4,MCAR,0.6000000000000001,60.00000000000001,knn,baseline,0.0406064023129778,0.0539545970209181,0.5751977338170338,2,cnn
3C,level_4,MCAR,0.65,65.0,knn,baseline,0.0397635294849572,0.0527764054238557,0.5935477490004555,2,cnn
3C,level_4,MCAR,0.7000000000000001,70.0,knn,baseline,0.0400745809419547,0.0527533057615321,0.5939034706514932,2,cnn
3C,level_4,MCAR,0.75,75.0,knn,baseline,0.0435811078273826,0.0575120945048491,0.5173322443564918,2,cnn
3C,level_4,MCAR,0.8,80.0,knn,baseline,0.0494318171183952,0.0649615680196781,0.3841954167409093,2,cnn
3C,level_4,MCAR,0.8500000000000001,85.00000000000001,knn,baseline,0.0622415822021927,0.0832509370484356,-0.0113656041507017,2,cnn
3C,level_4,MCAR,0.9,90.0,knn,baseline,0.080250356789169,0.0989985583647825,-0.4301699849103311,2,cnn
3C,level_4,MCAR,0.95,95.0,knn,baseline,0.1633083840802359,0.1875077394681218,-4.130601865981984,2,cnn
3C,level_4,MAR,0.0,0.0,knn,baseline,0.0400325864344289,0.0529719527600546,0.5905301921832895,2,cnn
3C,level_4,MAR,0.05,5.0,knn,baseline,0.0399174133430127,0.05314558124574,0.5878415188167205,2,cnn
3C,level_4,MAR,0.1,10.0,knn,baseline,0.0409809281109993,0.0537263910830019,0.5787836149660099,2,cnn
3C,level_4,MAR,0.15,15.0,knn,baseline,0.0402189315235396,0.0534731901716026,0.5827444638378485,2,cnn
3C,level_4,MAR,0.2,20.0,knn,baseline,0.0400545312780866,0.0535915653329959,0.580895037525413,2,cnn
3C,level_4,MAR,0.25,25.0,knn,baseline,0.0406596370025651,0.0535173676331064,0.5820547385845304,2,cnn
3C,level_4,MAR,0.3,30.0,knn,baseline,0.0403478583201397,0.0536616578184122,0.5797980246348675,2,cnn
3C,level_4,MAR,0.35,35.0,knn,baseline,0.0396443872369657,0.0532722073607666,0.5858751388951664,2,cnn
3C,level_4,MAR,0.4,40.0,knn,baseline,0.0395448424408073,0.0520235573230882,0.6050610114817732,2,cnn
3C,level_4,MAR,0.45,45.0,knn,baseline,0.0414701535365553,0.0541400768416618,0.5722720264752401,2,cnn
3C,level_4,MAR,0.5,50.0,knn,baseline,0.0395409530541098,0.0526580428891046,0.5953688192753325,2,cnn
3C,level_4,MAR,0.55,55.00000000000001,knn,baseline,0.0400731376426212,0.0531308430698084,0.5880700842699049,2,cnn
3C,level_4,MAR,0.6000000000000001,60.00000000000001,knn,baseline,0.0398497212782614,0.0535569418395556,0.5814363984788715,2,cnn
3C,level_4,MAR,0.65,65.0,knn,baseline,0.0420339837541364,0.05947809567338,0.4837690616506995,2,cnn
3C,level_4,MAR,0.7000000000000001,70.0,knn,baseline,0.0437287761905863,0.0619988035754687,0.4390856690987201,2,cnn
3C,level_4,MAR,0.75,75.0,knn,baseline,0.0446682092986912,0.0630934933666421,0.4191030894103617,2,cnn
3C,level_4,MAR,0.8,80.0,knn,baseline,0.0443120347403864,0.066420494851825,0.3562249633071581,2,cnn
3C,level_4,MAR,0.8500000000000001,85.00000000000001,knn,baseline,0.046313991952122,0.0697106031082791,0.2908671589713428,2,cnn
3C,level_4,MAR,0.9,90.0,knn,baseline,0.0526658410543517,0.0794341493048386,0.0792442997124659,2,cnn
3C,level_4,MAR,0.95,95.0,knn,baseline,0.0572247654367699,0.085007536610384,-0.0544956215694216,2,cnn
3C,level_4,MNAR,0.0,0.0,knn,baseline,0.0400325864344289,0.0529719527600546,0.5905301921832895,2,cnn
3C,level_4,MNAR,0.05,5.0,knn,baseline,0.0401440184011141,0.053509897161944,0.5821714121147945,2,cnn
3C,level_4,MNAR,0.1,10.0,knn,baseline,0.0399569138885185,0.0526379676370603,0.595677282107599,2,cnn
3C,level_4,MNAR,0.15,15.0,knn,baseline,0.0402638155677475,0.0537091822049081,0.5790534079068976,2,cnn
3C,level_4,MNAR,0.2,20.0,knn,baseline,0.0384114192042848,0.0510402377977072,0.6198497357532242,2,cnn
3C,level_4,MNAR,0.25,25.0,knn,baseline,0.0402147514817532,0.0534861911442344,0.5825415439354609,2,cnn
3C,level_4,MNAR,0.3,30.0,knn,baseline,0.0401537735079795,0.052877650328837,0.5919867980063871,2,cnn
3C,level_4,MNAR,0.35,35.0,knn,baseline,0.0392164366222172,0.0527390109307983,0.5941235249039677,2,cnn
3C,level_4,MNAR,0.4,40.0,knn,baseline,0.039593252356522,0.053180212934301,0.5873041874156291,2,cnn
3C,level_4,MNAR,0.45,45.0,knn,baseline,0.0394736514897341,0.0519926724625284,0.6055297996818952,2,cnn
3C,level_4,MNAR,0.5,50.0,knn,baseline,0.0387228793040543,0.0512018180215204,0.6174390106111541,2,cnn
3C,level_4,MNAR,0.55,55.00000000000001,knn,baseline,0.0391015191432349,0.0517113682825102,0.6097867813770066,2,cnn
3C,level_4,MNAR,0.6000000000000001,60.00000000000001,knn,baseline,0.0406255537542254,0.0543876612524191,0.568351052445025,2,cnn
3C,level_4,MNAR,0.65,65.0,knn,baseline,0.0407052649979442,0.0544827284709174,0.566840727193797,2,cnn
3C,level_4,MNAR,0.7000000000000001,70.0,knn,baseline,0.0390065547329232,0.0523100327960714,0.600699454855175,2,cnn
3C,level_4,MNAR,0.75,75.0,knn,baseline,0.0401698565211054,0.0540885612234036,0.5730856266406195,2,cnn
3C,level_4,MNAR,0.8,80.0,knn,baseline,0.0396261594924269,0.0514753353369525,0.6133408538824779,2,cnn
3C,level_4,MNAR,0.8500000000000001,85.00000000000001,knn,baseline,0.0415279458972943,0.0563330418180594,0.5369196813389562,2,cnn
3C,level_4,MNAR,0.9,90.0,knn,baseline,0.0414456862807915,0.0564676327266237,0.5347042548704325,2,cnn
3C,level_4,MNAR,0.95,95.0,knn,baseline,0.0415622257370225,0.0573281510565576,0.520414781757534,2,cnn
3C,level_4,MCAR,0.0,0.0,knn,baseline,0.0615970438813826,0.0851958610962322,-0.1347661661441321,0,cnn
3C,level_4,MCAR,0.05,5.0,knn,baseline,0.0619820048065647,0.0855405650147046,-0.1439673093843891,0,cnn
3C,level_4,MCAR,0.1,10.0,knn,baseline,0.0617859049882705,0.0852501324088221,-0.1362123599847335,0,cnn
3C,level_4,MCAR,0.15,15.0,knn,baseline,0.060686393138258,0.0841883249473747,-0.1080851181934283,0,cnn
3C,level_4,MCAR,0.2,20.0,knn,baseline,0.0608161471825916,0.0849586315364739,-0.1284554069571508,0,cnn
3C,level_4,MCAR,0.25,25.0,knn,baseline,0.0618992586212851,0.0850894750770439,-0.1319339186938664,0,cnn
3C,level_4,MCAR,0.3,30.0,knn,baseline,0.0628838933055504,0.086429646601746,-0.1678709596854133,0,cnn
3C,level_4,MCAR,0.35,35.0,knn,baseline,0.0610149699171664,0.0835985874568212,-0.0926152645611084,0,cnn
3C,level_4,MCAR,0.4,40.0,knn,baseline,0.0615288503244594,0.0851986718632588,-0.1348410433951259,0,cnn
3C,level_4,MCAR,0.45,45.0,knn,baseline,0.0592974464193242,0.0828012184116619,-0.0718717867076179,0,cnn
3C,level_4,MCAR,0.5,50.0,knn,baseline,0.0590911219391885,0.0821451916130281,-0.0549543783203281,0,cnn
3C,level_4,MCAR,0.55,55.00000000000001,knn,baseline,0.0603091681602624,0.0834242034586273,-0.088061697341111,0,cnn
3C,level_4,MCAR,0.6000000000000001,60.00000000000001,knn,baseline,0.0592574169917255,0.0830202360157446,-0.0775497048711382,0,cnn
3C,level_4,MCAR,0.65,65.0,knn,baseline,0.055924638157295,0.0785621760089088,0.0350687025739111,0,cnn
3C,level_4,MCAR,0.7000000000000001,70.0,knn,baseline,0.0573649424303672,0.0805272245076666,-0.0138059748202141,0,cnn
3C,level_4,MCAR,0.75,75.0,knn,baseline,0.0573505786940019,0.0781496333839493,0.0451761138453508,0,cnn
3C,level_4,MCAR,0.8,80.0,knn,baseline,0.0556486050926231,0.0738456079022314,0.1474522258112922,0,cnn
3C,level_4,MCAR,0.8500000000000001,85.00000000000001,knn,baseline,0.0660967508454616,0.0864308350021564,-0.1679030761622044,0,cnn
3C,level_4,MCAR,0.9,90.0,knn,baseline,0.080339357443462,0.0989731875986135,-0.5314559174563482,0,cnn
3C,level_4,MCAR,0.95,95.0,knn,baseline,0.1239955292806615,0.1453400511765052,-2.302478527012177,0,cnn
3C,level_4,MAR,0.0,0.0,knn,baseline,0.0615970438813826,0.0851958610962322,-0.1347661661441321,0,cnn
3C,level_4,MAR,0.05,5.0,knn,baseline,0.0616465390135132,0.0848234457151584,-0.1248670769933513,0,cnn
3C,level_4,MAR,0.1,10.0,knn,baseline,0.0613820882878077,0.0848404877184556,-0.1253191197984668,0,cnn
3C,level_4,MAR,0.15,15.0,knn,baseline,0.0611722903756873,0.0846072882882668,-0.1191413354657904,0,cnn
3C,level_4,MAR,0.2,20.0,knn,baseline,0.0616139741920679,0.0848812965080678,-0.1264019508156202,0,cnn
3C,level_4,MAR,0.25,25.0,knn,baseline,0.0602091891955655,0.0839397968058159,-0.1015525294462098,0,cnn
3C,level_4,MAR,0.3,30.0,knn,baseline,0.0611610869302759,0.0841186085513482,-0.1062506663287008,0,cnn
3C,level_4,MAR,0.35,35.0,knn,baseline,0.061882614878665,0.0852365187584635,-0.1358495039441039,0,cnn
3C,level_4,MAR,0.4,40.0,knn,baseline,0.0615773805008165,0.0854020441732239,-0.1402653228511641,0,cnn
3C,level_4,MAR,0.45,45.0,knn,baseline,0.0602724661985872,0.0836322963089599,-0.0934965768662028,0,cnn
3C,level_4,MAR,0.5,50.0,knn,baseline,0.0607447795405998,0.0837151022520254,-0.0956630327917047,0,cnn
3C,level_4,MAR,0.55,55.00000000000001,knn,baseline,0.0610450516805639,0.0852554914685757,-0.1363552153949141,0,cnn
3C,level_4,MAR,0.6000000000000001,60.00000000000001,knn,baseline,0.0608124581528479,0.0848338026741359,-0.1251417867347264,0,cnn
3C,level_4,MAR,0.65,65.0,knn,baseline,0.0608782553610238,0.084566013178576,-0.1180496703169085,0,cnn
3C,level_4,MAR,0.7000000000000001,70.0,knn,baseline,0.0608794345980816,0.0847588819235634,-0.1231553322459615,0,cnn
3C,level_4,MAR,0.75,75.0,knn,baseline,0.0578815654606438,0.0794573961912074,0.0129525217954807,0,cnn
3C,level_4,MAR,0.8,80.0,knn,baseline,0.0584390161294869,0.0773843489207606,0.0637848797747242,0,cnn
3C,level_4,MAR,0.8500000000000001,85.00000000000001,knn,baseline,0.0590376733217903,0.0769478669262557,0.0743164301574099,0,cnn
3C,level_4,MAR,0.9,90.0,knn,baseline,0.0584550331618061,0.0756498279744097,0.1052838543637583,0,cnn
3C,level_4,MAR,0.95,95.0,knn,baseline,0.0564673862861456,0.0727918177338038,0.1716106362195576,0,cnn
3C,level_4,MNAR,0.0,0.0,knn,baseline,0.0615970438813826,0.0851958610962322,-0.1347661661441321,0,cnn
3C,level_4,MNAR,0.05,5.0,knn,baseline,0.0622138871713555,0.0858934741630105,-0.1534259638203119,0,cnn
3C,level_4,MNAR,0.1,10.0,knn,baseline,0.0610415792272742,0.0846945246959934,-0.12145036116912,0,cnn
3C,level_4,MNAR,0.15,15.0,knn,baseline,0.0615219273706738,0.0846810210910398,-0.1210927839711826,0,cnn
3C,level_4,MNAR,0.2,20.0,knn,baseline,0.0612768001248449,0.0846136387310794,-0.119309342499547,0,cnn
3C,level_4,MNAR,0.25,25.0,knn,baseline,0.0610270194660883,0.0847997753572982,-0.1242393663178242,0,cnn
3C,level_4,MNAR,0.3,30.0,knn,baseline,0.0622315654456314,0.0846433722302707,-0.1200961383743126,0,cnn
3C,level_4,MNAR,0.35,35.0,knn,baseline,0.0618680506387704,0.0850903235438623,-0.1319564928878678,0,cnn
3C,level_4,MNAR,0.4,40.0,knn,baseline,0.0605212337684438,0.0832572952585212,-0.0837122462109944,0,cnn
3C,level_4,MNAR,0.45,45.0,knn,baseline,0.0606142043105047,0.0828783965888935,-0.0738708796178591,0,cnn
3C,level_4,MNAR,0.5,50.0,knn,baseline,0.0593663507936941,0.082376082368266,-0.0608931686552363,0,cnn
3C,level_4,MNAR,0.55,55.00000000000001,knn,baseline,0.0592996308502828,0.0824541496564325,-0.0629049248548747,0,cnn
3C,level_4,MNAR,0.6000000000000001,60.00000000000001,knn,baseline,0.0598892422107346,0.0835744290108014,-0.0919838645881998,0,cnn
3C,level_4,MNAR,0.65,65.0,knn,baseline,0.0610312951094687,0.0832093870604443,-0.0824654182142323,0,cnn
3C,level_4,MNAR,0.7000000000000001,70.0,knn,baseline,0.0601837065385881,0.0819374124355868,-0.04962429562129,0,cnn
3C,level_4,MNAR,0.75,75.0,knn,baseline,0.0602007074038508,0.0825312295677009,-0.064893106455248,0,cnn
3C,level_4,MNAR,0.8,80.0,knn,baseline,0.0595454719487641,0.0819597307711267,-0.0501961725435595,0,cnn
3C,level_4,MNAR,0.8500000000000001,85.00000000000001,knn,baseline,0.0591485488460475,0.0812895565348524,-0.0330917503831289,0,cnn
3C,level_4,MNAR,0.9,90.0,knn,baseline,0.0602985527873881,0.081356543189636,-0.0347950903177187,0,cnn
3C,level_4,MNAR,0.95,95.0,knn,baseline,0.0595284941141107,0.0823832220804523,-0.061077076408913,0,cnn
3C,level_4,MCAR,0.0,0.0,knn,baseline,0.0589222140827694,0.083311241665311,-0.0076113250014824,3,cnn
3C,level_4,MCAR,0.05,5.0,knn,baseline,0.0593382083738172,0.0833315810607835,-0.0081033764104809,3,cnn
3C,level_4,MCAR,0.1,10.0,knn,baseline,0.0585760119378029,0.0833039675500663,-0.0074353784959277,3,cnn
3C,level_4,MCAR,0.15,15.0,knn,baseline,0.0593362896051492,0.0842801579026956,-0.0311848097849809,3,cnn
3C,level_4,MCAR,0.2,20.0,knn,baseline,0.0587866001300983,0.0830477395576081,-0.0012475301466781,3,cnn
3C,level_4,MCAR,0.25,25.0,knn,baseline,0.0580796803079209,0.083369371653624,-0.0090179267441021,3,cnn
3C,level_4,MCAR,0.3,30.0,knn,baseline,0.0595251433845038,0.0837504289884446,-0.0182628659616863,3,cnn
3C,level_4,MCAR,0.35,35.0,knn,baseline,0.0597890669865651,0.0847753511934251,-0.0433379890906207,3,cnn
3C,level_4,MCAR,0.4,40.0,knn,baseline,0.0583739349468334,0.0819847247969169,0.0242204501699009,3,cnn
3C,level_4,MCAR,0.45,45.0,knn,baseline,0.057726819364015,0.0818498556821161,0.0274282252272874,3,cnn
3C,level_4,MCAR,0.5,50.0,knn,baseline,0.056799069844495,0.0803446630019052,0.0628698886237636,3,cnn
3C,level_4,MCAR,0.55,55.00000000000001,knn,baseline,0.0581466688963744,0.0842477262693399,-0.0303913472679278,3,cnn
3C,level_4,MCAR,0.6000000000000001,60.00000000000001,knn,baseline,0.0559931049192274,0.0801493827022035,0.0674198025761722,3,cnn
3C,level_4,MCAR,0.65,65.0,knn,baseline,0.0553270608515352,0.0790909551590954,0.0918878914249321,3,cnn
3C,level_4,MCAR,0.7000000000000001,70.0,knn,baseline,0.053757981290044,0.0772206736609584,0.134328743237612,3,cnn
3C,level_4,MCAR,0.75,75.0,knn,baseline,0.0538623289563634,0.0766705080748825,0.1466199063250758,3,cnn
3C,level_4,MCAR,0.8,80.0,knn,baseline,0.0547976354306882,0.0770567012460401,0.1380012183304894,3,cnn
3C,level_4,MCAR,0.8500000000000001,85.00000000000001,knn,baseline,0.0556497872129216,0.0762140001360883,0.1567519637059699,3,cnn
3C,level_4,MCAR,0.9,90.0,knn,baseline,0.0705542631175067,0.0924854332227106,-0.24174521782014,3,cnn
3C,level_4,MCAR,0.95,95.0,knn,baseline,0.0985969202136134,0.11569924397795,-0.943331399619698,3,cnn
3C,level_4,MAR,0.0,0.0,knn,baseline,0.0589222140827694,0.083311241665311,-0.0076113250014824,3,cnn
3C,level_4,MAR,0.05,5.0,knn,baseline,0.0583531768309103,0.0826848519604861,0.0074835077252808,3,cnn
3C,level_4,MAR,0.1,10.0,knn,baseline,0.0589853388983924,0.0831567137922235,-0.0038769038145987,3,cnn
3C,level_4,MAR,0.15,15.0,knn,baseline,0.0586838031820348,0.0824811854112255,0.0123669524937893,3,cnn
3C,level_4,MAR,0.2,20.0,knn,baseline,0.0583792417741036,0.0827530793271197,0.005844882917003,3,cnn
3C,level_4,MAR,0.25,25.0,knn,baseline,0.0586525496276649,0.0820234410968297,0.0232986322573066,3,cnn
3C,level_4,MAR,0.3,30.0,knn,baseline,0.0590227117968035,0.0826782806433044,0.0076412604781248,3,cnn
3C,level_4,MAR,0.35,35.0,knn,baseline,0.0592150141484028,0.0824414357569275,0.0133186510493916,3,cnn
3C,level_4,MAR,0.4,40.0,knn,baseline,0.0580293361930159,0.08219464813531,0.0192170511108987,3,cnn
3C,level_4,MAR,0.45,45.0,knn,baseline,0.0582995618330465,0.082120306319245,0.0209904077390893,3,cnn
3C,level_4,MAR,0.5,50.0,knn,baseline,0.058238728122883,0.0819321808623945,0.0254708017942567,3,cnn
3C,level_4,MAR,0.55,55.00000000000001,knn,baseline,0.0590509240150451,0.0832425366138235,-0.0059500979896611,3,cnn
3C,level_4,MAR,0.6000000000000001,60.00000000000001,knn,baseline,0.0580852800884762,0.0807033499796988,0.0544838510041675,3,cnn
3C,level_4,MAR,0.65,65.0,knn,baseline,0.0597028048558278,0.0842205762390689,-0.029727337690186,3,cnn
3C,level_4,MAR,0.7000000000000001,70.0,knn,baseline,0.058405635170464,0.0817990215008774,0.0286359130535293,3,cnn
3C,level_4,MAR,0.75,75.0,knn,baseline,0.0572918626544711,0.0785939323078051,0.1032655331667843,3,cnn
3C,level_4,MAR,0.8,80.0,knn,baseline,0.0531082241986248,0.0716706576452486,0.2542923391269486,3,cnn
3C,level_4,MAR,0.8500000000000001,85.00000000000001,knn,baseline,0.0490701927442808,0.0656459474146716,0.374392903117987,3,cnn
3C,level_4,MAR,0.9,90.0,knn,baseline,0.0461943270451313,0.0593784501023976,0.488149018335403,3,cnn
3C,level_4,MAR,0.95,95.0,knn,baseline,0.0459674463547027,0.0583964261927466,0.5049393990708875,3,cnn
3C,level_4,MNAR,0.0,0.0,knn,baseline,0.0589222140827694,0.083311241665311,-0.0076113250014824,3,cnn
3C,level_4,MNAR,0.05,5.0,knn,baseline,0.0590958870449581,0.0837175752707836,-0.017464131925948,3,cnn
3C,level_4,MNAR,0.1,10.0,knn,baseline,0.0588392625413499,0.083045199739925,-0.0011862895322978,3,cnn
3C,level_4,MNAR,0.15,15.0,knn,baseline,0.0586741423014047,0.0831209332265208,-0.0030131959015569,3,cnn
3C,level_4,MNAR,0.2,20.0,knn,baseline,0.0577985391127096,0.0810987305223702,0.0451966419749,3,cnn
3C,level_4,MNAR,0.25,25.0,knn,baseline,0.0583391581578297,0.0824225047763805,0.0137717411889609,3,cnn
3C,level_4,MNAR,0.3,30.0,knn,baseline,0.0580518004047978,0.0816605372559624,0.0319221321517717,3,cnn
3C,level_4,MNAR,0.35,35.0,knn,baseline,0.0578478997917862,0.082219353756194,0.0186273656789773,3,cnn
3C,level_4,MNAR,0.4,40.0,knn,baseline,0.0583582894832164,0.0820610785398654,0.0224020842557047,3,cnn
3C,level_4,MNAR,0.45,45.0,knn,baseline,0.0575544882619703,0.081838424954497,0.0276998549490321,3,cnn
3C,level_4,MNAR,0.5,50.0,knn,baseline,0.0580772684011373,0.0830603916685017,-0.0015526283904478,3,cnn
3C,level_4,MNAR,0.55,55.00000000000001,knn,baseline,0.0568935558886141,0.0800191262913207,0.0704485430819304,3,cnn
3C,level_4,MNAR,0.6000000000000001,60.00000000000001,knn,baseline,0.0571443804990063,0.0813933224437874,0.0382473783956519,3,cnn
3C,level_4,MNAR,0.65,65.0,knn,baseline,0.057512102167456,0.081682024027335,0.0314126178842792,3,cnn
3C,level_4,MNAR,0.7000000000000001,70.0,knn,baseline,0.0560304514103107,0.0788314293121238,0.0978377978489259,3,cnn
3C,level_4,MNAR,0.75,75.0,knn,baseline,0.0536495483527312,0.0767282039625736,0.1453350564147827,3,cnn
3C,level_4,MNAR,0.8,80.0,knn,baseline,0.0531009904113975,0.0766770406959257,0.1464744776225578,3,cnn
3C,level_4,MNAR,0.8500000000000001,85.00000000000001,knn,baseline,0.0543066000869682,0.0760173001689036,0.1610990080467069,3,cnn
3C,level_4,MNAR,0.9,90.0,knn,baseline,0.0522882580851649,0.0744463695897767,0.1954132547375101,3,cnn
3C,level_4,MNAR,0.95,95.0,knn,baseline,0.0505120340647998,0.0722828594653133,0.2414984458919202,3,cnn
3C,level_4,MCAR,0.0,0.0,knn,baseline,0.0654288471328916,0.0801260729143572,-0.0002435585516893,4,cnn
3C,level_4,MCAR,0.05,5.0,knn,baseline,0.0653660319605048,0.0800556491428793,0.0015139210186954,4,cnn
3C,level_4,MCAR,0.1,10.0,knn,baseline,0.0646335020857464,0.0797923931104353,0.0080699928121997,4,cnn
3C,level_4,MCAR,0.15,15.0,knn,baseline,0.0664057609512839,0.0813102816328468,-0.0300278754230847,4,cnn
3C,level_4,MCAR,0.2,20.0,knn,baseline,0.0653282248631778,0.0798817626208947,0.005846774786769,4,cnn
3C,level_4,MCAR,0.25,25.0,knn,baseline,0.0641123032101792,0.0784076544444004,0.0421996932418251,4,cnn
3C,level_4,MCAR,0.3,30.0,knn,baseline,0.0655261016133791,0.0799979474545386,0.0029527593723945,4,cnn
3C,level_4,MCAR,0.35,35.0,knn,baseline,0.0649724777729894,0.0786847684501794,0.0354174749826935,4,cnn
3C,level_4,MCAR,0.4,40.0,knn,baseline,0.0653258904947818,0.0793876447383041,0.0181076361898383,4,cnn
3C,level_4,MCAR,0.45,45.0,knn,baseline,0.0642691737383829,0.0780471093752997,0.0509880241109869,4,cnn
3C,level_4,MCAR,0.5,50.0,knn,baseline,0.0646831419316181,0.0787790998721808,0.0331033045258333,4,cnn
3C,level_4,MCAR,0.55,55.00000000000001,knn,baseline,0.0658100731570872,0.0804674773398865,-0.0087854744878876,4,cnn
3C,level_4,MCAR,0.6000000000000001,60.00000000000001,knn,baseline,0.064025356619875,0.0780842145317587,0.0500854510710002,4,cnn
3C,level_4,MCAR,0.65,65.0,knn,baseline,0.0627782563155008,0.0764450058717555,0.0895496144880866,4,cnn
3C,level_4,MCAR,0.7000000000000001,70.0,knn,baseline,0.061596677384073,0.0746946553772517,0.1307652037652565,4,cnn
3C,level_4,MCAR,0.75,75.0,knn,baseline,0.0604474508538601,0.0738972318473249,0.1492256499008699,4,cnn
3C,level_4,MCAR,0.8,80.0,knn,baseline,0.0588859031722512,0.073608277210542,0.1558660761252711,4,cnn
3C,level_4,MCAR,0.8500000000000001,85.00000000000001,knn,baseline,0.0602229645902927,0.0755588825041515,0.1105345159581633,4,cnn
3C,level_4,MCAR,0.9,90.0,knn,baseline,0.0661831192563909,0.0885429125568197,-0.2214217656107406,4,cnn
3C,level_4,MCAR,0.95,95.0,knn,baseline,0.1025158861246695,0.1234003115409841,-1.372414445161828,4,cnn
3C,level_4,MAR,0.0,0.0,knn,baseline,0.0654288471328916,0.0801260729143572,-0.0002435585516893,4,cnn
3C,level_4,MAR,0.05,5.0,knn,baseline,0.0654387802558166,0.0803794580457158,-0.0065797629255557,4,cnn
3C,level_4,MAR,0.1,10.0,knn,baseline,0.0656651915866065,0.0798780693982071,0.0059386992573743,4,cnn
3C,level_4,MAR,0.15,15.0,knn,baseline,0.0655968296787628,0.0803482991970608,-0.0057995191119841,4,cnn
3C,level_4,MAR,0.2,20.0,knn,baseline,0.0657558344714464,0.0797265371326657,0.0097066792289458,4,cnn
3C,level_4,MAR,0.25,25.0,knn,baseline,0.0656804907458242,0.0805987976620338,-0.0120807717816664,4,cnn
3C,level_4,MAR,0.3,30.0,knn,baseline,0.0666029764934651,0.0812150481023253,-0.0276164769134723,4,cnn
3C,level_4,MAR,0.35,35.0,knn,baseline,0.0663047820824764,0.0808915574113517,-0.0194465053139938,4,cnn
3C,level_4,MAR,0.4,40.0,knn,baseline,0.0664374712333967,0.0813506641198302,-0.0310512494778472,4,cnn
3C,level_4,MAR,0.45,45.0,knn,baseline,0.0646975032699403,0.0794300081425067,0.0170594277012889,4,cnn
3C,level_4,MAR,0.5,50.0,knn,baseline,0.0656852196926952,0.0804054512160965,-0.0072308852499662,4,cnn
3C,level_4,MAR,0.55,55.00000000000001,knn,baseline,0.0675453960105953,0.0831918692908149,-0.0782508597945981,4,cnn
3C,level_4,MAR,0.6000000000000001,60.00000000000001,knn,baseline,0.0689990647644158,0.0854014711022569,-0.1362888654214664,4,cnn
3C,level_4,MAR,0.65,65.0,knn,baseline,0.0640764920451751,0.0793000498204169,0.0202732459893049,4,cnn
3C,level_4,MAR,0.7000000000000001,70.0,knn,baseline,0.0670234750276501,0.0830880865270943,-0.0755622784577931,4,cnn
3C,level_4,MAR,0.75,75.0,knn,baseline,0.0678062655573395,0.0822304040486667,-0.0534717545063039,4,cnn
3C,level_4,MAR,0.8,80.0,knn,baseline,0.0670230621864623,0.0847041917027509,-0.1178096446731886,4,cnn
3C,level_4,MAR,0.8500000000000001,85.00000000000001,knn,baseline,0.067473565090307,0.083379323228281,-0.0831155199913455,4,cnn
3C,level_4,MAR,0.9,90.0,knn,baseline,0.0688077452658578,0.0847595805406904,-0.1192720143418331,4,cnn
3C,level_4,MAR,0.95,95.0,knn,baseline,0.0680151357959389,0.0835115179009871,-0.0865527176308946,4,cnn
3C,level_4,MNAR,0.0,0.0,knn,baseline,0.0654288471328916,0.0801260729143572,-0.0002435585516893,4,cnn
3C,level_4,MNAR,0.05,5.0,knn,baseline,0.0654224967493594,0.0797891180078651,0.008151419266977,4,cnn
3C,level_4,MNAR,0.1,10.0,knn,baseline,0.0652733946597563,0.0801467591639256,-0.000760093509081,4,cnn
3C,level_4,MNAR,0.15,15.0,knn,baseline,0.0655654907956992,0.0801609491906515,-0.0011144951031578,4,cnn
3C,level_4,MNAR,0.2,20.0,knn,baseline,0.0651883777445574,0.079249547512398,0.0215207283607754,4,cnn
3C,level_4,MNAR,0.25,25.0,knn,baseline,0.0652212746053323,0.0794756236310276,0.0159301268199925,4,cnn
3C,level_4,MNAR,0.3,30.0,knn,baseline,0.0657337559758652,0.0796857675374738,0.0107192287842722,4,cnn
3C,level_4,MNAR,0.35,35.0,knn,baseline,0.0651758761534541,0.0786993200148079,0.0350606719286995,4,cnn
3C,level_4,MNAR,0.4,40.0,knn,baseline,0.0648938998291279,0.0786117604004082,0.0372066298483074,4,cnn
3C,level_4,MNAR,0.45,45.0,knn,baseline,0.0649964851587207,0.0786647156089745,0.0359090607329546,4,cnn
3C,level_4,MNAR,0.5,50.0,knn,baseline,0.0647904841372624,0.0783413319123337,0.0438193533542415,4,cnn
3C,level_4,MNAR,0.55,55.00000000000001,knn,baseline,0.064463949227153,0.0779871831148059,0.0524448085080403,4,cnn
3C,level_4,MNAR,0.6000000000000001,60.00000000000001,knn,baseline,0.0646747557548514,0.0779126688264493,0.0542546615341891,4,cnn
3C,level_4,MNAR,0.65,65.0,knn,baseline,0.0646967079765459,0.0777046489499702,0.0592980312598124,4,cnn
3C,level_4,MNAR,0.7000000000000001,70.0,knn,baseline,0.0621830186041427,0.075524685362607,0.1113394588796171,4,cnn
3C,level_4,MNAR,0.75,75.0,knn,baseline,0.0639820879120399,0.07720251649247,0.0714165028574935,4,cnn
3C,level_4,MNAR,0.8,80.0,knn,baseline,0.0619048434805844,0.0756822541534448,0.1076275272103991,4,cnn
3C,level_4,MNAR,0.8500000000000001,85.00000000000001,knn,baseline,0.0656360766854229,0.0782006487353121,0.0472504348940715,4,cnn
3C,level_4,MNAR,0.9,90.0,knn,baseline,0.0640390588910577,0.0769187553891196,0.0782300536211025,4,cnn
3C,level_4,MNAR,0.95,95.0,knn,baseline,0.0631153415445371,0.0770795771064126,0.0743715513427107,4,cnn
3C,level_4,MCAR,0.0,0.0,knn,baseline,0.0430049972138153,0.0568201226230742,0.4774283177171927,5,cnn
3C,level_4,MCAR,0.05,5.0,knn,baseline,0.0435516797128884,0.0572912079186749,0.4687273039378063,5,cnn
3C,level_4,MCAR,0.1,10.0,knn,baseline,0.0436000454760293,0.0582151676856088,0.4514530000265837,5,cnn
3C,level_4,MCAR,0.15,15.0,knn,baseline,0.0433857778138183,0.0577900108633776,0.4594360356614633,5,cnn
3C,level_4,MCAR,0.2,20.0,knn,baseline,0.0438079432006904,0.0583959711034338,0.4480403778302044,5,cnn
3C,level_4,MCAR,0.25,25.0,knn,baseline,0.0425388812686992,0.0564027843247182,0.4850766030316302,5,cnn
3C,level_4,MCAR,0.3,30.0,knn,baseline,0.0429406185588986,0.0567531230806033,0.4786599736777652,5,cnn
3C,level_4,MCAR,0.35,35.0,knn,baseline,0.0436319534599312,0.0603704222703972,0.4100842846599519,5,cnn
3C,level_4,MCAR,0.4,40.0,knn,baseline,0.042774998759046,0.0558996860671441,0.494221602019241,5,cnn
3C,level_4,MCAR,0.45,45.0,knn,baseline,0.0416652290331394,0.0549360058428093,0.5115099749574037,5,cnn
3C,level_4,MCAR,0.5,50.0,knn,baseline,0.0419013725798807,0.0549768551856525,0.510783241548614,5,cnn
3C,level_4,MCAR,0.55,55.00000000000001,knn,baseline,0.0402311558396995,0.0536957384605475,0.5333178632623441,5,cnn
3C,level_4,MCAR,0.6000000000000001,60.00000000000001,knn,baseline,0.0414109193714111,0.055744243386269,0.497030570914722,5,cnn
3C,level_4,MCAR,0.65,65.0,knn,baseline,0.0407187033534451,0.055248654127589,0.5059340268298291,5,cnn
3C,level_4,MCAR,0.7000000000000001,70.0,knn,baseline,0.0409879506696621,0.0543388084753483,0.5220727857502814,5,cnn
3C,level_4,MCAR,0.75,75.0,knn,baseline,0.0392562559247685,0.0531758237219649,0.5423115100112481,5,cnn
3C,level_4,MCAR,0.8,80.0,knn,baseline,0.0443889140975729,0.0615521172474126,0.3867641567496815,5,cnn
3C,level_4,MCAR,0.8500000000000001,85.00000000000001,knn,baseline,0.0529185999239869,0.0689195433583618,0.2311770812494459,5,cnn
3C,level_4,MCAR,0.9,90.0,knn,baseline,0.0771010565442,0.0989891584057901,-0.5860497382713585,5,cnn
3C,level_4,MCAR,0.95,95.0,knn,baseline,0.1352408111114159,0.1584812891530318,-3.065346141600769,5,cnn
3C,level_4,MAR,0.0,0.0,knn,baseline,0.0430049972138153,0.0568201226230742,0.4774283177171927,5,cnn
3C,level_4,MAR,0.05,5.0,knn,baseline,0.0427686677209188,0.0562123616556723,0.4885476220316377,5,cnn
3C,level_4,MAR,0.1,10.0,knn,baseline,0.043413502009228,0.0572456419675812,0.4695720520169482,5,cnn
3C,level_4,MAR,0.15,15.0,knn,baseline,0.0432006857761764,0.057133875581211,0.4716412450554876,5,cnn
3C,level_4,MAR,0.2,20.0,knn,baseline,0.0414640784172631,0.0550653548525872,0.5092069284698537,5,cnn
3C,level_4,MAR,0.25,25.0,knn,baseline,0.0424795904876674,0.0564898958356689,0.4834848236718529,5,cnn
3C,level_4,MAR,0.3,30.0,knn,baseline,0.0438864253640308,0.0591676881706721,0.4333554187970104,5,cnn
3C,level_4,MAR,0.35,35.0,knn,baseline,0.0421074191103077,0.0555887279375364,0.4998330273910616,5,cnn
3C,level_4,MAR,0.4,40.0,knn,baseline,0.0429433301418317,0.057909411224611,0.4572000018356411,5,cnn
3C,level_4,MAR,0.45,45.0,knn,baseline,0.043356447835295,0.0583731586421434,0.448471541070498,5,cnn
3C,level_4,MAR,0.5,50.0,knn,baseline,0.042031644044099,0.0553332975818083,0.5044190040335783,5,cnn
3C,level_4,MAR,0.55,55.00000000000001,knn,baseline,0.0415342928151089,0.0556326325611683,0.4990426400053037,5,cnn
3C,level_4,MAR,0.6000000000000001,60.00000000000001,knn,baseline,0.0432910427613691,0.0591133507096546,0.4343957125982534,5,cnn
3C,level_4,MAR,0.65,65.0,knn,baseline,0.0450422097301376,0.0635794161395696,0.3457034813912406,5,cnn
3C,level_4,MAR,0.7000000000000001,70.0,knn,baseline,0.0426419879793451,0.0595711446247973,0.4256013262252763,5,cnn
3C,level_4,MAR,0.75,75.0,knn,baseline,0.0457758281378098,0.0631917611722026,0.3536578811941752,5,cnn
3C,level_4,MAR,0.8,80.0,knn,baseline,0.0425139905649135,0.0588146230617893,0.4400977990116109,5,cnn
3C,level_4,MAR,0.8500000000000001,85.00000000000001,knn,baseline,0.0406567675015741,0.0558586702952057,0.4949635482524115,5,cnn
3C,level_4,MAR,0.9,90.0,knn,baseline,0.0428275964824706,0.0598861608586901,0.4195103460183582,5,cnn
3C,level_4,MAR,0.95,95.0,knn,baseline,0.0456461325644376,0.0694182519574831,0.2200102681976516,5,cnn
3C,level_4,MNAR,0.0,0.0,knn,baseline,0.0430049972138153,0.0568201226230742,0.4774283177171927,5,cnn
3C,level_4,MNAR,0.05,5.0,knn,baseline,0.0431837449303914,0.0568527310869565,0.4768283489507546,5,cnn
3C,level_4,MNAR,0.1,10.0,knn,baseline,0.042049476566807,0.0554042517423831,0.5031472172328759,5,cnn
3C,level_4,MNAR,0.15,15.0,knn,baseline,0.0423241201148156,0.0561791478797004,0.4891518395251978,5,cnn
3C,level_4,MNAR,0.2,20.0,knn,baseline,0.0433311939881706,0.056669956618526,0.4801868054924638,5,cnn
3C,level_4,MNAR,0.25,25.0,knn,baseline,0.0436270615505984,0.0589167616112436,0.4381514376415946,5,cnn
3C,level_4,MNAR,0.3,30.0,knn,baseline,0.0421322593474896,0.0561468038672304,0.4897398912681905,5,cnn
3C,level_4,MNAR,0.35,35.0,knn,baseline,0.0423565442827012,0.0563656473451212,0.485754456243607,5,cnn
3C,level_4,MNAR,0.4,40.0,knn,baseline,0.0421139833137777,0.0565923676185115,0.4816092232413921,5,cnn
3C,level_4,MNAR,0.45,45.0,knn,baseline,0.0443890740879457,0.0604956445262101,0.4076345025916267,5,cnn
3C,level_4,MNAR,0.5,50.0,knn,baseline,0.0419584832261039,0.0570541427169633,0.4731149123330609,5,cnn
3C,level_4,MNAR,0.55,55.00000000000001,knn,baseline,0.041858637238191,0.0555939268031759,0.4997394680462332,5,cnn
3C,level_4,MNAR,0.6000000000000001,60.00000000000001,knn,baseline,0.04252486085196,0.0572760644722771,0.4690081231631089,5,cnn
3C,level_4,MNAR,0.65,65.0,knn,baseline,0.0426382783468055,0.0571050803656095,0.472173691705174,5,cnn
3C,level_4,MNAR,0.7000000000000001,70.0,knn,baseline,0.0423063737931342,0.0584878234936249,0.4463026318076742,5,cnn
3C,level_4,MNAR,0.75,75.0,knn,baseline,0.0419794749635638,0.0577985926455684,0.4592754768874685,5,cnn
3C,level_4,MNAR,0.8,80.0,knn,baseline,0.0420328400169826,0.0557696094961666,0.4965727198487542,5,cnn
3C,level_4,MNAR,0.8500000000000001,85.00000000000001,knn,baseline,0.0421234916875391,0.0554210896781931,0.5028451737523072,5,cnn
3C,level_4,MNAR,0.9,90.0,knn,baseline,0.0407367724601668,0.0546667125405705,0.5162873398789615,5,cnn
3C,level_4,MNAR,0.95,95.0,knn,baseline,0.0408306838569683,0.0563207739805584,0.4865729243473371,5,cnn
3C,level_2,MCAR,0.0,0.0,knn,mim,0.0240916117301535,0.0299014987335226,0.8346666326460844,1,cnn
3C,level_2,MCAR,0.05,5.0,knn,mim,0.0267209631397638,0.0325426931460797,0.8041689376282987,1,cnn
3C,level_2,MCAR,0.1,10.0,knn,mim,0.029083128072128,0.0353016438680501,0.7695565033558607,1,cnn
3C,level_2,MCAR,0.15,15.0,knn,mim,0.0318448138301835,0.0385293819935019,0.7254896751350377,1,cnn
3C,level_2,MCAR,0.2,20.0,knn,mim,0.0335950281664231,0.0399740927901154,0.7045174555475864,1,cnn
3C,level_2,MCAR,0.25,25.0,knn,mim,0.0364156885760086,0.0437797528549931,0.645577561898699,1,cnn
3C,level_2,MCAR,0.3,30.0,knn,mim,0.0376491134287547,0.0445780092876318,0.632535035258764,1,cnn
3C,level_2,MCAR,0.35,35.0,knn,mim,0.0400517040978845,0.0468669147108602,0.5938304828846181,1,cnn
3C,level_2,MCAR,0.4,40.0,knn,mim,0.0433148710206058,0.0501156404168323,0.5355690361805876,1,cnn
3C,level_2,MCAR,0.45,45.0,knn,mim,0.0445760343124898,0.0524642806220871,0.4910184472825313,1,cnn
3C,level_2,MCAR,0.5,50.0,knn,mim,0.046988586622646,0.0556364660295223,0.4276078484925466,1,cnn
3C,level_2,MCAR,0.55,55.00000000000001,knn,mim,0.0504616587948887,0.0586764333046872,0.3633481407311781,1,cnn
3C,level_2,MCAR,0.6000000000000001,60.00000000000001,knn,mim,0.0514706032438242,0.0604094510745653,0.325185545609976,1,cnn
3C,level_2,MCAR,0.65,65.0,knn,mim,0.0542474686371528,0.0636569756083191,0.2506812501257819,1,cnn
3C,level_2,MCAR,0.7000000000000001,70.0,knn,mim,0.0578363557303939,0.0688544429555779,0.1233251738223897,1,cnn
3C,level_2,MCAR,0.75,75.0,knn,mim,0.0603703957523492,0.0691703127546226,0.1152632314594543,1,cnn
3C,level_2,MCAR,0.8,80.0,knn,mim,0.0623857903804708,0.0731083409641696,0.0116552607451695,1,cnn
3C,level_2,MCAR,0.8500000000000001,85.00000000000001,knn,mim,0.0673041356880084,0.0769709533036855,-0.0955402258561448,1,cnn
3C,level_2,MCAR,0.9,90.0,knn,mim,0.0611429957813031,0.0706301374736285,0.0775247969116156,1,cnn
3C,level_2,MCAR,0.95,95.0,knn,mim,0.0558277714379196,0.067596834078309,0.155057199462973,1,cnn
3C,level_2,MAR,0.0,0.0,knn,mim,0.0240916117301535,0.0299014987335226,0.8346666326460844,1,cnn
3C,level_2,MAR,0.05,5.0,knn,mim,0.0256607551386094,0.0315454610817422,0.8159870630748951,1,cnn
3C,level_2,MAR,0.1,10.0,knn,mim,0.0272130538176547,0.0337169583164493,0.7897812856449503,1,cnn
3C,level_2,MAR,0.15,15.0,knn,mim,0.0285882859141629,0.0350584941993859,0.7727200552489502,1,cnn
3C,level_2,MAR,0.2,20.0,knn,mim,0.0290008095221407,0.0359403373488332,0.7611424924710163,1,cnn
3C,level_2,MAR,0.25,25.0,knn,mim,0.0309398268344817,0.0379243839649977,0.7340428517491224,1,cnn
3C,level_2,MAR,0.3,30.0,knn,mim,0.0328325675509326,0.0401899184228118,0.7013181401180881,1,cnn
3C,level_2,MAR,0.35,35.0,knn,mim,0.0340975941456439,0.0416585004656363,0.6790910246550836,1,cnn
3C,level_2,MAR,0.4,40.0,knn,mim,0.0354202486339988,0.0425108609263426,0.6658246601653522,1,cnn
3C,level_2,MAR,0.45,45.0,knn,mim,0.0356179327499144,0.0428516787863941,0.6604448832047477,1,cnn
3C,level_2,MAR,0.5,50.0,knn,mim,0.0362812356559838,0.0438338325418281,0.6447014083608351,1,cnn
3C,level_2,MAR,0.55,55.00000000000001,knn,mim,0.0382936204042658,0.0451651291966738,0.6227918119006736,1,cnn
3C,level_2,MAR,0.6000000000000001,60.00000000000001,knn,mim,0.0423975896269488,0.0514741435899336,0.5100487645970965,1,cnn
3C,level_2,MAR,0.65,65.0,knn,mim,0.0426107399095268,0.0538269252464799,0.4642357360351623,1,cnn
3C,level_2,MAR,0.7000000000000001,70.0,knn,mim,0.043163114948532,0.0552545214750763,0.4354398213032754,1,cnn
3C,level_2,MAR,0.75,75.0,knn,mim,0.0435100244055277,0.0562589244761537,0.4147284032047434,1,cnn
3C,level_2,MAR,0.8,80.0,knn,mim,0.0474510160747947,0.0616910901743458,0.2962482503901184,1,cnn
3C,level_2,MAR,0.8500000000000001,85.00000000000001,knn,mim,0.0492813891492166,0.0648410176539397,0.2225468235720435,1,cnn
3C,level_2,MAR,0.9,90.0,knn,mim,0.0533441294315276,0.0718522737074136,0.0453248264114811,1,cnn
3C,level_2,MAR,0.95,95.0,knn,mim,0.05576901547841,0.0756440925170495,-0.0580949263670023,1,cnn
3C,level_2,MNAR,0.0,0.0,knn,mim,0.0240916117301535,0.0299014987335226,0.8346666326460844,1,cnn
3C,level_2,MNAR,0.05,5.0,knn,mim,0.0259541652830333,0.0318180067227406,0.8127936670837014,1,cnn
3C,level_2,MNAR,0.1,10.0,knn,mim,0.0286751683344799,0.0346563195471929,0.7779046446060143,1,cnn
3C,level_2,MNAR,0.15,15.0,knn,mim,0.0314572189411215,0.0381265197748846,0.7312002093079301,1,cnn
3C,level_2,MNAR,0.2,20.0,knn,mim,0.0331400027398862,0.0396262498673103,0.7096374879162615,1,cnn
3C,level_2,MNAR,0.25,25.0,knn,mim,0.0348894758059451,0.0414650329957966,0.6820647889715216,1,cnn
3C,level_2,MNAR,0.3,30.0,knn,mim,0.0372030987816187,0.0443260865213971,0.6366765935990961,1,cnn
3C,level_2,MNAR,0.35,35.0,knn,mim,0.0391306769237824,0.0457784477975092,0.6124776779863754,1,cnn
3C,level_2,MNAR,0.4,40.0,knn,mim,0.0419233530702343,0.0486258201510989,0.5627714862750899,1,cnn
3C,level_2,MNAR,0.45,45.0,knn,mim,0.0425853731346366,0.0497686147842217,0.5419786695387461,1,cnn
3C,level_2,MNAR,0.5,50.0,knn,mim,0.0448631756314535,0.0523553880127455,0.493129095157462,1,cnn
3C,level_2,MNAR,0.55,55.00000000000001,knn,mim,0.0465334275095954,0.0549452636117417,0.441741787890556,1,cnn
3C,level_2,MNAR,0.6000000000000001,60.00000000000001,knn,mim,0.0507128911778717,0.058385944644879,0.3696362650966126,1,cnn
3C,level_2,MNAR,0.65,65.0,knn,mim,0.051500837177517,0.0600418544987283,0.3333731635069222,1,cnn
3C,level_2,MNAR,0.7000000000000001,70.0,knn,mim,0.052818013568449,0.0606699495461448,0.3193531088356748,1,cnn
3C,level_2,MNAR,0.75,75.0,knn,mim,0.0536437914745769,0.0619509239298471,0.290307569298897,1,cnn
3C,level_2,MNAR,0.8,80.0,knn,mim,0.0555724470742111,0.0644767354870555,0.2312578766341413,1,cnn
3C,level_2,MNAR,0.8500000000000001,85.00000000000001,knn,mim,0.0600448961505489,0.0690909263291564,0.1172928820980417,1,cnn
3C,level_2,MNAR,0.9,90.0,knn,mim,0.0592597617690436,0.0676660753366256,0.1533253175608998,1,cnn
3C,level_2,MNAR,0.95,95.0,knn,mim,0.0591762905545228,0.0677160993957045,0.1520729984376574,1,cnn
3C,level_2,MCAR,0.0,0.0,knn,mim,0.0240810206167523,0.0285968709905926,0.8562000932065781,9,cnn
3C,level_2,MCAR,0.05,5.0,knn,mim,0.0235994586031487,0.0283536053661946,0.8586362188139761,9,cnn
3C,level_2,MCAR,0.1,10.0,knn,mim,0.0236372697302635,0.0291878784076853,0.8501948895868328,9,cnn
3C,level_2,MCAR,0.15,15.0,knn,mim,0.0224819222184219,0.0281596970545552,0.8605631609958119,9,cnn
3C,level_2,MCAR,0.2,20.0,knn,mim,0.0235538629200441,0.0309032297530064,0.8320696033887625,9,cnn
3C,level_2,MCAR,0.25,25.0,knn,mim,0.0242545603138898,0.0326646274551471,0.8123809247749353,9,cnn
3C,level_2,MCAR,0.3,30.0,knn,mim,0.0261957409522775,0.0353286939139017,0.7805292052169417,9,cnn
3C,level_2,MCAR,0.35,35.0,knn,mim,0.0273594307910747,0.037735082589035,0.7496127663574972,9,cnn
3C,level_2,MCAR,0.4,40.0,knn,mim,0.0289887755373691,0.0401572445066923,0.7164371177130664,9,cnn
3C,level_2,MCAR,0.45,45.0,knn,mim,0.0323204585248978,0.0435549944443675,0.6664219253955123,9,cnn
3C,level_2,MCAR,0.5,50.0,knn,mim,0.0342252465928981,0.0472070403100604,0.6081362250763884,9,cnn
3C,level_2,MCAR,0.55,55.00000000000001,knn,mim,0.0353890320832002,0.0471808481671479,0.6085709443293011,9,cnn
3C,level_2,MCAR,0.6000000000000001,60.00000000000001,knn,mim,0.0408879858945842,0.0554733570148243,0.4588838836154344,9,cnn
3C,level_2,MCAR,0.65,65.0,knn,mim,0.0459093265612356,0.0594565013149923,0.3783867374401257,9,cnn
3C,level_2,MCAR,0.7000000000000001,70.0,knn,mim,0.0469754282385463,0.0606508973986541,0.3531612420373614,9,cnn
3C,level_2,MCAR,0.75,75.0,knn,mim,0.052892382687147,0.0664990360025716,0.222407126789873,9,cnn
3C,level_2,MCAR,0.8,80.0,knn,mim,0.0558777750254241,0.0700953621899507,0.136027059750677,9,cnn
3C,level_2,MCAR,0.8500000000000001,85.00000000000001,knn,mim,0.0523682712099512,0.0649517752104596,0.2581713143180327,9,cnn
3C,level_2,MCAR,0.9,90.0,knn,mim,0.0496777693498219,0.0627673299950405,0.3072303036281607,9,cnn
3C,level_2,MCAR,0.95,95.0,knn,mim,0.0437444643872849,0.0577791896382476,0.4129643648305837,9,cnn
3C,level_2,MAR,0.0,0.0,knn,mim,0.0240810206167523,0.0285968709905926,0.8562000932065781,9,cnn
3C,level_2,MAR,0.05,5.0,knn,mim,0.0246003560151895,0.0300591275316505,0.8411181404043969,9,cnn
3C,level_2,MAR,0.1,10.0,knn,mim,0.0244062100832062,0.0297224073183853,0.8446577700281962,9,cnn
3C,level_2,MAR,0.15,15.0,knn,mim,0.0243708342265857,0.0302033888440243,0.8395894529074863,9,cnn
3C,level_2,MAR,0.2,20.0,knn,mim,0.0250992407133675,0.0318529052545449,0.8215898033599008,9,cnn
3C,level_2,MAR,0.25,25.0,knn,mim,0.0263988248597363,0.0347018576335246,0.7882482443720906,9,cnn
3C,level_2,MAR,0.3,30.0,knn,mim,0.0253071472526442,0.0341690325665651,0.7947009509501465,9,cnn
3C,level_2,MAR,0.35,35.0,knn,mim,0.026942617335218,0.0379414616026366,0.7468664637058648,9,cnn
3C,level_2,MAR,0.4,40.0,knn,mim,0.0283241292410144,0.0416180640261518,0.6954312644732925,9,cnn
3C,level_2,MAR,0.45,45.0,knn,mim,0.0301092528034327,0.044061524228144,0.6586180100052416,9,cnn
3C,level_2,MAR,0.5,50.0,knn,mim,0.0309921474231332,0.0456046853474598,0.6342869149070768,9,cnn
3C,level_2,MAR,0.55,55.00000000000001,knn,mim,0.0301663146064072,0.0463802025431111,0.6217431043176147,9,cnn
3C,level_2,MAR,0.6000000000000001,60.00000000000001,knn,mim,0.0326875867911264,0.051473693095559,0.5341005155532983,9,cnn
3C,level_2,MAR,0.65,65.0,knn,mim,0.0338446491322618,0.0536260950973088,0.4943221622883431,9,cnn
3C,level_2,MAR,0.7000000000000001,70.0,knn,mim,0.033982688166571,0.0540295658383733,0.4866843234587821,9,cnn
3C,level_2,MAR,0.75,75.0,knn,mim,0.0346846029820453,0.056863142659504,0.4314308538351815,9,cnn
3C,level_2,MAR,0.8,80.0,knn,mim,0.0386134700966783,0.0650237732341385,0.2565257918888691,9,cnn
3C,level_2,MAR,0.8500000000000001,85.00000000000001,knn,mim,0.0367202239250742,0.0620801576694912,0.3223160582880834,9,cnn
3C,level_2,MAR,0.9,90.0,knn,mim,0.0378672103442198,0.0646983259325266,0.2639494201276285,9,cnn
3C,level_2,MAR,0.95,95.0,knn,mim,0.0424757752689063,0.0718073079080852,0.0933099235223406,9,cnn
3C,level_2,MNAR,0.0,0.0,knn,mim,0.0240810206167523,0.0285968709905926,0.8562000932065781,9,cnn
3C,level_2,MNAR,0.05,5.0,knn,mim,0.0239186917726593,0.0289310117046313,0.8528199946873115,9,cnn
3C,level_2,MNAR,0.1,10.0,knn,mim,0.0235637406930855,0.029179901285764,0.8502767626379244,9,cnn
3C,level_2,MNAR,0.15,15.0,knn,mim,0.0238438731434779,0.0308243575284254,0.8329257043106396,9,cnn
3C,level_2,MNAR,0.2,20.0,knn,mim,0.0234149581309469,0.0296329702417212,0.8455912376090766,9,cnn
3C,level_2,MNAR,0.25,25.0,knn,mim,0.0240609303208389,0.0323167410137023,0.8163560235823235,9,cnn
3C,level_2,MNAR,0.3,30.0,knn,mim,0.0254425074338349,0.0352482896477053,0.7815270517616548,9,cnn
3C,level_2,MNAR,0.35,35.0,knn,mim,0.0268608509135866,0.0379078221117406,0.7473151289938482,9,cnn
3C,level_2,MNAR,0.4,40.0,knn,mim,0.0265365997285143,0.0373401019765342,0.7548270392888267,9,cnn
3C,level_2,MNAR,0.45,45.0,knn,mim,0.0293858453229809,0.0421219182230538,0.6880120262300355,9,cnn
3C,level_2,MNAR,0.5,50.0,knn,mim,0.0295504149702987,0.044142666671314,0.6573594936240779,9,cnn
3C,level_2,MNAR,0.55,55.00000000000001,knn,mim,0.0322910068029489,0.0472394109194865,0.6075986265220191,9,cnn
3C,level_2,MNAR,0.6000000000000001,60.00000000000001,knn,mim,0.031323236953564,0.0468412848185416,0.6141849452479577,9,cnn
3C,level_2,MNAR,0.65,65.0,knn,mim,0.0367440173575218,0.0533640132198343,0.4992527897555009,9,cnn
3C,level_2,MNAR,0.7000000000000001,70.0,knn,mim,0.0366819514427906,0.0534991432625597,0.496713563006615,9,cnn
3C,level_2,MNAR,0.75,75.0,knn,mim,0.0386680911956949,0.0565615351862708,0.437446346824531,9,cnn
3C,level_2,MNAR,0.8,80.0,knn,mim,0.0401127434069946,0.0590329511933593,0.3872115619106862,9,cnn
3C,level_2,MNAR,0.8500000000000001,85.00000000000001,knn,mim,0.0397451768361084,0.0593048350433934,0.3815540116084518,9,cnn
3C,level_2,MNAR,0.9,90.0,knn,mim,0.0416467433911407,0.0583095907089846,0.4021371634922452,9,cnn
3C,level_2,MNAR,0.95,95.0,knn,mim,0.0407446657343113,0.0570533050145274,0.427621664558403,9,cnn
3C,level_2,MCAR,0.0,0.0,knn,mim,0.0268180694809039,0.0317800183911853,0.8423984386669292,8,cnn
3C,level_2,MCAR,0.05,5.0,knn,mim,0.025453901164467,0.0304686091534037,0.8551369960099257,8,cnn
3C,level_2,MCAR,0.1,10.0,knn,mim,0.0262585519788658,0.0318371660472066,0.8418311225867661,8,cnn
3C,level_2,MCAR,0.15,15.0,knn,mim,0.0262110491346466,0.0319288004143025,0.8409193226489161,8,cnn
3C,level_2,MCAR,0.2,20.0,knn,mim,0.0267417370630953,0.0328740425449327,0.8313608311798235,8,cnn
3C,level_2,MCAR,0.25,25.0,knn,mim,0.0262828673221373,0.0324158237534017,0.8360292617268819,8,cnn
3C,level_2,MCAR,0.3,30.0,knn,mim,0.0279488553990899,0.0347362379236291,0.8117141042311558,8,cnn
3C,level_2,MCAR,0.35,35.0,knn,mim,0.0298101271189329,0.0368912582902824,0.7876270674070978,8,cnn
3C,level_2,MCAR,0.4,40.0,knn,mim,0.0306381664534949,0.0384140064958754,0.769733140311805,8,cnn
3C,level_2,MCAR,0.45,45.0,knn,mim,0.0320654466595181,0.0400704142081773,0.7494468363603768,8,cnn
3C,level_2,MCAR,0.5,50.0,knn,mim,0.0345870910726161,0.0426141517063278,0.7166260509123015,8,cnn
3C,level_2,MCAR,0.55,55.00000000000001,knn,mim,0.0353943862208245,0.0436535282196169,0.7026342620017265,8,cnn
3C,level_2,MCAR,0.6000000000000001,60.00000000000001,knn,mim,0.0379376587230626,0.045881217638305,0.6715100421426752,8,cnn
3C,level_2,MCAR,0.65,65.0,knn,mim,0.0399199108191472,0.0477421551897932,0.6443226025390649,8,cnn
3C,level_2,MCAR,0.7000000000000001,70.0,knn,mim,0.0425626213993558,0.0507741990960773,0.5977107842149856,8,cnn
3C,level_2,MCAR,0.75,75.0,knn,mim,0.0433227173211928,0.0510456438056995,0.5933979175517101,8,cnn
3C,level_2,MCAR,0.8,80.0,knn,mim,0.0452477322679969,0.0522830583693859,0.5734458261807585,8,cnn
3C,level_2,MCAR,0.8500000000000001,85.00000000000001,knn,mim,0.0433969583162932,0.0506550599257857,0.5995964731441308,8,cnn
3C,level_2,MCAR,0.9,90.0,knn,mim,0.0425885203676084,0.0498875393724114,0.6116382992192955,8,cnn
3C,level_2,MCAR,0.95,95.0,knn,mim,0.0410043015838416,0.0535979697355265,0.5517204724486731,8,cnn
3C,level_2,MAR,0.0,0.0,knn,mim,0.0268180694809039,0.0317800183911853,0.8423984386669292,8,cnn
3C,level_2,MAR,0.05,5.0,knn,mim,0.0262487595235629,0.0314171889301511,0.8459765401848176,8,cnn
3C,level_2,MAR,0.1,10.0,knn,mim,0.0256783439948812,0.030542358626952,0.8544348635263632,8,cnn
3C,level_2,MAR,0.15,15.0,knn,mim,0.0260274807157496,0.0312743990575936,0.8473734195564473,8,cnn
3C,level_2,MAR,0.2,20.0,knn,mim,0.0259542485955861,0.0309852109086638,0.85018298475214,8,cnn
3C,level_2,MAR,0.25,25.0,knn,mim,0.0252066734389621,0.0306841257278868,0.8530804009549977,8,cnn
3C,level_2,MAR,0.3,30.0,knn,mim,0.0255041756769311,0.0311895148472268,0.8482008058713355,8,cnn
3C,level_2,MAR,0.35,35.0,knn,mim,0.0255854678930469,0.0311595385206914,0.8484924548784456,8,cnn
3C,level_2,MAR,0.4,40.0,knn,mim,0.0266082077374786,0.0331609576829487,0.8284043176299953,8,cnn
3C,level_2,MAR,0.45,45.0,knn,mim,0.0254252564454128,0.0322989519556289,0.837209488336708,8,cnn
3C,level_2,MAR,0.5,50.0,knn,mim,0.0268572035204144,0.0331319922177405,0.8287039578311345,8,cnn
3C,level_2,MAR,0.55,55.00000000000001,knn,mim,0.0281578131020691,0.0362479540799134,0.7949691438219062,8,cnn
3C,level_2,MAR,0.6000000000000001,60.00000000000001,knn,mim,0.0290057671204489,0.0371688182721494,0.7844193711721049,8,cnn
3C,level_2,MAR,0.65,65.0,knn,mim,0.030765561510974,0.0407551529721196,0.7408105725002709,8,cnn
3C,level_2,MAR,0.7000000000000001,70.0,knn,mim,0.0319240579495599,0.0442186450490626,0.6948853302511451,8,cnn
3C,level_2,MAR,0.75,75.0,knn,mim,0.033293704675981,0.0476423868507857,0.6458075906208437,8,cnn
3C,level_2,MAR,0.8,80.0,knn,mim,0.0374972059243905,0.0543728276276104,0.5386653606084073,8,cnn
3C,level_2,MAR,0.8500000000000001,85.00000000000001,knn,mim,0.0382724579430821,0.0561632262517858,0.5077833250289152,8,cnn
3C,level_2,MAR,0.9,90.0,knn,mim,0.0435872583170275,0.0657546524628361,0.3253085592269442,8,cnn
3C,level_2,MAR,0.95,95.0,knn,mim,0.0452641088360286,0.0682580595666695,0.2729569900490325,8,cnn
3C,level_2,MNAR,0.0,0.0,knn,mim,0.0268180694809039,0.0317800183911853,0.8423984386669292,8,cnn
3C,level_2,MNAR,0.05,5.0,knn,mim,0.0250373734273094,0.0304225176352432,0.8555749487532858,8,cnn
3C,level_2,MNAR,0.1,10.0,knn,mim,0.0245629622493258,0.0299563777557165,0.8599668609627573,8,cnn
3C,level_2,MNAR,0.15,15.0,knn,mim,0.0240527555370131,0.0301174992556339,0.8584564630231253,8,cnn
3C,level_2,MNAR,0.2,20.0,knn,mim,0.02365057812852,0.0296847701998655,0.8624946455921121,8,cnn
3C,level_2,MNAR,0.25,25.0,knn,mim,0.0248234829683642,0.0305686166183797,0.8541844643223493,8,cnn
3C,level_2,MNAR,0.3,30.0,knn,mim,0.0245729648703573,0.0304304235571204,0.85549987531276,8,cnn
3C,level_2,MNAR,0.35,35.0,knn,mim,0.0248694259757039,0.0312184570504972,0.8479189520768174,8,cnn
3C,level_2,MNAR,0.4,40.0,knn,mim,0.0251328034351165,0.032047454336397,0.8397347733556105,8,cnn
3C,level_2,MNAR,0.45,45.0,knn,mim,0.0260043424813384,0.0336223661932189,0.8235958592841154,8,cnn
3C,level_2,MNAR,0.5,50.0,knn,mim,0.0260313123501915,0.0332243946255419,0.8277471642662777,8,cnn
3C,level_2,MNAR,0.55,55.00000000000001,knn,mim,0.0280717393590413,0.0362440733740465,0.7950130426777029,8,cnn
3C,level_2,MNAR,0.6000000000000001,60.00000000000001,knn,mim,0.0293132934450854,0.036883629751883,0.7877148891643992,8,cnn
3C,level_2,MNAR,0.65,65.0,knn,mim,0.0315841840931169,0.0390934086521962,0.7615159678561157,8,cnn
3C,level_2,MNAR,0.7000000000000001,70.0,knn,mim,0.0321593137952131,0.0400935246382352,0.7491577422110118,8,cnn
3C,level_2,MNAR,0.75,75.0,knn,mim,0.0341125383476623,0.0421711585058224,0.7224870263462874,8,cnn
3C,level_2,MNAR,0.8,80.0,knn,mim,0.0343828682521191,0.0419975434941969,0.7247673165988586,8,cnn
3C,level_2,MNAR,0.8500000000000001,85.00000000000001,knn,mim,0.03758808257535,0.0461217859289935,0.6680562784843037,8,cnn
3C,level_2,MNAR,0.9,90.0,knn,mim,0.0373326222174849,0.0464850448630313,0.6628068556818321,8,cnn
3C,level_2,MNAR,0.95,95.0,knn,mim,0.0390097781959804,0.0459099320464098,0.6710987476396144,8,cnn
3C,level_2,MCAR,0.0,0.0,knn,mim,0.0192462849835019,0.0269270367206624,0.8884098582197292,7,cnn
3C,level_2,MCAR,0.05,5.0,knn,mim,0.0199307219504192,0.0272154320158426,0.8860067411421755,7,cnn
3C,level_2,MCAR,0.1,10.0,knn,mim,0.0206401202837998,0.0275821970401408,0.882913609627801,7,cnn
3C,level_2,MCAR,0.15,15.0,knn,mim,0.0221784260259004,0.0283705559344289,0.8761247921058488,7,cnn
3C,level_2,MCAR,0.2,20.0,knn,mim,0.0221420476070462,0.0279812668518806,0.8795009977921776,7,cnn
3C,level_2,MCAR,0.25,25.0,knn,mim,0.0233552264026852,0.0287703743798771,0.8726087113817556,7,cnn
3C,level_2,MCAR,0.3,30.0,knn,mim,0.0258526790625604,0.0315520718912646,0.8467838766183196,7,cnn
3C,level_2,MCAR,0.35,35.0,knn,mim,0.0262575579595174,0.0308091930604615,0.8539137464797374,7,cnn
3C,level_2,MCAR,0.4,40.0,knn,mim,0.0268690974659265,0.0318409934241934,0.8439650369999425,7,cnn
3C,level_2,MCAR,0.45,45.0,knn,mim,0.0314020983571883,0.0363694025268662,0.7964265966244846,7,cnn
3C,level_2,MCAR,0.5,50.0,knn,mim,0.0316003757210716,0.036620851604292,0.7936019532324206,7,cnn
3C,level_2,MCAR,0.55,55.00000000000001,knn,mim,0.0334065058127936,0.0384275706810551,0.7727339497245906,7,cnn
3C,level_2,MCAR,0.6000000000000001,60.00000000000001,knn,mim,0.0357035645242313,0.0407240598485917,0.744758764468413,7,cnn
3C,level_2,MCAR,0.65,65.0,knn,mim,0.0384757366359303,0.0439131507209706,0.703217765093668,7,cnn
3C,level_2,MCAR,0.7000000000000001,70.0,knn,mim,0.0408327886597073,0.0469111366166047,0.66131137143609,7,cnn
3C,level_2,MCAR,0.75,75.0,knn,mim,0.0438464916124153,0.0508279325106155,0.6023933921357142,7,cnn
3C,level_2,MCAR,0.8,80.0,knn,mim,0.0465034962628399,0.0537696341982862,0.5550380569067921,7,cnn
3C,level_2,MCAR,0.8500000000000001,85.00000000000001,knn,mim,0.0525051337898406,0.0613291013718386,0.4211288486304309,7,cnn
3C,level_2,MCAR,0.9,90.0,knn,mim,0.0528008753797792,0.0621676023777722,0.405191808796685,7,cnn
3C,level_2,MCAR,0.95,95.0,knn,mim,0.0630929899372221,0.0756662572293762,0.1188431755610611,7,cnn
3C,level_2,MAR,0.0,0.0,knn,mim,0.0192462849835019,0.0269270367206624,0.8884098582197292,7,cnn
3C,level_2,MAR,0.05,5.0,knn,mim,0.01975010956298,0.0271985856632039,0.8861478211207195,7,cnn
3C,level_2,MAR,0.1,10.0,knn,mim,0.0196614310587696,0.0269767313892837,0.8879975921163556,7,cnn
3C,level_2,MAR,0.15,15.0,knn,mim,0.0201518969630859,0.0272785144517196,0.885477680542486,7,cnn
3C,level_2,MAR,0.2,20.0,knn,mim,0.0194955586280241,0.026084368129364,0.8952848918126322,7,cnn
3C,level_2,MAR,0.25,25.0,knn,mim,0.0204904701460987,0.0272201962368136,0.8859668272720186,7,cnn
3C,level_2,MAR,0.3,30.0,knn,mim,0.0211696892779709,0.02727528715698,0.8855047769898721,7,cnn
3C,level_2,MAR,0.35,35.0,knn,mim,0.0213548073707124,0.0271564581941505,0.8865002357455869,7,cnn
3C,level_2,MAR,0.4,40.0,knn,mim,0.021378831895826,0.0269986087351655,0.8878158570537332,7,cnn
3C,level_2,MAR,0.45,45.0,knn,mim,0.0229431640484129,0.0282991437629764,0.8767476254491736,7,cnn
3C,level_2,MAR,0.5,50.0,knn,mim,0.0225838581646453,0.0286176535359983,0.8739575758673057,7,cnn
3C,level_2,MAR,0.55,55.00000000000001,knn,mim,0.0242757199836364,0.0302318037586437,0.8593379884422133,7,cnn
3C,level_2,MAR,0.6000000000000001,60.00000000000001,knn,mim,0.0257668604532132,0.0352626683466921,0.8086277119956722,7,cnn
3C,level_2,MAR,0.65,65.0,knn,mim,0.0264618995259543,0.0385118320891787,0.7717361894067208,7,cnn
3C,level_2,MAR,0.7000000000000001,70.0,knn,mim,0.0296526530557612,0.0446334356254892,0.6934019845483386,7,cnn
3C,level_2,MAR,0.75,75.0,knn,mim,0.0318364049233976,0.0506302775072993,0.6054797317446159,7,cnn
3C,level_2,MAR,0.8,80.0,knn,mim,0.036320434313167,0.0573957848330406,0.4929991331939584,7,cnn
3C,level_2,MAR,0.8500000000000001,85.00000000000001,knn,mim,0.0408219128091058,0.0653728825181796,0.3422755687586233,7,cnn
3C,level_2,MAR,0.9,90.0,knn,mim,0.0447595606521034,0.0721176698950755,0.1995539297209073,7,cnn
3C,level_2,MAR,0.95,95.0,knn,mim,0.0458770865779129,0.0748380299712644,0.1380275258234452,7,cnn
3C,level_2,MNAR,0.0,0.0,knn,mim,0.0192462849835019,0.0269270367206624,0.8884098582197292,7,cnn
3C,level_2,MNAR,0.05,5.0,knn,mim,0.0195267523075743,0.0270903363029841,0.8870522725725575,7,cnn
3C,level_2,MNAR,0.1,10.0,knn,mim,0.0200767636930816,0.0274197534504576,0.884288694084266,7,cnn
3C,level_2,MNAR,0.15,15.0,knn,mim,0.0210236284629401,0.0276068523884589,0.882704192229195,7,cnn
3C,level_2,MNAR,0.2,20.0,knn,mim,0.0208963689871158,0.0275336906515268,0.8833250666252311,7,cnn
3C,level_2,MNAR,0.25,25.0,knn,mim,0.0215764262455429,0.0274438680611841,0.8840850773669398,7,cnn
3C,level_2,MNAR,0.3,30.0,knn,mim,0.0222944805418061,0.0281793627724722,0.8777887910437616,7,cnn
3C,level_2,MNAR,0.35,35.0,knn,mim,0.0223052576910289,0.02771424910501,0.8817898042106649,7,cnn
3C,level_2,MNAR,0.4,40.0,knn,mim,0.0238413303605557,0.0287932369657517,0.872406166120818,7,cnn
3C,level_2,MNAR,0.45,45.0,knn,mim,0.0250570091222962,0.0295964496634445,0.8651881904465119,7,cnn
3C,level_2,MNAR,0.5,50.0,knn,mim,0.025064905686507,0.0297511254823988,0.8637754118480981,7,cnn
3C,level_2,MNAR,0.55,55.00000000000001,knn,mim,0.0262546156528826,0.0308884956537639,0.8531607291192588,7,cnn
3C,level_2,MNAR,0.6000000000000001,60.00000000000001,knn,mim,0.0276491576884583,0.0318650733544508,0.8437289431243236,7,cnn
3C,level_2,MNAR,0.65,65.0,knn,mim,0.0284678302073953,0.033854711505552,0.8236047286522118,7,cnn
3C,level_2,MNAR,0.7000000000000001,70.0,knn,mim,0.0280818776570059,0.0328636649003935,0.8337809899885458,7,cnn
3C,level_2,MNAR,0.75,75.0,knn,mim,0.0296542342064109,0.0347893531823243,0.8137306441653357,7,cnn
3C,level_2,MNAR,0.8,80.0,knn,mim,0.0301028820364304,0.0350302716667767,0.8111418570546581,7,cnn
3C,level_2,MNAR,0.8500000000000001,85.00000000000001,knn,mim,0.0313077878068787,0.0365169422744657,0.7947715740894985,7,cnn
3C,level_2,MNAR,0.9,90.0,knn,mim,0.032337694368217,0.0381503712924081,0.7760009160866718,7,cnn
3C,level_2,MNAR,0.95,95.0,knn,mim,0.0351255108463247,0.0431349328374466,0.7136435587451808,7,cnn
3C,level_2,MCAR,0.0,0.0,knn,mim,0.0240954150928792,0.0303174509155995,0.8512260461971013,5,cnn
3C,level_2,MCAR,0.05,5.0,knn,mim,0.0248600829913292,0.0309558856103274,0.8448942117909085,5,cnn
3C,level_2,MCAR,0.1,10.0,knn,mim,0.0258506696007468,0.0316204627026454,0.8381629400715331,5,cnn
3C,level_2,MCAR,0.15,15.0,knn,mim,0.0275214033651298,0.0333224043978848,0.8202726379519634,5,cnn
3C,level_2,MCAR,0.2,20.0,knn,mim,0.0282153503126835,0.0336462776925628,0.8167619807060389,5,cnn
3C,level_2,MCAR,0.25,25.0,knn,mim,0.0283503452637112,0.0334718007695939,0.8186574600092988,5,cnn
3C,level_2,MCAR,0.3,30.0,knn,mim,0.0302745386952101,0.0353161843246753,0.7981219558984697,5,cnn
3C,level_2,MCAR,0.35,35.0,knn,mim,0.0301791347456567,0.035672690896239,0.7940255840441773,5,cnn
3C,level_2,MCAR,0.4,40.0,knn,mim,0.0328218301843713,0.0386011546320605,0.7588195342264064,5,cnn
3C,level_2,MCAR,0.45,45.0,knn,mim,0.0345754998343025,0.0399625521543484,0.7415074857037516,5,cnn
3C,level_2,MCAR,0.5,50.0,knn,mim,0.0346529596084697,0.0416047535497852,0.7198262479115127,5,cnn
3C,level_2,MCAR,0.55,55.00000000000001,knn,mim,0.0377127422810136,0.0451331679452661,0.6702891985138129,5,cnn
3C,level_2,MCAR,0.6000000000000001,60.00000000000001,knn,mim,0.0378567294860394,0.0446785792693057,0.6768975524770366,5,cnn
3C,level_2,MCAR,0.65,65.0,knn,mim,0.0397995545925649,0.0482213770560067,0.6236250113657288,5,cnn
3C,level_2,MCAR,0.7000000000000001,70.0,knn,mim,0.0392849432541732,0.0470962371819105,0.6409838720754342,5,cnn
3C,level_2,MCAR,0.75,75.0,knn,mim,0.0416050898597965,0.0496119561610457,0.6016046679130082,5,cnn
3C,level_2,MCAR,0.8,80.0,knn,mim,0.0434110174435959,0.0520773979435848,0.5610246925168614,5,cnn
3C,level_2,MCAR,0.8500000000000001,85.00000000000001,knn,mim,0.0468550480982805,0.0553830007006194,0.5035282931955081,5,cnn
3C,level_2,MCAR,0.9,90.0,knn,mim,0.0522755377530784,0.0624320690603125,0.3691051315935874,5,cnn
3C,level_2,MCAR,0.95,95.0,knn,mim,0.057844056892609,0.0709054709385205,0.1862312084508078,5,cnn
3C,level_2,MAR,0.0,0.0,knn,mim,0.0240954150928792,0.0303174509155995,0.8512260461971013,5,cnn
3C,level_2,MAR,0.05,5.0,knn,mim,0.0243099096000662,0.0305398648946293,0.8490351771894005,5,cnn
3C,level_2,MAR,0.1,10.0,knn,mim,0.024194143768379,0.0301989694073136,0.8523866001724355,5,cnn
3C,level_2,MAR,0.15,15.0,knn,mim,0.0252182640777827,0.0310287013455685,0.8441636608754086,5,cnn
3C,level_2,MAR,0.2,20.0,knn,mim,0.0254953436632081,0.0322065846744793,0.8321076591617859,5,cnn
3C,level_2,MAR,0.25,25.0,knn,mim,0.0255422209173474,0.0320997212399614,0.8332199650311525,5,cnn
3C,level_2,MAR,0.3,30.0,knn,mim,0.0270869591067535,0.0348287762055899,0.803655849096061,5,cnn
3C,level_2,MAR,0.35,35.0,knn,mim,0.0248377534842785,0.0307827524192715,0.8466243425089482,5,cnn
3C,level_2,MAR,0.4,40.0,knn,mim,0.0264237892972901,0.0322209695941369,0.8319576490188907,5,cnn
3C,level_2,MAR,0.45,45.0,knn,mim,0.0273163677808545,0.0330984613918896,0.822680233737668,5,cnn
3C,level_2,MAR,0.5,50.0,knn,mim,0.0275809278113539,0.0361599011421147,0.7883608504607934,5,cnn
3C,level_2,MAR,0.55,55.00000000000001,knn,mim,0.0295878561214699,0.0395393359213322,0.7469535316217897,5,cnn
3C,level_2,MAR,0.6000000000000001,60.00000000000001,knn,mim,0.0296396907020765,0.0381789252173138,0.7640668667150935,5,cnn
3C,level_2,MAR,0.65,65.0,knn,mim,0.030381417305515,0.0412448804972955,0.7246521828298242,5,cnn
3C,level_2,MAR,0.7000000000000001,70.0,knn,mim,0.0322796236213744,0.0470055214596714,0.642365597793537,5,cnn
3C,level_2,MAR,0.75,75.0,knn,mim,0.0358437226870244,0.05563968995574,0.4989155319451956,5,cnn
3C,level_2,MAR,0.8,80.0,knn,mim,0.0365926549025256,0.0589240370152196,0.4380126680440012,5,cnn
3C,level_2,MAR,0.8500000000000001,85.00000000000001,knn,mim,0.0392917947298214,0.0645891824711072,0.3247554092678884,5,cnn
3C,level_2,MAR,0.9,90.0,knn,mim,0.043854908137209,0.0733842303516281,0.1283401820672076,5,cnn
3C,level_2,MAR,0.95,95.0,knn,mim,0.0475429009738327,0.078052160824705,0.0139217033827967,5,cnn
3C,level_2,MNAR,0.0,0.0,knn,mim,0.0240954150928792,0.0303174509155995,0.8512260461971013,5,cnn
3C,level_2,MNAR,0.05,5.0,knn,mim,0.0246146485545953,0.0305923281047454,0.8485160588464002,5,cnn
3C,level_2,MNAR,0.1,10.0,knn,mim,0.024320521325776,0.0297785640524833,0.8564678988599399,5,cnn
3C,level_2,MNAR,0.15,15.0,knn,mim,0.025419261064326,0.0314303728489538,0.8401028935768271,5,cnn
3C,level_2,MNAR,0.2,20.0,knn,mim,0.0248920279084365,0.0303775117727798,0.8506360004103876,5,cnn
3C,level_2,MNAR,0.25,25.0,knn,mim,0.026865992660608,0.0330842906857284,0.8228320358636676,5,cnn
3C,level_2,MNAR,0.3,30.0,knn,mim,0.0269274509432072,0.0328648351554499,0.8251746303219596,5,cnn
3C,level_2,MNAR,0.35,35.0,knn,mim,0.0270523592641725,0.0329545794840405,0.8242185319754659,5,cnn
3C,level_2,MNAR,0.4,40.0,knn,mim,0.029150607404484,0.0344585659332579,0.8078077206174082,5,cnn
3C,level_2,MNAR,0.45,45.0,knn,mim,0.0297803379031009,0.036092934346041,0.7891440203022506,5,cnn
3C,level_2,MNAR,0.5,50.0,knn,mim,0.0301893035544021,0.0374098569003891,0.773476307358808,5,cnn
3C,level_2,MNAR,0.55,55.00000000000001,knn,mim,0.030510826095855,0.0360456869466069,0.7896957003607611,5,cnn
3C,level_2,MNAR,0.6000000000000001,60.00000000000001,knn,mim,0.0331141806590704,0.0413725122341826,0.7229454257880175,5,cnn
3C,level_2,MNAR,0.65,65.0,knn,mim,0.033948234246636,0.0410280263777749,0.7275399758180583,5,cnn
3C,level_2,MNAR,0.7000000000000001,70.0,knn,mim,0.0352572765971139,0.0442491556329907,0.6830786374548098,5,cnn
3C,level_2,MNAR,0.75,75.0,knn,mim,0.0341574628040044,0.0425280152611262,0.7072534612678778,5,cnn
3C,level_2,MNAR,0.8,80.0,knn,mim,0.0354235494797746,0.0433129100118078,0.696347916786627,5,cnn
3C,level_2,MNAR,0.8500000000000001,85.00000000000001,knn,mim,0.0355946731032212,0.0442743925510939,0.6827170305871726,5,cnn
3C,level_2,MNAR,0.9,90.0,knn,mim,0.0367040848180768,0.0453721420415188,0.6667884055552409,5,cnn
3C,level_2,MNAR,0.95,95.0,knn,mim,0.0373324009427585,0.0460873938553103,0.656200026025209,5,cnn
3C,level_2,MCAR,0.0,0.0,knn,mim,0.0222966108743033,0.0296261472468245,0.8719203085920397,2,cnn
3C,level_2,MCAR,0.05,5.0,knn,mim,0.0216826287198759,0.0282704243616647,0.8833742166610605,2,cnn
3C,level_2,MCAR,0.1,10.0,knn,mim,0.0203632355311201,0.0266695389244741,0.8962087043385708,2,cnn
3C,level_2,MCAR,0.15,15.0,knn,mim,0.020377394446259,0.0265271798851225,0.8973137998447788,2,cnn
3C,level_2,MCAR,0.2,20.0,knn,mim,0.0202717996213356,0.0258488541533182,0.9024982275247728,2,cnn
3C,level_2,MCAR,0.25,25.0,knn,mim,0.0198914686106506,0.0251042203649742,0.9080348262937163,2,cnn
3C,level_2,MCAR,0.3,30.0,knn,mim,0.0197335027442168,0.0250094938632789,0.9087275467448266,2,cnn
3C,level_2,MCAR,0.35,35.0,knn,mim,0.0189880172659686,0.0248967202332559,0.9095488283653526,2,cnn
3C,level_2,MCAR,0.4,40.0,knn,mim,0.0200968399735646,0.0251723022494824,0.9075353363844422,2,cnn
3C,level_2,MCAR,0.45,45.0,knn,mim,0.019640714590978,0.0249081114322045,0.9094660397094048,2,cnn
3C,level_2,MCAR,0.5,50.0,knn,mim,0.0199717706961575,0.0253176460337657,0.9064644798084376,2,cnn
3C,level_2,MCAR,0.55,55.00000000000001,knn,mim,0.019937388865632,0.0260096200248426,0.9012816395703336,2,cnn
3C,level_2,MCAR,0.6000000000000001,60.00000000000001,knn,mim,0.0206293991353719,0.0266074748270307,0.8966912186917413,2,cnn
3C,level_2,MCAR,0.65,65.0,knn,mim,0.0209769504801706,0.0272208936600324,0.8918728698327112,2,cnn
3C,level_2,MCAR,0.7000000000000001,70.0,knn,mim,0.0218436531019672,0.0302312781115362,0.866634672542421,2,cnn
3C,level_2,MCAR,0.75,75.0,knn,mim,0.0230226671385174,0.0304592836848349,0.8646153925646289,2,cnn
3C,level_2,MCAR,0.8,80.0,knn,mim,0.0247052468801853,0.0336560662230735,0.834706176537444,2,cnn
3C,level_2,MCAR,0.8500000000000001,85.00000000000001,knn,mim,0.0267091108656802,0.0379251025407666,0.7901140120714779,2,cnn
3C,level_2,MCAR,0.9,90.0,knn,mim,0.0316572826260257,0.0427045675720842,0.7338793499747036,2,cnn
3C,level_2,MCAR,0.95,95.0,knn,mim,0.0452072462209202,0.0588396356989026,0.4947924073808588,2,cnn
3C,level_2,MAR,0.0,0.0,knn,mim,0.0222966108743033,0.0296261472468245,0.8719203085920397,2,cnn
3C,level_2,MAR,0.05,5.0,knn,mim,0.0217309754261801,0.0286610932878299,0.8801286424158409,2,cnn
3C,level_2,MAR,0.1,10.0,knn,mim,0.021587623111655,0.0286372947465412,0.8803276284794871,2,cnn
3C,level_2,MAR,0.15,15.0,knn,mim,0.0213611195454428,0.0280683024876084,0.8850359076444896,2,cnn
3C,level_2,MAR,0.2,20.0,knn,mim,0.0209398898000481,0.0273664465459215,0.8907134448001663,2,cnn
3C,level_2,MAR,0.25,25.0,knn,mim,0.020670209636216,0.0271597786260974,0.8923578484020397,2,cnn
3C,level_2,MAR,0.3,30.0,knn,mim,0.019862815001809,0.0260700284116795,0.900822552352862,2,cnn
3C,level_2,MAR,0.35,35.0,knn,mim,0.0204135409777079,0.0264485822693414,0.8979213980805739,2,cnn
3C,level_2,MAR,0.4,40.0,knn,mim,0.0201012075442672,0.0264094502752246,0.8982232353699436,2,cnn
3C,level_2,MAR,0.45,45.0,knn,mim,0.0200369742345245,0.0261326447475141,0.9003455612139303,2,cnn
3C,level_2,MAR,0.5,50.0,knn,mim,0.0200663726404229,0.0277334355976779,0.8877626860971564,2,cnn
3C,level_2,MAR,0.55,55.00000000000001,knn,mim,0.0208660885161039,0.0299404067354933,0.8691886853815878,2,cnn
3C,level_2,MAR,0.6000000000000001,60.00000000000001,knn,mim,0.0215671688599273,0.0311910823187594,0.8580318875276771,2,cnn
3C,level_2,MAR,0.65,65.0,knn,mim,0.022866170051665,0.0342821416480979,0.8284993349405168,2,cnn
3C,level_2,MAR,0.7000000000000001,70.0,knn,mim,0.0227066452356919,0.0337279530305877,0.8339993122715419,2,cnn
3C,level_2,MAR,0.75,75.0,knn,mim,0.0238416367993801,0.0346384538165394,0.824915816911758,2,cnn
3C,level_2,MAR,0.8,80.0,knn,mim,0.025217010021723,0.0371176681471024,0.7989559207221134,2,cnn
3C,level_2,MAR,0.8500000000000001,85.00000000000001,knn,mim,0.0259703349985013,0.0385012617626055,0.7836883832302607,2,cnn
3C,level_2,MAR,0.9,90.0,knn,mim,0.0263295203230481,0.0393051411804374,0.7745612126808783,2,cnn
3C,level_2,MAR,0.95,95.0,knn,mim,0.0279954636679527,0.0415459423659317,0.7481237915777472,2,cnn
3C,level_2,MNAR,0.0,0.0,knn,mim,0.0222966108743033,0.0296261472468245,0.8719203085920397,2,cnn
3C,level_2,MNAR,0.05,5.0,knn,mim,0.0212899189467579,0.0282393002247245,0.8836308720731276,2,cnn
3C,level_2,MNAR,0.1,10.0,knn,mim,0.0209660342363289,0.0276986737130918,0.8880438727075828,2,cnn
3C,level_2,MNAR,0.15,15.0,knn,mim,0.0199702041028518,0.0257806458022697,0.9030121118701172,2,cnn
3C,level_2,MNAR,0.2,20.0,knn,mim,0.019606650609118,0.0256840935631441,0.9037372187838972,2,cnn
3C,level_2,MNAR,0.25,25.0,knn,mim,0.0195198559591665,0.0252988952659924,0.906602977150722,2,cnn
3C,level_2,MNAR,0.3,30.0,knn,mim,0.0178089594055685,0.0231731776406457,0.9216387959994744,2,cnn
3C,level_2,MNAR,0.35,35.0,knn,mim,0.0190591386419322,0.024690900709312,0.911038154328536,2,cnn
3C,level_2,MNAR,0.4,40.0,knn,mim,0.0184928709960214,0.0243365201856935,0.9135735095261796,2,cnn
3C,level_2,MNAR,0.45,45.0,knn,mim,0.0189517895900779,0.0247226951591773,0.9108088946430102,2,cnn
3C,level_2,MNAR,0.5,50.0,knn,mim,0.0186996096979558,0.0244604021189339,0.9126913841332824,2,cnn
3C,level_2,MNAR,0.55,55.00000000000001,knn,mim,0.0196071397578113,0.026031379854657,0.9011163935362904,2,cnn
3C,level_2,MNAR,0.6000000000000001,60.00000000000001,knn,mim,0.0197481308116851,0.0271615445274316,0.8923438503793517,2,cnn
3C,level_2,MNAR,0.65,65.0,knn,mim,0.0207194516907723,0.0276409456880682,0.8885100517937726,2,cnn
3C,level_2,MNAR,0.7000000000000001,70.0,knn,mim,0.0204757423914158,0.0280209637334823,0.8854233673114348,2,cnn
3C,level_2,MNAR,0.75,75.0,knn,mim,0.021287320822766,0.0288689022074894,0.878384072242641,2,cnn
3C,level_2,MNAR,0.8,80.0,knn,mim,0.0221200459319115,0.0321451813901546,0.849213771034832,2,cnn
3C,level_2,MNAR,0.8500000000000001,85.00000000000001,knn,mim,0.023280479947512,0.0328243353904813,0.8427749282936398,2,cnn
3C,level_2,MNAR,0.9,90.0,knn,mim,0.0230956197826931,0.0331063305539907,0.8400618705279537,2,cnn
3C,level_2,MNAR,0.95,95.0,knn,mim,0.0256333273455452,0.0371813013100157,0.798266004718596,2,cnn
3C,level_2,MCAR,0.0,0.0,knn,mim,0.026205995051066,0.036740996162859,0.8040308630148894,3,cnn
3C,level_2,MCAR,0.05,5.0,knn,mim,0.0271038531982146,0.0364083087338065,0.8075637717630297,3,cnn
3C,level_2,MCAR,0.1,10.0,knn,mim,0.0278066024960698,0.0363936705741637,0.8077184807319688,3,cnn
3C,level_2,MCAR,0.15,15.0,knn,mim,0.0286364056913702,0.0367849709048147,0.8035614772973853,3,cnn
3C,level_2,MCAR,0.2,20.0,knn,mim,0.0300645443770262,0.0378653691893439,0.7918529707743528,3,cnn
3C,level_2,MCAR,0.25,25.0,knn,mim,0.0307507483473769,0.0384614539678262,0.7852479978098986,3,cnn
3C,level_2,MCAR,0.3,30.0,knn,mim,0.0308805975845268,0.0385574701062749,0.7841744348755698,3,cnn
3C,level_2,MCAR,0.35,35.0,knn,mim,0.0328518440152073,0.0405519012380288,0.7612693026290314,3,cnn
3C,level_2,MCAR,0.4,40.0,knn,mim,0.0335818417738149,0.0409414821579034,0.7566603117005646,3,cnn
3C,level_2,MCAR,0.45,45.0,knn,mim,0.0345213266974097,0.0422304199968268,0.7410972717263231,3,cnn
3C,level_2,MCAR,0.5,50.0,knn,mim,0.0365520364864452,0.044514437984222,0.7123346091947167,3,cnn
3C,level_2,MCAR,0.55,55.00000000000001,knn,mim,0.0370593346776189,0.0456032744505826,0.6980897342122838,3,cnn
3C,level_2,MCAR,0.6000000000000001,60.00000000000001,knn,mim,0.0387992915909569,0.0464948417901754,0.6861693370961218,3,cnn
3C,level_2,MCAR,0.65,65.0,knn,mim,0.0404852647136997,0.0482515035614138,0.6620071388781195,3,cnn
3C,level_2,MCAR,0.7000000000000001,70.0,knn,mim,0.0409045943560901,0.0492053825128348,0.6485115567631916,3,cnn
3C,level_2,MCAR,0.75,75.0,knn,mim,0.0419119362934215,0.0503626949773695,0.6317830730482388,3,cnn
3C,level_2,MCAR,0.8,80.0,knn,mim,0.043950144792677,0.0527053803170724,0.5967301732409145,3,cnn
3C,level_2,MCAR,0.8500000000000001,85.00000000000001,knn,mim,0.0441244546933217,0.0531086017998537,0.5905361540503244,3,cnn
3C,level_2,MCAR,0.9,90.0,knn,mim,0.047114935787304,0.0586042019436061,0.5014102591327864,3,cnn
3C,level_2,MCAR,0.95,95.0,knn,mim,0.05359887810183,0.0709961167191318,0.2682630006992297,3,cnn
3C,level_2,MAR,0.0,0.0,knn,mim,0.026205995051066,0.036740996162859,0.8040308630148894,3,cnn
3C,level_2,MAR,0.05,5.0,knn,mim,0.0256168883323669,0.0353599324476974,0.8184866053630785,3,cnn
3C,level_2,MAR,0.1,10.0,knn,mim,0.0262291059047252,0.0356953296738995,0.8150268806949517,3,cnn
3C,level_2,MAR,0.15,15.0,knn,mim,0.0266926526258657,0.0358103086127693,0.8138333202722136,3,cnn
3C,level_2,MAR,0.2,20.0,knn,mim,0.0261190593075107,0.0347067683053648,0.8251304555137258,3,cnn
3C,level_2,MAR,0.25,25.0,knn,mim,0.0272486837198068,0.0356295431150893,0.8157080640090004,3,cnn
3C,level_2,MAR,0.3,30.0,knn,mim,0.0273789183814246,0.0356094246351492,0.8159161288064072,3,cnn
3C,level_2,MAR,0.35,35.0,knn,mim,0.0279215735289427,0.0360529314971729,0.8113021323964718,3,cnn
3C,level_2,MAR,0.4,40.0,knn,mim,0.0286369331480146,0.0367570815697703,0.8038592327558143,3,cnn
3C,level_2,MAR,0.45,45.0,knn,mim,0.028550100160719,0.0363339296398205,0.8083492304916764,3,cnn
3C,level_2,MAR,0.5,50.0,knn,mim,0.0291230924915623,0.03707841690214,0.8004148649774665,3,cnn
3C,level_2,MAR,0.55,55.00000000000001,knn,mim,0.0297323145978085,0.0391403076876167,0.7776002491232199,3,cnn
3C,level_2,MAR,0.6000000000000001,60.00000000000001,knn,mim,0.0299643141961312,0.0385660087031804,0.7840788346430967,3,cnn
3C,level_2,MAR,0.65,65.0,knn,mim,0.0320981582667376,0.0445076740385264,0.7124220237658961,3,cnn
3C,level_2,MAR,0.7000000000000001,70.0,knn,mim,0.0355180297293104,0.0512852470419417,0.6181694004756647,3,cnn
3C,level_2,MAR,0.75,75.0,knn,mim,0.0383813665020573,0.0594143194961402,0.4875304326442747,3,cnn
3C,level_2,MAR,0.8,80.0,knn,mim,0.0411423737586081,0.0674341328815886,0.3398458155495817,3,cnn
3C,level_2,MAR,0.8500000000000001,85.00000000000001,knn,mim,0.0444269808442743,0.0726712068910946,0.2333262896849585,3,cnn
3C,level_2,MAR,0.9,90.0,knn,mim,0.0473832797462875,0.0789024309172792,0.0962119536540733,3,cnn
3C,level_2,MAR,0.95,95.0,knn,mim,0.0493122551771971,0.0816876149619397,0.0312800184755569,3,cnn
3C,level_2,MNAR,0.0,0.0,knn,mim,0.026205995051066,0.036740996162859,0.8040308630148894,3,cnn
3C,level_2,MNAR,0.05,5.0,knn,mim,0.026425619098732,0.0360761345927563,0.8110591683209973,3,cnn
3C,level_2,MNAR,0.1,10.0,knn,mim,0.026786307309984,0.0357660627100332,0.8142930774977573,3,cnn
3C,level_2,MNAR,0.15,15.0,knn,mim,0.0274472566827997,0.0359607056412883,0.8122663016231485,3,cnn
3C,level_2,MNAR,0.2,20.0,knn,mim,0.0275351278090262,0.0359780650586316,0.8120850073931222,3,cnn
3C,level_2,MNAR,0.25,25.0,knn,mim,0.0286998155387672,0.0362868824603929,0.8088452291692598,3,cnn
3C,level_2,MNAR,0.3,30.0,knn,mim,0.0299545821275796,0.0382337441701332,0.7877833349408072,3,cnn
3C,level_2,MNAR,0.35,35.0,knn,mim,0.030001201279958,0.0379478799840148,0.7909448539842535,3,cnn
3C,level_2,MNAR,0.4,40.0,knn,mim,0.0304581589544141,0.0383910331463654,0.7860336762562915,3,cnn
3C,level_2,MNAR,0.45,45.0,knn,mim,0.0317817040976103,0.0397282832483611,0.7708681704533311,3,cnn
3C,level_2,MNAR,0.5,50.0,knn,mim,0.0319179464915851,0.0403090031939134,0.7641206388960324,3,cnn
3C,level_2,MNAR,0.55,55.00000000000001,knn,mim,0.0327537757916493,0.0414882936982391,0.7501168492247868,3,cnn
3C,level_2,MNAR,0.6000000000000001,60.00000000000001,knn,mim,0.033523386695793,0.041392367087425,0.7512710414147548,3,cnn
3C,level_2,MNAR,0.65,65.0,knn,mim,0.0347061805020581,0.0429588702937777,0.7320883927961407,3,cnn
3C,level_2,MNAR,0.7000000000000001,70.0,knn,mim,0.0349570360346957,0.0438008872495758,0.7214830431235197,3,cnn
3C,level_2,MNAR,0.75,75.0,knn,mim,0.0365307889019046,0.045430876684051,0.7003680913810764,3,cnn
3C,level_2,MNAR,0.8,80.0,knn,mim,0.0358860952815494,0.0448433506647559,0.7080678429026519,3,cnn
3C,level_2,MNAR,0.8500000000000001,85.00000000000001,knn,mim,0.0359831862234854,0.0455675107061889,0.6985630865244835,3,cnn
3C,level_2,MNAR,0.9,90.0,knn,mim,0.0369674951415878,0.0467948576046,0.6821061795028659,3,cnn
3C,level_2,MNAR,0.95,95.0,knn,mim,0.0393705683974532,0.0509775783092923,0.6227369890260022,3,cnn
3C,level_2,MCAR,0.0,0.0,knn,mim,0.0164291845546841,0.0224316008730864,0.9213334828579244,0,cnn
3C,level_2,MCAR,0.05,5.0,knn,mim,0.0163688635465235,0.0224117831715547,0.9214724208591764,0,cnn
3C,level_2,MCAR,0.1,10.0,knn,mim,0.0169781883626604,0.0230019896246806,0.9172819683664832,0,cnn
3C,level_2,MCAR,0.15,15.0,knn,mim,0.0192311251358355,0.025040418674022,0.901971454945127,0,cnn
3C,level_2,MCAR,0.2,20.0,knn,mim,0.0203182714339101,0.025411222854804,0.8990467011825309,0,cnn
3C,level_2,MCAR,0.25,25.0,knn,mim,0.023080651538283,0.0283576385360866,0.8742785128041035,0,cnn
3C,level_2,MCAR,0.3,30.0,knn,mim,0.0264124474462899,0.0317547080190031,0.8423530283401914,0,cnn
3C,level_2,MCAR,0.35,35.0,knn,mim,0.0295302962419604,0.0345405042502738,0.8134794309158533,0,cnn
3C,level_2,MCAR,0.4,40.0,knn,mim,0.0311604706093473,0.0359110241228281,0.7983840129900173,0,cnn
3C,level_2,MCAR,0.45,45.0,knn,mim,0.0348778441907418,0.0400681667516835,0.7490031160173947,0,cnn
3C,level_2,MCAR,0.5,50.0,knn,mim,0.0379758036523967,0.0431860504952665,0.7084209199755402,0,cnn
3C,level_2,MCAR,0.55,55.00000000000001,knn,mim,0.0408196002428995,0.0465615594901903,0.6610587549706733,0,cnn
3C,level_2,MCAR,0.6000000000000001,60.00000000000001,knn,mim,0.0449728190126621,0.0504980054726113,0.6013260720708458,0,cnn
3C,level_2,MCAR,0.65,65.0,knn,mim,0.0493192707181097,0.0565702975389227,0.4996817891320473,0,cnn
3C,level_2,MCAR,0.7000000000000001,70.0,knn,mim,0.052568764656752,0.0595669009511615,0.4452728823062942,0,cnn
3C,level_2,MCAR,0.75,75.0,knn,mim,0.0555127985123789,0.0618236546504911,0.4024438317332589,0,cnn
3C,level_2,MCAR,0.8,80.0,knn,mim,0.0598746247931518,0.0662453005975744,0.3139124553613251,0,cnn
3C,level_2,MCAR,0.8500000000000001,85.00000000000001,knn,mim,0.0637238009344076,0.0694522932877112,0.2458763410751711,0,cnn
3C,level_2,MCAR,0.9,90.0,knn,mim,0.0666119635838913,0.0731093087901059,0.1643686194549269,0,cnn
3C,level_2,MCAR,0.95,95.0,knn,mim,0.0737934997088974,0.0826297231279303,-0.0674363303795235,0,cnn
3C,level_2,MAR,0.0,0.0,knn,mim,0.0164291845546841,0.0224316008730864,0.9213334828579244,0,cnn
3C,level_2,MAR,0.05,5.0,knn,mim,0.0161301499943199,0.0224508686691997,0.9211982823971132,0,cnn
3C,level_2,MAR,0.1,10.0,knn,mim,0.0157225578146433,0.0219752494335724,0.9245017280195468,0,cnn
3C,level_2,MAR,0.15,15.0,knn,mim,0.0161570682188817,0.0222104800607617,0.9228767582686648,0,cnn
3C,level_2,MAR,0.2,20.0,knn,mim,0.0163197059005829,0.0219125813368567,0.924931719653169,0,cnn
3C,level_2,MAR,0.25,25.0,knn,mim,0.0172608508621046,0.0224339655205336,0.921316896579963,0,cnn
3C,level_2,MAR,0.3,30.0,knn,mim,0.0187043345679428,0.0239409332607499,0.9103910193781716,0,cnn
3C,level_2,MAR,0.35,35.0,knn,mim,0.0197785571663218,0.0252945177788088,0.899971859933865,0,cnn
3C,level_2,MAR,0.4,40.0,knn,mim,0.0211539853882236,0.0265179074925454,0.8900619859699416,0,cnn
3C,level_2,MAR,0.45,45.0,knn,mim,0.0217901424500343,0.0268009837211865,0.8877023017111814,0,cnn
3C,level_2,MAR,0.5,50.0,knn,mim,0.0253830280005631,0.0308603384679638,0.8511082087060922,0,cnn
3C,level_2,MAR,0.55,55.00000000000001,knn,mim,0.0261837405677279,0.0312578754224948,0.8472475105244637,0,cnn
3C,level_2,MAR,0.6000000000000001,60.00000000000001,knn,mim,0.0291078935444174,0.03566766645865,0.8011073297733825,0,cnn
3C,level_2,MAR,0.65,65.0,knn,mim,0.0328342747741221,0.0441367684444099,0.6954416930594419,0,cnn
3C,level_2,MAR,0.7000000000000001,70.0,knn,mim,0.0405167838249629,0.0615725349500737,0.4072883647341236,0,cnn
3C,level_2,MAR,0.75,75.0,knn,mim,0.0461702931776537,0.0745556202416651,0.1309792228502773,0,cnn
3C,level_2,MAR,0.8,80.0,knn,mim,0.0529411975877917,0.0843698457821045,-0.1128686170488422,0,cnn
3C,level_2,MAR,0.8500000000000001,85.00000000000001,knn,mim,0.0563281014814867,0.0886478344855489,-0.2285862398389517,0,cnn
3C,level_2,MAR,0.9,90.0,knn,mim,0.0611423917081353,0.0954163338901978,-0.4233602621059402,0,cnn
3C,level_2,MAR,0.95,95.0,knn,mim,0.0680789680788904,0.1030062400304423,-0.6588092723584706,0,cnn
3C,level_2,MNAR,0.0,0.0,knn,mim,0.0164291845546841,0.0224316008730864,0.9213334828579244,0,cnn
3C,level_2,MNAR,0.05,5.0,knn,mim,0.0162386259171363,0.0222291550661446,0.922747010288699,0,cnn
3C,level_2,MNAR,0.1,10.0,knn,mim,0.0159587671566683,0.0225317728142518,0.9206293179723678,0,cnn
3C,level_2,MNAR,0.15,15.0,knn,mim,0.0168349856906894,0.0228680728774539,0.9182423273622152,0,cnn
3C,level_2,MNAR,0.2,20.0,knn,mim,0.0187264127230908,0.024005187710831,0.9099093754688096,0,cnn
3C,level_2,MNAR,0.25,25.0,knn,mim,0.0194483292037856,0.0244236258192386,0.9067412348884332,0,cnn
3C,level_2,MNAR,0.3,30.0,knn,mim,0.0209133213843875,0.0258113676552649,0.895842291012469,0,cnn
3C,level_2,MNAR,0.35,35.0,knn,mim,0.0238879279503307,0.0284991154445676,0.8730209287911908,0,cnn
3C,level_2,MNAR,0.4,40.0,knn,mim,0.0259036244046916,0.0306769161158881,0.8528728634985332,0,cnn
3C,level_2,MNAR,0.45,45.0,knn,mim,0.0282735361422587,0.0331762657221064,0.8279223816521062,0,cnn
3C,level_2,MNAR,0.5,50.0,knn,mim,0.0311836085228097,0.0362814645057352,0.7942030172747127,0,cnn
3C,level_2,MNAR,0.55,55.00000000000001,knn,mim,0.0330256099777914,0.0382884441677779,0.7708051664552144,0,cnn
3C,level_2,MNAR,0.6000000000000001,60.00000000000001,knn,mim,0.0368408326794713,0.0423666216090222,0.7193810128170476,0,cnn
3C,level_2,MNAR,0.65,65.0,knn,mim,0.0403476153776936,0.0459071600287471,0.6705191040506875,0,cnn
3C,level_2,MNAR,0.7000000000000001,70.0,knn,mim,0.0424790552593504,0.0481943162660755,0.6368709181813219,0,cnn
3C,level_2,MNAR,0.75,75.0,knn,mim,0.0437130134526704,0.0484389984774033,0.6331743505289149,0,cnn
3C,level_2,MNAR,0.8,80.0,knn,mim,0.0463921475030338,0.0513257073115061,0.5881498097149314,0,cnn
3C,level_2,MNAR,0.8500000000000001,85.00000000000001,knn,mim,0.050086786185456,0.056473184420224,0.5013980875904414,0,cnn
3C,level_2,MNAR,0.9,90.0,knn,mim,0.0537291698417317,0.0602389819204323,0.4326845231020598,0,cnn
3C,level_2,MNAR,0.95,95.0,knn,mim,0.0574283733358296,0.0654174417113258,0.3309532010907829,0,cnn
3C,level_2,MCAR,0.0,0.0,knn,mim,0.0194591676533029,0.0250887347328472,0.9019346535965536,4,cnn
3C,level_2,MCAR,0.05,5.0,knn,mim,0.0198036611736013,0.0250598029985149,0.9021606964546988,4,cnn
3C,level_2,MCAR,0.1,10.0,knn,mim,0.0193906642168985,0.0243584878527587,0.9075602641038238,4,cnn
3C,level_2,MCAR,0.15,15.0,knn,mim,0.0198205352472513,0.024418510183872,0.907104136900719,4,cnn
3C,level_2,MCAR,0.2,20.0,knn,mim,0.0197799388408146,0.024460254962292,0.9067862442899284,4,cnn
3C,level_2,MCAR,0.25,25.0,knn,mim,0.0211105856458217,0.0255057787176033,0.8986473233720648,4,cnn
3C,level_2,MCAR,0.3,30.0,knn,mim,0.0215385822287912,0.0266229919786035,0.8895738908677716,4,cnn
3C,level_2,MCAR,0.35,35.0,knn,mim,0.0220383535588829,0.026292356293929,0.8922996622675048,4,cnn
3C,level_2,MCAR,0.4,40.0,knn,mim,0.0219383771365514,0.0267066410327758,0.8888788862706629,4,cnn
3C,level_2,MCAR,0.45,45.0,knn,mim,0.0231495120378759,0.028150383032958,0.87653988860297,4,cnn
3C,level_2,MCAR,0.5,50.0,knn,mim,0.0240802629536666,0.0290499000201977,0.8685237430430508,4,cnn
3C,level_2,MCAR,0.55,55.00000000000001,knn,mim,0.0253664332897017,0.0304680531866089,0.8553736394518476,4,cnn
3C,level_2,MCAR,0.6000000000000001,60.00000000000001,knn,mim,0.0260743933752773,0.0312116393283506,0.8482281573678818,4,cnn
3C,level_2,MCAR,0.65,65.0,knn,mim,0.0270971687063815,0.0327863418450953,0.8325273189798506,4,cnn
3C,level_2,MCAR,0.7000000000000001,70.0,knn,mim,0.0294322810311919,0.03543263061654,0.804401805817288,4,cnn
3C,level_2,MCAR,0.75,75.0,knn,mim,0.0282363014447521,0.0340432904154769,0.8194401826311218,4,cnn
3C,level_2,MCAR,0.8,80.0,knn,mim,0.031462560984952,0.0395811351269684,0.7559186833571445,4,cnn
3C,level_2,MCAR,0.8500000000000001,85.00000000000001,knn,mim,0.0318175690865953,0.0416852285982201,0.7292787027802298,4,cnn
3C,level_2,MCAR,0.9,90.0,knn,mim,0.0323682870165301,0.0455614419989059,0.6765903539114414,4,cnn
3C,level_2,MCAR,0.95,95.0,knn,mim,0.0413425787521411,0.0615772426739595,0.409257082556925,4,cnn
3C,level_2,MAR,0.0,0.0,knn,mim,0.0194591676533029,0.0250887347328472,0.9019346535965536,4,cnn
3C,level_2,MAR,0.05,5.0,knn,mim,0.0199179469296847,0.0256467829438352,0.8975236047843905,4,cnn
3C,level_2,MAR,0.1,10.0,knn,mim,0.0197948351513349,0.0251993394683294,0.9010680973177594,4,cnn
3C,level_2,MAR,0.15,15.0,knn,mim,0.0202610155936841,0.0256284040150778,0.8976704248772109,4,cnn
3C,level_2,MAR,0.2,20.0,knn,mim,0.0202876841175774,0.0255097521190042,0.8986157425887378,4,cnn
3C,level_2,MAR,0.25,25.0,knn,mim,0.0202324071336847,0.0253557266666069,0.8998363434646242,4,cnn
3C,level_2,MAR,0.3,30.0,knn,mim,0.0208789436490533,0.0258394391832464,0.8959782359404798,4,cnn
3C,level_2,MAR,0.35,35.0,knn,mim,0.0216282961206528,0.0270850307932001,0.8857077678155627,4,cnn
3C,level_2,MAR,0.4,40.0,knn,mim,0.0216768553917976,0.0268650408442814,0.8875568359400863,4,cnn
3C,level_2,MAR,0.45,45.0,knn,mim,0.0213729520445888,0.0259341495133856,0.8952142881711329,4,cnn
3C,level_2,MAR,0.5,50.0,knn,mim,0.0236798617034796,0.029233495696848,0.8668566288675481,4,cnn
3C,level_2,MAR,0.55,55.00000000000001,knn,mim,0.0238979546537677,0.0330332934189959,0.8299949597250759,4,cnn
3C,level_2,MAR,0.6000000000000001,60.00000000000001,knn,mim,0.0272539139977036,0.0388275353227322,0.7651245125817933,4,cnn
3C,level_2,MAR,0.65,65.0,knn,mim,0.0265217433454149,0.0379288596336208,0.7758712245633692,4,cnn
3C,level_2,MAR,0.7000000000000001,70.0,knn,mim,0.0291322312689393,0.0454802449980959,0.6777420511669734,4,cnn
3C,level_2,MAR,0.75,75.0,knn,mim,0.0307730939879515,0.0479653749184272,0.6415622567221033,4,cnn
3C,level_2,MAR,0.8,80.0,knn,mim,0.0315834394072251,0.0497739252915352,0.6140226406016929,4,cnn
3C,level_2,MAR,0.8500000000000001,85.00000000000001,knn,mim,0.0350420898079486,0.0560278755471363,0.5109352540151586,4,cnn
3C,level_2,MAR,0.9,90.0,knn,mim,0.0337507496435665,0.0560982139033207,0.5097065226686377,4,cnn
3C,level_2,MAR,0.95,95.0,knn,mim,0.0358878081783636,0.0603775580954431,0.4320512652452944,4,cnn
3C,level_2,MNAR,0.0,0.0,knn,mim,0.0194591676533029,0.0250887347328472,0.9019346535965536,4,cnn
3C,level_2,MNAR,0.05,5.0,knn,mim,0.0197510894067593,0.025014947199761,0.9025106379421756,4,cnn
3C,level_2,MNAR,0.1,10.0,knn,mim,0.0200430138031384,0.0251170415365243,0.9017132408767882,4,cnn
3C,level_2,MNAR,0.15,15.0,knn,mim,0.0204468279214095,0.0247537275698274,0.9045360805135956,4,cnn
3C,level_2,MNAR,0.2,20.0,knn,mim,0.0207173141903347,0.0249392999782763,0.9030993778112316,4,cnn
3C,level_2,MNAR,0.25,25.0,knn,mim,0.0202354795102034,0.0243840116272081,0.9073664386804312,4,cnn
3C,level_2,MNAR,0.3,30.0,knn,mim,0.0209741266306164,0.0251412293968019,0.901523848261204,4,cnn
3C,level_2,MNAR,0.35,35.0,knn,mim,0.0211020520054921,0.0257407655026692,0.896771179793113,4,cnn
3C,level_2,MNAR,0.4,40.0,knn,mim,0.0224597484399328,0.026760212162296,0.8884326411555016,4,cnn
3C,level_2,MNAR,0.45,45.0,knn,mim,0.0223669679841306,0.0270734927474143,0.885805122560128,4,cnn
3C,level_2,MNAR,0.5,50.0,knn,mim,0.0222727660021735,0.0274996943718335,0.8821814206429304,4,cnn
3C,level_2,MNAR,0.55,55.00000000000001,knn,mim,0.0233983347706552,0.0285056992663348,0.8734035738761908,4,cnn
3C,level_2,MNAR,0.6000000000000001,60.00000000000001,knn,mim,0.0247163327689309,0.0297267666991132,0.8623255351948583,4,cnn
3C,level_2,MNAR,0.65,65.0,knn,mim,0.0241622911975864,0.0294305526331672,0.8650555953148735,4,cnn
3C,level_2,MNAR,0.7000000000000001,70.0,knn,mim,0.0262230445507917,0.0323359670817364,0.8370967474633745,4,cnn
3C,level_2,MNAR,0.75,75.0,knn,mim,0.0263448056207634,0.0318413553183269,0.8420421777249972,4,cnn
3C,level_2,MNAR,0.8,80.0,knn,mim,0.0271051632583848,0.0336268354710787,0.8238307743555338,4,cnn
3C,level_2,MNAR,0.8500000000000001,85.00000000000001,knn,mim,0.0285532877056858,0.0350307969607866,0.8088131213263668,4,cnn
3C,level_2,MNAR,0.9,90.0,knn,mim,0.029184020076369,0.037651044975265,0.7791425183110867,4,cnn
3C,level_2,MNAR,0.95,95.0,knn,mim,0.0312966687008015,0.0401509819694762,0.7488400488390184,4,cnn
3C,level_2,MCAR,0.0,0.0,knn,mim,0.0238994341612981,0.0300829232552158,0.8409335439958328,6,cnn
3C,level_2,MCAR,0.05,5.0,knn,mim,0.0236402696880376,0.0307361640448803,0.8339503882671776,6,cnn
3C,level_2,MCAR,0.1,10.0,knn,mim,0.0249647503044683,0.0327435762468733,0.8115523369916434,6,cnn
3C,level_2,MCAR,0.15,15.0,knn,mim,0.0241615662563574,0.0314285138238112,0.8263854083583748,6,cnn
3C,level_2,MCAR,0.2,20.0,knn,mim,0.025597390292396,0.0330876184636319,0.8075714302143855,6,cnn
3C,level_2,MCAR,0.25,25.0,knn,mim,0.0270286626233741,0.0351792699124232,0.7824734971145002,6,cnn
3C,level_2,MCAR,0.3,30.0,knn,mim,0.0319649839557952,0.0412460803238938,0.7009774780727712,6,cnn
3C,level_2,MCAR,0.35,35.0,knn,mim,0.0316408030863658,0.0422493616780081,0.6862535379498201,6,cnn
3C,level_2,MCAR,0.4,40.0,knn,mim,0.034118908978404,0.0433623758412951,0.6695051683713642,6,cnn
3C,level_2,MCAR,0.45,45.0,knn,mim,0.0394050088286959,0.0499497733092923,0.5614636710735642,6,cnn
3C,level_2,MCAR,0.5,50.0,knn,mim,0.0390833048518274,0.0497235382886647,0.5654271564010613,6,cnn
3C,level_2,MCAR,0.55,55.00000000000001,knn,mim,0.0412011144765665,0.0528276667897576,0.5094747211841975,6,cnn
3C,level_2,MCAR,0.6000000000000001,60.00000000000001,knn,mim,0.047568835342434,0.0594599022222831,0.3785775841956671,6,cnn
3C,level_2,MCAR,0.65,65.0,knn,mim,0.0508513570951184,0.0629198141423424,0.3041535823264727,6,cnn
3C,level_2,MCAR,0.7000000000000001,70.0,knn,mim,0.0527463799440804,0.0658764131372184,0.2372215364162964,6,cnn
3C,level_2,MCAR,0.75,75.0,knn,mim,0.0552553153172345,0.0677770592838043,0.1925716817526036,6,cnn
3C,level_2,MCAR,0.8,80.0,knn,mim,0.0549673071478454,0.0673819722621191,0.2019575913848244,6,cnn
3C,level_2,MCAR,0.8500000000000001,85.00000000000001,knn,mim,0.0549930711027602,0.0674620720477272,0.2000591304854435,6,cnn
3C,level_2,MCAR,0.9,90.0,knn,mim,0.0507137107132746,0.0636496837586254,0.2879163174388167,6,cnn
3C,level_2,MCAR,0.95,95.0,knn,mim,0.0489221782303751,0.0655316274249261,0.2451851418405046,6,cnn
3C,level_2,MAR,0.0,0.0,knn,mim,0.0238994341612981,0.0300829232552158,0.8409335439958328,6,cnn
3C,level_2,MAR,0.05,5.0,knn,mim,0.0241227376651316,0.0308799996149718,0.8323926320709928,6,cnn
3C,level_2,MAR,0.1,10.0,knn,mim,0.0251808565312148,0.0325399528201912,0.8138888591206468,6,cnn
3C,level_2,MAR,0.15,15.0,knn,mim,0.0252441598216132,0.0337317628202198,0.8000061644399874,6,cnn
3C,level_2,MAR,0.2,20.0,knn,mim,0.0268745583211871,0.0345020583750006,0.7907677887731153,6,cnn
3C,level_2,MAR,0.25,25.0,knn,mim,0.0272534745814095,0.03590840496295,0.7733630263447306,6,cnn
3C,level_2,MAR,0.3,30.0,knn,mim,0.0284856400948734,0.037074859694875,0.758399646212764,6,cnn
3C,level_2,MAR,0.35,35.0,knn,mim,0.0317099379967076,0.0433148104998193,0.6702298278172683,6,cnn
3C,level_2,MAR,0.4,40.0,knn,mim,0.0336597460972871,0.0465728648779689,0.6187547500701978,6,cnn
3C,level_2,MAR,0.45,45.0,knn,mim,0.0354445133209228,0.0504953669881009,0.5518312204104494,6,cnn
3C,level_2,MAR,0.5,50.0,knn,mim,0.0363540753769762,0.051713636272627,0.5299449892749446,6,cnn
3C,level_2,MAR,0.55,55.00000000000001,knn,mim,0.0366129083476715,0.052305095482594,0.5191312750871104,6,cnn
3C,level_2,MAR,0.6000000000000001,60.00000000000001,knn,mim,0.0392766749254414,0.0548829999834004,0.4705630857733507,6,cnn
3C,level_2,MAR,0.65,65.0,knn,mim,0.0411218446319651,0.0564913378761025,0.4390782840418573,6,cnn
3C,level_2,MAR,0.7000000000000001,70.0,knn,mim,0.041537475797492,0.0584838003229736,0.3988128283389718,6,cnn
3C,level_2,MAR,0.75,75.0,knn,mim,0.0420030542035617,0.0564585618862292,0.4397289831330473,6,cnn
3C,level_2,MAR,0.8,80.0,knn,mim,0.0420496761440671,0.0573881963942016,0.4211264777560219,6,cnn
3C,level_2,MAR,0.8500000000000001,85.00000000000001,knn,mim,0.0421727168962989,0.0589031592893913,0.3901602742852386,6,cnn
3C,level_2,MAR,0.9,90.0,knn,mim,0.0412727593995035,0.0543048065661443,0.4816595806789664,6,cnn
3C,level_2,MAR,0.95,95.0,knn,mim,0.0417294789972439,0.0540028135369117,0.4874086092237649,6,cnn
3C,level_2,MNAR,0.0,0.0,knn,mim,0.0238994341612981,0.0300829232552158,0.8409335439958328,6,cnn
3C,level_2,MNAR,0.05,5.0,knn,mim,0.0239602701865451,0.030416867686004,0.8373824136578356,6,cnn
3C,level_2,MNAR,0.1,10.0,knn,mim,0.0254063667355568,0.0327525780097312,0.8114487078498588,6,cnn
3C,level_2,MNAR,0.15,15.0,knn,mim,0.02580504212469,0.0331137424125298,0.807267450728415,6,cnn
3C,level_2,MNAR,0.2,20.0,knn,mim,0.0274056216640651,0.0365038746329308,0.7657840526631579,6,cnn
3C,level_2,MNAR,0.25,25.0,knn,mim,0.0289563724871532,0.0381670670793861,0.743955111716956,6,cnn
3C,level_2,MNAR,0.3,30.0,knn,mim,0.0302602584585897,0.0393881003181784,0.7273103815312806,6,cnn
3C,level_2,MNAR,0.35,35.0,knn,mim,0.0328656880228732,0.0433799629153848,0.6692370273531529,6,cnn
3C,level_2,MNAR,0.4,40.0,knn,mim,0.0348017356171854,0.0465027637380936,0.6199015815127895,6,cnn
3C,level_2,MNAR,0.45,45.0,knn,mim,0.0381674522424527,0.0499046954562894,0.5622548400734484,6,cnn
3C,level_2,MNAR,0.5,50.0,knn,mim,0.0402753351070511,0.0538723537143024,0.4898822509566108,6,cnn
3C,level_2,MNAR,0.55,55.00000000000001,knn,mim,0.0419234050808937,0.0565641727732836,0.4376309466540545,6,cnn
3C,level_2,MNAR,0.6000000000000001,60.00000000000001,knn,mim,0.0447403687490543,0.0601995331837584,0.3630214899485888,6,cnn
3C,level_2,MNAR,0.65,65.0,knn,mim,0.0475225756672066,0.0653674954019598,0.2489614601317841,6,cnn
3C,level_2,MNAR,0.7000000000000001,70.0,knn,mim,0.0490323506991068,0.0664663893519657,0.2234977685419309,6,cnn
3C,level_2,MNAR,0.75,75.0,knn,mim,0.0504492162135844,0.0708269584660715,0.1182697959292282,6,cnn
3C,level_2,MNAR,0.8,80.0,knn,mim,0.0512080585318551,0.0686599266042165,0.1713994766878198,6,cnn
3C,level_2,MNAR,0.8500000000000001,85.00000000000001,knn,mim,0.0489110651754997,0.0647089468763605,0.2640179926120061,6,cnn
3C,level_2,MNAR,0.9,90.0,knn,mim,0.0512995212245994,0.0675667140336319,0.1975755921387517,6,cnn
3C,level_2,MNAR,0.95,95.0,knn,mim,0.0530054427917014,0.0728462205036204,0.0672772242137597,6,cnn
3C,level_3,MCAR,0.0,0.0,knn,baseline,0.0555783582199341,0.0669975206918238,0.1699733040862594,1,cnn
3C,level_3,MCAR,0.05,5.0,knn,baseline,0.0555151429205801,0.0664661862355571,0.1830864157969549,1,cnn
3C,level_3,MCAR,0.1,10.0,knn,baseline,0.0549911421951463,0.0661746320373322,0.1902374867888284,1,cnn
3C,level_3,MCAR,0.15,15.0,knn,baseline,0.0550622319821521,0.0668618520986834,0.1733314742975132,1,cnn
3C,level_3,MCAR,0.2,20.0,knn,baseline,0.0554521118854857,0.0666725454039989,0.1780059587716251,1,cnn
3C,level_3,MCAR,0.25,25.0,knn,baseline,0.0557122544982966,0.0675491099224504,0.1562498573080308,1,cnn
3C,level_3,MCAR,0.3,30.0,knn,baseline,0.0549731451878588,0.0662206664981551,0.1891104704253076,1,cnn
3C,level_3,MCAR,0.35,35.0,knn,baseline,0.0546073149585605,0.0658224297055811,0.1988341732707573,1,cnn
3C,level_3,MCAR,0.4,40.0,knn,baseline,0.0554044282050303,0.0667264457191226,0.176676366607311,1,cnn
3C,level_3,MCAR,0.45,45.0,knn,baseline,0.0563691523861973,0.0672988005498091,0.1624914572748989,1,cnn
3C,level_3,MCAR,0.5,50.0,knn,baseline,0.0549290969032881,0.0658590356948482,0.1979428168512551,1,cnn
3C,level_3,MCAR,0.55,55.00000000000001,knn,baseline,0.0564255704019214,0.067260260938391,0.1634504048792859,1,cnn
3C,level_3,MCAR,0.6000000000000001,60.00000000000001,knn,baseline,0.0557355256628783,0.066313124882658,0.18684453504517,1,cnn
3C,level_3,MCAR,0.65,65.0,knn,baseline,0.0540452222022491,0.0646939320559169,0.2260699782383479,1,cnn
3C,level_3,MCAR,0.7000000000000001,70.0,knn,baseline,0.0542083177825871,0.0658485870519254,0.1981972920113974,1,cnn
3C,level_3,MCAR,0.75,75.0,knn,baseline,0.0534257707878744,0.0648171469083155,0.2231191455871353,1,cnn
3C,level_3,MCAR,0.8,80.0,knn,baseline,0.05365358978031,0.0667034391570696,0.1772440150287012,1,cnn
3C,level_3,MCAR,0.8500000000000001,85.00000000000001,knn,baseline,0.0501570258346859,0.0609566485029552,0.3129050458676362,1,cnn
3C,level_3,MCAR,0.9,90.0,knn,baseline,0.0556350085679326,0.0713425391127138,0.0588220981973975,1,cnn
3C,level_3,MCAR,0.95,95.0,knn,baseline,0.1023241272338093,0.1261246410359217,-1.9415381416514024,1,cnn
3C,level_3,MAR,0.0,0.0,knn,baseline,0.0555783582199341,0.0669975206918238,0.1699733040862594,1,cnn
3C,level_3,MAR,0.05,5.0,knn,baseline,0.055472473669111,0.0669228384604086,0.1718227366011495,1,cnn
3C,level_3,MAR,0.1,10.0,knn,baseline,0.0555043320107666,0.0670364950809714,0.1690073222852577,1,cnn
3C,level_3,MAR,0.15,15.0,knn,baseline,0.0560753757821025,0.0675030577859426,0.1573999317185822,1,cnn
3C,level_3,MAR,0.2,20.0,knn,baseline,0.0562282026135287,0.0681183954960285,0.1419681339775765,1,cnn
3C,level_3,MAR,0.25,25.0,knn,baseline,0.0555891611231272,0.067118266191945,0.1669787962468322,1,cnn
3C,level_3,MAR,0.3,30.0,knn,baseline,0.0548604435348982,0.066596366782031,0.1798832712318424,1,cnn
3C,level_3,MAR,0.35,35.0,knn,baseline,0.0581585789811331,0.0693249256691067,0.1113035959825429,1,cnn
3C,level_3,MAR,0.4,40.0,knn,baseline,0.0563728723101621,0.0679300047900318,0.1467075792295423,1,cnn
3C,level_3,MAR,0.45,45.0,knn,baseline,0.0567313178808639,0.0694055858742417,0.1092343796032153,1,cnn
3C,level_3,MAR,0.5,50.0,knn,baseline,0.0574337458769676,0.0691083096653148,0.1168486464883407,1,cnn
3C,level_3,MAR,0.55,55.00000000000001,knn,baseline,0.057973411850051,0.0695583046257987,0.1053100188195689,1,cnn
3C,level_3,MAR,0.6000000000000001,60.00000000000001,knn,baseline,0.0582736725989908,0.0708425885763048,0.0719669534666876,1,cnn
3C,level_3,MAR,0.65,65.0,knn,baseline,0.0591685034135363,0.0712797453451423,0.0604781675772869,1,cnn
3C,level_3,MAR,0.7000000000000001,70.0,knn,baseline,0.0603671952897155,0.0742870364289949,-0.0204709921390464,1,cnn
3C,level_3,MAR,0.75,75.0,knn,baseline,0.0601253432826736,0.0736652784187547,-0.0034604658198522,1,cnn
3C,level_3,MAR,0.8,80.0,knn,baseline,0.0627413973378015,0.0753435218365716,-0.0497029831728206,1,cnn
3C,level_3,MAR,0.8500000000000001,85.00000000000001,knn,baseline,0.066013360794454,0.0827120144225793,-0.2650619510474388,1,cnn
3C,level_3,MAR,0.9,90.0,knn,baseline,0.0677665606228765,0.0857153468190903,-0.3586005031371537,1,cnn
3C,level_3,MAR,0.95,95.0,knn,baseline,0.073533403106614,0.0931366314399029,-0.604041685168111,1,cnn
3C,level_3,MNAR,0.0,0.0,knn,baseline,0.0555783582199341,0.0669975206918238,0.1699733040862594,1,cnn
3C,level_3,MNAR,0.05,5.0,knn,baseline,0.0551932710345802,0.0665744746656206,0.180422373911283,1,cnn
3C,level_3,MNAR,0.1,10.0,knn,baseline,0.0557011678151058,0.0669505968596088,0.1711355678168444,1,cnn
3C,level_3,MNAR,0.15,15.0,knn,baseline,0.0546801577710692,0.0662309656800912,0.1888582184114361,1,cnn
3C,level_3,MNAR,0.2,20.0,knn,baseline,0.0556686746670377,0.066405492341583,0.1845776711679245,1,cnn
3C,level_3,MNAR,0.25,25.0,knn,baseline,0.0549858635842284,0.0659633245880991,0.1954006635316856,1,cnn
3C,level_3,MNAR,0.3,30.0,knn,baseline,0.0552385075407652,0.0672024732489376,0.1648872563139596,1,cnn
3C,level_3,MNAR,0.35,35.0,knn,baseline,0.0545269735817266,0.0659304523240952,0.1962023942404638,1,cnn
3C,level_3,MNAR,0.4,40.0,knn,baseline,0.0555988318274725,0.0672358059350438,0.1640586125715262,1,cnn
3C,level_3,MNAR,0.45,45.0,knn,baseline,0.0547556101677591,0.0655573167724915,0.2052748860398,1,cnn
3C,level_3,MNAR,0.5,50.0,knn,baseline,0.0541436967944037,0.065602790753117,0.2041719779199089,1,cnn
3C,level_3,MNAR,0.55,55.00000000000001,knn,baseline,0.0552446818734865,0.0672007050456041,0.1649312020093896,1,cnn
3C,level_3,MNAR,0.6000000000000001,60.00000000000001,knn,baseline,0.0551290858119026,0.0660849287593673,0.1924313522316484,1,cnn
3C,level_3,MNAR,0.65,65.0,knn,baseline,0.0546536924859649,0.0655165351469981,0.2062633371469102,1,cnn
3C,level_3,MNAR,0.7000000000000001,70.0,knn,baseline,0.0558053517771887,0.0660581291722633,0.1930862101048286,1,cnn
3C,level_3,MNAR,0.75,75.0,knn,baseline,0.0567335630058505,0.0678545647822195,0.1486017831987388,1,cnn
3C,level_3,MNAR,0.8,80.0,knn,baseline,0.0568504725952525,0.0671793200403752,0.1654625984930455,1,cnn
3C,level_3,MNAR,0.8500000000000001,85.00000000000001,knn,baseline,0.056911606392548,0.0676177234769768,0.1545348946985746,1,cnn
3C,level_3,MNAR,0.9,90.0,knn,baseline,0.0579572709216765,0.0690387061582208,0.1186267098311435,1,cnn
3C,level_3,MNAR,0.95,95.0,knn,baseline,0.0580848003512407,0.069615047187286,0.1038497271040146,1,cnn
3C,level_3,MCAR,0.0,0.0,knn,baseline,0.0666534880024726,0.0766892896745647,-0.0337320083941348,6,cnn
3C,level_3,MCAR,0.05,5.0,knn,baseline,0.0669399979439139,0.0769132384206519,-0.0397782504859649,6,cnn
3C,level_3,MCAR,0.1,10.0,knn,baseline,0.0669939478148876,0.077255177165541,-0.0490440362788262,6,cnn
3C,level_3,MCAR,0.15,15.0,knn,baseline,0.0680168903041893,0.0783365585098017,-0.0786176184070537,6,cnn
3C,level_3,MCAR,0.2,20.0,knn,baseline,0.0670325612283088,0.0772389412703426,-0.048603149857441,6,cnn
3C,level_3,MCAR,0.25,25.0,knn,baseline,0.0677081421238715,0.0780447859969784,-0.070597738741839,6,cnn
3C,level_3,MCAR,0.3,30.0,knn,baseline,0.0669694050981405,0.0770282122295977,-0.0428892004610683,6,cnn
3C,level_3,MCAR,0.35,35.0,knn,baseline,0.0679732345448973,0.0780924372652809,-0.0719054728456256,6,cnn
3C,level_3,MCAR,0.4,40.0,knn,baseline,0.0678017708460489,0.0784311475528005,-0.0812239878094835,6,cnn
3C,level_3,MCAR,0.45,45.0,knn,baseline,0.0672993141642198,0.0776481674664907,-0.0597439718017256,6,cnn
3C,level_3,MCAR,0.5,50.0,knn,baseline,0.0669962988716895,0.0770421361137157,-0.0432662670031533,6,cnn
3C,level_3,MCAR,0.55,55.00000000000001,knn,baseline,0.0680921366315492,0.0776533577742421,-0.059885651415422,6,cnn
3C,level_3,MCAR,0.6000000000000001,60.00000000000001,knn,baseline,0.0663497425771095,0.0764648915552073,-0.0276913176235027,6,cnn
3C,level_3,MCAR,0.65,65.0,knn,baseline,0.0684399314833359,0.0798233210260265,-0.1199486706763248,6,cnn
3C,level_3,MCAR,0.7000000000000001,70.0,knn,baseline,0.0708007153031971,0.0815677003943285,-0.1694319923812768,6,cnn
3C,level_3,MCAR,0.75,75.0,knn,baseline,0.0693727388348378,0.0800592195804099,-0.1265779276451015,6,cnn
3C,level_3,MCAR,0.8,80.0,knn,baseline,0.0711401724300474,0.0814007714083911,-0.164650385346428,6,cnn
3C,level_3,MCAR,0.8500000000000001,85.00000000000001,knn,baseline,0.07770946552496,0.0924164450360199,-0.5011947977790319,6,cnn
3C,level_3,MCAR,0.9,90.0,knn,baseline,0.0985029915308168,0.117935997459341,-1.4447322553647348,6,cnn
3C,level_3,MCAR,0.95,95.0,knn,baseline,0.1521776742565799,0.1712854654739343,-4.156791330146937,6,cnn
3C,level_3,MAR,0.0,0.0,knn,baseline,0.0666534880024726,0.0766892896745647,-0.0337320083941348,6,cnn
3C,level_3,MAR,0.05,5.0,knn,baseline,0.0668871812036899,0.0769858810225316,-0.0417432663445309,6,cnn
3C,level_3,MAR,0.1,10.0,knn,baseline,0.0667189415575752,0.076806295049003,-0.0368887587050366,6,cnn
3C,level_3,MAR,0.15,15.0,knn,baseline,0.0676122213003221,0.0779094842130631,-0.0668888882479457,6,cnn
3C,level_3,MAR,0.2,20.0,knn,baseline,0.067384607816526,0.0776535639394627,-0.0598912792943822,6,cnn
3C,level_3,MAR,0.25,25.0,knn,baseline,0.0669384150292392,0.0778077763908174,-0.0641051420051572,6,cnn
3C,level_3,MAR,0.3,30.0,knn,baseline,0.0666012074275755,0.0771097842793701,-0.0450991869513324,6,cnn
3C,level_3,MAR,0.35,35.0,knn,baseline,0.0684362530260578,0.0783954391655831,-0.0802396856012923,6,cnn
3C,level_3,MAR,0.4,40.0,knn,baseline,0.0677452792919857,0.0780253723181818,-0.0700651815617579,6,cnn
3C,level_3,MAR,0.45,45.0,knn,baseline,0.06898188394448,0.079252541225548,-0.1039894597432826,6,cnn
3C,level_3,MAR,0.5,50.0,knn,baseline,0.0675926332384208,0.0775228956768459,-0.0563273056038344,6,cnn
3C,level_3,MAR,0.55,55.00000000000001,knn,baseline,0.0691911505488722,0.0792757093222683,-0.1046350181753394,6,cnn
3C,level_3,MAR,0.6000000000000001,60.00000000000001,knn,baseline,0.0683904549963597,0.0793003794762214,-0.1053226375344713,6,cnn
3C,level_3,MAR,0.65,65.0,knn,baseline,0.0697618625813246,0.081222168053641,-0.1595452183559647,6,cnn
3C,level_3,MAR,0.7000000000000001,70.0,knn,baseline,0.0714282494945705,0.0834207818510634,-0.2231706323744207,6,cnn
3C,level_3,MAR,0.75,75.0,knn,baseline,0.071355202116317,0.0846738396674185,-0.2601929379525713,6,cnn
3C,level_3,MAR,0.8,80.0,knn,baseline,0.0741919441502978,0.0881478500242565,-0.3657209821845162,6,cnn
3C,level_3,MAR,0.8500000000000001,85.00000000000001,knn,baseline,0.0805172562420088,0.0993979091160968,-0.7365729478957004,6,cnn
3C,level_3,MAR,0.9,90.0,knn,baseline,0.0845321982007631,0.102748207456482,-0.8556114403819128,6,cnn
3C,level_3,MAR,0.95,95.0,knn,baseline,0.0940694873814291,0.1173077786136488,-1.418756532866344,6,cnn
3C,level_3,MNAR,0.0,0.0,knn,baseline,0.0666534880024726,0.0766892896745647,-0.0337320083941348,6,cnn
3C,level_3,MNAR,0.05,5.0,knn,baseline,0.066506050541927,0.0767969626473438,-0.036636798250982,6,cnn
3C,level_3,MNAR,0.1,10.0,knn,baseline,0.0658539839328174,0.0757062656114625,-0.0074005457815198,6,cnn
3C,level_3,MNAR,0.15,15.0,knn,baseline,0.066987384697641,0.0771971341111051,-0.0474683011986776,6,cnn
3C,level_3,MNAR,0.2,20.0,knn,baseline,0.067611056408412,0.0778596218287375,-0.0655236988626304,6,cnn
3C,level_3,MNAR,0.25,25.0,knn,baseline,0.06660549294221,0.0770761012460236,-0.0441863476115618,6,cnn
3C,level_3,MNAR,0.3,30.0,knn,baseline,0.0662382608277137,0.0763493354618093,-0.0245875072965204,6,cnn
3C,level_3,MNAR,0.35,35.0,knn,baseline,0.067583001640481,0.0775410084180922,-0.0568209718463514,6,cnn
3C,level_3,MNAR,0.4,40.0,knn,baseline,0.0674086995449424,0.0774006657522289,-0.0529989206537016,6,cnn
3C,level_3,MNAR,0.45,45.0,knn,baseline,0.0682073936249728,0.0783419518533297,-0.0787661456265238,6,cnn
3C,level_3,MNAR,0.5,50.0,knn,baseline,0.0673891200817806,0.0776912156640614,-0.0609193431017816,6,cnn
3C,level_3,MNAR,0.55,55.00000000000001,knn,baseline,0.0682899100108885,0.0790201125207891,-0.0975234823805204,6,cnn
3C,level_3,MNAR,0.6000000000000001,60.00000000000001,knn,baseline,0.0677736370048612,0.0781779302658686,-0.0742537303944683,6,cnn
3C,level_3,MNAR,0.65,65.0,knn,baseline,0.0693003415412186,0.0798061993524412,-0.1194682762548595,6,cnn
3C,level_3,MNAR,0.7000000000000001,70.0,knn,baseline,0.0688692391109018,0.0791803945083402,-0.1019803642566576,6,cnn
3C,level_3,MNAR,0.75,75.0,knn,baseline,0.0696193550170307,0.079796731554263,-0.1192026760610649,6,cnn
3C,level_3,MNAR,0.8,80.0,knn,baseline,0.0710070861460457,0.0817448985324668,-0.1745184728129869,6,cnn
3C,level_3,MNAR,0.8500000000000001,85.00000000000001,knn,baseline,0.06952308813507,0.0790852504147075,-0.0993336502320358,6,cnn
3C,level_3,MNAR,0.9,90.0,knn,baseline,0.0693806084254538,0.0795875721228308,-0.1133431628795398,6,cnn
3C,level_3,MNAR,0.95,95.0,knn,baseline,0.0695128068409055,0.0806551621310406,-0.1434123287549995,6,cnn
3C,level_3,MCAR,0.0,0.0,knn,baseline,0.0488937331475797,0.0716198360131815,0.2105668693823335,7,cnn
3C,level_3,MCAR,0.05,5.0,knn,baseline,0.0486188756265226,0.0712978790323371,0.2176484893115285,7,cnn
3C,level_3,MCAR,0.1,10.0,knn,baseline,0.0484693165921102,0.0719242802404703,0.2038411019856586,7,cnn
3C,level_3,MCAR,0.15,15.0,knn,baseline,0.0488280333388173,0.0710958667270095,0.2220755700607369,7,cnn
3C,level_3,MCAR,0.2,20.0,knn,baseline,0.04844810014481,0.0716731182381155,0.2093918206120131,7,cnn
3C,level_3,MCAR,0.25,25.0,knn,baseline,0.0482735746457456,0.0699124975515768,0.2477566824478608,7,cnn
3C,level_3,MCAR,0.3,30.0,knn,baseline,0.0476589816597673,0.0674710147786509,0.299378938869016,7,cnn
3C,level_3,MCAR,0.35,35.0,knn,baseline,0.0450904974797685,0.0603795797133865,0.4389147195336692,7,cnn
3C,level_3,MCAR,0.4,40.0,knn,baseline,0.04773753873796,0.0691849578656708,0.2633315577313089,7,cnn
3C,level_3,MCAR,0.45,45.0,knn,baseline,0.0463357105847679,0.0640815062916931,0.3680042940415963,7,cnn
3C,level_3,MCAR,0.5,50.0,knn,baseline,0.0470222270189667,0.0667195655996379,0.31489817530682,7,cnn
3C,level_3,MCAR,0.55,55.00000000000001,knn,baseline,0.0443056923093717,0.0598867540192645,0.4480366365766633,7,cnn
3C,level_3,MCAR,0.6000000000000001,60.00000000000001,knn,baseline,0.0473210730826589,0.0711317182150419,0.2212908048795461,7,cnn
3C,level_3,MCAR,0.65,65.0,knn,baseline,0.046873998183578,0.0694360986264985,0.2579736514320265,7,cnn
3C,level_3,MCAR,0.7000000000000001,70.0,knn,baseline,0.042036393807334,0.060556495811645,0.4356218696806297,7,cnn
3C,level_3,MCAR,0.75,75.0,knn,baseline,0.0438986106897155,0.0609943128613332,0.4274315806735368,7,cnn
3C,level_3,MCAR,0.8,80.0,knn,baseline,0.0491437876680112,0.074151726277593,0.1537645078961443,7,cnn
3C,level_3,MCAR,0.8500000000000001,85.00000000000001,knn,baseline,0.0584388545227497,0.0920644668360155,-0.3044660751275123,7,cnn
3C,level_3,MCAR,0.9,90.0,knn,baseline,0.0814699510527383,0.1031154301615466,-0.6364246766276549,7,cnn
3C,level_3,MCAR,0.95,95.0,knn,baseline,0.1625695553809788,0.1880474436931463,-4.442313711601623,7,cnn
3C,level_3,MAR,0.0,0.0,knn,baseline,0.0488937331475797,0.0716198360131815,0.2105668693823335,7,cnn
3C,level_3,MAR,0.05,5.0,knn,baseline,0.0487263292220944,0.0707703871259848,0.2291820016557747,7,cnn
3C,level_3,MAR,0.1,10.0,knn,baseline,0.0486939147756918,0.0707612466261695,0.2293811020721757,7,cnn
3C,level_3,MAR,0.15,15.0,knn,baseline,0.0484068515493609,0.0713974800784383,0.2154611182975577,7,cnn
3C,level_3,MAR,0.2,20.0,knn,baseline,0.048383691519394,0.0710275378591349,0.2235701478768227,7,cnn
3C,level_3,MAR,0.25,25.0,knn,baseline,0.0470048728386095,0.0661629457753038,0.3262816593064263,7,cnn
3C,level_3,MAR,0.3,30.0,knn,baseline,0.046508980863958,0.0624160853632786,0.4004274271533452,7,cnn
3C,level_3,MAR,0.35,35.0,knn,baseline,0.047827072209518,0.0705395145951418,0.2342030402809526,7,cnn
3C,level_3,MAR,0.4,40.0,knn,baseline,0.046806770559492,0.0666724993534128,0.3158644225376434,7,cnn
3C,level_3,MAR,0.45,45.0,knn,baseline,0.0456233480885048,0.0623829651454414,0.4010635678349967,7,cnn
3C,level_3,MAR,0.5,50.0,knn,baseline,0.0463009546465499,0.0647866859101694,0.354018272529129,7,cnn
3C,level_3,MAR,0.55,55.00000000000001,knn,baseline,0.051665323808632,0.0879491875056358,-0.1904533119021469,7,cnn
3C,level_3,MAR,0.6000000000000001,60.00000000000001,knn,baseline,0.0500583959380459,0.0753014042078288,0.1273203394428296,7,cnn
3C,level_3,MAR,0.65,65.0,knn,baseline,0.0492344587992392,0.071190959881629,0.2199931772650393,7,cnn
3C,level_3,MAR,0.7000000000000001,70.0,knn,baseline,0.0518120670855255,0.086221388579979,-0.1441388425893999,7,cnn
3C,level_3,MAR,0.75,75.0,knn,baseline,0.0527582418345622,0.0817636303488859,-0.028890213670915,7,cnn
3C,level_3,MAR,0.8,80.0,knn,baseline,0.0523527626203065,0.079496908092585,0.027366598454577,7,cnn
3C,level_3,MAR,0.8500000000000001,85.00000000000001,knn,baseline,0.0565989089319602,0.0857908337337328,-0.1327406368215442,7,cnn
3C,level_3,MAR,0.9,90.0,knn,baseline,0.0618386687919375,0.0907791825661119,-0.2682978016839392,7,cnn
3C,level_3,MAR,0.95,95.0,knn,baseline,0.0706784520892716,0.1026923554171493,-0.6230239729266407,7,cnn
3C,level_3,MNAR,0.0,0.0,knn,baseline,0.0488937331475797,0.0716198360131815,0.2105668693823335,7,cnn
3C,level_3,MNAR,0.05,5.0,knn,baseline,0.0479521839783591,0.0681785228703971,0.2846083288015226,7,cnn
3C,level_3,MNAR,0.1,10.0,knn,baseline,0.0488793886437365,0.0715816684035358,0.2114080538532348,7,cnn
3C,level_3,MNAR,0.15,15.0,knn,baseline,0.0484192581120856,0.0699136777629969,0.247731284595436,7,cnn
3C,level_3,MNAR,0.2,20.0,knn,baseline,0.0483291333568613,0.0691250167968839,0.2646074872599692,7,cnn
3C,level_3,MNAR,0.25,25.0,knn,baseline,0.0482245563147076,0.0701449880283397,0.2427452694210984,7,cnn
3C,level_3,MNAR,0.3,30.0,knn,baseline,0.0477780576361581,0.071491381586071,0.213396120248389,7,cnn
3C,level_3,MNAR,0.35,35.0,knn,baseline,0.0485796953840803,0.0730473856809493,0.1787827581088809,7,cnn
3C,level_3,MNAR,0.4,40.0,knn,baseline,0.0468999167606671,0.0702302768194887,0.2409026686364325,7,cnn
3C,level_3,MNAR,0.45,45.0,knn,baseline,0.0476922770608631,0.0674244123589345,0.3003464464992705,7,cnn
3C,level_3,MNAR,0.5,50.0,knn,baseline,0.0474765441219244,0.06590656749134,0.3314927966294881,7,cnn
3C,level_3,MNAR,0.55,55.00000000000001,knn,baseline,0.0473169914370824,0.0681216377930052,0.2858016117237328,7,cnn
3C,level_3,MNAR,0.6000000000000001,60.00000000000001,knn,baseline,0.0473626022316506,0.0653969235276551,0.3417917208330604,7,cnn
3C,level_3,MNAR,0.65,65.0,knn,baseline,0.047616157849257,0.0693238181368524,0.2603714739410641,7,cnn
3C,level_3,MNAR,0.7000000000000001,70.0,knn,baseline,0.0476866068063,0.0678226810256908,0.2920564798228143,7,cnn
3C,level_3,MNAR,0.75,75.0,knn,baseline,0.046532122777467,0.0705402742736994,0.2341865456207396,7,cnn
3C,level_3,MNAR,0.8,80.0,knn,baseline,0.0466339747986787,0.0672286553507443,0.3044032341474053,7,cnn
3C,level_3,MNAR,0.8500000000000001,85.00000000000001,knn,baseline,0.0470378213627536,0.065489201834241,0.3399328811655525,7,cnn
3C,level_3,MNAR,0.9,90.0,knn,baseline,0.048610725589542,0.0664081549856268,0.3212786150431055,7,cnn
3C,level_3,MNAR,0.95,95.0,knn,baseline,0.0502394091168992,0.074006776326865,0.1570696745031812,7,cnn
3C,level_3,MCAR,0.0,0.0,knn,baseline,0.0382451621015567,0.0529603742028365,0.5907091756340687,2,cnn
3C,level_3,MCAR,0.05,5.0,knn,baseline,0.0385496719656,0.0529344576803408,0.5911096561675182,2,cnn
3C,level_3,MCAR,0.1,10.0,knn,baseline,0.0385929595138336,0.0536864820150461,0.5794091589289537,2,cnn
3C,level_3,MCAR,0.15,15.0,knn,baseline,0.0384796812932124,0.0534943470686983,0.5824142206338145,2,cnn
3C,level_3,MCAR,0.2,20.0,knn,baseline,0.0386725704051449,0.0531698284786344,0.5874653452112933,2,cnn
3C,level_3,MCAR,0.25,25.0,knn,baseline,0.0397955854639683,0.0543073283501289,0.5696252386574121,2,cnn
3C,level_3,MCAR,0.3,30.0,knn,baseline,0.0397730783056006,0.0546660376282799,0.5639210629581108,2,cnn
3C,level_3,MCAR,0.35,35.0,knn,baseline,0.0386887358438596,0.0531051625666078,0.5884681961899059,2,cnn
3C,level_3,MCAR,0.4,40.0,knn,baseline,0.0393296110832781,0.0551073121888837,0.5568524251889924,2,cnn
3C,level_3,MCAR,0.45,45.0,knn,baseline,0.0388659515750421,0.0535623433115884,0.5813519659657694,2,cnn
3C,level_3,MCAR,0.5,50.0,knn,baseline,0.0404832332845139,0.0550466353682806,0.5578277579228201,2,cnn
3C,level_3,MCAR,0.55,55.00000000000001,knn,baseline,0.0412169402156374,0.0547463112899519,0.5626394132764543,2,cnn
3C,level_3,MCAR,0.6000000000000001,60.00000000000001,knn,baseline,0.040037718864252,0.0552247335822502,0.5549619158852741,2,cnn
3C,level_3,MCAR,0.65,65.0,knn,baseline,0.0400026055983758,0.0552909901124638,0.5538933958273438,2,cnn
3C,level_3,MCAR,0.7000000000000001,70.0,knn,baseline,0.0423589378989294,0.0567222079756269,0.5304993754693602,2,cnn
3C,level_3,MCAR,0.75,75.0,knn,baseline,0.0442242221637229,0.0585580437549684,0.4996164335702793,2,cnn
3C,level_3,MCAR,0.8,80.0,knn,baseline,0.0485679599897468,0.0633037761527173,0.4152245220964321,2,cnn
3C,level_3,MCAR,0.8500000000000001,85.00000000000001,knn,baseline,0.0593750157361394,0.0746644188937867,0.1865004870837254,2,cnn
3C,level_3,MCAR,0.9,90.0,knn,baseline,0.080755771827903,0.0995957494337679,-0.4474765156896385,2,cnn
3C,level_3,MCAR,0.95,95.0,knn,baseline,0.129490789950343,0.1478521789287198,-2.1899610251354664,2,cnn
3C,level_3,MAR,0.0,0.0,knn,baseline,0.0382451621015567,0.0529603742028365,0.5907091756340687,2,cnn
3C,level_3,MAR,0.05,5.0,knn,baseline,0.0381112852815149,0.0530478295209115,0.5893563070316215,2,cnn
3C,level_3,MAR,0.1,10.0,knn,baseline,0.0378497234206923,0.0529413392747067,0.5910033359930656,2,cnn
3C,level_3,MAR,0.15,15.0,knn,baseline,0.0382929941850791,0.0529601538464605,0.5907125815637482,2,cnn
3C,level_3,MAR,0.2,20.0,knn,baseline,0.0392262139890114,0.0533932708454055,0.5839907654584086,2,cnn
3C,level_3,MAR,0.25,25.0,knn,baseline,0.0392648955151134,0.0545272960472604,0.5661317775756853,2,cnn
3C,level_3,MAR,0.3,30.0,knn,baseline,0.0388743170993833,0.05361475719206,0.5805322219853558,2,cnn
3C,level_3,MAR,0.35,35.0,knn,baseline,0.0387160649869362,0.0530494961765018,0.5893305034364915,2,cnn
3C,level_3,MAR,0.4,40.0,knn,baseline,0.0398288376318497,0.0548132677542249,0.5615689475040972,2,cnn
3C,level_3,MAR,0.45,45.0,knn,baseline,0.0387140803167714,0.0536849680740592,0.5794328796389376,2,cnn
3C,level_3,MAR,0.5,50.0,knn,baseline,0.039316836636341,0.0564726409382985,0.5346217154470639,2,cnn
3C,level_3,MAR,0.55,55.00000000000001,knn,baseline,0.0408808758040675,0.0575857196870387,0.516095661056561,2,cnn
3C,level_3,MAR,0.6000000000000001,60.00000000000001,knn,baseline,0.0408380067043078,0.0577893863767794,0.512666704076197,2,cnn
3C,level_3,MAR,0.65,65.0,knn,baseline,0.0404449483370498,0.0576277811883236,0.5153885004469715,2,cnn
3C,level_3,MAR,0.7000000000000001,70.0,knn,baseline,0.0399520586566083,0.0574299823221517,0.5187095063248026,2,cnn
3C,level_3,MAR,0.75,75.0,knn,baseline,0.0413717136834743,0.0597182825126468,0.4795913141790792,2,cnn
3C,level_3,MAR,0.8,80.0,knn,baseline,0.0420523757955101,0.0619499466706999,0.439969355191746,2,cnn
3C,level_3,MAR,0.8500000000000001,85.00000000000001,knn,baseline,0.0426984620776961,0.0640471900386788,0.4014091422027668,2,cnn
3C,level_3,MAR,0.9,90.0,knn,baseline,0.0446512009987148,0.0655916402475503,0.3721919192878911,2,cnn
3C,level_3,MAR,0.95,95.0,knn,baseline,0.0504123307085396,0.0751635977884828,0.1755866073373091,2,cnn
3C,level_3,MNAR,0.0,0.0,knn,baseline,0.0382451621015567,0.0529603742028365,0.5907091756340687,2,cnn
3C,level_3,MNAR,0.05,5.0,knn,baseline,0.0386263933058575,0.0535865495400664,0.580973484397473,2,cnn
3C,level_3,MNAR,0.1,10.0,knn,baseline,0.0381258186826921,0.0528468908859006,0.5924613504277687,2,cnn
3C,level_3,MNAR,0.15,15.0,knn,baseline,0.0381954572121216,0.0530274141922626,0.5896723166725312,2,cnn
3C,level_3,MNAR,0.2,20.0,knn,baseline,0.0393411750352036,0.0538807673001065,0.5763595096939558,2,cnn
3C,level_3,MNAR,0.25,25.0,knn,baseline,0.0379137142158812,0.0529440338468333,0.5909617012678381,2,cnn
3C,level_3,MNAR,0.3,30.0,knn,baseline,0.0398306613599779,0.0546210294242799,0.5646388413376893,2,cnn
3C,level_3,MNAR,0.35,35.0,knn,baseline,0.0390703156813097,0.0538151167337739,0.577391243119791,2,cnn
3C,level_3,MNAR,0.4,40.0,knn,baseline,0.0381925580401466,0.0535591513656194,0.5814018615455698,2,cnn
3C,level_3,MNAR,0.45,45.0,knn,baseline,0.0383893929308017,0.0527039811448413,0.5946625203839572,2,cnn
3C,level_3,MNAR,0.5,50.0,knn,baseline,0.0380270539038404,0.052666721187567,0.5952354379600499,2,cnn
3C,level_3,MNAR,0.55,55.00000000000001,knn,baseline,0.0389874497794489,0.0531775875295115,0.5873449344062178,2,cnn
3C,level_3,MNAR,0.6000000000000001,60.00000000000001,knn,baseline,0.0392460621340025,0.0530938293997997,0.5886438273597054,2,cnn
3C,level_3,MNAR,0.65,65.0,knn,baseline,0.0388604448665458,0.0531757918226862,0.5873728031020726,2,cnn
3C,level_3,MNAR,0.7000000000000001,70.0,knn,baseline,0.0382689158190182,0.0527685104853582,0.5936693440762733,2,cnn
3C,level_3,MNAR,0.75,75.0,knn,baseline,0.0405132391522082,0.0575735246287975,0.5163005943896515,2,cnn
3C,level_3,MNAR,0.8,80.0,knn,baseline,0.0391187501492618,0.055865742360639,0.5445705957924907,2,cnn
3C,level_3,MNAR,0.8500000000000001,85.00000000000001,knn,baseline,0.0398195734639983,0.0541513207413564,0.5720943455365985,2,cnn
3C,level_3,MNAR,0.9,90.0,knn,baseline,0.0396205482852471,0.0550645850694483,0.5575393423424957,2,cnn
3C,level_3,MNAR,0.95,95.0,knn,baseline,0.0406449364260785,0.0571861345787249,0.5227879488860652,2,cnn
3C,level_3,MCAR,0.0,0.0,knn,baseline,0.0680869180643483,0.0829305252922465,-0.0732009780619533,8,cnn
3C,level_3,MCAR,0.05,5.0,knn,baseline,0.0686116596472786,0.0835173567544415,-0.0884430459122842,8,cnn
3C,level_3,MCAR,0.1,10.0,knn,baseline,0.0676630456542172,0.0821783705842914,-0.0538220442830288,8,cnn
3C,level_3,MCAR,0.15,15.0,knn,baseline,0.0684197845837268,0.083525022870456,-0.0886428729649162,8,cnn
3C,level_3,MCAR,0.2,20.0,knn,baseline,0.0683085230775566,0.082396369001953,-0.0594205064167427,8,cnn
3C,level_3,MCAR,0.25,25.0,knn,baseline,0.0693250843229273,0.0833553027728172,-0.0842231948712728,8,cnn
3C,level_3,MCAR,0.3,30.0,knn,baseline,0.0684167051504449,0.0822741735248569,-0.0562805524946947,8,cnn
3C,level_3,MCAR,0.35,35.0,knn,baseline,0.0679872035243566,0.0823579363762156,-0.0584324333611061,8,cnn
3C,level_3,MCAR,0.4,40.0,knn,baseline,0.0672729317430165,0.0811276231862349,-0.0270456141832906,8,cnn
3C,level_3,MCAR,0.45,45.0,knn,baseline,0.0676366493726822,0.0819506490310405,-0.0479897189682372,8,cnn
3C,level_3,MCAR,0.5,50.0,knn,baseline,0.0679922783628634,0.0817969923794475,-0.0440634626750986,8,cnn
3C,level_3,MCAR,0.55,55.00000000000001,knn,baseline,0.0671248431753266,0.0813681134332265,-0.0331436738101369,8,cnn
3C,level_3,MCAR,0.6000000000000001,60.00000000000001,knn,baseline,0.0663382168333814,0.0798442104191696,0.0051924142175148,8,cnn
3C,level_3,MCAR,0.65,65.0,knn,baseline,0.0663685253447928,0.0803009419305762,-0.0062213001576243,8,cnn
3C,level_3,MCAR,0.7000000000000001,70.0,knn,baseline,0.064397124891739,0.0781438369311762,0.0471123668860954,8,cnn
3C,level_3,MCAR,0.75,75.0,knn,baseline,0.0631166730633857,0.0747720930203817,0.1275685710791683,8,cnn
3C,level_3,MCAR,0.8,80.0,knn,baseline,0.0595394669823457,0.0771143193824184,0.0720548912848875,8,cnn
3C,level_3,MCAR,0.8500000000000001,85.00000000000001,knn,baseline,0.056865138963767,0.0723592267667413,0.1829661273561527,8,cnn
3C,level_3,MCAR,0.9,90.0,knn,baseline,0.0535318371916115,0.0727376868644833,0.1743971203271027,8,cnn
3C,level_3,MCAR,0.95,95.0,knn,baseline,0.0895669586056209,0.1103392176134417,-0.8998181289142877,8,cnn
3C,level_3,MAR,0.0,0.0,knn,baseline,0.0680869180643483,0.0829305252922465,-0.0732009780619533,8,cnn
3C,level_3,MAR,0.05,5.0,knn,baseline,0.0679277568361206,0.0825316936714665,-0.0629032681175743,8,cnn
3C,level_3,MAR,0.1,10.0,knn,baseline,0.0678096735343057,0.0826846212039457,-0.066845941850216,8,cnn
3C,level_3,MAR,0.15,15.0,knn,baseline,0.0682948886686177,0.0827818698822013,-0.0693569376826432,8,cnn
3C,level_3,MAR,0.2,20.0,knn,baseline,0.0677208187276485,0.0828687752602687,-0.071603363140261,8,cnn
3C,level_3,MAR,0.25,25.0,knn,baseline,0.0685916816277394,0.0830656871044876,-0.0767020772285349,8,cnn
3C,level_3,MAR,0.3,30.0,knn,baseline,0.0692392960082514,0.0855160132992928,-0.1411615219646049,8,cnn
3C,level_3,MAR,0.35,35.0,knn,baseline,0.0675556454240404,0.0826640113599228,-0.0663141673110392,8,cnn
3C,level_3,MAR,0.4,40.0,knn,baseline,0.0687793367073282,0.0832050205794701,-0.080317203249083,8,cnn
3C,level_3,MAR,0.45,45.0,knn,baseline,0.0674334540825049,0.0824212979179861,-0.0600616560294033,8,cnn
3C,level_3,MAR,0.5,50.0,knn,baseline,0.0677048555644917,0.0819098734936998,-0.0469470984783151,8,cnn
3C,level_3,MAR,0.55,55.00000000000001,knn,baseline,0.0677611351650293,0.0825274430119926,-0.0627937847591586,8,cnn
3C,level_3,MAR,0.6000000000000001,60.00000000000001,knn,baseline,0.0681390343090686,0.0826929695950306,-0.0670613844959562,8,cnn
3C,level_3,MAR,0.65,65.0,knn,baseline,0.069040434267924,0.0827469359692269,-0.068454591795281,8,cnn
3C,level_3,MAR,0.7000000000000001,70.0,knn,baseline,0.0706305570801514,0.0848694526444973,-0.1239708027650345,8,cnn
3C,level_3,MAR,0.75,75.0,knn,baseline,0.0698411767816244,0.0846185172568175,-0.1173340900864865,8,cnn
3C,level_3,MAR,0.8,80.0,knn,baseline,0.0694618065591147,0.0834886960021965,-0.0876961294635718,8,cnn
3C,level_3,MAR,0.8500000000000001,85.00000000000001,knn,baseline,0.0696563453803729,0.0837976588911049,-0.0957614022841533,8,cnn
3C,level_3,MAR,0.9,90.0,knn,baseline,0.0732076341702694,0.0871446790787934,-0.1850426392335855,8,cnn
3C,level_3,MAR,0.95,95.0,knn,baseline,0.0709924044857941,0.0839505924889718,-0.0997646561778575,8,cnn
3C,level_3,MNAR,0.0,0.0,knn,baseline,0.0680869180643483,0.0829305252922465,-0.0732009780619533,8,cnn
3C,level_3,MNAR,0.05,5.0,knn,baseline,0.0680216912038639,0.0827227525096661,-0.0678301541096315,8,cnn
3C,level_3,MNAR,0.1,10.0,knn,baseline,0.067336408955568,0.0828410572373399,-0.0708866213035579,8,cnn
3C,level_3,MNAR,0.15,15.0,knn,baseline,0.0682160936845369,0.0833375338346906,-0.0837609941281554,8,cnn
3C,level_3,MNAR,0.2,20.0,knn,baseline,0.0680228424211633,0.0826169723633799,-0.0651009651788956,8,cnn
3C,level_3,MNAR,0.25,25.0,knn,baseline,0.0664300444071377,0.0812690805819031,-0.0306303329985453,8,cnn
3C,level_3,MNAR,0.3,30.0,knn,baseline,0.0683431782782202,0.0824420355133475,-0.0605951563689242,8,cnn
3C,level_3,MNAR,0.35,35.0,knn,baseline,0.0672526850531146,0.082142921227122,-0.0529130640648467,8,cnn
3C,level_3,MNAR,0.4,40.0,knn,baseline,0.0675147720159717,0.0820979297533538,-0.0517599729299249,8,cnn
3C,level_3,MNAR,0.45,45.0,knn,baseline,0.0675420418621851,0.0812234766661631,-0.029473986910923,8,cnn
3C,level_3,MNAR,0.5,50.0,knn,baseline,0.0680698730303499,0.0821924702416493,-0.0541836918626132,8,cnn
3C,level_3,MNAR,0.55,55.00000000000001,knn,baseline,0.0677491601314823,0.0821605139507552,-0.0533641216091702,8,cnn
3C,level_3,MNAR,0.6000000000000001,60.00000000000001,knn,baseline,0.0665996790698774,0.0813960962455921,-0.033854400298132,8,cnn
3C,level_3,MNAR,0.65,65.0,knn,baseline,0.0684887839498499,0.0821978954231785,-0.0543228609768853,8,cnn
3C,level_3,MNAR,0.7000000000000001,70.0,knn,baseline,0.0681054768622046,0.0815317212497713,-0.0373025588866293,8,cnn
3C,level_3,MNAR,0.75,75.0,knn,baseline,0.0673829730726731,0.0801494808643318,-0.002429075105764,8,cnn
3C,level_3,MNAR,0.8,80.0,knn,baseline,0.0675953907797381,0.0826666221591437,-0.0663815237365064,8,cnn
3C,level_3,MNAR,0.8500000000000001,85.00000000000001,knn,baseline,0.067852427965415,0.0794819522530453,0.0141989443822955,8,cnn
3C,level_3,MNAR,0.9,90.0,knn,baseline,0.068456435316042,0.0816895383051771,-0.0413221593546322,8,cnn
3C,level_3,MNAR,0.95,95.0,knn,baseline,0.0705351933367814,0.0821607417049668,-0.0533699616030087,8,cnn
3C,level_3,MCAR,0.0,0.0,knn,baseline,0.0673337831574179,0.0871037052358432,-0.1861582776573165,0,cnn
3C,level_3,MCAR,0.05,5.0,knn,baseline,0.0673466134076161,0.0869035875476021,-0.1807142250596938,0,cnn
3C,level_3,MCAR,0.1,10.0,knn,baseline,0.0673661973868561,0.0869089705175973,-0.1808605008641628,0,cnn
3C,level_3,MCAR,0.15,15.0,knn,baseline,0.0683885704621777,0.0884367497528591,-0.2227422834821835,0,cnn
3C,level_3,MCAR,0.2,20.0,knn,baseline,0.0674357114949693,0.0869728199839156,-0.1825962252300659,0,cnn
3C,level_3,MCAR,0.25,25.0,knn,baseline,0.0683515828764883,0.0883971152962254,-0.2216465429344947,0,cnn
3C,level_3,MCAR,0.3,30.0,knn,baseline,0.0681929342017765,0.0880425058863911,-0.2118648109906673,0,cnn
3C,level_3,MCAR,0.35,35.0,knn,baseline,0.0673502209939581,0.0871066540239517,-0.186238590856858,0,cnn
3C,level_3,MCAR,0.4,40.0,knn,baseline,0.0667382103614922,0.0855912990422827,-0.1453246836354127,0,cnn
3C,level_3,MCAR,0.45,45.0,knn,baseline,0.0664975511933912,0.085549822952285,-0.1442149427979666,0,cnn
3C,level_3,MCAR,0.5,50.0,knn,baseline,0.0672501105280625,0.0856149338416835,-0.1459573006625518,0,cnn
3C,level_3,MCAR,0.55,55.00000000000001,knn,baseline,0.0666934934918262,0.0861242104566324,-0.159631201125991,0,cnn
3C,level_3,MCAR,0.6000000000000001,60.00000000000001,knn,baseline,0.0657489742073113,0.0836521499829581,-0.0940158141082574,0,cnn
3C,level_3,MCAR,0.65,65.0,knn,baseline,0.0674144945289003,0.0852819760933177,-0.1370613427208644,0,cnn
3C,level_3,MCAR,0.7000000000000001,70.0,knn,baseline,0.0697041084345366,0.0870151646455267,-0.183748052374552,0,cnn
3C,level_3,MCAR,0.75,75.0,knn,baseline,0.0702140713296191,0.0862884335462212,-0.1640578259511611,0,cnn
3C,level_3,MCAR,0.8,80.0,knn,baseline,0.0714792058244122,0.0870221244822873,-0.1839374221867289,0,cnn
3C,level_3,MCAR,0.8500000000000001,85.00000000000001,knn,baseline,0.0774218597527589,0.0933781183082357,-0.3632001370230564,0,cnn
3C,level_3,MCAR,0.9,90.0,knn,baseline,0.0872036771706928,0.1057622247170005,-0.7487613259191896,0,cnn
3C,level_3,MCAR,0.95,95.0,knn,baseline,0.143213048072684,0.1615887692168799,-3.082176055803968,0,cnn
3C,level_3,MAR,0.0,0.0,knn,baseline,0.0673337831574179,0.0871037052358432,-0.1861582776573165,0,cnn
3C,level_3,MAR,0.05,5.0,knn,baseline,0.0671687032466699,0.0868332093033228,-0.1788026136081923,0,cnn
3C,level_3,MAR,0.1,10.0,knn,baseline,0.0678278813299569,0.0879307728503143,-0.2087908545387788,0,cnn
3C,level_3,MAR,0.15,15.0,knn,baseline,0.0677299671105732,0.0873377520612045,-0.1925412335846141,0,cnn
3C,level_3,MAR,0.2,20.0,knn,baseline,0.0679658399123837,0.0877903479791323,-0.2049330751910874,0,cnn
3C,level_3,MAR,0.25,25.0,knn,baseline,0.0663014705371183,0.0857321182714118,-0.1490964785965831,0,cnn
3C,level_3,MAR,0.3,30.0,knn,baseline,0.0675108512354907,0.0872986664307083,-0.1914740937712875,0,cnn
3C,level_3,MAR,0.35,35.0,knn,baseline,0.0676323223903128,0.0875298087519519,-0.1977918232397248,0,cnn
3C,level_3,MAR,0.4,40.0,knn,baseline,0.0670775780769217,0.0868207462696703,-0.1784642545301373,0,cnn
3C,level_3,MAR,0.45,45.0,knn,baseline,0.0676904223073503,0.0874194359616068,-0.1947729597230081,0,cnn
3C,level_3,MAR,0.5,50.0,knn,baseline,0.0678761883022566,0.087480746659877,-0.1964494302015702,0,cnn
3C,level_3,MAR,0.55,55.00000000000001,knn,baseline,0.0674913590736273,0.086364305366331,-0.1661057948630593,0,cnn
3C,level_3,MAR,0.6000000000000001,60.00000000000001,knn,baseline,0.0679733634490658,0.0860738805480996,-0.1582762492874383,0,cnn
3C,level_3,MAR,0.65,65.0,knn,baseline,0.0686219300136316,0.0875065899793153,-0.197156438158879,0,cnn
3C,level_3,MAR,0.7000000000000001,70.0,knn,baseline,0.066809665569263,0.085920138455149,-0.1541422012506692,0,cnn
3C,level_3,MAR,0.75,75.0,knn,baseline,0.0682944171310794,0.088294663247221,-0.2188164129946286,0,cnn
3C,level_3,MAR,0.8,80.0,knn,baseline,0.0660279424534556,0.0857602090627466,-0.1498496226525465,0,cnn
3C,level_3,MAR,0.8500000000000001,85.00000000000001,knn,baseline,0.0687941789713685,0.0891671607891452,-0.2430232774342522,0,cnn
3C,level_3,MAR,0.9,90.0,knn,baseline,0.0703693975021331,0.0898925663795505,-0.2633303911850322,0,cnn
3C,level_3,MAR,0.95,95.0,knn,baseline,0.071355107436387,0.0906964593121965,-0.2860268943270825,0,cnn
3C,level_3,MNAR,0.0,0.0,knn,baseline,0.0673337831574179,0.0871037052358432,-0.1861582776573165,0,cnn
3C,level_3,MNAR,0.05,5.0,knn,baseline,0.0670330775296531,0.0867039529652264,-0.1752957915928008,0,cnn
3C,level_3,MNAR,0.1,10.0,knn,baseline,0.0668146542723315,0.086156344826786,-0.1604967178017853,0,cnn
3C,level_3,MNAR,0.15,15.0,knn,baseline,0.0671195371802952,0.0871668691479304,-0.1878792047347743,0,cnn
3C,level_3,MNAR,0.2,20.0,knn,baseline,0.0670223995048992,0.0864727482967843,-0.1690360638201471,0,cnn
3C,level_3,MNAR,0.25,25.0,knn,baseline,0.0672073107179551,0.0872592413493423,-0.1903981699795112,0,cnn
3C,level_3,MNAR,0.3,30.0,knn,baseline,0.0678534137714282,0.0873919539725968,-0.1940218778641425,0,cnn
3C,level_3,MNAR,0.35,35.0,knn,baseline,0.0675301420998982,0.0864466441071572,-0.1683303586464071,0,cnn
3C,level_3,MNAR,0.4,40.0,knn,baseline,0.0677802438995792,0.0869212750852536,-0.1811948968745127,0,cnn
3C,level_3,MNAR,0.45,45.0,knn,baseline,0.0692422223423131,0.0892312492146107,-0.2448107523922524,0,cnn
3C,level_3,MNAR,0.5,50.0,knn,baseline,0.0674923722866685,0.0868470954062018,-0.1791796648155899,0,cnn
3C,level_3,MNAR,0.55,55.00000000000001,knn,baseline,0.0668165414561898,0.0865426991711468,-0.1709281783145912,0,cnn
3C,level_3,MNAR,0.6000000000000001,60.00000000000001,knn,baseline,0.0665742672815332,0.0857849268603635,-0.1505125372240003,0,cnn
3C,level_3,MNAR,0.65,65.0,knn,baseline,0.0659389488343393,0.0850458703204749,-0.1307740794525331,0,cnn
3C,level_3,MNAR,0.7000000000000001,70.0,knn,baseline,0.0669928362574033,0.0853062901019053,-0.137709790647343,0,cnn
3C,level_3,MNAR,0.75,75.0,knn,baseline,0.0667190373696905,0.0857704500351553,-0.1501242554099311,0,cnn
3C,level_3,MNAR,0.8,80.0,knn,baseline,0.0669373340520079,0.0861371643376583,-0.1599800659628818,0,cnn
3C,level_3,MNAR,0.8500000000000001,85.00000000000001,knn,baseline,0.068085648031456,0.0865213506000606,-0.1703505545415826,0,cnn
3C,level_3,MNAR,0.9,90.0,knn,baseline,0.068183385521805,0.0868107234920262,-0.1781921812315248,0,cnn
3C,level_3,MNAR,0.95,95.0,knn,baseline,0.0679732585266067,0.087585219309314,-0.1993088223345012,0,cnn
3C,level_3,MCAR,0.0,0.0,knn,baseline,0.0430029832083899,0.0604838716117511,0.4689138309192773,3,cnn
3C,level_3,MCAR,0.05,5.0,knn,baseline,0.0431731409803167,0.0603287359141704,0.4716347136639052,3,cnn
3C,level_3,MCAR,0.1,10.0,knn,baseline,0.0429299839990633,0.0597146932157282,0.4823356748813485,3,cnn
3C,level_3,MCAR,0.15,15.0,knn,baseline,0.0427395018225317,0.0605142589524532,0.4683800572072306,3,cnn
3C,level_3,MCAR,0.2,20.0,knn,baseline,0.0430259082158406,0.0602536689239206,0.472948784479729,3,cnn
3C,level_3,MCAR,0.25,25.0,knn,baseline,0.0440328250257818,0.06268655127675,0.4295276745662435,3,cnn
3C,level_3,MCAR,0.3,30.0,knn,baseline,0.0436291612092439,0.0604677438997739,0.4691970159273791,3,cnn
3C,level_3,MCAR,0.35,35.0,knn,baseline,0.0426344670751073,0.0601161707048398,0.4753514901906831,3,cnn
3C,level_3,MCAR,0.4,40.0,knn,baseline,0.0427058870023435,0.0579664734312887,0.5122024836754668,3,cnn
3C,level_3,MCAR,0.45,45.0,knn,baseline,0.0425627998360642,0.0584902900101811,0.5033466432665382,3,cnn
3C,level_3,MCAR,0.5,50.0,knn,baseline,0.0438998927692035,0.0608019686776275,0.4633129596585464,3,cnn
3C,level_3,MCAR,0.55,55.00000000000001,knn,baseline,0.0433086743775788,0.0582054228728471,0.5081725961597977,3,cnn
3C,level_3,MCAR,0.6000000000000001,60.00000000000001,knn,baseline,0.0416162475723404,0.0573799554429142,0.5220238365523722,3,cnn
3C,level_3,MCAR,0.65,65.0,knn,baseline,0.0410721853634258,0.0561505648117487,0.542286118435248,3,cnn
3C,level_3,MCAR,0.7000000000000001,70.0,knn,baseline,0.0396156339430594,0.0544273820441924,0.569948253053556,3,cnn
3C,level_3,MCAR,0.75,75.0,knn,baseline,0.040641520634213,0.0578720423157063,0.513790496225135,3,cnn
3C,level_3,MCAR,0.8,80.0,knn,baseline,0.0443224488129486,0.0591265251501978,0.4924830651134241,3,cnn
3C,level_3,MCAR,0.8500000000000001,85.00000000000001,knn,baseline,0.0473476937302598,0.0635516822267635,0.4136729543161984,3,cnn
3C,level_3,MCAR,0.9,90.0,knn,baseline,0.0640376637604859,0.0783372789397482,0.1091126546935081,3,cnn
3C,level_3,MCAR,0.95,95.0,knn,baseline,0.0958707447842434,0.108590183779097,-0.7118549458331074,3,cnn
3C,level_3,MAR,0.0,0.0,knn,baseline,0.0430029832083899,0.0604838716117511,0.4689138309192773,3,cnn
3C,level_3,MAR,0.05,5.0,knn,baseline,0.0430614476556176,0.0607285828074679,0.4646077031677247,3,cnn
3C,level_3,MAR,0.1,10.0,knn,baseline,0.0425777110537967,0.06021355666213,0.4736502912796618,3,cnn
3C,level_3,MAR,0.15,15.0,knn,baseline,0.0433999254725,0.0607021320008784,0.4650739901564886,3,cnn
3C,level_3,MAR,0.2,20.0,knn,baseline,0.0431447964487849,0.0600157120638629,0.4771034793231196,3,cnn
3C,level_3,MAR,0.25,25.0,knn,baseline,0.0437428699794116,0.0611272232422393,0.4575556853605941,3,cnn
3C,level_3,MAR,0.3,30.0,knn,baseline,0.0430685322856043,0.0601546693483025,0.4746793008875831,3,cnn
3C,level_3,MAR,0.35,35.0,knn,baseline,0.0432782861709594,0.0619868998945278,0.4421908173486607,3,cnn
3C,level_3,MAR,0.4,40.0,knn,baseline,0.0420077223528612,0.058793431960596,0.498185218446078,3,cnn
3C,level_3,MAR,0.45,45.0,knn,baseline,0.042321351033288,0.0587260666003931,0.4993345157599363,3,cnn
3C,level_3,MAR,0.5,50.0,knn,baseline,0.04270514783086,0.0586851936176726,0.5000311934558317,3,cnn
3C,level_3,MAR,0.55,55.00000000000001,knn,baseline,0.0423934290147042,0.058286475693404,0.5068018732183888,3,cnn
3C,level_3,MAR,0.6000000000000001,60.00000000000001,knn,baseline,0.044459560005944,0.0627093911690318,0.4291118947903239,3,cnn
3C,level_3,MAR,0.65,65.0,knn,baseline,0.0435977371593853,0.0618000829379243,0.4455480164337522,3,cnn
3C,level_3,MAR,0.7000000000000001,70.0,knn,baseline,0.0457826422012603,0.0637818933237347,0.4094174110116358,3,cnn
3C,level_3,MAR,0.75,75.0,knn,baseline,0.0438130948582211,0.0616255006953618,0.4486761917372355,3,cnn
3C,level_3,MAR,0.8,80.0,knn,baseline,0.0426206133395701,0.0588562223388958,0.497112786899567,3,cnn
3C,level_3,MAR,0.8500000000000001,85.00000000000001,knn,baseline,0.0404078686971922,0.0532664897348747,0.5880979237883219,3,cnn
3C,level_3,MAR,0.9,90.0,knn,baseline,0.0382768957945677,0.0490163608402436,0.6512068440676414,3,cnn
3C,level_3,MAR,0.95,95.0,knn,baseline,0.0357401151442312,0.0450521775709517,0.7053425676737457,3,cnn
3C,level_3,MNAR,0.0,0.0,knn,baseline,0.0430029832083899,0.0604838716117511,0.4689138309192773,3,cnn
3C,level_3,MNAR,0.05,5.0,knn,baseline,0.0434907636865839,0.0606639174985541,0.465747294241613,3,cnn
3C,level_3,MNAR,0.1,10.0,knn,baseline,0.0431512471284952,0.0603540809236307,0.4711906719996177,3,cnn
3C,level_3,MNAR,0.15,15.0,knn,baseline,0.0438447607349705,0.0609623673486109,0.4604776095306997,3,cnn
3C,level_3,MNAR,0.2,20.0,knn,baseline,0.0426044892723495,0.0590097956956555,0.494484998964361,3,cnn
3C,level_3,MNAR,0.25,25.0,knn,baseline,0.0426425273018914,0.0593432993330748,0.4887548485760744,3,cnn
3C,level_3,MNAR,0.3,30.0,knn,baseline,0.0427058704754253,0.0592678556133458,0.4900539242590924,3,cnn
3C,level_3,MNAR,0.35,35.0,knn,baseline,0.0424089984318157,0.0589799376451287,0.4949964351988629,3,cnn
3C,level_3,MNAR,0.4,40.0,knn,baseline,0.0425663599813306,0.0595446670116545,0.4852793790301746,3,cnn
3C,level_3,MNAR,0.45,45.0,knn,baseline,0.0421021158527683,0.0584841817437155,0.5034503710010387,3,cnn
3C,level_3,MNAR,0.5,50.0,knn,baseline,0.0419708385493304,0.0590573748944439,0.4936694836783639,3,cnn
3C,level_3,MNAR,0.55,55.00000000000001,knn,baseline,0.0422939297048895,0.0579327507104171,0.5127698831930048,3,cnn
3C,level_3,MNAR,0.6000000000000001,60.00000000000001,knn,baseline,0.0405372207031593,0.0569039984106406,0.529920412755208,3,cnn
3C,level_3,MNAR,0.65,65.0,knn,baseline,0.0409530120196643,0.0571516981726433,0.5258190479886258,3,cnn
3C,level_3,MNAR,0.7000000000000001,70.0,knn,baseline,0.0413998199385565,0.0574830518173813,0.5203047038528241,3,cnn
3C,level_3,MNAR,0.75,75.0,knn,baseline,0.0411452583785529,0.0589815552436958,0.4949687341100658,3,cnn
3C,level_3,MNAR,0.8,80.0,knn,baseline,0.0400131724323238,0.0562227017536048,0.5411093078714742,3,cnn
3C,level_3,MNAR,0.8500000000000001,85.00000000000001,knn,baseline,0.0415770041345476,0.0597951983128899,0.4809389429676998,3,cnn
3C,level_3,MNAR,0.9,90.0,knn,baseline,0.0383752384074099,0.0541076423392551,0.5749861850813252,3,cnn
3C,level_3,MNAR,0.95,95.0,knn,baseline,0.0399207509100974,0.0564841968069253,0.5368307264348773,3,cnn
3C,level_3,MCAR,0.0,0.0,knn,baseline,0.0380116033655531,0.0502909613465513,0.5552648584684339,9,cnn
3C,level_3,MCAR,0.05,5.0,knn,baseline,0.0386043706334792,0.0515837924156868,0.5321053186990712,9,cnn
3C,level_3,MCAR,0.1,10.0,knn,baseline,0.0381493367416075,0.0505309392331139,0.5510103668095329,9,cnn
3C,level_3,MCAR,0.15,15.0,knn,baseline,0.0372744282751782,0.0467428162252475,0.6158053420556053,9,cnn
3C,level_3,MCAR,0.2,20.0,knn,baseline,0.0372218596411089,0.0487945049834888,0.5813381335840422,9,cnn
3C,level_3,MCAR,0.25,25.0,knn,baseline,0.0388587121163136,0.0491922276678494,0.5744853153810479,9,cnn
3C,level_3,MCAR,0.3,30.0,knn,baseline,0.0380191988031914,0.051849785414063,0.5272674583834389,9,cnn
3C,level_3,MCAR,0.35,35.0,knn,baseline,0.0373856618162024,0.0466974158526279,0.6165513009524058,9,cnn
3C,level_3,MCAR,0.4,40.0,knn,baseline,0.0376968858833854,0.0471867459369903,0.6084730782307226,9,cnn
3C,level_3,MCAR,0.45,45.0,knn,baseline,0.0381997070594318,0.0485779246188015,0.5850464489390823,9,cnn
3C,level_3,MCAR,0.5,50.0,knn,baseline,0.0382916946692951,0.0509806866705508,0.5429823910277425,9,cnn
3C,level_3,MCAR,0.55,55.00000000000001,knn,baseline,0.0374851060578727,0.047275390764879,0.6070006547370135,9,cnn
3C,level_3,MCAR,0.6000000000000001,60.00000000000001,knn,baseline,0.0378717729836772,0.0473495414521391,0.6057668616450582,9,cnn
3C,level_3,MCAR,0.65,65.0,knn,baseline,0.0384334673351711,0.0491205733588741,0.5757240376755739,9,cnn
3C,level_3,MCAR,0.7000000000000001,70.0,knn,baseline,0.0386667523643367,0.0489570945708939,0.578543414413996,9,cnn
3C,level_3,MCAR,0.75,75.0,knn,baseline,0.0414743914671823,0.0526094587955828,0.5133135662711308,9,cnn
3C,level_3,MCAR,0.8,80.0,knn,baseline,0.0457372347581471,0.05731497352411,0.4223593280387555,9,cnn
3C,level_3,MCAR,0.8500000000000001,85.00000000000001,knn,baseline,0.0600558318911432,0.0767214661088293,-0.0350357703211399,9,cnn
3C,level_3,MCAR,0.9,90.0,knn,baseline,0.0992634929122654,0.1205366321304206,-1.5548162976957434,9,cnn
3C,level_3,MCAR,0.95,95.0,knn,baseline,0.1665663813721767,0.1888514874756889,-5.2713695357200505,9,cnn
3C,level_3,MAR,0.0,0.0,knn,baseline,0.0380116033655531,0.0502909613465513,0.5552648584684339,9,cnn
3C,level_3,MAR,0.05,5.0,knn,baseline,0.0382754978874332,0.0513655983188418,0.5360552391545118,9,cnn
3C,level_3,MAR,0.1,10.0,knn,baseline,0.0381643196933376,0.0496583028426271,0.5663839811895999,9,cnn
3C,level_3,MAR,0.15,15.0,knn,baseline,0.0382848642351497,0.0493149777223488,0.5723590803733806,9,cnn
3C,level_3,MAR,0.2,20.0,knn,baseline,0.0365691516292292,0.0456926489510308,0.6328747588860459,9,cnn
3C,level_3,MAR,0.25,25.0,knn,baseline,0.0380269238977003,0.0499153157380574,0.5618838955729052,9,cnn
3C,level_3,MAR,0.3,30.0,knn,baseline,0.0381034127285012,0.0473733403968187,0.6053704611626674,9,cnn
3C,level_3,MAR,0.35,35.0,knn,baseline,0.0390665471751075,0.0523721022989101,0.5176951964790752,9,cnn
3C,level_3,MAR,0.4,40.0,knn,baseline,0.0380907391273101,0.0496488805367364,0.5665485166216181,9,cnn
3C,level_3,MAR,0.45,45.0,knn,baseline,0.0369280264022502,0.0457558534858769,0.631858401588935,9,cnn
3C,level_3,MAR,0.5,50.0,knn,baseline,0.0366874099510499,0.0469112328381894,0.6130318108300095,9,cnn
3C,level_3,MAR,0.55,55.00000000000001,knn,baseline,0.0383246758823981,0.0485843881262083,0.5849360187878778,9,cnn
3C,level_3,MAR,0.6000000000000001,60.00000000000001,knn,baseline,0.0392673754680804,0.0513925745619872,0.5355678011207656,9,cnn
3C,level_3,MAR,0.65,65.0,knn,baseline,0.0415737075366026,0.0559827170179508,0.4489011345827909,9,cnn
3C,level_3,MAR,0.7000000000000001,70.0,knn,baseline,0.0422672317157682,0.0586969698400587,0.3941669857582923,9,cnn
3C,level_3,MAR,0.75,75.0,knn,baseline,0.0435726874071937,0.0615183420456449,0.3345264215351378,9,cnn
3C,level_3,MAR,0.8,80.0,knn,baseline,0.0470540912280973,0.065546173952709,0.2445316670070132,9,cnn
3C,level_3,MAR,0.8500000000000001,85.00000000000001,knn,baseline,0.0541733989501394,0.0802761654652338,-0.1331693290935369,9,cnn
3C,level_3,MAR,0.9,90.0,knn,baseline,0.0609217762744173,0.0900573845862604,-0.4261336675674991,9,cnn
3C,level_3,MAR,0.95,95.0,knn,baseline,0.0706472118616667,0.1066330074303017,-0.9994239424074364,9,cnn
3C,level_3,MNAR,0.0,0.0,knn,baseline,0.0380116033655531,0.0502909613465513,0.5552648584684339,9,cnn
3C,level_3,MNAR,0.05,5.0,knn,baseline,0.0381100376255405,0.0503017548510024,0.5550739388391857,9,cnn
3C,level_3,MNAR,0.1,10.0,knn,baseline,0.0382139351328495,0.0508123817170433,0.5459949577618567,9,cnn
3C,level_3,MNAR,0.15,15.0,knn,baseline,0.0373927957701626,0.0466420238004549,0.617460448176152,9,cnn
3C,level_3,MNAR,0.2,20.0,knn,baseline,0.0379400113209483,0.0504503796164388,0.5524408409188437,9,cnn
3C,level_3,MNAR,0.25,25.0,knn,baseline,0.0380402822122506,0.0484132521138356,0.5878549519422361,9,cnn
3C,level_3,MNAR,0.3,30.0,knn,baseline,0.0384547265866687,0.0495211455405548,0.5687759868035231,9,cnn
3C,level_3,MNAR,0.35,35.0,knn,baseline,0.0389285111021488,0.053310308153084,0.5002601776358971,9,cnn
3C,level_3,MNAR,0.4,40.0,knn,baseline,0.0387907953296147,0.0516165485818144,0.5315108954740864,9,cnn
3C,level_3,MNAR,0.45,45.0,knn,baseline,0.0382406852138239,0.0482782173353156,0.5901508646354692,9,cnn
3C,level_3,MNAR,0.5,50.0,knn,baseline,0.0385290497741518,0.0493767252915665,0.5712875065868803,9,cnn
3C,level_3,MNAR,0.55,55.00000000000001,knn,baseline,0.0378920645465805,0.0478133440512714,0.5980057782072252,9,cnn
3C,level_3,MNAR,0.6000000000000001,60.00000000000001,knn,baseline,0.0376330178387058,0.0473905013931758,0.6050845002131888,9,cnn
3C,level_3,MNAR,0.65,65.0,knn,baseline,0.0384992233675422,0.0492552552083627,0.5733942354966873,9,cnn
3C,level_3,MNAR,0.7000000000000001,70.0,knn,baseline,0.0365021697341973,0.0462980748028194,0.6230815150134277,9,cnn
3C,level_3,MNAR,0.75,75.0,knn,baseline,0.0383175769551144,0.0487244976657719,0.5825386117387434,9,cnn
3C,level_3,MNAR,0.8,80.0,knn,baseline,0.0395023951857366,0.049679526615842,0.5660132502473104,9,cnn
3C,level_3,MNAR,0.8500000000000001,85.00000000000001,knn,baseline,0.0408398836160664,0.0542172516535926,0.4831118569990367,9,cnn
3C,level_3,MNAR,0.9,90.0,knn,baseline,0.0429777374075941,0.0560238729409846,0.4480905515776719,9,cnn
3C,level_3,MNAR,0.95,95.0,knn,baseline,0.041537515456513,0.0540651108369944,0.4860087005285796,9,cnn
3C,level_3,MCAR,0.0,0.0,knn,baseline,0.0367156283007192,0.0449188573485947,0.6734129657739645,5,cnn
3C,level_3,MCAR,0.05,5.0,knn,baseline,0.0375413204036845,0.047010314384978,0.642292661580359,5,cnn
3C,level_3,MCAR,0.1,10.0,knn,baseline,0.0360256962492543,0.0442875382108181,0.6825285914959077,5,cnn
3C,level_3,MCAR,0.15,15.0,knn,baseline,0.0367653490274174,0.04492974537066,0.673254621683929,5,cnn
3C,level_3,MCAR,0.2,20.0,knn,baseline,0.0364467720691068,0.0444768368421078,0.6798088494687413,5,cnn
3C,level_3,MCAR,0.25,25.0,knn,baseline,0.0367967402803911,0.0477724232056608,0.6306006893527072,5,cnn
3C,level_3,MCAR,0.3,30.0,knn,baseline,0.0370873322363788,0.0467884770665268,0.6456606717048792,5,cnn
3C,level_3,MCAR,0.35,35.0,knn,baseline,0.0366901805184104,0.0450895784442022,0.6709257587110871,5,cnn
3C,level_3,MCAR,0.4,40.0,knn,baseline,0.035722796730187,0.0436075451847166,0.6922026916650954,5,cnn
3C,level_3,MCAR,0.45,45.0,knn,baseline,0.0356722129442876,0.0435774813445226,0.6926269475713042,5,cnn
3C,level_3,MCAR,0.5,50.0,knn,baseline,0.0356242296666274,0.043469089603974,0.6941541246475048,5,cnn
3C,level_3,MCAR,0.55,55.00000000000001,knn,baseline,0.0354908648083105,0.044336570435997,0.6818252357790298,5,cnn
3C,level_3,MCAR,0.6000000000000001,60.00000000000001,knn,baseline,0.0362298688706591,0.0467442558324023,0.6463301492599456,5,cnn
3C,level_3,MCAR,0.65,65.0,knn,baseline,0.0361672603455189,0.045097130046968,0.6708155227703877,5,cnn
3C,level_3,MCAR,0.7000000000000001,70.0,knn,baseline,0.0342103505107823,0.0417310225778997,0.7181230313910489,5,cnn
3C,level_3,MCAR,0.75,75.0,knn,baseline,0.035409068502561,0.0465129325092,0.6498219003631378,5,cnn
3C,level_3,MCAR,0.8,80.0,knn,baseline,0.0341162377484853,0.0434144113609741,0.6949230663269997,5,cnn
3C,level_3,MCAR,0.8500000000000001,85.00000000000001,knn,baseline,0.0371090457201271,0.0514616166353821,0.5713445112249718,5,cnn
3C,level_3,MCAR,0.9,90.0,knn,baseline,0.0519248208036326,0.0681707063682709,0.247793422212905,5,cnn
3C,level_3,MCAR,0.95,95.0,knn,baseline,0.098304332397067,0.1145939956311197,-1.1255203328195926,5,cnn
3C,level_3,MAR,0.0,0.0,knn,baseline,0.0367156283007192,0.0449188573485947,0.6734129657739645,5,cnn
3C,level_3,MAR,0.05,5.0,knn,baseline,0.0364214659604159,0.0444684972161417,0.679928913046902,5,cnn
3C,level_3,MAR,0.1,10.0,knn,baseline,0.037439546976828,0.0483381653218342,0.6217997042482151,5,cnn
3C,level_3,MAR,0.15,15.0,knn,baseline,0.0361134671972255,0.0438075774643401,0.6893724195387978,5,cnn
3C,level_3,MAR,0.2,20.0,knn,baseline,0.0375999458261611,0.049829091007008,0.5981097518269486,5,cnn
3C,level_3,MAR,0.25,25.0,knn,baseline,0.0367713352935482,0.0481357365402121,0.6249606980459604,5,cnn
3C,level_3,MAR,0.3,30.0,knn,baseline,0.0359430438747042,0.044264986128597,0.6828518344975194,5,cnn
3C,level_3,MAR,0.35,35.0,knn,baseline,0.0380786619261325,0.0520106427402391,0.5621493686925896,5,cnn
3C,level_3,MAR,0.4,40.0,knn,baseline,0.0362286504377285,0.0445382861485229,0.678923484528496,5,cnn
3C,level_3,MAR,0.45,45.0,knn,baseline,0.0370420103683214,0.045815198555087,0.6602490460374416,5,cnn
3C,level_3,MAR,0.5,50.0,knn,baseline,0.0376424861698172,0.0457329821209696,0.6614673338325421,5,cnn
3C,level_3,MAR,0.55,55.00000000000001,knn,baseline,0.0375226725718522,0.0461708703542041,0.6549534721763686,5,cnn
3C,level_3,MAR,0.6000000000000001,60.00000000000001,knn,baseline,0.0363573574511424,0.0446825579527808,0.6768400045590666,5,cnn
3C,level_3,MAR,0.65,65.0,knn,baseline,0.0382390791286121,0.0472493600893283,0.6386455553096315,5,cnn
3C,level_3,MAR,0.7000000000000001,70.0,knn,baseline,0.0390727881892896,0.0519595221883591,0.5630096605359667,5,cnn
3C,level_3,MAR,0.75,75.0,knn,baseline,0.0375025649290159,0.0485215142436369,0.6189252001836678,5,cnn
3C,level_3,MAR,0.8,80.0,knn,baseline,0.0404091121200492,0.0509466805402148,0.5798800319054682,5,cnn
3C,level_3,MAR,0.8500000000000001,85.00000000000001,knn,baseline,0.039250854083317,0.0499499950902395,0.5961571125139629,5,cnn
3C,level_3,MAR,0.9,90.0,knn,baseline,0.0395553601261742,0.0518032834910183,0.5656337090148293,5,cnn
3C,level_3,MAR,0.95,95.0,knn,baseline,0.0402800842524912,0.0536532836048122,0.5340555415494668,5,cnn
3C,level_3,MNAR,0.0,0.0,knn,baseline,0.0367156283007192,0.0449188573485947,0.6734129657739645,5,cnn
3C,level_3,MNAR,0.05,5.0,knn,baseline,0.0370967328866857,0.0452800610436312,0.668139513099177,5,cnn
3C,level_3,MNAR,0.1,10.0,knn,baseline,0.0360215598233754,0.0443546062932356,0.6815663198650028,5,cnn
3C,level_3,MNAR,0.15,15.0,knn,baseline,0.0374359343418502,0.0459711096837359,0.6579327367075478,5,cnn
3C,level_3,MNAR,0.2,20.0,knn,baseline,0.0365012662804086,0.045687664921443,0.6621379112027368,5,cnn
3C,level_3,MNAR,0.25,25.0,knn,baseline,0.0363988040159848,0.0445941443570367,0.6781176158233881,5,cnn
3C,level_3,MNAR,0.3,30.0,knn,baseline,0.0359543952856267,0.0434573375120687,0.694319476302949,5,cnn
3C,level_3,MNAR,0.35,35.0,knn,baseline,0.0360881646870228,0.0442846532204644,0.682569951759139,5,cnn
3C,level_3,MNAR,0.4,40.0,knn,baseline,0.0362113086933773,0.0442967633240454,0.6823963188596788,5,cnn
3C,level_3,MNAR,0.45,45.0,knn,baseline,0.0357117278059457,0.0444468053221811,0.6802411005555877,5,cnn
3C,level_3,MNAR,0.5,50.0,knn,baseline,0.0357024954154702,0.0450730422475609,0.6711670844770712,5,cnn
3C,level_3,MNAR,0.55,55.00000000000001,knn,baseline,0.0364273576608009,0.0456970305932603,0.6619993779780888,5,cnn
3C,level_3,MNAR,0.6000000000000001,60.00000000000001,knn,baseline,0.035597970610382,0.0437519318526912,0.6901610540502194,5,cnn
3C,level_3,MNAR,0.65,65.0,knn,baseline,0.0351711143842583,0.0434676985307176,0.6941736993482436,5,cnn
3C,level_3,MNAR,0.7000000000000001,70.0,knn,baseline,0.0348985964103981,0.0448311810538792,0.6746866400265646,5,cnn
3C,level_3,MNAR,0.75,75.0,knn,baseline,0.0361301075917167,0.0451817478559193,0.6695790360202178,5,cnn
3C,level_3,MNAR,0.8,80.0,knn,baseline,0.0366148791885804,0.0445900417574811,0.678176838566675,5,cnn
3C,level_3,MNAR,0.8500000000000001,85.00000000000001,knn,baseline,0.0371697300205594,0.0450877362874674,0.6709526471392921,5,cnn
3C,level_3,MNAR,0.9,90.0,knn,baseline,0.0366508223419103,0.0463357352650551,0.6524849188335339,5,cnn
3C,level_3,MNAR,0.95,95.0,knn,baseline,0.036152185902451,0.0445535123353063,0.6787039158349164,5,cnn
3C,level_3,MCAR,0.0,0.0,knn,baseline,0.0644352712415183,0.0786717869449082,0.03573572463773,4,cnn
3C,level_3,MCAR,0.05,5.0,knn,baseline,0.0645771087555952,0.078510865202433,0.0396764610456934,4,cnn
3C,level_3,MCAR,0.1,10.0,knn,baseline,0.064865259555294,0.0787570145816425,0.0336453569536688,4,cnn
3C,level_3,MCAR,0.15,15.0,knn,baseline,0.0647889474006661,0.0788718956898476,0.030824100685617,4,cnn
3C,level_3,MCAR,0.2,20.0,knn,baseline,0.0658599688407544,0.0800230630285783,0.0023266096898079,4,cnn
3C,level_3,MCAR,0.25,25.0,knn,baseline,0.0648679429808352,0.0773766317984116,0.0672232996648498,4,cnn
3C,level_3,MCAR,0.3,30.0,knn,baseline,0.0638790879820542,0.0782168028446868,0.0468567703761658,4,cnn
3C,level_3,MCAR,0.35,35.0,knn,baseline,0.0653591170048636,0.0785626292355676,0.0384097164514994,4,cnn
3C,level_3,MCAR,0.4,40.0,knn,baseline,0.0636914662574101,0.077992672084848,0.0523114203053595,4,cnn
3C,level_3,MCAR,0.45,45.0,knn,baseline,0.064098733684906,0.0762739777805011,0.0936189033661439,4,cnn
3C,level_3,MCAR,0.5,50.0,knn,baseline,0.0660453603193083,0.0794572913637899,0.0163840559732094,4,cnn
3C,level_3,MCAR,0.55,55.00000000000001,knn,baseline,0.0614296620409079,0.0742908690612242,0.140137666416555,4,cnn
3C,level_3,MCAR,0.6000000000000001,60.00000000000001,knn,baseline,0.0627194712771566,0.076085128658669,0.0981016215210253,4,cnn
3C,level_3,MCAR,0.65,65.0,knn,baseline,0.0589477306651966,0.0720225965970888,0.1918432644335569,4,cnn
3C,level_3,MCAR,0.7000000000000001,70.0,knn,baseline,0.0624165351172223,0.0751805766636776,0.119418914790887,4,cnn
3C,level_3,MCAR,0.75,75.0,knn,baseline,0.0587415606592336,0.071491002131299,0.2037291502371027,4,cnn
3C,level_3,MCAR,0.8,80.0,knn,baseline,0.060686118311095,0.0753779256192906,0.1147897977047928,4,cnn
3C,level_3,MCAR,0.8500000000000001,85.00000000000001,knn,baseline,0.0643568136499151,0.0826746922054228,-0.0648862536890715,4,cnn
3C,level_3,MCAR,0.9,90.0,knn,baseline,0.075248723204982,0.095010246266072,-0.4063678670315607,4,cnn
3C,level_3,MCAR,0.95,95.0,knn,baseline,0.1148048713286974,0.1392932925185825,-2.0228629353273853,4,cnn
3C,level_3,MAR,0.0,0.0,knn,baseline,0.0644352712415183,0.0786717869449082,0.03573572463773,4,cnn
3C,level_3,MAR,0.05,5.0,knn,baseline,0.0643688883251614,0.0784779998561046,0.0404802927110169,4,cnn
3C,level_3,MAR,0.1,10.0,knn,baseline,0.0653865187798245,0.0793441957548549,0.01918212456024,4,cnn
3C,level_3,MAR,0.15,15.0,knn,baseline,0.0644049430649643,0.0789859481595685,0.0280191262463896,4,cnn
3C,level_3,MAR,0.2,20.0,knn,baseline,0.0652911458072024,0.0795807168372978,0.0133258708070609,4,cnn
3C,level_3,MAR,0.25,25.0,knn,baseline,0.0651258905774953,0.0797491131502319,0.0091457607295866,4,cnn
3C,level_3,MAR,0.3,30.0,knn,baseline,0.0646800962662105,0.0787033030235296,0.0349629974121694,4,cnn
3C,level_3,MAR,0.35,35.0,knn,baseline,0.0640374540691108,0.0785874086058242,0.0378030320870731,4,cnn
3C,level_3,MAR,0.4,40.0,knn,baseline,0.0655879166056808,0.0793592882441942,0.0188089557086102,4,cnn
3C,level_3,MAR,0.45,45.0,knn,baseline,0.0653906974298668,0.0793612353363509,0.0187608077761948,4,cnn
3C,level_3,MAR,0.5,50.0,knn,baseline,0.0636440227913882,0.0776866805905035,0.0597330352666698,4,cnn
3C,level_3,MAR,0.55,55.00000000000001,knn,baseline,0.0675084484752585,0.0844293107181743,-0.1105664128121814,4,cnn
3C,level_3,MAR,0.6000000000000001,60.00000000000001,knn,baseline,0.0674455220635011,0.0842852917239616,-0.1067808496748345,4,cnn
3C,level_3,MAR,0.65,65.0,knn,baseline,0.0664647716946072,0.0828910600724326,-0.0704673731433025,4,cnn
3C,level_3,MAR,0.7000000000000001,70.0,knn,baseline,0.0652787607906962,0.0803279025811432,-0.0052889344995812,4,cnn
3C,level_3,MAR,0.75,75.0,knn,baseline,0.067157647825239,0.0828997387053351,-0.0706915391678575,4,cnn
3C,level_3,MAR,0.8,80.0,knn,baseline,0.0683195360095241,0.0832616468117005,-0.0800603929973864,4,cnn
3C,level_3,MAR,0.8500000000000001,85.00000000000001,knn,baseline,0.0674526397330604,0.08184544098188,-0.0436311503472355,4,cnn
3C,level_3,MAR,0.9,90.0,knn,baseline,0.0675202528831128,0.0805120005438354,-0.0099021190905954,4,cnn
3C,level_3,MAR,0.95,95.0,knn,baseline,0.0705783298733165,0.0865744334871393,-0.167716358188966,4,cnn
3C,level_3,MNAR,0.0,0.0,knn,baseline,0.0644352712415183,0.0786717869449082,0.03573572463773,4,cnn
3C,level_3,MNAR,0.05,5.0,knn,baseline,0.0643211240531814,0.0782680731756519,0.0456068091582642,4,cnn
3C,level_3,MNAR,0.1,10.0,knn,baseline,0.06433917257418,0.0785681211861029,0.03827527108201,4,cnn
3C,level_3,MNAR,0.15,15.0,knn,baseline,0.0644572415511327,0.0780674362278336,0.0504936319759511,4,cnn
3C,level_3,MNAR,0.2,20.0,knn,baseline,0.0637330300630489,0.0773672084214447,0.0674504837907523,4,cnn
3C,level_3,MNAR,0.25,25.0,knn,baseline,0.0650596292427828,0.078476647759561,0.0405133555338732,4,cnn
3C,level_3,MNAR,0.3,30.0,knn,baseline,0.0641438915372023,0.0778222031703357,0.0564496268143711,4,cnn
3C,level_3,MNAR,0.35,35.0,knn,baseline,0.0641111421883427,0.0773260401899314,0.0684426664181319,4,cnn
3C,level_3,MNAR,0.4,40.0,knn,baseline,0.0641706062530879,0.0772552557783996,0.0701473846946674,4,cnn
3C,level_3,MNAR,0.45,45.0,knn,baseline,0.0626728658542406,0.0758985805162397,0.1025188108629243,4,cnn
3C,level_3,MNAR,0.5,50.0,knn,baseline,0.0641282768403827,0.0779352531295568,0.0537063015475112,4,cnn
3C,level_3,MNAR,0.55,55.00000000000001,knn,baseline,0.0633578831663409,0.0760211686354241,0.0996173236297527,4,cnn
3C,level_3,MNAR,0.6000000000000001,60.00000000000001,knn,baseline,0.0623384100513808,0.0749041626668373,0.1258822192387285,4,cnn
3C,level_3,MNAR,0.65,65.0,knn,baseline,0.0634538559939354,0.0768454859021303,0.0799852937844388,4,cnn
3C,level_3,MNAR,0.7000000000000001,70.0,knn,baseline,0.0669714636303717,0.0818134687113513,-0.042815937190731,4,cnn
3C,level_3,MNAR,0.75,75.0,knn,baseline,0.0638987224490382,0.0762571288254306,0.0940192990992514,4,cnn
3C,level_3,MNAR,0.8,80.0,knn,baseline,0.0643817067974465,0.0782224837095267,0.0467183122879578,4,cnn
3C,level_3,MNAR,0.8500000000000001,85.00000000000001,knn,baseline,0.0637770014086973,0.0768086211131489,0.080867792278003,4,cnn
3C,level_3,MNAR,0.9,90.0,knn,baseline,0.0669216025351449,0.0807676925917414,-0.0163268502196141,4,cnn
3C,level_3,MNAR,0.95,95.0,knn,baseline,0.0654857594593957,0.0780547655655691,0.0508018244505242,4,cnn
3C,level_3,MCAR,0.0,0.0,knn,mim,0.0185770361733743,0.0270937526590151,0.8870237831528299,7,cnn
3C,level_3,MCAR,0.05,5.0,knn,mim,0.0202285950337596,0.0278488839878191,0.8806384922204981,7,cnn
3C,level_3,MCAR,0.1,10.0,knn,mim,0.0223688004025261,0.0293567698906758,0.8673628316689046,7,cnn
3C,level_3,MCAR,0.15,15.0,knn,mim,0.0240816896434126,0.0306454201185112,0.85546272481713,7,cnn
3C,level_3,MCAR,0.2,20.0,knn,mim,0.0281235315472691,0.0341095521764241,0.820939109745902,7,cnn
3C,level_3,MCAR,0.25,25.0,knn,mim,0.0301071854442672,0.0365920937619354,0.7939259889483932,7,cnn
3C,level_3,MCAR,0.3,30.0,knn,mim,0.0323485636951495,0.0379824870199135,0.7779680360795889,7,cnn
3C,level_3,MCAR,0.35,35.0,knn,mim,0.0356435582651762,0.042126446699803,0.7268769451082082,7,cnn
3C,level_3,MCAR,0.4,40.0,knn,mim,0.0371573732382806,0.043805026258034,0.7046774605788826,7,cnn
3C,level_3,MCAR,0.45,45.0,knn,mim,0.0389450169839445,0.0461610336104972,0.672055951611211,7,cnn
3C,level_3,MCAR,0.5,50.0,knn,mim,0.0419624072395762,0.0501024031935908,0.613663430331753,7,cnn
3C,level_3,MCAR,0.55,55.00000000000001,knn,mim,0.044680911817696,0.0542452665918735,0.5471312014356202,7,cnn
3C,level_3,MCAR,0.6000000000000001,60.00000000000001,knn,mim,0.0489455082637344,0.0579898733226992,0.4824491522817691,7,cnn
3C,level_3,MCAR,0.65,65.0,knn,mim,0.0518537386070242,0.0618407011916013,0.4114308228951288,7,cnn
3C,level_3,MCAR,0.7000000000000001,70.0,knn,mim,0.0537941686981308,0.0646729793916231,0.3562837958997354,7,cnn
3C,level_3,MCAR,0.75,75.0,knn,mim,0.055550743325514,0.0662556791403292,0.3243917811855036,7,cnn
3C,level_3,MCAR,0.8,80.0,knn,mim,0.0617461606402469,0.0723952379763982,0.1933805233257769,7,cnn
3C,level_3,MCAR,0.8500000000000001,85.00000000000001,knn,mim,0.0599185419473949,0.0697481846761999,0.2512884690846165,7,cnn
3C,level_3,MCAR,0.9,90.0,knn,mim,0.0650817096359145,0.0746828952653792,0.141597455381118,7,cnn
3C,level_3,MCAR,0.95,95.0,knn,mim,0.0612348625657147,0.0715300246520383,0.2125455281884274,7,cnn
3C,level_3,MAR,0.0,0.0,knn,mim,0.0185770361733743,0.0270937526590151,0.8870237831528299,7,cnn
3C,level_3,MAR,0.05,5.0,knn,mim,0.0192255336218115,0.0267939954771279,0.8895098244402799,7,cnn
3C,level_3,MAR,0.1,10.0,knn,mim,0.0198075566912312,0.0272380520528508,0.8858171719813706,7,cnn
3C,level_3,MAR,0.15,15.0,knn,mim,0.0211662101153052,0.0287077450426169,0.8731627360095111,7,cnn
3C,level_3,MAR,0.2,20.0,knn,mim,0.0215695033011933,0.0279072139800088,0.8801379588986027,7,cnn
3C,level_3,MAR,0.25,25.0,knn,mim,0.0221627397235365,0.0282859506359305,0.8768625197518165,7,cnn
3C,level_3,MAR,0.3,30.0,knn,mim,0.0238870067752958,0.0302095875069261,0.859544647261702,7,cnn
3C,level_3,MAR,0.35,35.0,knn,mim,0.0248985716091929,0.0310677099779603,0.8514518700974405,7,cnn
3C,level_3,MAR,0.4,40.0,knn,mim,0.0258299409915526,0.0315813092189195,0.8464997934992797,7,cnn
3C,level_3,MAR,0.45,45.0,knn,mim,0.0262744414406672,0.0317600389981721,0.844757453422604,7,cnn
3C,level_3,MAR,0.5,50.0,knn,mim,0.0279233964235813,0.0332236216311617,0.8301198450386279,7,cnn
3C,level_3,MAR,0.55,55.00000000000001,knn,mim,0.0283822720897714,0.0343753843768067,0.8181372180246007,7,cnn
3C,level_3,MAR,0.6000000000000001,60.00000000000001,knn,mim,0.0316560811605151,0.039528654774606,0.7595234271990757,7,cnn
3C,level_3,MAR,0.65,65.0,knn,mim,0.0343457207931303,0.0447752452253024,0.6914506397147213,7,cnn
3C,level_3,MAR,0.7000000000000001,70.0,knn,mim,0.037025284678827,0.0514013351436072,0.5933717906977836,7,cnn
3C,level_3,MAR,0.75,75.0,knn,mim,0.0408911967160134,0.0576851710759214,0.4878737062666162,7,cnn
3C,level_3,MAR,0.8,80.0,knn,mim,0.0441603607376742,0.0619927954319712,0.4085321473380067,7,cnn
3C,level_3,MAR,0.8500000000000001,85.00000000000001,knn,mim,0.0482892086626077,0.0716864675781553,0.2090972867462891,7,cnn
3C,level_3,MAR,0.9,90.0,knn,mim,0.0560845223289301,0.0821106280654567,-0.037641785476431,7,cnn
3C,level_3,MAR,0.95,95.0,knn,mim,0.0605156209862944,0.0881842819368229,-0.1968261507414228,7,cnn
3C,level_3,MNAR,0.0,0.0,knn,mim,0.0185770361733743,0.0270937526590151,0.8870237831528299,7,cnn
3C,level_3,MNAR,0.05,5.0,knn,mim,0.0196596884129335,0.0274999261373257,0.8836110476810048,7,cnn
3C,level_3,MNAR,0.1,10.0,knn,mim,0.0211374712146879,0.0282529514191217,0.8771496637263001,7,cnn
3C,level_3,MNAR,0.15,15.0,knn,mim,0.0226202827288145,0.0296655256969726,0.8645581735175335,7,cnn
3C,level_3,MNAR,0.2,20.0,knn,mim,0.0226217671804662,0.0291502174141581,0.8692227198995299,7,cnn
3C,level_3,MNAR,0.25,25.0,knn,mim,0.0253457435795738,0.0317078350183897,0.8452673783796474,7,cnn
3C,level_3,MNAR,0.3,30.0,knn,mim,0.0275554350252587,0.0335901881815197,0.8263504836875567,7,cnn
3C,level_3,MNAR,0.35,35.0,knn,mim,0.0285541339865323,0.0343094642164713,0.8188340497329841,7,cnn
3C,level_3,MNAR,0.4,40.0,knn,mim,0.0281638258322461,0.0341905506386095,0.82008768388884,7,cnn
3C,level_3,MNAR,0.45,45.0,knn,mim,0.0309711826241729,0.0372798700460601,0.7861065508666392,7,cnn
3C,level_3,MNAR,0.5,50.0,knn,mim,0.034663349371862,0.0410344375592231,0.7408533050374162,7,cnn
3C,level_3,MNAR,0.55,55.00000000000001,knn,mim,0.0343928522789743,0.0413643788236492,0.7366691640311003,7,cnn
3C,level_3,MNAR,0.6000000000000001,60.00000000000001,knn,mim,0.0373283931501864,0.0448491410397567,0.690431356813098,7,cnn
3C,level_3,MNAR,0.65,65.0,knn,mim,0.0384260613384448,0.0462154339187149,0.6712825387044754,7,cnn
3C,level_3,MNAR,0.7000000000000001,70.0,knn,mim,0.0398099764793727,0.0479083267589703,0.6467593215796421,7,cnn
3C,level_3,MNAR,0.75,75.0,knn,mim,0.0405248226141174,0.0483615442336159,0.6400443258539128,7,cnn
3C,level_3,MNAR,0.8,80.0,knn,mim,0.0415419760689506,0.0497637543825503,0.6188683807851899,7,cnn
3C,level_3,MNAR,0.8500000000000001,85.00000000000001,knn,mim,0.0445256192731689,0.0534091651583223,0.5609840658999878,7,cnn
3C,level_3,MNAR,0.9,90.0,knn,mim,0.0437918053444776,0.0517457983635116,0.5879035361306599,7,cnn
3C,level_3,MNAR,0.95,95.0,knn,mim,0.046950624213269,0.0559730370675755,0.5178230467335905,7,cnn
3C,level_3,MCAR,0.0,0.0,knn,mim,0.0253885624617267,0.0312930842911757,0.8278058820397988,9,cnn
3C,level_3,MCAR,0.05,5.0,knn,mim,0.0255207397932138,0.0319671331136607,0.8203079136231264,9,cnn
3C,level_3,MCAR,0.1,10.0,knn,mim,0.0255221723732373,0.0326433460313003,0.8126253176054691,9,cnn
3C,level_3,MCAR,0.15,15.0,knn,mim,0.0255208185265813,0.0325422236925129,0.8137844155707104,9,cnn
3C,level_3,MCAR,0.2,20.0,knn,mim,0.0257127887385393,0.0336121122405767,0.8013387414413542,9,cnn
3C,level_3,MCAR,0.25,25.0,knn,mim,0.0265633422680216,0.0344588313603454,0.7912037657867681,9,cnn
3C,level_3,MCAR,0.3,30.0,knn,mim,0.0275402216674588,0.03596304089755,0.7725769989879085,9,cnn
3C,level_3,MCAR,0.35,35.0,knn,mim,0.0287048239922128,0.0360750426565073,0.7711582401949929,9,cnn
3C,level_3,MCAR,0.4,40.0,knn,mim,0.0310589469127339,0.0398698745538456,0.7204810149587912,9,cnn
3C,level_3,MCAR,0.45,45.0,knn,mim,0.0316685083662082,0.0404388321206684,0.712446418262602,9,cnn
3C,level_3,MCAR,0.5,50.0,knn,mim,0.0334366447694476,0.0422960941754368,0.6854265241663133,9,cnn
3C,level_3,MCAR,0.55,55.00000000000001,knn,mim,0.0348284721543602,0.0438334912476077,0.6621423961317597,9,cnn
3C,level_3,MCAR,0.6000000000000001,60.00000000000001,knn,mim,0.03802421387093,0.0462839038958355,0.6233122139954244,9,cnn
3C,level_3,MCAR,0.65,65.0,knn,mim,0.0410386507449138,0.0505149889661588,0.5512937723563591,9,cnn
3C,level_3,MCAR,0.7000000000000001,70.0,knn,mim,0.0423238574325615,0.0512806796972019,0.5375879764141909,9,cnn
3C,level_3,MCAR,0.75,75.0,knn,mim,0.0447188883357577,0.0538985800940568,0.4891702043791139,9,cnn
3C,level_3,MCAR,0.8,80.0,knn,mim,0.0474869661173358,0.0569755412302593,0.4291809071495907,9,cnn
3C,level_3,MCAR,0.8500000000000001,85.00000000000001,knn,mim,0.0465222952980239,0.0552733913672247,0.4627779912379626,9,cnn
3C,level_3,MCAR,0.9,90.0,knn,mim,0.0449863530028232,0.0542898636770604,0.4817264150620221,9,cnn
3C,level_3,MCAR,0.95,95.0,knn,mim,0.0388953215901169,0.0508488742840627,0.5453426065739381,9,cnn
3C,level_3,MAR,0.0,0.0,knn,mim,0.0253885624617267,0.0312930842911757,0.8278058820397988,9,cnn
3C,level_3,MAR,0.05,5.0,knn,mim,0.0254818152547164,0.0316009154833202,0.8244014598600035,9,cnn
3C,level_3,MAR,0.1,10.0,knn,mim,0.0253083641737629,0.0313121093820125,0.8275964425001149,9,cnn
3C,level_3,MAR,0.15,15.0,knn,mim,0.0258498870576808,0.0326080765332537,0.8130299967613379,9,cnn
3C,level_3,MAR,0.2,20.0,knn,mim,0.0256616498144524,0.0332585396661064,0.8054962743937057,9,cnn
3C,level_3,MAR,0.25,25.0,knn,mim,0.0258549526070308,0.0336951950226687,0.8003554215617104,9,cnn
3C,level_3,MAR,0.3,30.0,knn,mim,0.0255478090743928,0.0338812149139415,0.7981449950838138,9,cnn
3C,level_3,MAR,0.35,35.0,knn,mim,0.0259369904932964,0.0350178470033964,0.7843743338646526,9,cnn
3C,level_3,MAR,0.4,40.0,knn,mim,0.0269558135927709,0.0358080141778381,0.7745334882135974,9,cnn
3C,level_3,MAR,0.45,45.0,knn,mim,0.0268233655868692,0.0364243968824206,0.7667045272450256,9,cnn
3C,level_3,MAR,0.5,50.0,knn,mim,0.0269086495133438,0.0375427516169445,0.7521586462709142,9,cnn
3C,level_3,MAR,0.55,55.00000000000001,knn,mim,0.028948306637171,0.0404385993194085,0.7124497290725296,9,cnn
3C,level_3,MAR,0.6000000000000001,60.00000000000001,knn,mim,0.0308387639212551,0.0441691266731894,0.6569485992954405,9,cnn
3C,level_3,MAR,0.65,65.0,knn,mim,0.0304637751613102,0.044548241024528,0.6510343388617099,9,cnn
3C,level_3,MAR,0.7000000000000001,70.0,knn,mim,0.0323785648909584,0.0478232052640253,0.5978399433585382,9,cnn
3C,level_3,MAR,0.75,75.0,knn,mim,0.0342315784098126,0.0521409340431483,0.5219435459380699,9,cnn
3C,level_3,MAR,0.8,80.0,knn,mim,0.0338241708971929,0.0540368897915028,0.4865451494822399,9,cnn
3C,level_3,MAR,0.8500000000000001,85.00000000000001,knn,mim,0.0376242012752145,0.0598101383440845,0.3709702496028489,9,cnn
3C,level_3,MAR,0.9,90.0,knn,mim,0.038980096092179,0.0632543591352495,0.2964378096352905,9,cnn
3C,level_3,MAR,0.95,95.0,knn,mim,0.0411390018846408,0.0667457850057016,0.2166258026859705,9,cnn
3C,level_3,MNAR,0.0,0.0,knn,mim,0.0253885624617267,0.0312930842911757,0.8278058820397988,9,cnn
3C,level_3,MNAR,0.05,5.0,knn,mim,0.0254112133979797,0.0316615321438414,0.823727149907532,9,cnn
3C,level_3,MNAR,0.1,10.0,knn,mim,0.0250152597867005,0.0307398152642125,0.833840920082425,9,cnn
3C,level_3,MNAR,0.15,15.0,knn,mim,0.0252345917591248,0.0319325085969776,0.8206969620962463,9,cnn
3C,level_3,MNAR,0.2,20.0,knn,mim,0.0257021600811194,0.0326964803240228,0.812014833371959,9,cnn
3C,level_3,MNAR,0.25,25.0,knn,mim,0.0253431939436188,0.0320024626932347,0.8199105083291434,9,cnn
3C,level_3,MNAR,0.3,30.0,knn,mim,0.0253764806537763,0.0326630256863751,0.8123993248015577,9,cnn
3C,level_3,MNAR,0.35,35.0,knn,mim,0.0259031653111144,0.0341943072203734,0.7943971213659217,9,cnn
3C,level_3,MNAR,0.4,40.0,knn,mim,0.0257196159306429,0.0335091847477339,0.8025535652818762,9,cnn
3C,level_3,MNAR,0.45,45.0,knn,mim,0.0267650309747556,0.0353356410999506,0.7804428813715382,9,cnn
3C,level_3,MNAR,0.5,50.0,knn,mim,0.0269571620431633,0.0362648570966279,0.7687437317811183,9,cnn
3C,level_3,MNAR,0.55,55.00000000000001,knn,mim,0.0285888964380214,0.0379740269648621,0.7464317454518163,9,cnn
3C,level_3,MNAR,0.6000000000000001,60.00000000000001,knn,mim,0.0274232959702223,0.0366622984891,0.7636470919626585,9,cnn
3C,level_3,MNAR,0.65,65.0,knn,mim,0.0298264690662952,0.0403428321548024,0.7138100762078565,9,cnn
3C,level_3,MNAR,0.7000000000000001,70.0,knn,mim,0.0308522568380297,0.0400660311671048,0.7177238266582653,9,cnn
3C,level_3,MNAR,0.75,75.0,knn,mim,0.0324471879693069,0.0440427772275767,0.6589084460253971,9,cnn
3C,level_3,MNAR,0.8,80.0,knn,mim,0.032351901455692,0.0430080075668783,0.6747478177033224,9,cnn
3C,level_3,MNAR,0.8500000000000001,85.00000000000001,knn,mim,0.0333423338026583,0.044038383692928,0.658976494541317,9,cnn
3C,level_3,MNAR,0.9,90.0,knn,mim,0.0339558937318499,0.0452435952639031,0.6400552946936249,9,cnn
3C,level_3,MNAR,0.95,95.0,knn,mim,0.0340422422057347,0.0456507897851172,0.6335470997373819,9,cnn
3C,level_3,MCAR,0.0,0.0,knn,mim,0.030984724412595,0.0378966653425831,0.7344314814878609,1,cnn
3C,level_3,MCAR,0.05,5.0,knn,mim,0.0303466203003495,0.037632755502696,0.7381174051414121,1,cnn
3C,level_3,MCAR,0.1,10.0,knn,mim,0.0316126139455731,0.0386395554102228,0.7239175252947827,1,cnn
3C,level_3,MCAR,0.15,15.0,knn,mim,0.0311807049007439,0.0380424947773827,0.73238369072424,1,cnn
3C,level_3,MCAR,0.2,20.0,knn,mim,0.0326842020279986,0.0400646070391484,0.7031778048472495,1,cnn
3C,level_3,MCAR,0.25,25.0,knn,mim,0.0345613545558066,0.0416864503511611,0.6786602660858461,1,cnn
3C,level_3,MCAR,0.3,30.0,knn,mim,0.0352405483849411,0.0426753164365931,0.6632341091011006,1,cnn
3C,level_3,MCAR,0.35,35.0,knn,mim,0.0376604275190638,0.0442429891761448,0.6380375488937222,1,cnn
3C,level_3,MCAR,0.4,40.0,knn,mim,0.0398296360798612,0.0472528829887317,0.5871129903128358,1,cnn
3C,level_3,MCAR,0.45,45.0,knn,mim,0.0428718039945265,0.0499920639692154,0.5378566241652942,1,cnn
3C,level_3,MCAR,0.5,50.0,knn,mim,0.0444063955325868,0.0515174248063069,0.5092244827660942,1,cnn
3C,level_3,MCAR,0.55,55.00000000000001,knn,mim,0.0474064498495849,0.0545882580906727,0.448972758251845,1,cnn
3C,level_3,MCAR,0.6000000000000001,60.00000000000001,knn,mim,0.0505131387050425,0.0577289177453269,0.3837436189552969,1,cnn
3C,level_3,MCAR,0.65,65.0,knn,mim,0.0540181885555441,0.0617079085548902,0.2958644809324677,1,cnn
3C,level_3,MCAR,0.7000000000000001,70.0,knn,mim,0.0566425572691211,0.0636887474375554,0.249933078590805,1,cnn
3C,level_3,MCAR,0.75,75.0,knn,mim,0.0613210050019404,0.0692416679427931,0.1134369242356269,1,cnn
3C,level_3,MCAR,0.8,80.0,knn,mim,0.0611638986637035,0.0683759990234582,0.1354662199951311,1,cnn
3C,level_3,MCAR,0.8500000000000001,85.00000000000001,knn,mim,0.0629031746325593,0.0712559317734609,0.0611058250718066,1,cnn
3C,level_3,MCAR,0.9,90.0,knn,mim,0.0617557403260314,0.0698931086328178,0.0966764935454782,1,cnn
3C,level_3,MCAR,0.95,95.0,knn,mim,0.0578973850750068,0.0684446009281009,0.1337305695596027,1,cnn
3C,level_3,MAR,0.0,0.0,knn,mim,0.030984724412595,0.0378966653425831,0.7344314814878609,1,cnn
3C,level_3,MAR,0.05,5.0,knn,mim,0.0310970206632012,0.0380743805379719,0.731934891259499,1,cnn
3C,level_3,MAR,0.1,10.0,knn,mim,0.0308835904848737,0.0381358993991669,0.731067936486392,1,cnn
3C,level_3,MAR,0.15,15.0,knn,mim,0.0316066064103719,0.0388010599056905,0.7216047789239532,1,cnn
3C,level_3,MAR,0.2,20.0,knn,mim,0.0311134266175504,0.037989866466455,0.7331236239131187,1,cnn
3C,level_3,MAR,0.25,25.0,knn,mim,0.0321632641048455,0.0387017006840363,0.7230287460080583,1,cnn
3C,level_3,MAR,0.3,30.0,knn,mim,0.0324645139001061,0.0400996799428593,0.7026578959439176,1,cnn
3C,level_3,MAR,0.35,35.0,knn,mim,0.0336630907824956,0.0409548459600152,0.6898404261694586,1,cnn
3C,level_3,MAR,0.4,40.0,knn,mim,0.0350717360292583,0.0427108850143026,0.662672506913772,1,cnn
3C,level_3,MAR,0.45,45.0,knn,mim,0.0352758518143548,0.0432654966920348,0.6538550616701924,1,cnn
3C,level_3,MAR,0.5,50.0,knn,mim,0.035856688936797,0.044481165368448,0.6341299064758907,1,cnn
3C,level_3,MAR,0.55,55.00000000000001,knn,mim,0.0386325046907101,0.0468544911259375,0.5940457909631127,1,cnn
3C,level_3,MAR,0.6000000000000001,60.00000000000001,knn,mim,0.0382071109236539,0.0472828318638684,0.5865894489183857,1,cnn
3C,level_3,MAR,0.65,65.0,knn,mim,0.0439533378862774,0.0568099837700787,0.4032067147472797,1,cnn
3C,level_3,MAR,0.7000000000000001,70.0,knn,mim,0.0433999988452171,0.055532455575169,0.429745982809616,1,cnn
3C,level_3,MAR,0.75,75.0,knn,mim,0.043055414304745,0.0568478357677665,0.4024111734619833,1,cnn
3C,level_3,MAR,0.8,80.0,knn,mim,0.0464362115188051,0.0619719283167217,0.2898262469723724,1,cnn
3C,level_3,MAR,0.8500000000000001,85.00000000000001,knn,mim,0.0498836729547149,0.069522875087655,0.1062212077905597,1,cnn
3C,level_3,MAR,0.9,90.0,knn,mim,0.0515680302995981,0.0728854389939914,0.017672854397002,1,cnn
3C,level_3,MAR,0.95,95.0,knn,mim,0.053777497423594,0.076797467862814,-0.0906072977386418,1,cnn
3C,level_3,MNAR,0.0,0.0,knn,mim,0.030984724412595,0.0378966653425831,0.7344314814878609,1,cnn
3C,level_3,MNAR,0.05,5.0,knn,mim,0.0311342430668796,0.0377419661118823,0.7365952281660475,1,cnn
3C,level_3,MNAR,0.1,10.0,knn,mim,0.0317411174609133,0.0382517483576197,0.7294315349896763,1,cnn
3C,level_3,MNAR,0.15,15.0,knn,mim,0.031900685943396,0.0390949384993288,0.7173716870087126,1,cnn
3C,level_3,MNAR,0.2,20.0,knn,mim,0.0321543070294506,0.0385954571826583,0.7245473358772241,1,cnn
3C,level_3,MNAR,0.25,25.0,knn,mim,0.034042241121252,0.0411725294437639,0.6865345390462673,1,cnn
3C,level_3,MNAR,0.3,30.0,knn,mim,0.0351758793782539,0.0416906772509505,0.678595096722431,1,cnn
3C,level_3,MNAR,0.35,35.0,knn,mim,0.0360695203962667,0.0428621109512581,0.6602795349037311,1,cnn
3C,level_3,MNAR,0.4,40.0,knn,mim,0.0396295406650406,0.0468803932633456,0.5935968270354688,1,cnn
3C,level_3,MNAR,0.45,45.0,knn,mim,0.040689579545199,0.0480070814517459,0.5738277120340567,1,cnn
3C,level_3,MNAR,0.5,50.0,knn,mim,0.0426516639216721,0.0512025542109323,0.5152053150643359,1,cnn
3C,level_3,MNAR,0.55,55.00000000000001,knn,mim,0.0458876230112554,0.0539010554667989,0.4627590151813093,1,cnn
3C,level_3,MNAR,0.6000000000000001,60.00000000000001,knn,mim,0.049495454850686,0.0585432182786554,0.36623568225224,1,cnn
3C,level_3,MNAR,0.65,65.0,knn,mim,0.0497989121296791,0.0586254323958768,0.3644544012989865,1,cnn
3C,level_3,MNAR,0.7000000000000001,70.0,knn,mim,0.0529209591803061,0.0610237236235787,0.3113920908571527,1,cnn
3C,level_3,MNAR,0.75,75.0,knn,mim,0.0538681838055623,0.0636085268109951,0.251821416673599,1,cnn
3C,level_3,MNAR,0.8,80.0,knn,mim,0.0583374259969949,0.0690941251357637,0.1172111441658529,1,cnn
3C,level_3,MNAR,0.8500000000000001,85.00000000000001,knn,mim,0.0586226549337172,0.0700548535902392,0.0924907566454422,1,cnn
3C,level_3,MNAR,0.9,90.0,knn,mim,0.0582861326733979,0.0676619057101188,0.1534296596085449,1,cnn
3C,level_3,MNAR,0.95,95.0,knn,mim,0.0655600730356091,0.0768300829472079,-0.0915338335529987,1,cnn
3C,level_3,MCAR,0.0,0.0,knn,mim,0.0180379410847395,0.0246898800951422,0.9110455087660908,2,cnn
3C,level_3,MCAR,0.05,5.0,knn,mim,0.0180460977954679,0.0244174244267499,0.9129979225397392,2,cnn
3C,level_3,MCAR,0.1,10.0,knn,mim,0.0180428525680361,0.0243803845810922,0.9132616767553376,2,cnn
3C,level_3,MCAR,0.15,15.0,knn,mim,0.0185051761818137,0.0249584772821658,0.9090995382183856,2,cnn
3C,level_3,MCAR,0.2,20.0,knn,mim,0.0187220866939351,0.024443594819814,0.912811326386558,2,cnn
3C,level_3,MCAR,0.25,25.0,knn,mim,0.0191035323712746,0.024831238956666,0.9100239969199672,2,cnn
3C,level_3,MCAR,0.3,30.0,knn,mim,0.0196350560583519,0.0256289734357897,0.9041499507479864,2,cnn
3C,level_3,MCAR,0.35,35.0,knn,mim,0.0204567082787997,0.0261132143792444,0.9004936979684369,2,cnn
3C,level_3,MCAR,0.4,40.0,knn,mim,0.0220114183918652,0.0280635984844966,0.8850744383773296,2,cnn
3C,level_3,MCAR,0.45,45.0,knn,mim,0.0227964014231966,0.0285529872847494,0.8810312160701994,2,cnn
3C,level_3,MCAR,0.5,50.0,knn,mim,0.0237322002057752,0.0299656413328764,0.8689680897189316,2,cnn
3C,level_3,MCAR,0.55,55.00000000000001,knn,mim,0.024794928427533,0.0305625443839311,0.8636958958255043,2,cnn
3C,level_3,MCAR,0.6000000000000001,60.00000000000001,knn,mim,0.0266372711204224,0.0329643045692408,0.8414311944939821,2,cnn
3C,level_3,MCAR,0.65,65.0,knn,mim,0.0279447677292018,0.0348854856842745,0.8224096079799029,2,cnn
3C,level_3,MCAR,0.7000000000000001,70.0,knn,mim,0.0295844934656494,0.0370176775916305,0.8000376391212831,2,cnn
3C,level_3,MCAR,0.75,75.0,knn,mim,0.0318626712782647,0.0387026742522068,0.7814192721406763,2,cnn
3C,level_3,MCAR,0.8,80.0,knn,mim,0.0328847972173865,0.041344487691375,0.7505605454259234,2,cnn
3C,level_3,MCAR,0.8500000000000001,85.00000000000001,knn,mim,0.0367055552218779,0.0465195349439607,0.6842083464169499,2,cnn
3C,level_3,MCAR,0.9,90.0,knn,mim,0.037421900612674,0.0498462759364429,0.6374270892757347,2,cnn
3C,level_3,MCAR,0.95,95.0,knn,mim,0.0600279526705377,0.079147025751816,0.085888617097623,2,cnn
3C,level_3,MAR,0.0,0.0,knn,mim,0.0180379410847395,0.0246898800951422,0.9110455087660908,2,cnn
3C,level_3,MAR,0.05,5.0,knn,mim,0.0181895964974607,0.0248616015688734,0.9098038245213684,2,cnn
3C,level_3,MAR,0.1,10.0,knn,mim,0.0182151313531257,0.024934901520768,0.909271186144901,2,cnn
3C,level_3,MAR,0.15,15.0,knn,mim,0.0183426451482865,0.0250631963085343,0.9083351504443452,2,cnn
3C,level_3,MAR,0.2,20.0,knn,mim,0.0187467967804332,0.025739800304177,0.9033191934241808,2,cnn
3C,level_3,MAR,0.25,25.0,knn,mim,0.0177506641915591,0.0239813731578745,0.9160775773846994,2,cnn
3C,level_3,MAR,0.3,30.0,knn,mim,0.0181542318968264,0.0252702983044934,0.9068140030876384,2,cnn
3C,level_3,MAR,0.35,35.0,knn,mim,0.0190713604956833,0.0264141570991952,0.898186953811688,2,cnn
3C,level_3,MAR,0.4,40.0,knn,mim,0.0192638599900819,0.0264426423495432,0.8979672433070177,2,cnn
3C,level_3,MAR,0.45,45.0,knn,mim,0.0194972998328563,0.0272786381730124,0.891413636489629,2,cnn
3C,level_3,MAR,0.5,50.0,knn,mim,0.0203229064058564,0.0276699315426168,0.8882760998954329,2,cnn
3C,level_3,MAR,0.55,55.00000000000001,knn,mim,0.0217192776529088,0.0326736721860081,0.8442149372984361,2,cnn
3C,level_3,MAR,0.6000000000000001,60.00000000000001,knn,mim,0.0226542582055082,0.0334806853094826,0.836424372009781,2,cnn
3C,level_3,MAR,0.65,65.0,knn,mim,0.0231905205719437,0.0336024118043639,0.8352327784694933,2,cnn
3C,level_3,MAR,0.7000000000000001,70.0,knn,mim,0.0238436431330423,0.0342860063930576,0.8284606650290558,2,cnn
3C,level_3,MAR,0.75,75.0,knn,mim,0.0249139383929923,0.0354334121703788,0.8167871752511185,2,cnn
3C,level_3,MAR,0.8,80.0,knn,mim,0.0258877700111709,0.0362122372953104,0.8086446390923675,2,cnn
3C,level_3,MAR,0.8500000000000001,85.00000000000001,knn,mim,0.0271735096203626,0.0402010134094211,0.7641673555850435,2,cnn
3C,level_3,MAR,0.9,90.0,knn,mim,0.0291358906886549,0.0448132407230557,0.7069493954558852,2,cnn
3C,level_3,MAR,0.95,95.0,knn,mim,0.0293743271771237,0.0428685488818152,0.7318316721930174,2,cnn
3C,level_3,MNAR,0.0,0.0,knn,mim,0.0180379410847395,0.0246898800951422,0.9110455087660908,2,cnn
3C,level_3,MNAR,0.05,5.0,knn,mim,0.0176740877985056,0.0240537224506215,0.9155704432213958,2,cnn
3C,level_3,MNAR,0.1,10.0,knn,mim,0.0174660855068457,0.0237400450647232,0.9177581262374688,2,cnn
3C,level_3,MNAR,0.15,15.0,knn,mim,0.0178753757671853,0.0239762563784995,0.9161133857354196,2,cnn
3C,level_3,MNAR,0.2,20.0,knn,mim,0.0173737371021759,0.023708486552046,0.9179766351836566,2,cnn
3C,level_3,MNAR,0.25,25.0,knn,mim,0.0173105206648679,0.0231595309425118,0.9217310627430492,2,cnn
3C,level_3,MNAR,0.3,30.0,knn,mim,0.0182432330617093,0.0246668322468389,0.9112115081701416,2,cnn
3C,level_3,MNAR,0.35,35.0,knn,mim,0.0195937661005683,0.02625569868163,0.899404841842258,2,cnn
3C,level_3,MNAR,0.4,40.0,knn,mim,0.0194346957478764,0.0253742583144541,0.90604570632312,2,cnn
3C,level_3,MNAR,0.45,45.0,knn,mim,0.0207376139623356,0.0266505500525678,0.8963564517731867,2,cnn
3C,level_3,MNAR,0.5,50.0,knn,mim,0.0220790058419316,0.0285076940363023,0.8814083541113273,2,cnn
3C,level_3,MNAR,0.55,55.00000000000001,knn,mim,0.0229177218612736,0.0295818295134275,0.8723032106317191,2,cnn
3C,level_3,MNAR,0.6000000000000001,60.00000000000001,knn,mim,0.0238983276436993,0.0319011518148863,0.8514944631073442,2,cnn
3C,level_3,MNAR,0.65,65.0,knn,mim,0.0246821086624851,0.0317663204053829,0.8527471386564903,2,cnn
3C,level_3,MNAR,0.7000000000000001,70.0,knn,mim,0.0269107742155586,0.0346822166449718,0.8244731285994064,2,cnn
3C,level_3,MNAR,0.75,75.0,knn,mim,0.0283608818536682,0.0368913615684969,0.8013999804097136,2,cnn
3C,level_3,MNAR,0.8,80.0,knn,mim,0.0286117026551804,0.0376389690043243,0.793269118631082,2,cnn
3C,level_3,MNAR,0.8500000000000001,85.00000000000001,knn,mim,0.0294573547406396,0.0378018888915075,0.7914755804037653,2,cnn
3C,level_3,MNAR,0.9,90.0,knn,mim,0.0310040160416273,0.0393639037427666,0.7738866310344457,2,cnn
3C,level_3,MNAR,0.95,95.0,knn,mim,0.0315578924318689,0.0406609478063232,0.7587402274040771,2,cnn
3C,level_3,MCAR,0.0,0.0,knn,mim,0.0291951210165322,0.0372538341541758,0.7834320523045534,8,cnn
3C,level_3,MCAR,0.05,5.0,knn,mim,0.0265263051359538,0.0354150364135726,0.8042834225121698,8,cnn
3C,level_3,MCAR,0.1,10.0,knn,mim,0.0253952706193625,0.0344341649864602,0.8149746053312301,8,cnn
3C,level_3,MCAR,0.15,15.0,knn,mim,0.0230758594401445,0.0318596437486474,0.841607702710341,8,cnn
3C,level_3,MCAR,0.2,20.0,knn,mim,0.0237584478601284,0.0321347358174616,0.8388606175076867,8,cnn
3C,level_3,MCAR,0.25,25.0,knn,mim,0.0252409736308772,0.033613130533308,0.823692758168575,8,cnn
3C,level_3,MCAR,0.3,30.0,knn,mim,0.0238517323764729,0.0324280372426201,0.8359056781255564,8,cnn
3C,level_3,MCAR,0.35,35.0,knn,mim,0.0251717343370202,0.0329378904975504,0.8307051331934765,8,cnn
3C,level_3,MCAR,0.4,40.0,knn,mim,0.0247975703211567,0.0329207687783415,0.8308810925977682,8,cnn
3C,level_3,MCAR,0.45,45.0,knn,mim,0.0263157811134991,0.0339542548207442,0.8200960766594629,8,cnn
3C,level_3,MCAR,0.5,50.0,knn,mim,0.0265992614391701,0.0339908048460589,0.8197085533827122,8,cnn
3C,level_3,MCAR,0.55,55.00000000000001,knn,mim,0.029493600252028,0.0355557757841696,0.8027247760894806,8,cnn
3C,level_3,MCAR,0.6000000000000001,60.00000000000001,knn,mim,0.0300868641926998,0.0372039395724811,0.7840117688024776,8,cnn
3C,level_3,MCAR,0.65,65.0,knn,mim,0.03272702323818,0.0390764307344882,0.761723065840043,8,cnn
3C,level_3,MCAR,0.7000000000000001,70.0,knn,mim,0.0340948986379985,0.0403904582087707,0.7454284965966428,8,cnn
3C,level_3,MCAR,0.75,75.0,knn,mim,0.0375502770081442,0.0438407194837688,0.7000785182612118,8,cnn
3C,level_3,MCAR,0.8,80.0,knn,mim,0.0358266380913322,0.0426430966483636,0.716240966248192,8,cnn
3C,level_3,MCAR,0.8500000000000001,85.00000000000001,knn,mim,0.0382487754572906,0.0450371744542109,0.6834848524081041,8,cnn
3C,level_3,MCAR,0.9,90.0,knn,mim,0.039459075140306,0.0477152519282443,0.644723346323025,8,cnn
3C,level_3,MCAR,0.95,95.0,knn,mim,0.0403838795022825,0.0551214835057966,0.5258737266944946,8,cnn
3C,level_3,MAR,0.0,0.0,knn,mim,0.0291951210165322,0.0372538341541758,0.7834320523045534,8,cnn
3C,level_3,MAR,0.05,5.0,knn,mim,0.0276934558683248,0.0363293253894703,0.7940475825457454,8,cnn
3C,level_3,MAR,0.1,10.0,knn,mim,0.0270367682433078,0.0355537743057717,0.8027469851948823,8,cnn
3C,level_3,MAR,0.15,15.0,knn,mim,0.0268483466554534,0.0353977928781927,0.8044739644099637,8,cnn
3C,level_3,MAR,0.2,20.0,knn,mim,0.0258544557388241,0.0351470104722958,0.8072346332854613,8,cnn
3C,level_3,MAR,0.25,25.0,knn,mim,0.0245469757530037,0.0329855556488974,0.8302147979547734,8,cnn
3C,level_3,MAR,0.3,30.0,knn,mim,0.0244722491963173,0.033456780702463,0.8253291125910348,8,cnn
3C,level_3,MAR,0.35,35.0,knn,mim,0.0244875108195247,0.0335801842500194,0.8240382077906538,8,cnn
3C,level_3,MAR,0.4,40.0,knn,mim,0.0257234846067329,0.0340792387578236,0.8187692041348156,8,cnn
3C,level_3,MAR,0.45,45.0,knn,mim,0.0247570928671165,0.0326297197523139,0.8338581986819288,8,cnn
3C,level_3,MAR,0.5,50.0,knn,mim,0.0252142206154188,0.0326935912504776,0.8332071289287455,8,cnn
3C,level_3,MAR,0.55,55.00000000000001,knn,mim,0.0242581938383225,0.032863844758929,0.8314654413392675,8,cnn
3C,level_3,MAR,0.6000000000000001,60.00000000000001,knn,mim,0.0255347354855069,0.034361222595745,0.8157576590247422,8,cnn
3C,level_3,MAR,0.65,65.0,knn,mim,0.0262816144748122,0.0374108889801514,0.7816021876341371,8,cnn
3C,level_3,MAR,0.7000000000000001,70.0,knn,mim,0.0265408514695774,0.0384990766775973,0.7687121307511274,8,cnn
3C,level_3,MAR,0.75,75.0,knn,mim,0.0285452047210645,0.0433173135576087,0.7071971787973053,8,cnn
3C,level_3,MAR,0.8,80.0,knn,mim,0.0311580495515795,0.050536383301594,0.6014704369621693,8,cnn
3C,level_3,MAR,0.8500000000000001,85.00000000000001,knn,mim,0.0332034547184603,0.0552800828038996,0.5231414245488101,8,cnn
3C,level_3,MAR,0.9,90.0,knn,mim,0.0354300821698533,0.0592543992220184,0.4521099346482208,8,cnn
3C,level_3,MAR,0.95,95.0,knn,mim,0.038160665510094,0.0647000719660406,0.3467765685049342,8,cnn
3C,level_3,MNAR,0.0,0.0,knn,mim,0.0291951210165322,0.0372538341541758,0.7834320523045534,8,cnn
3C,level_3,MNAR,0.05,5.0,knn,mim,0.0270385579704491,0.0359023507609605,0.7988602071770375,8,cnn
3C,level_3,MNAR,0.1,10.0,knn,mim,0.0263001872014899,0.0359002285773159,0.7988839851722863,8,cnn
3C,level_3,MNAR,0.15,15.0,knn,mim,0.0256497572886918,0.0350828351471802,0.8079379355544176,8,cnn
3C,level_3,MNAR,0.2,20.0,knn,mim,0.0259423555869896,0.0353800605515087,0.8046698106950775,8,cnn
3C,level_3,MNAR,0.25,25.0,knn,mim,0.0267187975771989,0.0358677775768365,0.7992474071596776,8,cnn
3C,level_3,MNAR,0.3,30.0,knn,mim,0.0262766744916274,0.0350621521013878,0.808164328745668,8,cnn
3C,level_3,MNAR,0.35,35.0,knn,mim,0.0261465080725126,0.0347607657244511,0.8114481071209019,8,cnn
3C,level_3,MNAR,0.4,40.0,knn,mim,0.027844157159204,0.0355920888902139,0.8023216160347134,8,cnn
3C,level_3,MNAR,0.45,45.0,knn,mim,0.0270254505701005,0.0352878609317557,0.805686536099161,8,cnn
3C,level_3,MNAR,0.5,50.0,knn,mim,0.0279009215199623,0.0359591271840837,0.7982235342235807,8,cnn
3C,level_3,MNAR,0.55,55.00000000000001,knn,mim,0.0295393319179718,0.0372054312167888,0.7839944489122752,8,cnn
3C,level_3,MNAR,0.6000000000000001,60.00000000000001,knn,mim,0.0303215113382996,0.0380489604656608,0.7740887705382042,8,cnn
3C,level_3,MNAR,0.65,65.0,knn,mim,0.0311285501611506,0.0384194224518945,0.7696682055021703,8,cnn
3C,level_3,MNAR,0.7000000000000001,70.0,knn,mim,0.0314549048340146,0.0385780779404966,0.7677619375141065,8,cnn
3C,level_3,MNAR,0.75,75.0,knn,mim,0.0323661288677526,0.0401557035406224,0.7483791032286049,8,cnn
3C,level_3,MNAR,0.8,80.0,knn,mim,0.0334379623677884,0.041283823509069,0.7340426158490774,8,cnn
3C,level_3,MNAR,0.8500000000000001,85.00000000000001,knn,mim,0.0334659568213221,0.0412358679245219,0.734660132982276,8,cnn
3C,level_3,MNAR,0.9,90.0,knn,mim,0.0350855312924793,0.0436873321816385,0.702173541754844,8,cnn
3C,level_3,MNAR,0.95,95.0,knn,mim,0.0342039993471293,0.0435626773100787,0.7038707180830452,8,cnn
3C,level_3,MCAR,0.0,0.0,knn,mim,0.0225977665529775,0.0303840332294707,0.8505718624771186,5,cnn
3C,level_3,MCAR,0.05,5.0,knn,mim,0.0224567706603661,0.030101218135073,0.8533406754009959,5,cnn
3C,level_3,MCAR,0.1,10.0,knn,mim,0.0223227847096093,0.0303077442245116,0.8513212963972209,5,cnn
3C,level_3,MCAR,0.15,15.0,knn,mim,0.0234508558545182,0.0306635547368271,0.847809852279668,5,cnn
3C,level_3,MCAR,0.2,20.0,knn,mim,0.0247415968577067,0.0321584986387069,0.8326086281584362,5,cnn
3C,level_3,MCAR,0.25,25.0,knn,mim,0.0261876946929863,0.0336092525462724,0.817165037571263,5,cnn
3C,level_3,MCAR,0.3,30.0,knn,mim,0.0281949709786309,0.0358161520094256,0.7923655614356784,5,cnn
3C,level_3,MCAR,0.35,35.0,knn,mim,0.028624538180804,0.0360980817117768,0.7890838738908752,5,cnn
3C,level_3,MCAR,0.4,40.0,knn,mim,0.0281132015341727,0.0365993738369723,0.7831852374212758,5,cnn
3C,level_3,MCAR,0.45,45.0,knn,mim,0.0318764756317224,0.0396916060620384,0.7450007615651659,5,cnn
3C,level_3,MCAR,0.5,50.0,knn,mim,0.0313483848154344,0.0385732588607267,0.759167994481919,5,cnn
3C,level_3,MCAR,0.55,55.00000000000001,knn,mim,0.0346489821347323,0.0439890700134599,0.6867932596153451,5,cnn
3C,level_3,MCAR,0.6000000000000001,60.00000000000001,knn,mim,0.0385835320561555,0.0459961373414814,0.6575601778163099,5,cnn
3C,level_3,MCAR,0.65,65.0,knn,mim,0.0408892887224653,0.0502415694114494,0.5914286280094041,5,cnn
3C,level_3,MCAR,0.7000000000000001,70.0,knn,mim,0.0411241214112133,0.0496661755294732,0.6007334042760214,5,cnn
3C,level_3,MCAR,0.75,75.0,knn,mim,0.0454797046363822,0.0536288383977866,0.5344800268087282,5,cnn
3C,level_3,MCAR,0.8,80.0,knn,mim,0.0470289785404398,0.0565046143661526,0.4832156309372247,5,cnn
3C,level_3,MCAR,0.8500000000000001,85.00000000000001,knn,mim,0.0535418284188216,0.0633583058192737,0.3502464658647991,5,cnn
3C,level_3,MCAR,0.9,90.0,knn,mim,0.0583533917533026,0.0688745676167775,0.2321801957971283,5,cnn
3C,level_3,MCAR,0.95,95.0,knn,mim,0.0685255327952563,0.083018403388719,-0.1155532151639553,5,cnn
3C,level_3,MAR,0.0,0.0,knn,mim,0.0225977665529775,0.0303840332294707,0.8505718624771186,5,cnn
3C,level_3,MAR,0.05,5.0,knn,mim,0.0221486334088943,0.0301516094145183,0.8528492310397986,5,cnn
3C,level_3,MAR,0.1,10.0,knn,mim,0.0215348976201615,0.0289719382193944,0.8641384266765568,5,cnn
3C,level_3,MAR,0.15,15.0,knn,mim,0.0218029746238631,0.0293454030729741,0.8606131842206008,5,cnn
3C,level_3,MAR,0.2,20.0,knn,mim,0.0223780772201675,0.0307192782335775,0.8472562130847889,5,cnn
3C,level_3,MAR,0.25,25.0,knn,mim,0.0219918096191286,0.0300251229283593,0.8540812411393006,5,cnn
3C,level_3,MAR,0.3,30.0,knn,mim,0.0225459496479912,0.0323515705929915,0.8305926387818063,5,cnn
3C,level_3,MAR,0.35,35.0,knn,mim,0.0216847469777236,0.0309116575867832,0.8453371079775952,5,cnn
3C,level_3,MAR,0.4,40.0,knn,mim,0.0225410324678945,0.0297649406108455,0.8565991982677826,5,cnn
3C,level_3,MAR,0.45,45.0,knn,mim,0.0229968239059619,0.0327131344491286,0.8267848573336555,5,cnn
3C,level_3,MAR,0.5,50.0,knn,mim,0.0239910988898657,0.0339487326642355,0.8134528272645191,5,cnn
3C,level_3,MAR,0.55,55.00000000000001,knn,mim,0.024066914656882,0.0341984406677451,0.8106984600038454,5,cnn
3C,level_3,MAR,0.6000000000000001,60.00000000000001,knn,mim,0.0257638195179126,0.0371678083676887,0.7763981227750045,5,cnn
3C,level_3,MAR,0.65,65.0,knn,mim,0.0260744818913281,0.0423908580246757,0.7091386919009992,5,cnn
3C,level_3,MAR,0.7000000000000001,70.0,knn,mim,0.0280648857666854,0.044121658036064,0.6849023332288223,5,cnn
3C,level_3,MAR,0.75,75.0,knn,mim,0.0317725162473993,0.0522334151200524,0.5583905256472825,5,cnn
3C,level_3,MAR,0.8,80.0,knn,mim,0.0351436581959494,0.0623744706839208,0.3702686925039846,5,cnn
3C,level_3,MAR,0.8500000000000001,85.00000000000001,knn,mim,0.0382459642515171,0.0670656356289373,0.2719828187137354,5,cnn
3C,level_3,MAR,0.9,90.0,knn,mim,0.0422806509619476,0.0741272242807408,0.1106002256065711,5,cnn
3C,level_3,MAR,0.95,95.0,knn,mim,0.0445889035833938,0.0763687713312264,0.0559974974367455,5,cnn
3C,level_3,MNAR,0.0,0.0,knn,mim,0.0225977665529775,0.0303840332294707,0.8505718624771186,5,cnn
3C,level_3,MNAR,0.05,5.0,knn,mim,0.0223099535472197,0.0302261749129054,0.8521205178415101,5,cnn
3C,level_3,MNAR,0.1,10.0,knn,mim,0.022125248493704,0.0300909634790269,0.8534405839659807,5,cnn
3C,level_3,MNAR,0.15,15.0,knn,mim,0.0223542860525625,0.0303483061049625,0.8509230666053053,5,cnn
3C,level_3,MNAR,0.2,20.0,knn,mim,0.0232351885494827,0.0309024404001521,0.8454293284741252,5,cnn
3C,level_3,MNAR,0.25,25.0,knn,mim,0.0233197240519068,0.0301049912421909,0.8533039063891742,5,cnn
3C,level_3,MNAR,0.3,30.0,knn,mim,0.0248225695805918,0.0321540376115339,0.8326550660020056,5,cnn
3C,level_3,MNAR,0.35,35.0,knn,mim,0.0247703015769504,0.0324137650191918,0.8299406567538066,5,cnn
3C,level_3,MNAR,0.4,40.0,knn,mim,0.0266874507782033,0.0336348553212821,0.8168863723214287,5,cnn
3C,level_3,MNAR,0.45,45.0,knn,mim,0.0272171721849109,0.0348185820715748,0.8037707693364184,5,cnn
3C,level_3,MNAR,0.5,50.0,knn,mim,0.027694024457407,0.0334717014789381,0.8186585358757057,5,cnn
3C,level_3,MNAR,0.55,55.00000000000001,knn,mim,0.0298204128937555,0.0375050742844407,0.7723217216718782,5,cnn
3C,level_3,MNAR,0.6000000000000001,60.00000000000001,knn,mim,0.0316918843758494,0.0398506298611301,0.7429533674150388,5,cnn
3C,level_3,MNAR,0.65,65.0,knn,mim,0.0317037502239582,0.0406525985182421,0.7325034650920524,5,cnn
3C,level_3,MNAR,0.7000000000000001,70.0,knn,mim,0.0343725687919642,0.0432060293744234,0.6978446753814243,5,cnn
3C,level_3,MNAR,0.75,75.0,knn,mim,0.0358011897383581,0.0453664511625761,0.6668719875877254,5,cnn
3C,level_3,MNAR,0.8,80.0,knn,mim,0.0360426859079654,0.0456863450996297,0.6621574311897902,5,cnn
3C,level_3,MNAR,0.8500000000000001,85.00000000000001,knn,mim,0.0375131571145705,0.045765620839224,0.6609839533652682,5,cnn
3C,level_3,MNAR,0.9,90.0,knn,mim,0.0394635424469456,0.050800031396062,0.582295167145324,5,cnn
3C,level_3,MNAR,0.95,95.0,knn,mim,0.0419157662300683,0.052295978545759,0.5573320021798525,5,cnn
3C,level_3,MCAR,0.0,0.0,knn,mim,0.0195066991665529,0.02607834005856,0.8936764978396969,0,cnn
3C,level_3,MCAR,0.05,5.0,knn,mim,0.0204005091616171,0.0264094100596918,0.890959763499342,0,cnn
3C,level_3,MCAR,0.1,10.0,knn,mim,0.0225237373049877,0.0278493365546142,0.8787451574334875,0,cnn
3C,level_3,MCAR,0.15,15.0,knn,mim,0.0241443530100987,0.0290876073634348,0.8677226811617595,0,cnn
3C,level_3,MCAR,0.2,20.0,knn,mim,0.0263986778817431,0.0310085603612747,0.8496745224311,0,cnn
3C,level_3,MCAR,0.25,25.0,knn,mim,0.0271526589648634,0.0316886519925064,0.8430082194655435,0,cnn
3C,level_3,MCAR,0.3,30.0,knn,mim,0.0300937089082812,0.034938391486826,0.8091574554191353,0,cnn
3C,level_3,MCAR,0.35,35.0,knn,mim,0.0330506843332084,0.0379760720224958,0.7745296340898419,0,cnn
3C,level_3,MCAR,0.4,40.0,knn,mim,0.0348575613164276,0.0394557644271588,0.7566169614532616,0,cnn
3C,level_3,MCAR,0.45,45.0,knn,mim,0.0368155873363121,0.0418102351467549,0.7267031631974508,0,cnn
3C,level_3,MCAR,0.5,50.0,knn,mim,0.0402609560482437,0.04545293885436,0.6770068423290831,0,cnn
3C,level_3,MCAR,0.55,55.00000000000001,knn,mim,0.0411373232351663,0.0464889035336595,0.6621157164216089,0,cnn
3C,level_3,MCAR,0.6000000000000001,60.00000000000001,knn,mim,0.0446871668577915,0.0500022873710671,0.6091148888886848,0,cnn
3C,level_3,MCAR,0.65,65.0,knn,mim,0.0468525240125377,0.0518279658203757,0.5800498774904306,0,cnn
3C,level_3,MCAR,0.7000000000000001,70.0,knn,mim,0.0512857588451397,0.0566385924558182,0.498473034091821,0,cnn
3C,level_3,MCAR,0.75,75.0,knn,mim,0.0527105140657165,0.0585199763870204,0.4646008598845195,0,cnn
3C,level_3,MCAR,0.8,80.0,knn,mim,0.0559854862317067,0.0620774246155709,0.39752813938756,0,cnn
3C,level_3,MCAR,0.8500000000000001,85.00000000000001,knn,mim,0.057631965668964,0.06491471974947,0.3411967121550677,0,cnn
3C,level_3,MCAR,0.9,90.0,knn,mim,0.0612291292051975,0.0689679821823388,0.25635711906886,0,cnn
3C,level_3,MCAR,0.95,95.0,knn,mim,0.0722373806619499,0.0841197490199047,-0.1062806633216348,0,cnn
3C,level_3,MAR,0.0,0.0,knn,mim,0.0195066991665529,0.02607834005856,0.8936764978396969,0,cnn
3C,level_3,MAR,0.05,5.0,knn,mim,0.0195938864456777,0.0259210497304005,0.8949552007412993,0,cnn
3C,level_3,MAR,0.1,10.0,knn,mim,0.0195791077224084,0.0252192262178999,0.9005664603990615,0,cnn
3C,level_3,MAR,0.15,15.0,knn,mim,0.0202366166090748,0.0258555010730702,0.8954857995869617,0,cnn
3C,level_3,MAR,0.2,20.0,knn,mim,0.0208166270751645,0.0260177234526035,0.894170201001945,0,cnn
3C,level_3,MAR,0.25,25.0,knn,mim,0.0220749406035083,0.0269432024441431,0.886507329928125,0,cnn
3C,level_3,MAR,0.3,30.0,knn,mim,0.0232385825600802,0.0279962152537243,0.8774627772778878,0,cnn
3C,level_3,MAR,0.35,35.0,knn,mim,0.0240627270909298,0.0290497543856598,0.8680667336906968,0,cnn
3C,level_3,MAR,0.4,40.0,knn,mim,0.0256008276135842,0.0304027665945839,0.8554907670916163,0,cnn
3C,level_3,MAR,0.45,45.0,knn,mim,0.0273366490738423,0.0319412316163004,0.8404955878166945,0,cnn
3C,level_3,MAR,0.5,50.0,knn,mim,0.0284734430986745,0.03328492774016,0.8267933261614306,0,cnn
3C,level_3,MAR,0.55,55.00000000000001,knn,mim,0.0304494715593416,0.0356626324891951,0.8011634673945043,0,cnn
3C,level_3,MAR,0.6000000000000001,60.00000000000001,knn,mim,0.0324540498870172,0.039830461392624,0.751972372275471,0,cnn
3C,level_3,MAR,0.65,65.0,knn,mim,0.0369702312294337,0.0508903837457511,0.5951064705682655,0,cnn
3C,level_3,MAR,0.7000000000000001,70.0,knn,mim,0.0417278679415628,0.0597579104213459,0.4417095605344857,0,cnn
3C,level_3,MAR,0.75,75.0,knn,mim,0.0487326419601286,0.075821503184428,0.1012184156885146,0,cnn
3C,level_3,MAR,0.8,80.0,knn,mim,0.0538848973754436,0.0832239496687549,-0.0828443393877111,0,cnn
3C,level_3,MAR,0.8500000000000001,85.00000000000001,knn,mim,0.0598951182264372,0.0927460499904146,-0.3448078313106943,0,cnn
3C,level_3,MAR,0.9,90.0,knn,mim,0.0632756882358631,0.0946694880418108,-0.4011655211217522,0,cnn
3C,level_3,MAR,0.95,95.0,knn,mim,0.0684093278322883,0.1003412866240383,-0.5740869406917961,0,cnn
3C,level_3,MNAR,0.0,0.0,knn,mim,0.0195066991665529,0.02607834005856,0.8936764978396969,0,cnn
3C,level_3,MNAR,0.05,5.0,knn,mim,0.0196000437077311,0.0259057415024353,0.8950792369910906,0,cnn
3C,level_3,MNAR,0.1,10.0,knn,mim,0.0209955028048918,0.0265112172040323,0.8901174522053253,0,cnn
3C,level_3,MNAR,0.15,15.0,knn,mim,0.0224039479466427,0.0275604719451045,0.8812475207869226,0,cnn
3C,level_3,MNAR,0.2,20.0,knn,mim,0.0233546715456349,0.0281169860760308,0.8764032882714011,0,cnn
3C,level_3,MNAR,0.25,25.0,knn,mim,0.0255931523676236,0.0295245906193314,0.8637184218973647,0,cnn
3C,level_3,MNAR,0.3,30.0,knn,mim,0.0271675804823366,0.031642073936107,0.843469393888995,0,cnn
3C,level_3,MNAR,0.35,35.0,knn,mim,0.0279071314058198,0.0322776585663675,0.8371178731529831,0,cnn
3C,level_3,MNAR,0.4,40.0,knn,mim,0.0300033192360316,0.0338166060302538,0.8212156825742454,0,cnn
3C,level_3,MNAR,0.45,45.0,knn,mim,0.0326490345443895,0.0369316242998977,0.7867612133355433,0,cnn
3C,level_3,MNAR,0.5,50.0,knn,mim,0.033601284237851,0.0381018745168376,0.7730333384208636,0,cnn
3C,level_3,MNAR,0.55,55.00000000000001,knn,mim,0.0355692728352474,0.0393324326104971,0.7581361290059946,0,cnn
3C,level_3,MNAR,0.6000000000000001,60.00000000000001,knn,mim,0.039098611028115,0.0433571184630837,0.7061063470168332,0,cnn
3C,level_3,MNAR,0.65,65.0,knn,mim,0.0399863302787064,0.0443963079058606,0.691849345571029,0,cnn
3C,level_3,MNAR,0.7000000000000001,70.0,knn,mim,0.042216011244642,0.0478265616267714,0.6423916063535202,0,cnn
3C,level_3,MNAR,0.75,75.0,knn,mim,0.0462555334560806,0.051416720514442,0.5866878897160819,0,cnn
3C,level_3,MNAR,0.8,80.0,knn,mim,0.0489614429108189,0.0545225135857109,0.5352481537787852,0,cnn
3C,level_3,MNAR,0.8500000000000001,85.00000000000001,knn,mim,0.0524102056572584,0.0587346942556236,0.460664745383331,0,cnn
3C,level_3,MNAR,0.9,90.0,knn,mim,0.0524829172082433,0.0585146912614032,0.4646975627237255,0,cnn
3C,level_3,MNAR,0.95,95.0,knn,mim,0.0567729065641986,0.0643631811250468,0.3523440100781262,0,cnn
3C,level_3,MCAR,0.0,0.0,knn,mim,0.0238453919299014,0.0324335141392824,0.8472877630306231,3,cnn
3C,level_3,MCAR,0.05,5.0,knn,mim,0.0239958859160139,0.0328307816934129,0.8435238066768891,3,cnn
3C,level_3,MCAR,0.1,10.0,knn,mim,0.0245332348308047,0.0337134982033003,0.8349963837095433,3,cnn
3C,level_3,MCAR,0.15,15.0,knn,mim,0.0243889226329219,0.0337037492361152,0.8350917984451212,3,cnn
3C,level_3,MCAR,0.2,20.0,knn,mim,0.0247278609293001,0.0340905883952353,0.8312845634988537,3,cnn
3C,level_3,MCAR,0.25,25.0,knn,mim,0.0251792316282117,0.0349993043245271,0.8221701550899775,3,cnn
3C,level_3,MCAR,0.3,30.0,knn,mim,0.0255389280190339,0.0347213399191409,0.8249835869630912,3,cnn
3C,level_3,MCAR,0.35,35.0,knn,mim,0.0263435715108304,0.0359121166355425,0.8127732789497703,3,cnn
3C,level_3,MCAR,0.4,40.0,knn,mim,0.0273472045004904,0.0362394462672984,0.8093446783993479,3,cnn
3C,level_3,MCAR,0.45,45.0,knn,mim,0.0289656404641297,0.0385165543308381,0.7846322442152284,3,cnn
3C,level_3,MCAR,0.5,50.0,knn,mim,0.0303925256668984,0.039366180739399,0.775025969036343,3,cnn
3C,level_3,MCAR,0.55,55.00000000000001,knn,mim,0.0319434907947574,0.0404841832792166,0.7620659536797856,3,cnn
3C,level_3,MCAR,0.6000000000000001,60.00000000000001,knn,mim,0.0336851560506734,0.0422736615104169,0.7405667973650389,3,cnn
3C,level_3,MCAR,0.65,65.0,knn,mim,0.0351924852594599,0.0440674029915706,0.7180833409909897,3,cnn
3C,level_3,MCAR,0.7000000000000001,70.0,knn,mim,0.0369634202312778,0.0454811050128078,0.6997051796897886,3,cnn
3C,level_3,MCAR,0.75,75.0,knn,mim,0.037938962753399,0.0459796317056649,0.6930859273460613,3,cnn
3C,level_3,MCAR,0.8,80.0,knn,mim,0.0405930447080113,0.0486875066840165,0.6558712991573411,3,cnn
3C,level_3,MCAR,0.8500000000000001,85.00000000000001,knn,mim,0.0402345720557479,0.0492505889371494,0.6478654146549321,3,cnn
3C,level_3,MCAR,0.9,90.0,knn,mim,0.0406865302549826,0.0505419164484101,0.6291577250562514,3,cnn
3C,level_3,MCAR,0.95,95.0,knn,mim,0.0450919756236377,0.0589304735603901,0.4958431320742991,3,cnn
3C,level_3,MAR,0.0,0.0,knn,mim,0.0238453919299014,0.0324335141392824,0.8472877630306231,3,cnn
3C,level_3,MAR,0.05,5.0,knn,mim,0.0239823507747134,0.0323347544018649,0.8482163616622779,3,cnn
3C,level_3,MAR,0.1,10.0,knn,mim,0.0242309581601941,0.0328807601995656,0.8430470346632778,3,cnn
3C,level_3,MAR,0.15,15.0,knn,mim,0.0237815256522582,0.0324824346544342,0.8468267340181332,3,cnn
3C,level_3,MAR,0.2,20.0,knn,mim,0.0244854678428924,0.0339675040469358,0.8325006610908732,3,cnn
3C,level_3,MAR,0.25,25.0,knn,mim,0.0244259422396754,0.034010105240195,0.8320802506663563,3,cnn
3C,level_3,MAR,0.3,30.0,knn,mim,0.0242433719308526,0.0337597046585196,0.8345437782335776,3,cnn
3C,level_3,MAR,0.35,35.0,knn,mim,0.0247904876451234,0.0346173333530904,0.8260305277294082,3,cnn
3C,level_3,MAR,0.4,40.0,knn,mim,0.0248028788454897,0.0350599356726534,0.8215534912652193,3,cnn
3C,level_3,MAR,0.45,45.0,knn,mim,0.0246634975777016,0.0353998132752741,0.8180769333922777,3,cnn
3C,level_3,MAR,0.5,50.0,knn,mim,0.0262860268446776,0.0376373584446422,0.7943521867023516,3,cnn
3C,level_3,MAR,0.55,55.00000000000001,knn,mim,0.0257078927246299,0.0372969391401335,0.7980554163648999,3,cnn
3C,level_3,MAR,0.6000000000000001,60.00000000000001,knn,mim,0.026705127786516,0.0386080861075222,0.7836074164800193,3,cnn
3C,level_3,MAR,0.65,65.0,knn,mim,0.0272283949697339,0.039679216002678,0.7714338090355298,3,cnn
3C,level_3,MAR,0.7000000000000001,70.0,knn,mim,0.0289711880185582,0.0441331468110573,0.7172415349278061,3,cnn
3C,level_3,MAR,0.75,75.0,knn,mim,0.032476327393506,0.0543399391963803,0.5713289823870669,3,cnn
3C,level_3,MAR,0.8,80.0,knn,mim,0.03513114526594,0.0598931928001059,0.4792362376222819,3,cnn
3C,level_3,MAR,0.8500000000000001,85.00000000000001,knn,mim,0.0383539491945558,0.0681237362701674,0.3262748750613073,3,cnn
3C,level_3,MAR,0.9,90.0,knn,mim,0.0402720448442407,0.0727942239494716,0.2307284582894112,3,cnn
3C,level_3,MAR,0.95,95.0,knn,mim,0.043147118369953,0.0770734089708489,0.1376273741469487,3,cnn
3C,level_3,MNAR,0.0,0.0,knn,mim,0.0238453919299014,0.0324335141392824,0.8472877630306231,3,cnn
3C,level_3,MNAR,0.05,5.0,knn,mim,0.023909831357217,0.0326913833025812,0.8448497709578424,3,cnn
3C,level_3,MNAR,0.1,10.0,knn,mim,0.0236455694602416,0.0326162952230015,0.8455616743610943,3,cnn
3C,level_3,MNAR,0.15,15.0,knn,mim,0.0232979487255886,0.0321959919208922,0.8495163054403334,3,cnn
3C,level_3,MNAR,0.2,20.0,knn,mim,0.0244566790417508,0.0338990258714596,0.8331753345876011,3,cnn
3C,level_3,MNAR,0.25,25.0,knn,mim,0.0245124772338179,0.0345386733759288,0.8268202412062523,3,cnn
3C,level_3,MNAR,0.3,30.0,knn,mim,0.0246130850422489,0.0344634035932931,0.8275742365271832,3,cnn
3C,level_3,MNAR,0.35,35.0,knn,mim,0.0250537668571815,0.0354775573311827,0.8172769874910382,3,cnn
3C,level_3,MNAR,0.4,40.0,knn,mim,0.0269174148215903,0.0370721459934042,0.8004823691717763,3,cnn
3C,level_3,MNAR,0.45,45.0,knn,mim,0.0279846454010353,0.03857212909014,0.784010296259622,3,cnn
3C,level_3,MNAR,0.5,50.0,knn,mim,0.0286739564749571,0.0387018268864875,0.7825553345335411,3,cnn
3C,level_3,MNAR,0.55,55.00000000000001,knn,mim,0.0302694136224351,0.0401102068329798,0.766441526230177,3,cnn
3C,level_3,MNAR,0.6000000000000001,60.00000000000001,knn,mim,0.03151336956196,0.0420082786408862,0.7438138792124409,3,cnn
3C,level_3,MNAR,0.65,65.0,knn,mim,0.0321771726866026,0.04171158242752,0.7474198842427415,3,cnn
3C,level_3,MNAR,0.7000000000000001,70.0,knn,mim,0.0351469003600043,0.0454675931841199,0.6998835803441903,3,cnn
3C,level_3,MNAR,0.75,75.0,knn,mim,0.0366818756636198,0.04642917717453,0.6870551565565153,3,cnn
3C,level_3,MNAR,0.8,80.0,knn,mim,0.0379033488746162,0.0482082691188014,0.6626125660718721,3,cnn
3C,level_3,MNAR,0.8500000000000001,85.00000000000001,knn,mim,0.0395812564738162,0.04994635625836,0.6378458661805895,3,cnn
3C,level_3,MNAR,0.9,90.0,knn,mim,0.0412284730765196,0.0510551292928639,0.6215882733506958,3,cnn
3C,level_3,MNAR,0.95,95.0,knn,mim,0.0410134382875116,0.0505863570842067,0.6285052879057675,3,cnn
3C,level_3,MCAR,0.0,0.0,knn,mim,0.024487548558365,0.0300823418782698,0.8409396921135551,6,cnn
3C,level_3,MCAR,0.05,5.0,knn,mim,0.0252375594629368,0.0309221834534088,0.8319343968735083,6,cnn
3C,level_3,MCAR,0.1,10.0,knn,mim,0.0257414653648233,0.0319836843839398,0.8201975869589618,6,cnn
3C,level_3,MCAR,0.15,15.0,knn,mim,0.0276685622119008,0.0349815698226803,0.7849115334751432,6,cnn
3C,level_3,MCAR,0.2,20.0,knn,mim,0.0291585499277696,0.0361233226199467,0.7706419892539966,6,cnn
3C,level_3,MCAR,0.25,25.0,knn,mim,0.0298357094733368,0.0369703692449889,0.7597595626179429,6,cnn
3C,level_3,MCAR,0.3,30.0,knn,mim,0.0313164189376741,0.0379680545318879,0.7466183132880558,6,cnn
3C,level_3,MCAR,0.35,35.0,knn,mim,0.033531428829605,0.0406183916775006,0.7100093604248632,6,cnn
3C,level_3,MCAR,0.4,40.0,knn,mim,0.0342222544945461,0.0413553526102352,0.6993909924345552,6,cnn
3C,level_3,MCAR,0.45,45.0,knn,mim,0.0360935760753255,0.0442039583458332,0.6565521076586733,6,cnn
3C,level_3,MCAR,0.5,50.0,knn,mim,0.0385424938582478,0.0479023235186273,0.5966782038332823,6,cnn
3C,level_3,MCAR,0.55,55.00000000000001,knn,mim,0.0411788680329569,0.0497538964283873,0.564896347415066,6,cnn
3C,level_3,MCAR,0.6000000000000001,60.00000000000001,knn,mim,0.0430121122369184,0.0524054846257077,0.5172836415084157,6,cnn
3C,level_3,MCAR,0.65,65.0,knn,mim,0.0453031360129235,0.057088414111396,0.4271584767166168,6,cnn
3C,level_3,MCAR,0.7000000000000001,70.0,knn,mim,0.0481921114406675,0.0598589233391743,0.3702091658383095,6,cnn
3C,level_3,MCAR,0.75,75.0,knn,mim,0.0494093237538852,0.0611931253193334,0.3418213317603071,6,cnn
3C,level_3,MCAR,0.8,80.0,knn,mim,0.0505799819583624,0.062356450076677,0.3165585737857844,6,cnn
3C,level_3,MCAR,0.8500000000000001,85.00000000000001,knn,mim,0.0503427742221545,0.0638918827595912,0.28248678255366,6,cnn
3C,level_3,MCAR,0.9,90.0,knn,mim,0.0476447535411852,0.0629815841026793,0.3027866519036941,6,cnn
3C,level_3,MCAR,0.95,95.0,knn,mim,0.0423143335463295,0.0570480406078475,0.4279684288440242,6,cnn
3C,level_3,MAR,0.0,0.0,knn,mim,0.024487548558365,0.0300823418782698,0.8409396921135551,6,cnn
3C,level_3,MAR,0.05,5.0,knn,mim,0.0254338876551865,0.0315370513151102,0.8251841915005311,6,cnn
3C,level_3,MAR,0.1,10.0,knn,mim,0.0259630424931575,0.0320965184164857,0.8189267128834186,6,cnn
3C,level_3,MAR,0.15,15.0,knn,mim,0.0270468526647684,0.0339168657209493,0.7978052115106685,6,cnn
3C,level_3,MAR,0.2,20.0,knn,mim,0.0280663804146045,0.0352541257858395,0.781546788836395,6,cnn
3C,level_3,MAR,0.25,25.0,knn,mim,0.0297065942791146,0.0374459090382398,0.7535395202281476,6,cnn
3C,level_3,MAR,0.3,30.0,knn,mim,0.0304713878866652,0.0380902191625146,0.7449851467100097,6,cnn
3C,level_3,MAR,0.35,35.0,knn,mim,0.0307449957966244,0.0384798803613911,0.7397408783474696,6,cnn
3C,level_3,MAR,0.4,40.0,knn,mim,0.0325690353856959,0.0408424382271873,0.706801424951452,6,cnn
3C,level_3,MAR,0.45,45.0,knn,mim,0.0339382668571293,0.0429506294035906,0.6757517816805817,6,cnn
3C,level_3,MAR,0.5,50.0,knn,mim,0.0345291866394275,0.0448537041265678,0.6463813503034526,6,cnn
3C,level_3,MAR,0.55,55.00000000000001,knn,mim,0.0373319282352644,0.0485403385003598,0.5858629031082883,6,cnn
3C,level_3,MAR,0.6000000000000001,60.00000000000001,knn,mim,0.0376631021477247,0.0496818988351895,0.5661546910704027,6,cnn
3C,level_3,MAR,0.65,65.0,knn,mim,0.0382465974904002,0.0504495733823425,0.552643728942842,6,cnn
3C,level_3,MAR,0.7000000000000001,70.0,knn,mim,0.0406784677449526,0.0539384401299089,0.4886299377092241,6,cnn
3C,level_3,MAR,0.75,75.0,knn,mim,0.0417239387180883,0.0573915816603617,0.4210581815255253,6,cnn
3C,level_3,MAR,0.8,80.0,knn,mim,0.0400814813996704,0.0558471103852391,0.451798843362003,6,cnn
3C,level_3,MAR,0.8500000000000001,85.00000000000001,knn,mim,0.0417137476647963,0.0584347745114362,0.3998203324754658,6,cnn
3C,level_3,MAR,0.9,90.0,knn,mim,0.0437225627518595,0.061933868431477,0.3257903754192675,6,cnn
3C,level_3,MAR,0.95,95.0,knn,mim,0.0443027536857855,0.0629742696157181,0.3029485869163312,6,cnn
3C,level_3,MNAR,0.0,0.0,knn,mim,0.024487548558365,0.0300823418782698,0.8409396921135551,6,cnn
3C,level_3,MNAR,0.05,5.0,knn,mim,0.0260882797185244,0.0321054320359537,0.8188261261173929,6,cnn
3C,level_3,MNAR,0.1,10.0,knn,mim,0.0265104007978394,0.0325417397524524,0.8138684179641937,6,cnn
3C,level_3,MNAR,0.15,15.0,knn,mim,0.0279661298637658,0.0345742112437466,0.7898917546711886,6,cnn
3C,level_3,MNAR,0.2,20.0,knn,mim,0.0289071399113381,0.0347950971674092,0.7871985215986695,6,cnn
3C,level_3,MNAR,0.25,25.0,knn,mim,0.0311980226957741,0.0379315751932481,0.7471049727222494,6,cnn
3C,level_3,MNAR,0.3,30.0,knn,mim,0.0320054356861562,0.0388081783346059,0.7352810398293105,6,cnn
3C,level_3,MNAR,0.35,35.0,knn,mim,0.0346182469549313,0.042301388422107,0.6854803543270231,6,cnn
3C,level_3,MNAR,0.4,40.0,knn,mim,0.0344850056831825,0.0416884345795064,0.6945291956275479,6,cnn
3C,level_3,MNAR,0.45,45.0,knn,mim,0.0370515276870817,0.0452018700150262,0.6408702876066421,6,cnn
3C,level_3,MNAR,0.5,50.0,knn,mim,0.0389974869853454,0.0486072834951306,0.5847197910135775,6,cnn
3C,level_3,MNAR,0.55,55.00000000000001,knn,mim,0.0427144770599866,0.0531138710005092,0.5041452904124474,6,cnn
3C,level_3,MNAR,0.6000000000000001,60.00000000000001,knn,mim,0.0410255876426965,0.0517199426203943,0.5298303382340442,6,cnn
3C,level_3,MNAR,0.65,65.0,knn,mim,0.0446515837969354,0.0579537698628292,0.4096603992105508,6,cnn
3C,level_3,MNAR,0.7000000000000001,70.0,knn,mim,0.046729888684313,0.0591500120620571,0.3850381017692033,6,cnn
3C,level_3,MNAR,0.75,75.0,knn,mim,0.0468631796926399,0.0600845274042149,0.3654529451954529,6,cnn
3C,level_3,MNAR,0.8,80.0,knn,mim,0.0489639150626222,0.0632495927620123,0.2968402536667046,6,cnn
3C,level_3,MNAR,0.8500000000000001,85.00000000000001,knn,mim,0.0495459164453783,0.0633943311441278,0.2936183941084028,6,cnn
3C,level_3,MNAR,0.9,90.0,knn,mim,0.0508372110357866,0.0645942667919566,0.2666243613408241,6,cnn
3C,level_3,MNAR,0.95,95.0,knn,mim,0.0518110341387735,0.0666311793686148,0.2196426338735377,6,cnn
3C,level_3,MCAR,0.0,0.0,knn,mim,0.0214781075583563,0.0266189010861841,0.889607824441113,4,cnn
3C,level_3,MCAR,0.05,5.0,knn,mim,0.0202999051700003,0.0261299698867001,0.8936259080291645,4,cnn
3C,level_3,MCAR,0.1,10.0,knn,mim,0.0203621517107324,0.0263628855464124,0.8917210749095645,4,cnn
3C,level_3,MCAR,0.15,15.0,knn,mim,0.0200175137308937,0.025685949318392,0.8972103730168745,4,cnn
3C,level_3,MCAR,0.2,20.0,knn,mim,0.0192420324924308,0.025240962136738,0.9007410085419696,4,cnn
3C,level_3,MCAR,0.25,25.0,knn,mim,0.0198749075717782,0.0254899869721599,0.8987727882877716,4,cnn
3C,level_3,MCAR,0.3,30.0,knn,mim,0.0202549423158104,0.0257058427084607,0.8970510932514102,4,cnn
3C,level_3,MCAR,0.35,35.0,knn,mim,0.0203151833236924,0.025829076784457,0.8960616509756134,4,cnn
3C,level_3,MCAR,0.4,40.0,knn,mim,0.0197800785052352,0.0258863145245313,0.89560048172651,4,cnn
3C,level_3,MCAR,0.45,45.0,knn,mim,0.020467975168938,0.026477382886117,0.8907784943924169,4,cnn
3C,level_3,MCAR,0.5,50.0,knn,mim,0.0225550549434098,0.0289704976860957,0.8692414910875034,4,cnn
3C,level_3,MCAR,0.55,55.00000000000001,knn,mim,0.0217178502705233,0.0271608839328483,0.8850667078648803,4,cnn
3C,level_3,MCAR,0.6000000000000001,60.00000000000001,knn,mim,0.0223793078507934,0.0289830321814169,0.8691283175754394,4,cnn
3C,level_3,MCAR,0.65,65.0,knn,mim,0.0220433338580908,0.0286999664559562,0.8716721773217737,4,cnn
3C,level_3,MCAR,0.7000000000000001,70.0,knn,mim,0.0245587196051752,0.0340790991596867,0.8190601358908386,4,cnn
3C,level_3,MCAR,0.75,75.0,knn,mim,0.0248654243084476,0.0317947026521217,0.8425047054654518,4,cnn
3C,level_3,MCAR,0.8,80.0,knn,mim,0.0254829891497006,0.0335474641893793,0.8246614368236527,4,cnn
3C,level_3,MCAR,0.8500000000000001,85.00000000000001,knn,mim,0.0278571135192755,0.0363529510021831,0.7941089873584893,4,cnn
3C,level_3,MCAR,0.9,90.0,knn,mim,0.0317394541397835,0.044899422235702,0.6859205277288625,4,cnn
3C,level_3,MCAR,0.95,95.0,knn,mim,0.0392385830164212,0.0584263824808248,0.4681660684725375,4,cnn
3C,level_3,MAR,0.0,0.0,knn,mim,0.0214781075583563,0.0266189010861841,0.889607824441113,4,cnn
3C,level_3,MAR,0.05,5.0,knn,mim,0.0214597092374371,0.0268106638061679,0.8880115635770273,4,cnn
3C,level_3,MAR,0.1,10.0,knn,mim,0.0213423279707743,0.0270390414286718,0.8860955661334388,4,cnn
3C,level_3,MAR,0.15,15.0,knn,mim,0.0208083121372786,0.0266536793817429,0.8893191754290234,4,cnn
3C,level_3,MAR,0.2,20.0,knn,mim,0.0210006137084549,0.0265967184472568,0.8897917365735964,4,cnn
3C,level_3,MAR,0.25,25.0,knn,mim,0.0204071221541946,0.0261792663306417,0.893224161606499,4,cnn
3C,level_3,MAR,0.3,30.0,knn,mim,0.0207672488018147,0.0274757529924058,0.8823864782991073,4,cnn
3C,level_3,MAR,0.35,35.0,knn,mim,0.0221723058488633,0.0287699243964092,0.8710458008514288,4,cnn
3C,level_3,MAR,0.4,40.0,knn,mim,0.0212676989134589,0.0270138355180282,0.8863078315556405,4,cnn
3C,level_3,MAR,0.45,45.0,knn,mim,0.0219447881468162,0.0280181585771419,0.8776969675281859,4,cnn
3C,level_3,MAR,0.5,50.0,knn,mim,0.0216467669784315,0.0300781119189938,0.8590519118434832,4,cnn
3C,level_3,MAR,0.55,55.00000000000001,knn,mim,0.0231203071168325,0.031200888503884,0.8483326947430456,4,cnn
3C,level_3,MAR,0.6000000000000001,60.00000000000001,knn,mim,0.0248217741164831,0.0363653696637199,0.7939682930014559,4,cnn
3C,level_3,MAR,0.65,65.0,knn,mim,0.0270356188756619,0.0421349900927074,0.7234053091433366,4,cnn
3C,level_3,MAR,0.7000000000000001,70.0,knn,mim,0.0265102226819035,0.0412248774010671,0.7352251120210793,4,cnn
3C,level_3,MAR,0.75,75.0,knn,mim,0.027995838097384,0.0456612397970099,0.6751720090409518,4,cnn
3C,level_3,MAR,0.8,80.0,knn,mim,0.0290357101619436,0.047717372729511,0.6452592375601316,4,cnn
3C,level_3,MAR,0.8500000000000001,85.00000000000001,knn,mim,0.0319051518023592,0.0526779385023341,0.5676697845460854,4,cnn
3C,level_3,MAR,0.9,90.0,knn,mim,0.0313357919612748,0.0535500641123522,0.5532361367774856,4,cnn
3C,level_3,MAR,0.95,95.0,knn,mim,0.0339836930374754,0.0581608211250622,0.4729896965038671,4,cnn
3C,level_3,MNAR,0.0,0.0,knn,mim,0.0214781075583563,0.0266189010861841,0.889607824441113,4,cnn
3C,level_3,MNAR,0.05,5.0,knn,mim,0.0208690538601839,0.0266630954402368,0.8892409602460042,4,cnn
3C,level_3,MNAR,0.1,10.0,knn,mim,0.0203995973603496,0.0260650905016133,0.8941534951398512,4,cnn
3C,level_3,MNAR,0.15,15.0,knn,mim,0.0198314544992539,0.0251196224332978,0.9016930409649524,4,cnn
3C,level_3,MNAR,0.2,20.0,knn,mim,0.0198210273473136,0.0258311826891576,0.8960447016140329,4,cnn
3C,level_3,MNAR,0.25,25.0,knn,mim,0.018227663232542,0.0244794570529045,0.9066398352234232,4,cnn
3C,level_3,MNAR,0.3,30.0,knn,mim,0.0198744213820275,0.0256160935515474,0.8977687081687502,4,cnn
3C,level_3,MNAR,0.35,35.0,knn,mim,0.0195293550861692,0.0254419775120072,0.8991537447083722,4,cnn
3C,level_3,MNAR,0.4,40.0,knn,mim,0.0204924827079814,0.0268171970564033,0.8879569780114969,4,cnn
3C,level_3,MNAR,0.45,45.0,knn,mim,0.019740468242279,0.0261179320109697,0.8937238969011937,4,cnn
3C,level_3,MNAR,0.5,50.0,knn,mim,0.0208815242032788,0.0271228282078007,0.885388553472814,4,cnn
3C,level_3,MNAR,0.55,55.00000000000001,knn,mim,0.0203477385879977,0.0264072833825938,0.8913560619061269,4,cnn
3C,level_3,MNAR,0.6000000000000001,60.00000000000001,knn,mim,0.0210694958008866,0.0274743261236247,0.8823986937754082,4,cnn
3C,level_3,MNAR,0.65,65.0,knn,mim,0.0211549096092051,0.0273482217149664,0.8834757727112077,4,cnn
3C,level_3,MNAR,0.7000000000000001,70.0,knn,mim,0.0223553749339608,0.0291056093729705,0.8680189922331643,4,cnn
3C,level_3,MNAR,0.75,75.0,knn,mim,0.0221721318686278,0.0295919553897004,0.8635714150417229,4,cnn
3C,level_3,MNAR,0.8,80.0,knn,mim,0.023214177025689,0.0311427998202686,0.8488969064254108,4,cnn
3C,level_3,MNAR,0.8500000000000001,85.00000000000001,knn,mim,0.02317071926298,0.0314442707855806,0.8459573069322589,4,cnn
3C,level_3,MNAR,0.9,90.0,knn,mim,0.0239362250855825,0.0333447342237803,0.826774203135446,4,cnn
3C,level_3,MNAR,0.95,95.0,knn,mim,0.0248530193686871,0.0330579710041765,0.8297408596649996,4,cnn
3C,level_2,MCAR,0.0,0.0,knn,baseline,0.0625174848585621,0.0697760240759123,0.1442419918730412,6,cnn
3C,level_2,MCAR,0.05,5.0,knn,baseline,0.0632999076261207,0.0705937981624169,0.1240655013350792,6,cnn
3C,level_2,MCAR,0.1,10.0,knn,baseline,0.0628889936158354,0.0702150782220701,0.1334386766197182,6,cnn
3C,level_2,MCAR,0.15,15.0,knn,baseline,0.0632863418921618,0.0703726106485636,0.1295459331240503,6,cnn
3C,level_2,MCAR,0.2,20.0,knn,baseline,0.0626933102439826,0.0701478357625146,0.1350976312148735,6,cnn
3C,level_2,MCAR,0.25,25.0,knn,baseline,0.0627536162199548,0.070103701121334,0.1361856233667142,6,cnn
3C,level_2,MCAR,0.3,30.0,knn,baseline,0.0629407129108625,0.070413502939833,0.1285340279897546,6,cnn
3C,level_2,MCAR,0.35,35.0,knn,baseline,0.0635678719388487,0.0705069322624599,0.1262198555907445,6,cnn
3C,level_2,MCAR,0.4,40.0,knn,baseline,0.0639467558357077,0.0719952867161684,0.0889406600536301,6,cnn
3C,level_2,MCAR,0.45,45.0,knn,baseline,0.063583547701858,0.0710836886352881,0.1118661041407743,6,cnn
3C,level_2,MCAR,0.5,50.0,knn,baseline,0.0627265503719938,0.0700376726877462,0.1378120553225125,6,cnn
3C,level_2,MCAR,0.55,55.00000000000001,knn,baseline,0.0625749401430568,0.0705127448315154,0.126075781338257,6,cnn
3C,level_2,MCAR,0.6000000000000001,60.00000000000001,knn,baseline,0.0636569228071562,0.0711039917581317,0.1113586890897219,6,cnn
3C,level_2,MCAR,0.65,65.0,knn,baseline,0.0624983330948252,0.0700866801975377,0.1366050344259348,6,cnn
3C,level_2,MCAR,0.7000000000000001,70.0,knn,baseline,0.0627611558269447,0.0698910002537843,0.1414194507288146,6,cnn
3C,level_2,MCAR,0.75,75.0,knn,baseline,0.0628947193812876,0.0724584148602298,0.0771817144272063,6,cnn
3C,level_2,MCAR,0.8,80.0,knn,baseline,0.0661390421972588,0.0756547740900586,-0.0060306473772266,6,cnn
3C,level_2,MCAR,0.8500000000000001,85.00000000000001,knn,baseline,0.0695637453721722,0.0822682740916072,-0.1896064389612046,6,cnn
3C,level_2,MCAR,0.9,90.0,knn,baseline,0.0908872978127618,0.1075188158694126,-1.031924089123327,6,cnn
3C,level_2,MCAR,0.95,95.0,knn,baseline,0.1404291807743305,0.1594457017428299,-3.4685247328470785,6,cnn
3C,level_2,MAR,0.0,0.0,knn,baseline,0.0625174848585621,0.0697760240759123,0.1442419918730412,6,cnn
3C,level_2,MAR,0.05,5.0,knn,baseline,0.0623418449471254,0.0695430207729154,0.1499477203332824,6,cnn
3C,level_2,MAR,0.1,10.0,knn,baseline,0.0625612889119716,0.0697846566920707,0.144030231816805,6,cnn
3C,level_2,MAR,0.15,15.0,knn,baseline,0.0629950273227243,0.0705638457157957,0.1248086492048005,6,cnn
3C,level_2,MAR,0.2,20.0,knn,baseline,0.0627190718594851,0.0699512891995615,0.1399375648866636,6,cnn
3C,level_2,MAR,0.25,25.0,knn,baseline,0.0629581991741914,0.0705306061163948,0.1256329851757592,6,cnn
3C,level_2,MAR,0.3,30.0,knn,baseline,0.0636339967832878,0.070784516514729,0.1193262054898925,6,cnn
3C,level_2,MAR,0.35,35.0,knn,baseline,0.0635684762549512,0.0709440438918543,0.1153521755547065,6,cnn
3C,level_2,MAR,0.4,40.0,knn,baseline,0.0634039411108258,0.0707793059139772,0.119455857308243,6,cnn
3C,level_2,MAR,0.45,45.0,knn,baseline,0.0631506554352845,0.0705495045021025,0.125164356312578,6,cnn
3C,level_2,MAR,0.5,50.0,knn,baseline,0.063593308264101,0.0724673290163126,0.0769546420503668,6,cnn
3C,level_2,MAR,0.55,55.00000000000001,knn,baseline,0.0630440752942797,0.0713865118148798,0.1042829185669357,6,cnn
3C,level_2,MAR,0.6000000000000001,60.00000000000001,knn,baseline,0.0639791143824796,0.0712654094407039,0.107319387318772,6,cnn
3C,level_2,MAR,0.65,65.0,knn,baseline,0.0636637685522786,0.0718285670927201,0.0931552582400037,6,cnn
3C,level_2,MAR,0.7000000000000001,70.0,knn,baseline,0.0655481878692555,0.0749810088276156,0.0118085495094359,6,cnn
3C,level_2,MAR,0.75,75.0,knn,baseline,0.0637387381943178,0.072933150432783,0.0650497948984509,6,cnn
3C,level_2,MAR,0.8,80.0,knn,baseline,0.0691762887871881,0.0829997453260394,-0.2108547594383631,6,cnn
3C,level_2,MAR,0.8500000000000001,85.00000000000001,knn,baseline,0.0707309643237243,0.0848563890541746,-0.2656325266142636,6,cnn
3C,level_2,MAR,0.9,90.0,knn,baseline,0.0768959317084209,0.0933492429441932,-0.5316521115461841,6,cnn
3C,level_2,MAR,0.95,95.0,knn,baseline,0.0805978967964369,0.0955225158665962,-0.6037993690517447,6,cnn
3C,level_2,MNAR,0.0,0.0,knn,baseline,0.0625174848585621,0.0697760240759123,0.1442419918730412,6,cnn
3C,level_2,MNAR,0.05,5.0,knn,baseline,0.0626913595054071,0.0699397310104145,0.1402217610223178,6,cnn
3C,level_2,MNAR,0.1,10.0,knn,baseline,0.0624198518056824,0.0695612860611984,0.1495011337812058,6,cnn
3C,level_2,MNAR,0.15,15.0,knn,baseline,0.0628043572477331,0.0703093992427873,0.1311089819578795,6,cnn
3C,level_2,MNAR,0.2,20.0,knn,baseline,0.0633387224472744,0.0709505021720189,0.1151911031592051,6,cnn
3C,level_2,MNAR,0.25,25.0,knn,baseline,0.0629161569445345,0.0707164708860697,0.1210185868554049,6,cnn
3C,level_2,MNAR,0.3,30.0,knn,baseline,0.0630942053929181,0.0703956778853212,0.1289751923009856,6,cnn
3C,level_2,MNAR,0.35,35.0,knn,baseline,0.0615529213757582,0.0689519531651875,0.1643360276690768,6,cnn
3C,level_2,MNAR,0.4,40.0,knn,baseline,0.0628775426043031,0.0700455221824274,0.1376187845105462,6,cnn
3C,level_2,MNAR,0.45,45.0,knn,baseline,0.0625319425320961,0.070224220854535,0.1332129938265432,6,cnn
3C,level_2,MNAR,0.5,50.0,knn,baseline,0.0626828883858354,0.0700524922556435,0.1374471487203223,6,cnn
3C,level_2,MNAR,0.55,55.00000000000001,knn,baseline,0.0629961834401591,0.0702315940219559,0.1330309682762244,6,cnn
3C,level_2,MNAR,0.6000000000000001,60.00000000000001,knn,baseline,0.062795354611437,0.0707533153899232,0.1201024192244289,6,cnn
3C,level_2,MNAR,0.65,65.0,knn,baseline,0.06425270821343,0.0723356256362288,0.0803067104980369,6,cnn
3C,level_2,MNAR,0.7000000000000001,70.0,knn,baseline,0.0643852885161207,0.0721109033920462,0.0860121841916543,6,cnn
3C,level_2,MNAR,0.75,75.0,knn,baseline,0.0638950560417533,0.0715887925787664,0.099199520160859,6,cnn
3C,level_2,MNAR,0.8,80.0,knn,baseline,0.0659026175272856,0.0757740983666261,-0.0092066147499199,6,cnn
3C,level_2,MNAR,0.8500000000000001,85.00000000000001,knn,baseline,0.0655644431841765,0.0761234513667474,-0.0185338682214784,6,cnn
3C,level_2,MNAR,0.9,90.0,knn,baseline,0.0691942925117385,0.0789618221113528,-0.0959048692197743,6,cnn
3C,level_2,MNAR,0.95,95.0,knn,baseline,0.0658319805821342,0.0757858726631595,-0.0095202739397777,6,cnn
3C,level_2,MCAR,0.0,0.0,knn,baseline,0.0485636223114389,0.0744896511591968,0.1460339898967637,7,cnn
3C,level_2,MCAR,0.05,5.0,knn,baseline,0.0481565374551037,0.0740288313304979,0.1565671907450314,7,cnn
3C,level_2,MCAR,0.1,10.0,knn,baseline,0.0475751857992353,0.0669626214151186,0.3098975045365819,7,cnn
3C,level_2,MCAR,0.15,15.0,knn,baseline,0.0461867766788388,0.0659867072175037,0.3298660526445299,7,cnn
3C,level_2,MCAR,0.2,20.0,knn,baseline,0.0480929527618122,0.0741005526060319,0.1549321148142854,7,cnn
3C,level_2,MCAR,0.25,25.0,knn,baseline,0.045790691779339,0.0644902423520608,0.3599163672901705,7,cnn
3C,level_2,MCAR,0.3,30.0,knn,baseline,0.0470687477149829,0.0722876596975536,0.195775991989323,7,cnn
3C,level_2,MCAR,0.35,35.0,knn,baseline,0.0447630425718157,0.0626549549893085,0.3958294543706037,7,cnn
3C,level_2,MCAR,0.4,40.0,knn,baseline,0.0467863332663443,0.0728538485474941,0.1831285805099489,7,cnn
3C,level_2,MCAR,0.45,45.0,knn,baseline,0.0445472670931888,0.0602031602474326,0.442188732199766,7,cnn
3C,level_2,MCAR,0.5,50.0,knn,baseline,0.0448199728689607,0.0620467622825884,0.4075019130791983,7,cnn
3C,level_2,MCAR,0.55,55.00000000000001,knn,baseline,0.0435726908944276,0.0608312658890941,0.4304886122585453,7,cnn
3C,level_2,MCAR,0.6000000000000001,60.00000000000001,knn,baseline,0.0440103321231962,0.0639954363037634,0.369700862536597,7,cnn
3C,level_2,MCAR,0.65,65.0,knn,baseline,0.0459265210832548,0.0670921294477649,0.3072255588853548,7,cnn
3C,level_2,MCAR,0.7000000000000001,70.0,knn,baseline,0.0422579976179116,0.0618020930475431,0.412165499889313,7,cnn
3C,level_2,MCAR,0.75,75.0,knn,baseline,0.043552113531902,0.0609901043240871,0.4275105910688755,7,cnn
3C,level_2,MCAR,0.8,80.0,knn,baseline,0.0537488937478551,0.0707002501316515,0.2307090829754606,7,cnn
3C,level_2,MCAR,0.8500000000000001,85.00000000000001,knn,baseline,0.0655843589163329,0.0904336978772691,-0.2586624721364292,7,cnn
3C,level_2,MCAR,0.9,90.0,knn,baseline,0.1016977411495982,0.1302379027024287,-1.6104987643922866,7,cnn
3C,level_2,MCAR,0.95,95.0,knn,baseline,0.216610495580738,0.2470422662244274,-8.392716829322158,7,cnn
3C,level_2,MAR,0.0,0.0,knn,baseline,0.0485636223114389,0.0744896511591968,0.1460339898967637,7,cnn
3C,level_2,MAR,0.05,5.0,knn,baseline,0.0469820516760715,0.0659781791875673,0.3300392558035029,7,cnn
3C,level_2,MAR,0.1,10.0,knn,baseline,0.0479258709714113,0.0710362922330482,0.2233787410976033,7,cnn
3C,level_2,MAR,0.15,15.0,knn,baseline,0.0465778523944886,0.0666385271928778,0.3165614308292975,7,cnn
3C,level_2,MAR,0.2,20.0,knn,baseline,0.0464965119904119,0.0638342665867009,0.3728716265986608,7,cnn
3C,level_2,MAR,0.25,25.0,knn,baseline,0.0463268836626274,0.0644300240640827,0.3611111757879243,7,cnn
3C,level_2,MAR,0.3,30.0,knn,baseline,0.0453444373856395,0.0636593912592641,0.3763029829795057,7,cnn
3C,level_2,MAR,0.35,35.0,knn,baseline,0.0453767153459305,0.0645306511499567,0.3591139788184671,7,cnn
3C,level_2,MAR,0.4,40.0,knn,baseline,0.044421391039912,0.0619794236816088,0.4087872772266581,7,cnn
3C,level_2,MAR,0.45,45.0,knn,baseline,0.0442560362620202,0.0617808364426544,0.4125697974211598,7,cnn
3C,level_2,MAR,0.5,50.0,knn,baseline,0.0440602430061886,0.0609319462710422,0.428601882692767,7,cnn
3C,level_2,MAR,0.55,55.00000000000001,knn,baseline,0.0470002525794687,0.0720111792438788,0.2019160994826888,7,cnn
3C,level_2,MAR,0.6000000000000001,60.00000000000001,knn,baseline,0.0477845575035247,0.0712086332709961,0.2196058506875904,7,cnn
3C,level_2,MAR,0.65,65.0,knn,baseline,0.0487068418835978,0.0751363754977136,0.1311412346295558,7,cnn
3C,level_2,MAR,0.7000000000000001,70.0,knn,baseline,0.0517470498157693,0.0798751333530007,0.018089516986417,7,cnn
3C,level_2,MAR,0.75,75.0,knn,baseline,0.0574527217489334,0.0936579084862893,-0.3500119552239946,7,cnn
3C,level_2,MAR,0.8,80.0,knn,baseline,0.0599151262907182,0.0980970628651622,-0.4810192819912799,7,cnn
3C,level_2,MAR,0.8500000000000001,85.00000000000001,knn,baseline,0.0669679079111687,0.1112801478614868,-0.9058297073065618,7,cnn
3C,level_2,MAR,0.9,90.0,knn,baseline,0.0827479943815457,0.1318612031264068,-1.675979439082715,7,cnn
3C,level_2,MAR,0.95,95.0,knn,baseline,0.0923064350371903,0.144772543711508,-2.225678760245988,7,cnn
3C,level_2,MNAR,0.0,0.0,knn,baseline,0.0485636223114389,0.0744896511591968,0.1460339898967637,7,cnn
3C,level_2,MNAR,0.05,5.0,knn,baseline,0.0482441324880226,0.0742225878128499,0.1521463608461273,7,cnn
3C,level_2,MNAR,0.1,10.0,knn,baseline,0.0486422859484816,0.0747903302924011,0.1391259702155821,7,cnn
3C,level_2,MNAR,0.15,15.0,knn,baseline,0.0479922545903732,0.0721442575336677,0.1989636196381016,7,cnn
3C,level_2,MNAR,0.2,20.0,knn,baseline,0.0480256389515061,0.0715173551651431,0.2128244533145389,7,cnn
3C,level_2,MNAR,0.25,25.0,knn,baseline,0.0469680977851536,0.071822328424182,0.2060965939221108,7,cnn
3C,level_2,MNAR,0.3,30.0,knn,baseline,0.0481571495049444,0.0775138131938612,0.075287117149552,7,cnn
3C,level_2,MNAR,0.35,35.0,knn,baseline,0.0457099638555421,0.0691902491459997,0.2632188723033044,7,cnn
3C,level_2,MNAR,0.4,40.0,knn,baseline,0.0478483354886,0.07161022387057,0.2107787557828453,7,cnn
3C,level_2,MNAR,0.45,45.0,knn,baseline,0.0474075020681651,0.072556407988913,0.1897850498019262,7,cnn
3C,level_2,MNAR,0.5,50.0,knn,baseline,0.0473743555621273,0.070898196758483,0.2263953297257671,7,cnn
3C,level_2,MNAR,0.55,55.00000000000001,knn,baseline,0.045167822247513,0.0683526109827522,0.2809502798120661,7,cnn
3C,level_2,MNAR,0.6000000000000001,60.00000000000001,knn,baseline,0.0440591237491907,0.0643301729067942,0.3630898916686104,7,cnn
3C,level_2,MNAR,0.65,65.0,knn,baseline,0.043680860934196,0.0618562477039632,0.4111348576821382,7,cnn
3C,level_2,MNAR,0.7000000000000001,70.0,knn,baseline,0.0448185213945395,0.0638066015723269,0.3734150888127597,7,cnn
3C,level_2,MNAR,0.75,75.0,knn,baseline,0.0435259768529625,0.0628699277949185,0.3916764532035477,7,cnn
3C,level_2,MNAR,0.8,80.0,knn,baseline,0.043394937150783,0.0600554776798544,0.4449220757381024,7,cnn
3C,level_2,MNAR,0.8500000000000001,85.00000000000001,knn,baseline,0.0430002172868109,0.0637676160154759,0.3741805362256328,7,cnn
3C,level_2,MNAR,0.9,90.0,knn,baseline,0.0466894721068083,0.0644300931815825,0.3611098050474197,7,cnn
3C,level_2,MNAR,0.95,95.0,knn,baseline,0.0474116862331716,0.0666132931668796,0.3170789285019884,7,cnn
3C,level_2,MCAR,0.0,0.0,knn,baseline,0.064972140017487,0.079848860798225,-0.1789952260594394,1,cnn
3C,level_2,MCAR,0.05,5.0,knn,baseline,0.0647237921114757,0.0791294163104494,-0.1578452600744107,1,cnn
3C,level_2,MCAR,0.1,10.0,knn,baseline,0.0657997800487523,0.0803302234419592,-0.1932530349045915,1,cnn
3C,level_2,MCAR,0.15,15.0,knn,baseline,0.064243830340165,0.0794935618105293,-0.1685263517995459,1,cnn
3C,level_2,MCAR,0.2,20.0,knn,baseline,0.0649935650324497,0.0800374925969175,-0.1845722293547267,1,cnn
3C,level_2,MCAR,0.25,25.0,knn,baseline,0.0646150080017165,0.0788144903202873,-0.1486474173981105,1,cnn
3C,level_2,MCAR,0.3,30.0,knn,baseline,0.062811949153471,0.0773031524951055,-0.1050171238608737,1,cnn
3C,level_2,MCAR,0.35,35.0,knn,baseline,0.0644656366388346,0.0797382867756428,-0.175732161855008,1,cnn
3C,level_2,MCAR,0.4,40.0,knn,baseline,0.0636331994406814,0.0783401270355911,-0.1348622256673322,1,cnn
3C,level_2,MCAR,0.45,45.0,knn,baseline,0.0638221207525585,0.0799896565632737,-0.1831566851737716,1,cnn
3C,level_2,MCAR,0.5,50.0,knn,baseline,0.0653615992030932,0.0790627273865811,-0.1558944579564487,1,cnn
3C,level_2,MCAR,0.55,55.00000000000001,knn,baseline,0.0631574710791721,0.0774418074284315,-0.1089847106622614,1,cnn
3C,level_2,MCAR,0.6000000000000001,60.00000000000001,knn,baseline,0.0636824200221133,0.0780579200377911,-0.1267006558133596,1,cnn
3C,level_2,MCAR,0.65,65.0,knn,baseline,0.0642364184918303,0.0790012703525228,-0.1540981567700081,1,cnn
3C,level_2,MCAR,0.7000000000000001,70.0,knn,baseline,0.0604575796587063,0.075595992932486,-0.0567497388233613,1,cnn
3C,level_2,MCAR,0.75,75.0,knn,baseline,0.0594016884861534,0.0736897345151408,-0.0041268530250533,1,cnn
3C,level_2,MCAR,0.8,80.0,knn,baseline,0.0597138777286072,0.0747516659621422,-0.0332760182885267,1,cnn
3C,level_2,MCAR,0.8500000000000001,85.00000000000001,knn,baseline,0.0576722138149039,0.070411242047207,0.0832337678517398,1,cnn
3C,level_2,MCAR,0.9,90.0,knn,baseline,0.0634927373221247,0.0826511978905327,-0.2632022841972752,1,cnn
3C,level_2,MCAR,0.95,95.0,knn,baseline,0.1309163407913981,0.1559339845006071,-3.496309007444956,1,cnn
3C,level_2,MAR,0.0,0.0,knn,baseline,0.064972140017487,0.079848860798225,-0.1789952260594394,1,cnn
3C,level_2,MAR,0.05,5.0,knn,baseline,0.0647672683317375,0.0798288546743078,-0.1784045058042287,1,cnn
3C,level_2,MAR,0.1,10.0,knn,baseline,0.0647669892281625,0.0798599076101011,-0.1793214683941963,1,cnn
3C,level_2,MAR,0.15,15.0,knn,baseline,0.0648559359396049,0.0800979029387817,-0.1863610764822474,1,cnn
3C,level_2,MAR,0.2,20.0,knn,baseline,0.0663537379112762,0.080662179934314,-0.2031354057779109,1,cnn
3C,level_2,MAR,0.25,25.0,knn,baseline,0.0655960341148235,0.0805427592385179,-0.1995755488900157,1,cnn
3C,level_2,MAR,0.3,30.0,knn,baseline,0.0646618667739283,0.0791968354588262,-0.1598190948232438,1,cnn
3C,level_2,MAR,0.35,35.0,knn,baseline,0.0656149908214328,0.0809102730736666,-0.2105477686298982,1,cnn
3C,level_2,MAR,0.4,40.0,knn,baseline,0.0660932443109519,0.0807805978858316,-0.2066705795237537,1,cnn
3C,level_2,MAR,0.45,45.0,knn,baseline,0.0675371559482569,0.0817724380449294,-0.2364839702159289,1,cnn
3C,level_2,MAR,0.5,50.0,knn,baseline,0.0670924219089031,0.0821636277145618,-0.2483426538656044,1,cnn
3C,level_2,MAR,0.55,55.00000000000001,knn,baseline,0.0677747717540255,0.082765364155061,-0.2666944220514577,1,cnn
3C,level_2,MAR,0.6000000000000001,60.00000000000001,knn,baseline,0.0667242603808899,0.0826311395212396,-0.2625892331107693,1,cnn
3C,level_2,MAR,0.65,65.0,knn,baseline,0.066313887598488,0.0815618994019761,-0.2301250421495133,1,cnn
3C,level_2,MAR,0.7000000000000001,70.0,knn,baseline,0.0678420866245981,0.0855681551461961,-0.3539384912918302,1,cnn
3C,level_2,MAR,0.75,75.0,knn,baseline,0.0677303376911007,0.0834856404167286,-0.2888374994326557,1,cnn
3C,level_2,MAR,0.8,80.0,knn,baseline,0.0717029059519726,0.0880950526172192,-0.4350850369732462,1,cnn
3C,level_2,MAR,0.8500000000000001,85.00000000000001,knn,baseline,0.0748152226152172,0.0934266170723559,-0.6140457655806546,1,cnn
3C,level_2,MAR,0.9,90.0,knn,baseline,0.0808327040289182,0.1031571461378012,-0.9677650163467229,1,cnn
3C,level_2,MAR,0.95,95.0,knn,baseline,0.085170493701185,0.1098282156058319,-1.230501157254885,1,cnn
3C,level_2,MNAR,0.0,0.0,knn,baseline,0.064972140017487,0.079848860798225,-0.1789952260594394,1,cnn
3C,level_2,MNAR,0.05,5.0,knn,baseline,0.064456837792037,0.0795339270253806,-0.1697133609510965,1,cnn
3C,level_2,MNAR,0.1,10.0,knn,baseline,0.0634456350847581,0.0783723141137746,-0.1357949635770827,1,cnn
3C,level_2,MNAR,0.15,15.0,knn,baseline,0.0648493323355581,0.0796662921514979,-0.17361001487983,1,cnn
3C,level_2,MNAR,0.2,20.0,knn,baseline,0.0658459378172941,0.0803754060465935,-0.1945957286039119,1,cnn
3C,level_2,MNAR,0.25,25.0,knn,baseline,0.0638590563089208,0.0782155383799023,-0.1312554271214061,1,cnn
3C,level_2,MNAR,0.3,30.0,knn,baseline,0.0641142056339014,0.0789599884287414,-0.1528923294722561,1,cnn
3C,level_2,MNAR,0.35,35.0,knn,baseline,0.0642965040018296,0.0789782901458683,-0.1534268370128417,1,cnn
3C,level_2,MNAR,0.4,40.0,knn,baseline,0.0651107986506779,0.0794870772002211,-0.1683357167646439,1,cnn
3C,level_2,MNAR,0.45,45.0,knn,baseline,0.0642031933828101,0.0787353452998444,-0.1463416465310205,1,cnn
3C,level_2,MNAR,0.5,50.0,knn,baseline,0.0657467510838738,0.0805787007486137,-0.2006463882021496,1,cnn
3C,level_2,MNAR,0.55,55.00000000000001,knn,baseline,0.0649642049874304,0.0804977197096158,-0.1982343181750117,1,cnn
3C,level_2,MNAR,0.6000000000000001,60.00000000000001,knn,baseline,0.0636234754944319,0.0781771469830026,-0.1301451664681727,1,cnn
3C,level_2,MNAR,0.65,65.0,knn,baseline,0.0626861603846508,0.0778466248537408,-0.120609173718531,1,cnn
3C,level_2,MNAR,0.7000000000000001,70.0,knn,baseline,0.0643072779847606,0.0782759650693519,-0.133004041970856,1,cnn
3C,level_2,MNAR,0.75,75.0,knn,baseline,0.061178770341154,0.0759880334364718,-0.067738759109174,1,cnn
3C,level_2,MNAR,0.8,80.0,knn,baseline,0.0635412016999441,0.078448565340922,-0.1380061498017311,1,cnn
3C,level_2,MNAR,0.8500000000000001,85.00000000000001,knn,baseline,0.0630567602904971,0.0779273133273243,-0.1229334133225459,1,cnn
3C,level_2,MNAR,0.9,90.0,knn,baseline,0.0655932988401396,0.0808100850488889,-0.2075516768948175,1,cnn
3C,level_2,MNAR,0.95,95.0,knn,baseline,0.0661842328332115,0.0799953887343679,-0.1833262645881084,1,cnn
3C,level_2,MCAR,0.0,0.0,knn,baseline,0.0588033480574542,0.0733075221746918,0.161410716638419,8,cnn
3C,level_2,MCAR,0.05,5.0,knn,baseline,0.059029394163717,0.0732558056327265,0.1625935049458688,8,cnn
3C,level_2,MCAR,0.1,10.0,knn,baseline,0.0584915579475291,0.0733708785112629,0.1599605815855685,8,cnn
3C,level_2,MCAR,0.15,15.0,knn,baseline,0.0585798806964977,0.0727359951143098,0.1744355240111508,8,cnn
3C,level_2,MCAR,0.2,20.0,knn,baseline,0.0595931555005354,0.0734300697998208,0.1586046465492202,8,cnn
3C,level_2,MCAR,0.25,25.0,knn,baseline,0.0581636831825113,0.0732944981923075,0.1617086615569388,8,cnn
3C,level_2,MCAR,0.3,30.0,knn,baseline,0.0581043275522538,0.0720574769047665,0.18976624984055,8,cnn
3C,level_2,MCAR,0.35,35.0,knn,baseline,0.058738050227872,0.0725865480816689,0.1778245313797852,8,cnn
3C,level_2,MCAR,0.4,40.0,knn,baseline,0.0588997892527092,0.0727508157055986,0.1740990578586831,8,cnn
3C,level_2,MCAR,0.45,45.0,knn,baseline,0.0585646186581733,0.0728233639685444,0.1724510336114153,8,cnn
3C,level_2,MCAR,0.5,50.0,knn,baseline,0.0585190862145951,0.072124368479841,0.1882612577091842,8,cnn
3C,level_2,MCAR,0.55,55.00000000000001,knn,baseline,0.0580131000267936,0.0715033846174263,0.2021790678559215,8,cnn
3C,level_2,MCAR,0.6000000000000001,60.00000000000001,knn,baseline,0.0571981683305011,0.0710369578421987,0.2125537189079125,8,cnn
3C,level_2,MCAR,0.65,65.0,knn,baseline,0.0574116268197778,0.0714275210229389,0.2038711123882275,8,cnn
3C,level_2,MCAR,0.7000000000000001,70.0,knn,baseline,0.056978620515238,0.0694827788815842,0.246633012202445,8,cnn
3C,level_2,MCAR,0.75,75.0,knn,baseline,0.0552176913597887,0.0700223296341031,0.2348874274995479,8,cnn
3C,level_2,MCAR,0.8,80.0,knn,baseline,0.0557982915607524,0.0713678572089847,0.2052005788630065,8,cnn
3C,level_2,MCAR,0.8500000000000001,85.00000000000001,knn,baseline,0.0508365904642794,0.0668787121895484,0.302044022847426,8,cnn
3C,level_2,MCAR,0.9,90.0,knn,baseline,0.0528876825026032,0.0672235182501695,0.2948285778692763,8,cnn
3C,level_2,MCAR,0.95,95.0,knn,baseline,0.080712940693897,0.0990473891332035,-0.5308699263546186,8,cnn
3C,level_2,MAR,0.0,0.0,knn,baseline,0.0588033480574542,0.0733075221746918,0.161410716638419,8,cnn
3C,level_2,MAR,0.05,5.0,knn,baseline,0.0590268950512115,0.0734327850154721,0.1585424210310639,8,cnn
3C,level_2,MAR,0.1,10.0,knn,baseline,0.0595382082367739,0.0740676948013353,0.1439288053683769,8,cnn
3C,level_2,MAR,0.15,15.0,knn,baseline,0.0588209431713956,0.0732292937556431,0.1631995238264892,8,cnn
3C,level_2,MAR,0.2,20.0,knn,baseline,0.0590661462094938,0.0737430867145959,0.1514159750457455,8,cnn
3C,level_2,MAR,0.25,25.0,knn,baseline,0.0602291354356578,0.0753970426057719,0.1129239583136298,8,cnn
3C,level_2,MAR,0.3,30.0,knn,baseline,0.058176637914335,0.0724656231077841,0.1805616427161132,8,cnn
3C,level_2,MAR,0.35,35.0,knn,baseline,0.0599368437705308,0.0746947719141021,0.1293719841443006,8,cnn
3C,level_2,MAR,0.4,40.0,knn,baseline,0.0596956187548866,0.0735429896841452,0.156014881373507,8,cnn
3C,level_2,MAR,0.45,45.0,knn,baseline,0.0597215672335694,0.0733095183790481,0.1613650455170142,8,cnn
3C,level_2,MAR,0.5,50.0,knn,baseline,0.0592772142573537,0.0739367367366899,0.1469533444089417,8,cnn
3C,level_2,MAR,0.55,55.00000000000001,knn,baseline,0.059066733652963,0.0729306772203539,0.1700102673737581,8,cnn
3C,level_2,MAR,0.6000000000000001,60.00000000000001,knn,baseline,0.0593686659420706,0.0725411983501579,0.178851547827691,8,cnn
3C,level_2,MAR,0.65,65.0,knn,baseline,0.0595372584607755,0.073269104041593,0.162289442089451,8,cnn
3C,level_2,MAR,0.7000000000000001,70.0,knn,baseline,0.0589190514251932,0.0732569954930165,0.1625663015094067,8,cnn
3C,level_2,MAR,0.75,75.0,knn,baseline,0.0607661494750817,0.0746133923706725,0.1312680395858303,8,cnn
3C,level_2,MAR,0.8,80.0,knn,baseline,0.0603207512061133,0.0737270669787977,0.1517846228991841,8,cnn
3C,level_2,MAR,0.8500000000000001,85.00000000000001,knn,baseline,0.0611182445534086,0.074342268176588,0.1375700267326983,8,cnn
3C,level_2,MAR,0.9,90.0,knn,baseline,0.0608728155522356,0.0741965001426981,0.1409487633752769,8,cnn
3C,level_2,MAR,0.95,95.0,knn,baseline,0.0587592607689302,0.0705799426597606,0.2226531739481337,8,cnn
3C,level_2,MNAR,0.0,0.0,knn,baseline,0.0588033480574542,0.0733075221746918,0.161410716638419,8,cnn
3C,level_2,MNAR,0.05,5.0,knn,baseline,0.0585978634601346,0.0726925120117316,0.1754223084613583,8,cnn
3C,level_2,MNAR,0.1,10.0,knn,baseline,0.058662090534457,0.0730640132666483,0.1669726234627143,8,cnn
3C,level_2,MNAR,0.15,15.0,knn,baseline,0.059460110509072,0.0735416772498898,0.1560450043016561,8,cnn
3C,level_2,MNAR,0.2,20.0,knn,baseline,0.0588518039886538,0.0729135969862902,0.1703989860693198,8,cnn
3C,level_2,MNAR,0.25,25.0,knn,baseline,0.0581107578178039,0.072147902153395,0.1877314420146049,8,cnn
3C,level_2,MNAR,0.3,30.0,knn,baseline,0.0599193336948721,0.0745577208544281,0.1325639351633134,8,cnn
3C,level_2,MNAR,0.35,35.0,knn,baseline,0.059236721902899,0.0739833278204223,0.1458779144581691,8,cnn
3C,level_2,MNAR,0.4,40.0,knn,baseline,0.0576140538556093,0.0720616300316853,0.1896728493853564,8,cnn
3C,level_2,MNAR,0.45,45.0,knn,baseline,0.0586651099927738,0.072641623526146,0.1765763976847175,8,cnn
3C,level_2,MNAR,0.5,50.0,knn,baseline,0.0587784519135827,0.0735378187712365,0.1561335608054361,8,cnn
3C,level_2,MNAR,0.55,55.00000000000001,knn,baseline,0.057003026651689,0.0714006338555966,0.2044703666112591,8,cnn
3C,level_2,MNAR,0.6000000000000001,60.00000000000001,knn,baseline,0.0572002669714686,0.0709091900202832,0.21538378989895,8,cnn
3C,level_2,MNAR,0.65,65.0,knn,baseline,0.0573367070295616,0.07137330241345,0.2050792914759773,8,cnn
3C,level_2,MNAR,0.7000000000000001,70.0,knn,baseline,0.0591760001132781,0.0733689969490923,0.1600036658761443,8,cnn
3C,level_2,MNAR,0.75,75.0,knn,baseline,0.0580938209083732,0.07182314383679,0.1950274897835374,8,cnn
3C,level_2,MNAR,0.8,80.0,knn,baseline,0.0580125480803169,0.0706096144091316,0.2219994446411515,8,cnn
3C,level_2,MNAR,0.8500000000000001,85.00000000000001,knn,baseline,0.0589738771303212,0.0715160970394537,0.2018953571468849,8,cnn
3C,level_2,MNAR,0.9,90.0,knn,baseline,0.0577240970129757,0.0718868002929945,0.1935999720720942,8,cnn
3C,level_2,MNAR,0.95,95.0,knn,baseline,0.06025689049006,0.0734127662875375,0.1590011429566452,8,cnn
3C,level_2,MCAR,0.0,0.0,knn,baseline,0.0420212876419085,0.0506407664066997,0.5490565202649471,9,cnn
3C,level_2,MCAR,0.05,5.0,knn,baseline,0.0419899749113312,0.0511396135209263,0.5401285424140423,9,cnn
3C,level_2,MCAR,0.1,10.0,knn,baseline,0.042315816356217,0.0516991712896055,0.5300098722826362,9,cnn
3C,level_2,MCAR,0.15,15.0,knn,baseline,0.0422237276636398,0.051108639292074,0.5406854433794066,9,cnn
3C,level_2,MCAR,0.2,20.0,knn,baseline,0.0413953740963135,0.0500973568704986,0.5586824499200311,9,cnn
3C,level_2,MCAR,0.25,25.0,knn,baseline,0.0422219709166398,0.0505488079514566,0.550692767812284,9,cnn
3C,level_2,MCAR,0.3,30.0,knn,baseline,0.042417811292283,0.0511390745165162,0.5401382363252935,9,cnn
3C,level_2,MCAR,0.35,35.0,knn,baseline,0.0414033667088682,0.0502930512921284,0.5552278939113753,9,cnn
3C,level_2,MCAR,0.4,40.0,knn,baseline,0.0424306159921289,0.0527079629157584,0.5114893505795852,9,cnn
3C,level_2,MCAR,0.45,45.0,knn,baseline,0.0410185352904858,0.0498982953327267,0.5621826272234534,9,cnn
3C,level_2,MCAR,0.5,50.0,knn,baseline,0.0406048752387928,0.0492769963867636,0.5730175463918132,9,cnn
3C,level_2,MCAR,0.55,55.00000000000001,knn,baseline,0.0423415120070707,0.0514039759942696,0.535361709883692,9,cnn
3C,level_2,MCAR,0.6000000000000001,60.00000000000001,knn,baseline,0.0404997506524935,0.0497596028763731,0.5646130741162365,9,cnn
3C,level_2,MCAR,0.65,65.0,knn,baseline,0.0413648580749547,0.0508407302166337,0.5454882327652812,9,cnn
3C,level_2,MCAR,0.7000000000000001,70.0,knn,baseline,0.0421900585684088,0.0518174643500552,0.5278566394722313,9,cnn
3C,level_2,MCAR,0.75,75.0,knn,baseline,0.0438813260520321,0.0552459123901955,0.4633120146208972,9,cnn
3C,level_2,MCAR,0.8,80.0,knn,baseline,0.048695571874614,0.0643972761284378,0.2707833633844051,9,cnn
3C,level_2,MCAR,0.8500000000000001,85.00000000000001,knn,baseline,0.0707656490278582,0.0896151352401549,-0.4121612862185315,9,cnn
3C,level_2,MCAR,0.9,90.0,knn,baseline,0.0961206050246037,0.1166567920702727,-1.3929941205185816,9,cnn
3C,level_2,MCAR,0.95,95.0,knn,baseline,0.1818694182310262,0.2069824552018922,-6.533358593251456,9,cnn
3C,level_2,MAR,0.0,0.0,knn,baseline,0.0420212876419085,0.0506407664066997,0.5490565202649471,9,cnn
3C,level_2,MAR,0.05,5.0,knn,baseline,0.0411092765663814,0.0494871375982343,0.5693680573505062,9,cnn
3C,level_2,MAR,0.1,10.0,knn,baseline,0.0423723238410679,0.0506272500357057,0.5492972080106941,9,cnn
3C,level_2,MAR,0.15,15.0,knn,baseline,0.0413145899378097,0.0501649282085105,0.5574911484180183,9,cnn
3C,level_2,MAR,0.2,20.0,knn,baseline,0.0427101846011817,0.0523350065338663,0.518378198631746,9,cnn
3C,level_2,MAR,0.25,25.0,knn,baseline,0.0421625369728034,0.0504214113488965,0.5529546642576646,9,cnn
3C,level_2,MAR,0.3,30.0,knn,baseline,0.0422613601549297,0.0510667570351452,0.5414379286094315,9,cnn
3C,level_2,MAR,0.35,35.0,knn,baseline,0.0431878544782634,0.0523472894832461,0.5181521002396536,9,cnn
3C,level_2,MAR,0.4,40.0,knn,baseline,0.0419121133475157,0.0501358254289497,0.5580044353863481,9,cnn
3C,level_2,MAR,0.45,45.0,knn,baseline,0.041658254278467,0.0501080389466608,0.5584942288013663,9,cnn
3C,level_2,MAR,0.5,50.0,knn,baseline,0.0423841311227063,0.0514206275378071,0.535060635980332,9,cnn
3C,level_2,MAR,0.55,55.00000000000001,knn,baseline,0.0418345310851473,0.0504957956409463,0.5516346821979368,9,cnn
3C,level_2,MAR,0.6000000000000001,60.00000000000001,knn,baseline,0.0439055125020074,0.0558316587615516,0.4518711840548267,9,cnn
3C,level_2,MAR,0.65,65.0,knn,baseline,0.0449210643035581,0.0583259411259587,0.4018018266434184,9,cnn
3C,level_2,MAR,0.7000000000000001,70.0,knn,baseline,0.0475612063824989,0.0621959552116825,0.3197855452765407,9,cnn
3C,level_2,MAR,0.75,75.0,knn,baseline,0.051434520789072,0.0753214815636285,0.0023934770514347,9,cnn
3C,level_2,MAR,0.8,80.0,knn,baseline,0.053829917814151,0.079250499880135,-0.1043979524163827,9,cnn
3C,level_2,MAR,0.8500000000000001,85.00000000000001,knn,baseline,0.0582671955516715,0.086274692411338,-0.3088455823284146,9,cnn
3C,level_2,MAR,0.9,90.0,knn,baseline,0.0661581448640665,0.098756506678625,-0.7149561132624853,9,cnn
3C,level_2,MAR,0.95,95.0,knn,baseline,0.0774014230958113,0.116355798897547,-1.3806614364510952,9,cnn
3C,level_2,MNAR,0.0,0.0,knn,baseline,0.0420212876419085,0.0506407664066997,0.5490565202649471,9,cnn
3C,level_2,MNAR,0.05,5.0,knn,baseline,0.0425465006693035,0.0511684010520253,0.5396106546513536,9,cnn
3C,level_2,MNAR,0.1,10.0,knn,baseline,0.0421400531403561,0.0509211692968486,0.5440488580371163,9,cnn
3C,level_2,MNAR,0.15,15.0,knn,baseline,0.0426308557474303,0.051299778447363,0.5372434748848419,9,cnn
3C,level_2,MNAR,0.2,20.0,knn,baseline,0.0421357967870455,0.050351702470558,0.5541899127859982,9,cnn
3C,level_2,MNAR,0.25,25.0,knn,baseline,0.0424172619815132,0.050881306898722,0.544762439133156,9,cnn
3C,level_2,MNAR,0.3,30.0,knn,baseline,0.0425091571751497,0.0513329976827607,0.5366439637127,9,cnn
3C,level_2,MNAR,0.35,35.0,knn,baseline,0.0423825499577443,0.0515162873132776,0.5333291376495937,9,cnn
3C,level_2,MNAR,0.4,40.0,knn,baseline,0.0420712146612487,0.0506787206730819,0.5483803202808968,9,cnn
3C,level_2,MNAR,0.45,45.0,knn,baseline,0.0418483034702057,0.0509030459994774,0.5443733544204006,9,cnn
3C,level_2,MNAR,0.5,50.0,knn,baseline,0.0420805336476499,0.0508682348060815,0.5449963223998252,9,cnn
3C,level_2,MNAR,0.55,55.00000000000001,knn,baseline,0.0414001683839387,0.0506286160532243,0.5492728860807041,9,cnn
3C,level_2,MNAR,0.6000000000000001,60.00000000000001,knn,baseline,0.0413386251808058,0.0502682265453797,0.5556668662780921,9,cnn
3C,level_2,MNAR,0.65,65.0,knn,baseline,0.0426046273150342,0.0517507352633687,0.5290718826165975,9,cnn
3C,level_2,MNAR,0.7000000000000001,70.0,knn,baseline,0.0420222639586626,0.0514230804196819,0.5350162775742086,9,cnn
3C,level_2,MNAR,0.75,75.0,knn,baseline,0.0426859620119099,0.0514210977371126,0.5350521329660347,9,cnn
3C,level_2,MNAR,0.8,80.0,knn,baseline,0.041100174018959,0.051477096495008,0.5340389037133859,9,cnn
3C,level_2,MNAR,0.8500000000000001,85.00000000000001,knn,baseline,0.0441737501367609,0.0549979284790895,0.4681192945623545,9,cnn
3C,level_2,MNAR,0.9,90.0,knn,baseline,0.0431606446552502,0.0531849037468621,0.5026085364252775,9,cnn
3C,level_2,MNAR,0.95,95.0,knn,baseline,0.0449749812933288,0.0555753047838509,0.4568931523926163,9,cnn
3C,level_2,MCAR,0.0,0.0,knn,baseline,0.0590263889757343,0.0781464722319626,0.0452533575187494,0,cnn
3C,level_2,MCAR,0.05,5.0,knn,baseline,0.0587701784821018,0.0778145448059742,0.0533467123565928,0,cnn
3C,level_2,MCAR,0.1,10.0,knn,baseline,0.0594005138905329,0.078557031632373,0.035195068915909,0,cnn
3C,level_2,MCAR,0.15,15.0,knn,baseline,0.058871603391245,0.078100559305755,0.0463749010452185,0,cnn
3C,level_2,MCAR,0.2,20.0,knn,baseline,0.058273408676132,0.0773889831969456,0.0636727431628549,0,cnn
3C,level_2,MCAR,0.25,25.0,knn,baseline,0.0580124054099428,0.0765364160725155,0.0841894784761609,0,cnn
3C,level_2,MCAR,0.3,30.0,knn,baseline,0.0584555076335441,0.077586525324258,0.0588865284073688,0,cnn
3C,level_2,MCAR,0.35,35.0,knn,baseline,0.0600565378504732,0.0797067818857392,0.0067468864319804,0,cnn
3C,level_2,MCAR,0.4,40.0,knn,baseline,0.0576742922006293,0.0766017933633179,0.0826242423268279,0,cnn
3C,level_2,MCAR,0.45,45.0,knn,baseline,0.0573077315620168,0.0762538595996084,0.0909389591807187,0,cnn
3C,level_2,MCAR,0.5,50.0,knn,baseline,0.0581507107487359,0.0777285993165127,0.0554366982154626,0,cnn
3C,level_2,MCAR,0.55,55.00000000000001,knn,baseline,0.0573171501352135,0.0758882678330249,0.0996348739849073,0,cnn
3C,level_2,MCAR,0.6000000000000001,60.00000000000001,knn,baseline,0.0571879340979213,0.0762555690585145,0.090898200065853,0,cnn
3C,level_2,MCAR,0.65,65.0,knn,baseline,0.0557762884530722,0.0743079511435814,0.1367432980947156,0,cnn
3C,level_2,MCAR,0.7000000000000001,70.0,knn,baseline,0.055393803511811,0.0731443547446883,0.1635672846017101,0,cnn
3C,level_2,MCAR,0.75,75.0,knn,baseline,0.0556262184079552,0.0728814423713367,0.1695694781566668,0,cnn
3C,level_2,MCAR,0.8,80.0,knn,baseline,0.0536125742915179,0.0700012758383183,0.2339073495497917,0,cnn
3C,level_2,MCAR,0.8500000000000001,85.00000000000001,knn,baseline,0.0600891821030771,0.0759211352035655,0.098854804986622,0,cnn
3C,level_2,MCAR,0.9,90.0,knn,baseline,0.072668137432949,0.0894814225333662,-0.2518005680513488,0,cnn
3C,level_2,MCAR,0.95,95.0,knn,baseline,0.1143172468499146,0.1340562666708469,-1.809594383553594,0,cnn
3C,level_2,MAR,0.0,0.0,knn,baseline,0.0590263889757343,0.0781464722319626,0.0452533575187494,0,cnn
3C,level_2,MAR,0.05,5.0,knn,baseline,0.0590222352275213,0.0780627228371751,0.0472986605252535,0,cnn
3C,level_2,MAR,0.1,10.0,knn,baseline,0.059094275000117,0.0786912351824859,0.0318957882901864,0,cnn
3C,level_2,MAR,0.15,15.0,knn,baseline,0.0585182128996709,0.0777074879159492,0.0559497229286727,0,cnn
3C,level_2,MAR,0.2,20.0,knn,baseline,0.0595898792505504,0.079320345904807,0.0163545581805232,0,cnn
3C,level_2,MAR,0.25,25.0,knn,baseline,0.0582978064645792,0.077186386582643,0.0685687482725424,0,cnn
3C,level_2,MAR,0.3,30.0,knn,baseline,0.0581325087090192,0.0773314032106811,0.065065542281319,0,cnn
3C,level_2,MAR,0.35,35.0,knn,baseline,0.0582621647414237,0.0770162849467512,0.0726695594545412,0,cnn
3C,level_2,MAR,0.4,40.0,knn,baseline,0.0590226194668489,0.0780671211241493,0.0471913014225955,0,cnn
3C,level_2,MAR,0.45,45.0,knn,baseline,0.0583813760894097,0.0776937328647754,0.0562839072122651,0,cnn
3C,level_2,MAR,0.5,50.0,knn,baseline,0.0587165356356007,0.0775912418571477,0.058772103188774,0,cnn
3C,level_2,MAR,0.55,55.00000000000001,knn,baseline,0.060458716056662,0.0798911597909547,0.0021463810045595,0,cnn
3C,level_2,MAR,0.6000000000000001,60.00000000000001,knn,baseline,0.0588383378068325,0.0769630782659627,0.0739504088605099,0,cnn
3C,level_2,MAR,0.65,65.0,knn,baseline,0.0595554597904655,0.0786979636144876,0.0317302272382177,0,cnn
3C,level_2,MAR,0.7000000000000001,70.0,knn,baseline,0.0586603216918036,0.077806468121215,0.0535432160669041,0,cnn
3C,level_2,MAR,0.75,75.0,knn,baseline,0.0560402518184827,0.0744405549139644,0.1336595572702283,0,cnn
3C,level_2,MAR,0.8,80.0,knn,baseline,0.056685169045788,0.0742769294340438,0.1374639237700032,0,cnn
3C,level_2,MAR,0.8500000000000001,85.00000000000001,knn,baseline,0.0561776785037351,0.0728858594928673,0.1694688153932823,0,cnn
3C,level_2,MAR,0.9,90.0,knn,baseline,0.0582010217737838,0.0761414763290654,0.0936165408560038,0,cnn
3C,level_2,MAR,0.95,95.0,knn,baseline,0.0589510850540684,0.0763233160241019,0.0892821542474656,0,cnn
3C,level_2,MNAR,0.0,0.0,knn,baseline,0.0590263889757343,0.0781464722319626,0.0452533575187494,0,cnn
3C,level_2,MNAR,0.05,5.0,knn,baseline,0.0588091133947208,0.0777588729386283,0.0547007806419517,0,cnn
3C,level_2,MNAR,0.1,10.0,knn,baseline,0.0592264316878333,0.0786314800113089,0.0333655140731249,0,cnn
3C,level_2,MNAR,0.15,15.0,knn,baseline,0.059540161226159,0.0787035491297216,0.0315927782562618,0,cnn
3C,level_2,MNAR,0.2,20.0,knn,baseline,0.0575400500802772,0.0765809837800224,0.083122601787855,0,cnn
3C,level_2,MNAR,0.25,25.0,knn,baseline,0.0588260320101448,0.077376327954281,0.0639789490154904,0,cnn
3C,level_2,MNAR,0.3,30.0,knn,baseline,0.0584426547116877,0.0769635896996884,0.0739381012819428,0,cnn
3C,level_2,MNAR,0.35,35.0,knn,baseline,0.0582621378354901,0.0772031887596801,0.06816319032739,0,cnn
3C,level_2,MNAR,0.4,40.0,knn,baseline,0.0579173383356704,0.0767204494686903,0.0797800128175767,0,cnn
3C,level_2,MNAR,0.45,45.0,knn,baseline,0.0587219765207962,0.077241345484561,0.0672418649813755,0,cnn
3C,level_2,MNAR,0.5,50.0,knn,baseline,0.059905375076471,0.0798489174747003,0.0032013288724567,0,cnn
3C,level_2,MNAR,0.55,55.00000000000001,knn,baseline,0.0586423714827336,0.0773367930681982,0.06493521129246,0,cnn
3C,level_2,MNAR,0.6000000000000001,60.00000000000001,knn,baseline,0.0575050409886719,0.0755613723396892,0.1073749738493744,0,cnn
3C,level_2,MNAR,0.65,65.0,knn,baseline,0.0585371464335713,0.0775454109796938,0.0598836863879034,0,cnn
3C,level_2,MNAR,0.7000000000000001,70.0,knn,baseline,0.059342967572294,0.0780330884419105,0.0480218576708951,0,cnn
3C,level_2,MNAR,0.75,75.0,knn,baseline,0.057956798820996,0.0765215465813797,0.0845452911549806,0,cnn
3C,level_2,MNAR,0.8,80.0,knn,baseline,0.0558365317439936,0.0735260483327814,0.1548148931174492,0,cnn
3C,level_2,MNAR,0.8500000000000001,85.00000000000001,knn,baseline,0.0565881588827108,0.0743756110951774,0.1351705324088656,0,cnn
3C,level_2,MNAR,0.9,90.0,knn,baseline,0.0565585542307371,0.0742283366573697,0.1385921156127899,0,cnn
3C,level_2,MNAR,0.95,95.0,knn,baseline,0.0589566275907453,0.0762958470149514,0.0899375768988568,0,cnn
3C,level_2,MCAR,0.0,0.0,knn,baseline,0.040847828023272,0.0537316110637129,0.5787017614048815,2,cnn
3C,level_2,MCAR,0.05,5.0,knn,baseline,0.0413844911638964,0.0539666892428161,0.5750073004091188,2,cnn
3C,level_2,MCAR,0.1,10.0,knn,baseline,0.0414759607304797,0.054460178243872,0.5671992194640564,2,cnn
3C,level_2,MCAR,0.15,15.0,knn,baseline,0.0415236354310494,0.0546301695462892,0.564493125041656,2,cnn
3C,level_2,MCAR,0.2,20.0,knn,baseline,0.0412749792608172,0.0539921167561195,0.574606717993251,2,cnn
3C,level_2,MCAR,0.25,25.0,knn,baseline,0.0420726764461324,0.0546519173165315,0.5641463134262499,2,cnn
3C,level_2,MCAR,0.3,30.0,knn,baseline,0.0417469793366923,0.0544635156432105,0.5671461725096181,2,cnn
3C,level_2,MCAR,0.35,35.0,knn,baseline,0.0423872229193203,0.0537916441328631,0.5777598222085059,2,cnn
3C,level_2,MCAR,0.4,40.0,knn,baseline,0.0413333606412002,0.0539229766009023,0.5756955038216041,2,cnn
3C,level_2,MCAR,0.45,45.0,knn,baseline,0.0424926521929524,0.0550441171519567,0.5578682130707587,2,cnn
3C,level_2,MCAR,0.5,50.0,knn,baseline,0.0427702955373265,0.0553311861317381,0.5532445296119388,2,cnn
3C,level_2,MCAR,0.55,55.00000000000001,knn,baseline,0.0410602947785343,0.0531334474874215,0.5880296985443798,2,cnn
3C,level_2,MCAR,0.6000000000000001,60.00000000000001,knn,baseline,0.0437862404955729,0.0557602378109919,0.5462891624905708,2,cnn
3C,level_2,MCAR,0.65,65.0,knn,baseline,0.0441206719210638,0.0560489789589173,0.5415781288826534,2,cnn
3C,level_2,MCAR,0.7000000000000001,70.0,knn,baseline,0.0459872147752086,0.0585769493588491,0.4992932813613251,2,cnn
3C,level_2,MCAR,0.75,75.0,knn,baseline,0.0483260444942921,0.0605770803162255,0.4645158834347452,2,cnn
3C,level_2,MCAR,0.8,80.0,knn,baseline,0.0555923569641277,0.0693011023736273,0.2991740014538571,2,cnn
3C,level_2,MCAR,0.8500000000000001,85.00000000000001,knn,baseline,0.0742424656341355,0.0908510401916452,-0.2044526366688461,2,cnn
3C,level_2,MCAR,0.9,90.0,knn,baseline,0.109671001338856,0.1286132347451754,-1.4137997671882006,2,cnn
3C,level_2,MCAR,0.95,95.0,knn,baseline,0.1652438777907159,0.186241499886239,-4.061541937996155,2,cnn
3C,level_2,MAR,0.0,0.0,knn,baseline,0.040847828023272,0.0537316110637129,0.5787017614048815,2,cnn
3C,level_2,MAR,0.05,5.0,knn,baseline,0.0409490440592442,0.0541561669090129,0.5720177529325663,2,cnn
3C,level_2,MAR,0.1,10.0,knn,baseline,0.0419063537534009,0.0548155583778815,0.5615323030358499,2,cnn
3C,level_2,MAR,0.15,15.0,knn,baseline,0.0414553609679666,0.0535488226600806,0.5815632965163329,2,cnn
3C,level_2,MAR,0.2,20.0,knn,baseline,0.0406972719342382,0.0538512667806539,0.5768232816050327,2,cnn
3C,level_2,MAR,0.25,25.0,knn,baseline,0.0417698271713421,0.0548405337482867,0.5611326578175941,2,cnn
3C,level_2,MAR,0.3,30.0,knn,baseline,0.0418260817769012,0.0540798769215142,0.5732227038926814,2,cnn
3C,level_2,MAR,0.35,35.0,knn,baseline,0.0419496892255653,0.0550069694748002,0.558464775524061,2,cnn
3C,level_2,MAR,0.4,40.0,knn,baseline,0.0429886839089532,0.0560075683228802,0.5422552697979435,2,cnn
3C,level_2,MAR,0.45,45.0,knn,baseline,0.0422296231252384,0.0549110086834271,0.5600039663660366,2,cnn
3C,level_2,MAR,0.5,50.0,knn,baseline,0.0415047197311122,0.054906546611769,0.5600754716656022,2,cnn
3C,level_2,MAR,0.55,55.00000000000001,knn,baseline,0.0425142180542386,0.0559921126075192,0.5425078712338252,2,cnn
3C,level_2,MAR,0.6000000000000001,60.00000000000001,knn,baseline,0.0408236157054921,0.0549720534256287,0.5590251326147735,2,cnn
3C,level_2,MAR,0.65,65.0,knn,baseline,0.042001043625617,0.0571517291498902,0.5233619952461135,2,cnn
3C,level_2,MAR,0.7000000000000001,70.0,knn,baseline,0.0415768734959662,0.056714143355751,0.5306328707981585,2,cnn
3C,level_2,MAR,0.75,75.0,knn,baseline,0.0434365899411418,0.0600938492645536,0.4730250575516508,2,cnn
3C,level_2,MAR,0.8,80.0,knn,baseline,0.0468887225398462,0.0688577016508149,0.3081133296127365,2,cnn
3C,level_2,MAR,0.8500000000000001,85.00000000000001,knn,baseline,0.0500486999507612,0.0744326132580936,0.1915438812015251,2,cnn
3C,level_2,MAR,0.9,90.0,knn,baseline,0.0545744928815778,0.0800595083123198,0.0646896168837617,2,cnn
3C,level_2,MAR,0.95,95.0,knn,baseline,0.0604724070792305,0.0894627570933083,-0.1679237097662103,2,cnn
3C,level_2,MNAR,0.0,0.0,knn,baseline,0.040847828023272,0.0537316110637129,0.5787017614048815,2,cnn
3C,level_2,MNAR,0.05,5.0,knn,baseline,0.0409601451311224,0.053415924087022,0.5836376888735224,2,cnn
3C,level_2,MNAR,0.1,10.0,knn,baseline,0.0411547796066661,0.0540768438509765,0.5732705741696549,2,cnn
3C,level_2,MNAR,0.15,15.0,knn,baseline,0.04105247191849,0.0539651744852911,0.575031157787221,2,cnn
3C,level_2,MNAR,0.2,20.0,knn,baseline,0.0418927878635435,0.0549487273823163,0.5593992869665687,2,cnn
3C,level_2,MNAR,0.25,25.0,knn,baseline,0.0421352092786035,0.0559049039197741,0.5439318652925338,2,cnn
3C,level_2,MNAR,0.3,30.0,knn,baseline,0.0423368310743563,0.0544020511081261,0.5681226113748206,2,cnn
3C,level_2,MNAR,0.35,35.0,knn,baseline,0.0411755023952192,0.0538051993926727,0.5775469900275123,2,cnn
3C,level_2,MNAR,0.4,40.0,knn,baseline,0.0412766834983784,0.0536035445908642,0.5807076525326915,2,cnn
3C,level_2,MNAR,0.45,45.0,knn,baseline,0.0411357536490433,0.0533961854087653,0.5839453470621973,2,cnn
3C,level_2,MNAR,0.5,50.0,knn,baseline,0.0412374275646887,0.0544160812101336,0.5678998232619488,2,cnn
3C,level_2,MNAR,0.55,55.00000000000001,knn,baseline,0.0403730611657429,0.0525659749597366,0.5967825059849926,2,cnn
3C,level_2,MNAR,0.6000000000000001,60.00000000000001,knn,baseline,0.0409700543575061,0.0540970077472307,0.5729522814785768,2,cnn
3C,level_2,MNAR,0.65,65.0,knn,baseline,0.041548589701288,0.0541586489990634,0.5719785213960159,2,cnn
3C,level_2,MNAR,0.7000000000000001,70.0,knn,baseline,0.0411090831664201,0.0538508894915774,0.5768292112480482,2,cnn
3C,level_2,MNAR,0.75,75.0,knn,baseline,0.0385734741038475,0.0506685878763492,0.6253657147485756,2,cnn
3C,level_2,MNAR,0.8,80.0,knn,baseline,0.0394159106602581,0.055017775544184,0.5582912800935178,2,cnn
3C,level_2,MNAR,0.8500000000000001,85.00000000000001,knn,baseline,0.0412046834136749,0.0530428865885001,0.589432830028753,2,cnn
3C,level_2,MNAR,0.9,90.0,knn,baseline,0.0424831816023466,0.0576098640739702,0.5156897957486475,2,cnn
3C,level_2,MNAR,0.95,95.0,knn,baseline,0.045015167917964,0.0600123345381886,0.4744537256974739,2,cnn
3C,level_2,MCAR,0.0,0.0,knn,baseline,0.0518956767967155,0.0727815384743187,0.2309965489210698,3,cnn
3C,level_2,MCAR,0.05,5.0,knn,baseline,0.0516971688201835,0.0725539643424603,0.2357980876678681,3,cnn
3C,level_2,MCAR,0.1,10.0,knn,baseline,0.0522105148856704,0.0728473132731636,0.2296059791653224,3,cnn
3C,level_2,MCAR,0.15,15.0,knn,baseline,0.0517188378780811,0.0728449194884244,0.2296566090943518,3,cnn
3C,level_2,MCAR,0.2,20.0,knn,baseline,0.0512665907498952,0.072077586466041,0.2458004009443011,3,cnn
3C,level_2,MCAR,0.25,25.0,knn,baseline,0.0513135485803758,0.0726800312481464,0.2331400862735142,3,cnn
3C,level_2,MCAR,0.3,30.0,knn,baseline,0.0518499958072696,0.07241173099252,0.2387914032571332,3,cnn
3C,level_2,MCAR,0.35,35.0,knn,baseline,0.0515368581548467,0.0726956099590735,0.2328113035507263,3,cnn
3C,level_2,MCAR,0.4,40.0,knn,baseline,0.0513849413081332,0.0726107652330314,0.23460106581204,3,cnn
3C,level_2,MCAR,0.45,45.0,knn,baseline,0.0502153445020452,0.0708502620336409,0.2712664787589457,3,cnn
3C,level_2,MCAR,0.5,50.0,knn,baseline,0.0503456715824367,0.071770371559863,0.2522159201724906,3,cnn
3C,level_2,MCAR,0.55,55.00000000000001,knn,baseline,0.0505009241190042,0.0711544776132738,0.2649949976680089,3,cnn
3C,level_2,MCAR,0.6000000000000001,60.00000000000001,knn,baseline,0.0494044855581747,0.0705490474301843,0.2774496195799774,3,cnn
3C,level_2,MCAR,0.65,65.0,knn,baseline,0.0482131504789129,0.0692067656929395,0.3046828642782283,3,cnn
3C,level_2,MCAR,0.7000000000000001,70.0,knn,baseline,0.0466513899794569,0.0669252956653111,0.3497708687131031,3,cnn
3C,level_2,MCAR,0.75,75.0,knn,baseline,0.0451450571352297,0.0655442081880505,0.3763305538860074,3,cnn
3C,level_2,MCAR,0.8,80.0,knn,baseline,0.0470634131809612,0.0668594686448388,0.3510493567883248,3,cnn
3C,level_2,MCAR,0.8500000000000001,85.00000000000001,knn,baseline,0.0461922638953269,0.0652241488775037,0.3824065705803895,3,cnn
3C,level_2,MCAR,0.9,90.0,knn,baseline,0.0489296897785083,0.0643608888825501,0.3986464313160531,3,cnn
3C,level_2,MCAR,0.95,95.0,knn,baseline,0.0790849453092695,0.0924554280648835,-0.2409396267991161,3,cnn
3C,level_2,MAR,0.0,0.0,knn,baseline,0.0518956767967155,0.0727815384743187,0.2309965489210698,3,cnn
3C,level_2,MAR,0.05,5.0,knn,baseline,0.0514644515785011,0.0724485722371949,0.238016639119313,3,cnn
3C,level_2,MAR,0.1,10.0,knn,baseline,0.0520711751250533,0.0729399394835105,0.2276456036315522,3,cnn
3C,level_2,MAR,0.15,15.0,knn,baseline,0.0524395385518804,0.0736117976065023,0.2133515841889249,3,cnn
3C,level_2,MAR,0.2,20.0,knn,baseline,0.0521009483784168,0.0732268036921049,0.221558499074109,3,cnn
3C,level_2,MAR,0.25,25.0,knn,baseline,0.052673318899,0.074070603905189,0.2035150083866032,3,cnn
3C,level_2,MAR,0.3,30.0,knn,baseline,0.0514358826293601,0.0724530125926399,0.237923232705708,3,cnn
3C,level_2,MAR,0.35,35.0,knn,baseline,0.0514776142386702,0.0728018743186804,0.2305667553340896,3,cnn
3C,level_2,MAR,0.4,40.0,knn,baseline,0.0512048072179158,0.071786078366222,0.2518885821720614,3,cnn
3C,level_2,MAR,0.45,45.0,knn,baseline,0.0526086026732986,0.073093072529604,0.224399175522403,3,cnn
3C,level_2,MAR,0.5,50.0,knn,baseline,0.0511437886813739,0.0719721503797741,0.2480052942132257,3,cnn
3C,level_2,MAR,0.55,55.00000000000001,knn,baseline,0.0511261506604718,0.0717151577645705,0.2533660358689109,3,cnn
3C,level_2,MAR,0.6000000000000001,60.00000000000001,knn,baseline,0.0516095390122216,0.072516995200193,0.2365766720427125,3,cnn
3C,level_2,MAR,0.65,65.0,knn,baseline,0.0522060141632148,0.0727599050712499,0.2314536343172162,3,cnn
3C,level_2,MAR,0.7000000000000001,70.0,knn,baseline,0.0530053340920456,0.072618045769407,0.2344475680727793,3,cnn
3C,level_2,MAR,0.75,75.0,knn,baseline,0.0511272904842823,0.0699999743118475,0.2886528646114541,3,cnn
3C,level_2,MAR,0.8,80.0,knn,baseline,0.0475722809679873,0.0638938292394433,0.4073426713631028,3,cnn
3C,level_2,MAR,0.8500000000000001,85.00000000000001,knn,baseline,0.0478027198172904,0.0624742355013208,0.4333854449473207,3,cnn
3C,level_2,MAR,0.9,90.0,knn,baseline,0.0447102091308112,0.0586335922747438,0.5009100427128033,3,cnn
3C,level_2,MAR,0.95,95.0,knn,baseline,0.0444360596081158,0.0572877806089375,0.5235582395129083,3,cnn
3C,level_2,MNAR,0.0,0.0,knn,baseline,0.0518956767967155,0.0727815384743187,0.2309965489210698,3,cnn
3C,level_2,MNAR,0.05,5.0,knn,baseline,0.0522070776552767,0.0728538882893131,0.2294669052175294,3,cnn
3C,level_2,MNAR,0.1,10.0,knn,baseline,0.0519977835870003,0.0723266645987189,0.2405788273277213,3,cnn
3C,level_2,MNAR,0.15,15.0,knn,baseline,0.0518295083157651,0.0728689138239713,0.2291490398051502,3,cnn
3C,level_2,MNAR,0.2,20.0,knn,baseline,0.0520312040560954,0.0725386503388203,0.2361206546259923,3,cnn
3C,level_2,MNAR,0.25,25.0,knn,baseline,0.0511625510619567,0.0715271793330424,0.257275032043664,3,cnn
3C,level_2,MNAR,0.3,30.0,knn,baseline,0.0512638440879615,0.071285314955291,0.262289489365653,3,cnn
3C,level_2,MNAR,0.35,35.0,knn,baseline,0.0518589265591389,0.07273828192019,0.2319103673153383,3,cnn
3C,level_2,MNAR,0.4,40.0,knn,baseline,0.0510471564189807,0.0724185346590713,0.2386483531545576,3,cnn
3C,level_2,MNAR,0.45,45.0,knn,baseline,0.051443381396285,0.0722792829132159,0.2415735052691834,3,cnn
3C,level_2,MNAR,0.5,50.0,knn,baseline,0.0506840365650417,0.0717222693029527,0.2532179505958843,3,cnn
3C,level_2,MNAR,0.55,55.00000000000001,knn,baseline,0.0506622127833667,0.0716730252658503,0.2542430698153215,3,cnn
3C,level_2,MNAR,0.6000000000000001,60.00000000000001,knn,baseline,0.0510141771282161,0.0716930816305202,0.2538256389719903,3,cnn
3C,level_2,MNAR,0.65,65.0,knn,baseline,0.0497842710615278,0.0713723374092323,0.2604872510264655,3,cnn
3C,level_2,MNAR,0.7000000000000001,70.0,knn,baseline,0.0503245960373062,0.0727221667207839,0.2322506708281274,3,cnn
3C,level_2,MNAR,0.75,75.0,knn,baseline,0.0486547596261308,0.0689152339080703,0.3105285383073329,3,cnn
3C,level_2,MNAR,0.8,80.0,knn,baseline,0.0491613001359475,0.0692839065073293,0.3031319400932893,3,cnn
3C,level_2,MNAR,0.8500000000000001,85.00000000000001,knn,baseline,0.0487903750153275,0.0695416989911318,0.2979364603854059,3,cnn
3C,level_2,MNAR,0.9,90.0,knn,baseline,0.0486630422093846,0.069196654320225,0.3048860264125704,3,cnn
3C,level_2,MNAR,0.95,95.0,knn,baseline,0.0449858164400667,0.0631201078946464,0.4216093139733997,3,cnn
3C,level_2,MCAR,0.0,0.0,knn,baseline,0.0567621654605145,0.0725382011849261,0.1802307743334299,4,cnn
3C,level_2,MCAR,0.05,5.0,knn,baseline,0.0569687330663654,0.0729284383556897,0.1713867467591208,4,cnn
3C,level_2,MCAR,0.1,10.0,knn,baseline,0.0562793778714752,0.071766092191072,0.1975894229207754,4,cnn
3C,level_2,MCAR,0.15,15.0,knn,baseline,0.0563031826677703,0.0715772135258003,0.2018075374583364,4,cnn
3C,level_2,MCAR,0.2,20.0,knn,baseline,0.0570390602675585,0.0725572720285211,0.1797996705690893,4,cnn
3C,level_2,MCAR,0.25,25.0,knn,baseline,0.0575903473960028,0.0722314043044688,0.1871504601757991,4,cnn
3C,level_2,MCAR,0.3,30.0,knn,baseline,0.0571393620450905,0.0732915064646614,0.1631158468289512,4,cnn
3C,level_2,MCAR,0.35,35.0,knn,baseline,0.0567270499551437,0.0725660934165293,0.1796002213622495,4,cnn
3C,level_2,MCAR,0.4,40.0,knn,baseline,0.0563139255980457,0.0715180466088275,0.2031265904276368,4,cnn
3C,level_2,MCAR,0.45,45.0,knn,baseline,0.0554535350521791,0.070943793220838,0.2158721868353567,4,cnn
3C,level_2,MCAR,0.5,50.0,knn,baseline,0.0552433315861443,0.0707143892836635,0.2209351011818801,4,cnn
3C,level_2,MCAR,0.55,55.00000000000001,knn,baseline,0.0554213961577595,0.070794094092637,0.2191778855860457,4,cnn
3C,level_2,MCAR,0.6000000000000001,60.00000000000001,knn,baseline,0.0549514263064601,0.0689915046149963,0.2584349038422463,4,cnn
3C,level_2,MCAR,0.65,65.0,knn,baseline,0.0531490468289602,0.0668567842932286,0.3036156297612777,4,cnn
3C,level_2,MCAR,0.7000000000000001,70.0,knn,baseline,0.053766429229333,0.0681561705353114,0.2762836082597514,4,cnn
3C,level_2,MCAR,0.75,75.0,knn,baseline,0.0524434221590735,0.0668857089365313,0.3030129376951137,4,cnn
3C,level_2,MCAR,0.8,80.0,knn,baseline,0.0568215442583399,0.0714596095070958,0.2044283023694117,4,cnn
3C,level_2,MCAR,0.8500000000000001,85.00000000000001,knn,baseline,0.0521690112230204,0.0657580998941658,0.3263154948209293,4,cnn
3C,level_2,MCAR,0.9,90.0,knn,baseline,0.0621754531027043,0.0806123496529842,-0.0124211456568872,4,cnn
3C,level_2,MCAR,0.95,95.0,knn,baseline,0.0997176658338198,0.1232277913230975,-1.3657855582871927,4,cnn
3C,level_2,MAR,0.0,0.0,knn,baseline,0.0567621654605145,0.0725382011849261,0.1802307743334299,4,cnn
3C,level_2,MAR,0.05,5.0,knn,baseline,0.05711929458219,0.0729858872095587,0.1700807642867879,4,cnn
3C,level_2,MAR,0.1,10.0,knn,baseline,0.056869266975016,0.0727538682568059,0.1753489314393572,4,cnn
3C,level_2,MAR,0.15,15.0,knn,baseline,0.0585918023974635,0.0753490892209587,0.1154669559352976,4,cnn
3C,level_2,MAR,0.2,20.0,knn,baseline,0.0583438188487014,0.0744205179492748,0.1371338660356821,4,cnn
3C,level_2,MAR,0.25,25.0,knn,baseline,0.0573197701113638,0.0735866729870635,0.1563615144739244,4,cnn
3C,level_2,MAR,0.3,30.0,knn,baseline,0.0565386915680145,0.0726690206780486,0.1772712717324988,4,cnn
3C,level_2,MAR,0.35,35.0,knn,baseline,0.0577295637305629,0.0729732163394213,0.1703688990606039,4,cnn
3C,level_2,MAR,0.4,40.0,knn,baseline,0.0574944044244842,0.0735104001416626,0.1581094766354333,4,cnn
3C,level_2,MAR,0.45,45.0,knn,baseline,0.0574798532751386,0.0732646222413063,0.1637296929655706,4,cnn
3C,level_2,MAR,0.5,50.0,knn,baseline,0.0574693812675846,0.0733629661842444,0.1614831157197371,4,cnn
3C,level_2,MAR,0.55,55.00000000000001,knn,baseline,0.058875392426179,0.075090886766045,0.1215187155655503,4,cnn
3C,level_2,MAR,0.6000000000000001,60.00000000000001,knn,baseline,0.0575104989347077,0.0738533753339518,0.1502351850017732,4,cnn
3C,level_2,MAR,0.65,65.0,knn,baseline,0.0578046572272702,0.0727118547032844,0.1763010874932469,4,cnn
3C,level_2,MAR,0.7000000000000001,70.0,knn,baseline,0.0573248219680374,0.0730124170540506,0.1694773152987448,4,cnn
3C,level_2,MAR,0.75,75.0,knn,baseline,0.0564593236310067,0.072700745742685,0.1765527586903958,4,cnn
3C,level_2,MAR,0.8,80.0,knn,baseline,0.0598321958539812,0.0758892297689207,0.1027399376036146,4,cnn
3C,level_2,MAR,0.8500000000000001,85.00000000000001,knn,baseline,0.0597165419414977,0.0769467501226914,0.0775589715223509,4,cnn
3C,level_2,MAR,0.9,90.0,knn,baseline,0.0600334566655411,0.0773551003908433,0.0677423504551485,4,cnn
3C,level_2,MAR,0.95,95.0,knn,baseline,0.0601357921005709,0.0773188581487907,0.0686157044366894,4,cnn
3C,level_2,MNAR,0.0,0.0,knn,baseline,0.0567621654605145,0.0725382011849261,0.1802307743334299,4,cnn
3C,level_2,MNAR,0.05,5.0,knn,baseline,0.0571530495636414,0.0726731412361186,0.1771779665638406,4,cnn
3C,level_2,MNAR,0.1,10.0,knn,baseline,0.056673674272745,0.073125278267822,0.1669077182901387,4,cnn
3C,level_2,MNAR,0.15,15.0,knn,baseline,0.0562701599939998,0.0714414140462496,0.2048333969625415,4,cnn
3C,level_2,MNAR,0.2,20.0,knn,baseline,0.0567914008312369,0.072611634656932,0.1785701604710119,4,cnn
3C,level_2,MNAR,0.25,25.0,knn,baseline,0.0570663007182725,0.0723404859984475,0.1846935245331954,4,cnn
3C,level_2,MNAR,0.3,30.0,knn,baseline,0.0574655671515768,0.0720972167979211,0.1901677886616738,4,cnn
3C,level_2,MNAR,0.35,35.0,knn,baseline,0.0561468072230761,0.071373469883662,0.2063451598132634,4,cnn
3C,level_2,MNAR,0.4,40.0,knn,baseline,0.0570686264326142,0.072484359167826,0.1814472822439223,4,cnn
3C,level_2,MNAR,0.45,45.0,knn,baseline,0.056306634199272,0.0714943526380207,0.2036545122191072,4,cnn
3C,level_2,MNAR,0.5,50.0,knn,baseline,0.056055768110734,0.0710527576172828,0.2134616128779115,4,cnn
3C,level_2,MNAR,0.55,55.00000000000001,knn,baseline,0.0573612216838355,0.0721709911849624,0.1885095986509829,4,cnn
3C,level_2,MNAR,0.6000000000000001,60.00000000000001,knn,baseline,0.0567181774785474,0.0720086145379265,0.1921570159224932,4,cnn
3C,level_2,MNAR,0.65,65.0,knn,baseline,0.0553755400347992,0.0712625568002996,0.2088098938282591,4,cnn
3C,level_2,MNAR,0.7000000000000001,70.0,knn,baseline,0.0558838566458083,0.0713085957198566,0.2077872725364481,4,cnn
3C,level_2,MNAR,0.75,75.0,knn,baseline,0.0549521291819205,0.0693741687874639,0.2501858486164793,4,cnn
3C,level_2,MNAR,0.8,80.0,knn,baseline,0.057477190383944,0.0724873962306602,0.1813786868077052,4,cnn
3C,level_2,MNAR,0.8500000000000001,85.00000000000001,knn,baseline,0.0558043849887456,0.0708942451435049,0.2169670946878943,4,cnn
3C,level_2,MNAR,0.9,90.0,knn,baseline,0.05623933099543,0.071017479072787,0.214242470421756,4,cnn
3C,level_2,MNAR,0.95,95.0,knn,baseline,0.0559947786464917,0.0715848210034523,0.2016378590450339,4,cnn
3C,level_2,MCAR,0.0,0.0,knn,baseline,0.0348299633265879,0.0437350473230986,0.6904001509392453,5,cnn
3C,level_2,MCAR,0.05,5.0,knn,baseline,0.035344400785855,0.0446883585185483,0.6767560956440551,5,cnn
3C,level_2,MCAR,0.1,10.0,knn,baseline,0.0344737399472665,0.0435319933584644,0.6932683101884308,5,cnn
3C,level_2,MCAR,0.15,15.0,knn,baseline,0.0347248666487157,0.0433595203369893,0.6956940268612124,5,cnn
3C,level_2,MCAR,0.2,20.0,knn,baseline,0.0344727218972579,0.048542067350887,0.618602294759994,5,cnn
3C,level_2,MCAR,0.25,25.0,knn,baseline,0.0364960960523046,0.0524498081000057,0.5547239403506989,5,cnn
3C,level_2,MCAR,0.3,30.0,knn,baseline,0.0336236044073479,0.0424523827972736,0.7082937851015829,5,cnn
3C,level_2,MCAR,0.35,35.0,knn,baseline,0.0348545672687483,0.047774363544674,0.6305706814777934,5,cnn
3C,level_2,MCAR,0.4,40.0,knn,baseline,0.0354473193925371,0.0445596084479486,0.6786159860167591,5,cnn
3C,level_2,MCAR,0.45,45.0,knn,baseline,0.0351790072786821,0.0463202183235383,0.6527176320195638,5,cnn
3C,level_2,MCAR,0.5,50.0,knn,baseline,0.0354197995296097,0.0507229004777568,0.5835626269401831,5,cnn
3C,level_2,MCAR,0.55,55.00000000000001,knn,baseline,0.0345244390282165,0.0479230149174745,0.6282681238741753,5,cnn
3C,level_2,MCAR,0.6000000000000001,60.00000000000001,knn,baseline,0.0341376715252295,0.0431117514762017,0.6991618753062816,5,cnn
3C,level_2,MCAR,0.65,65.0,knn,baseline,0.0337016481780577,0.0440854858285424,0.6854187737519367,5,cnn
3C,level_2,MCAR,0.7000000000000001,70.0,knn,baseline,0.0346961813165683,0.05020115164429,0.592085729308623,5,cnn
3C,level_2,MCAR,0.75,75.0,knn,baseline,0.0347485213584771,0.0469795885177192,0.6427601026742762,5,cnn
3C,level_2,MCAR,0.8,80.0,knn,baseline,0.0374466184162264,0.0558436040655734,0.4952359489008131,5,cnn
3C,level_2,MCAR,0.8500000000000001,85.00000000000001,knn,baseline,0.0469524325361155,0.061045859284458,0.3968102385080954,5,cnn
3C,level_2,MCAR,0.9,90.0,knn,baseline,0.0633886805800877,0.0799084478061852,-0.0335391405055527,5,cnn
3C,level_2,MCAR,0.95,95.0,knn,baseline,0.1179262065470017,0.1346030326792605,-1.9325891840899825,5,cnn
3C,level_2,MAR,0.0,0.0,knn,baseline,0.0348299633265879,0.0437350473230986,0.6904001509392453,5,cnn
3C,level_2,MAR,0.05,5.0,knn,baseline,0.0340530052131541,0.0426976343054798,0.7049136195994112,5,cnn
3C,level_2,MAR,0.1,10.0,knn,baseline,0.0355381166466692,0.0495667381543616,0.6023305587912029,5,cnn
3C,level_2,MAR,0.15,15.0,knn,baseline,0.0355138308795881,0.0484234922644145,0.6204633210015618,5,cnn
3C,level_2,MAR,0.2,20.0,knn,baseline,0.0357137302372993,0.0453662578206177,0.6668748270201,5,cnn
3C,level_2,MAR,0.25,25.0,knn,baseline,0.0346850235454161,0.047328257418309,0.637437763141941,5,cnn
3C,level_2,MAR,0.3,30.0,knn,baseline,0.0365833004717072,0.0497085977978207,0.6000510473931828,5,cnn
3C,level_2,MAR,0.35,35.0,knn,baseline,0.0351534825484493,0.0453814872005284,0.6666511303076748,5,cnn
3C,level_2,MAR,0.4,40.0,knn,baseline,0.0349965964005852,0.0463282464461968,0.6525972410906962,5,cnn
3C,level_2,MAR,0.45,45.0,knn,baseline,0.0350830191698941,0.043736860227582,0.6903744833512688,5,cnn
3C,level_2,MAR,0.5,50.0,knn,baseline,0.0357402618292606,0.0476006044403032,0.6332530813100505,5,cnn
3C,level_2,MAR,0.55,55.00000000000001,knn,baseline,0.0364098288774757,0.0493606285494203,0.6056308800625989,5,cnn
3C,level_2,MAR,0.6000000000000001,60.00000000000001,knn,baseline,0.0348910074844103,0.04419782419565,0.683813503145678,5,cnn
3C,level_2,MAR,0.65,65.0,knn,baseline,0.0365045709246069,0.0492638985830662,0.6071750230354187,5,cnn
3C,level_2,MAR,0.7000000000000001,70.0,knn,baseline,0.0387119580877884,0.0524209020541666,0.5552146046215161,5,cnn
3C,level_2,MAR,0.75,75.0,knn,baseline,0.0371388709146433,0.0498967375570122,0.5970178217106434,5,cnn
3C,level_2,MAR,0.8,80.0,knn,baseline,0.0376888998665258,0.0516881116861214,0.5675629743158352,5,cnn
3C,level_2,MAR,0.8500000000000001,85.00000000000001,knn,baseline,0.0392344862834104,0.0538350965928851,0.5308923320117047,5,cnn
3C,level_2,MAR,0.9,90.0,knn,baseline,0.0385356409209879,0.0544267828009585,0.5205240083237727,5,cnn
3C,level_2,MAR,0.95,95.0,knn,baseline,0.0401539861259503,0.0594604472499105,0.4277340818814683,5,cnn
3C,level_2,MNAR,0.0,0.0,knn,baseline,0.0348299633265879,0.0437350473230986,0.6904001509392453,5,cnn
3C,level_2,MNAR,0.05,5.0,knn,baseline,0.0356998178961568,0.0482614079905312,0.622999857244174,5,cnn
3C,level_2,MNAR,0.1,10.0,knn,baseline,0.034761083479816,0.0434772983215622,0.6940386016636712,5,cnn
3C,level_2,MNAR,0.15,15.0,knn,baseline,0.0336709497742915,0.0432654008219083,0.6970136929960533,5,cnn
3C,level_2,MNAR,0.2,20.0,knn,baseline,0.0350580797537943,0.0442413099883302,0.6831910116652875,5,cnn
3C,level_2,MNAR,0.25,25.0,knn,baseline,0.0347775361117824,0.0450460197692769,0.6715612543052407,5,cnn
3C,level_2,MNAR,0.3,30.0,knn,baseline,0.0347302973679821,0.0427830453225859,0.7037318756189572,5,cnn
3C,level_2,MNAR,0.35,35.0,knn,baseline,0.0349359420151287,0.0452425774457775,0.6686887250925555,5,cnn
3C,level_2,MNAR,0.4,40.0,knn,baseline,0.0337189356250527,0.0431921213840974,0.6980391712433236,5,cnn
3C,level_2,MNAR,0.45,45.0,knn,baseline,0.0336811384646311,0.0426049829948624,0.7061928697077688,5,cnn
3C,level_2,MNAR,0.5,50.0,knn,baseline,0.0341034766249651,0.0436800259249578,0.6911786524980719,5,cnn
3C,level_2,MNAR,0.55,55.00000000000001,knn,baseline,0.0332634621929506,0.0417825004347131,0.7174271763127844,5,cnn
3C,level_2,MNAR,0.6000000000000001,60.00000000000001,knn,baseline,0.0347618621115465,0.0433278623788896,0.6961382286769964,5,cnn
3C,level_2,MNAR,0.65,65.0,knn,baseline,0.0332120980627742,0.042546834527912,0.7069943147195852,5,cnn
3C,level_2,MNAR,0.7000000000000001,70.0,knn,baseline,0.0352855492012803,0.0449907651091075,0.6723665037412803,5,cnn
3C,level_2,MNAR,0.75,75.0,knn,baseline,0.0342111762204154,0.044754040859723,0.6758051983662686,5,cnn
3C,level_2,MNAR,0.8,80.0,knn,baseline,0.0344021909544631,0.0451515497781511,0.6700205746468131,5,cnn
3C,level_2,MNAR,0.8500000000000001,85.00000000000001,knn,baseline,0.0347626656362103,0.0443957138251784,0.6809758022325869,5,cnn
3C,level_2,MNAR,0.9,90.0,knn,baseline,0.034340717871181,0.0451658571538751,0.6698114173688293,5,cnn
3C,level_2,MNAR,0.95,95.0,knn,baseline,0.0365261051336389,0.0482116093235091,0.6237774731199581,5,cnn
3C,level_2,MCAR,0.0,0.0,knn,mim,0.0240810206167523,0.0285968709905926,0.8562000932065781,9,cnn
3C,level_2,MCAR,0.05,5.0,knn,mim,0.0235961868317696,0.0291335098556059,0.8507524567548757,9,cnn
3C,level_2,MCAR,0.1,10.0,knn,mim,0.0239461315833648,0.0299691496502576,0.8420678989603606,9,cnn
3C,level_2,MCAR,0.15,15.0,knn,mim,0.0238610850101948,0.0312282475284347,0.8285186876605974,9,cnn
3C,level_2,MCAR,0.2,20.0,knn,mim,0.0235096986164156,0.0312427436849446,0.8283594474151185,9,cnn
3C,level_2,MCAR,0.25,25.0,knn,mim,0.0237352093680812,0.0322772949420632,0.8168040645765756,9,cnn
3C,level_2,MCAR,0.3,30.0,knn,mim,0.0256880286579718,0.0348392314229261,0.7865684081632173,9,cnn
3C,level_2,MCAR,0.35,35.0,knn,mim,0.0279065212155064,0.0386815562634923,0.7368947891400033,9,cnn
3C,level_2,MCAR,0.4,40.0,knn,mim,0.0304578789345761,0.0407671088644103,0.707758829630976,9,cnn
3C,level_2,MCAR,0.45,45.0,knn,mim,0.0319170749181833,0.0444071647478268,0.65324106229354,9,cnn
3C,level_2,MCAR,0.5,50.0,knn,mim,0.0342994692511592,0.0458469442983705,0.6303911489934385,9,cnn
3C,level_2,MCAR,0.55,55.00000000000001,knn,mim,0.0363683457216754,0.04757050955367,0.6020787070273343,9,cnn
3C,level_2,MCAR,0.6000000000000001,60.00000000000001,knn,mim,0.0402228225962771,0.054775391492008,0.4724148623334561,9,cnn
3C,level_2,MCAR,0.65,65.0,knn,mim,0.0444302539442166,0.0590899159997498,0.3860283509667098,9,cnn
3C,level_2,MCAR,0.7000000000000001,70.0,knn,mim,0.0473249536011517,0.059810149640085,0.3709700120002884,9,cnn
3C,level_2,MCAR,0.75,75.0,knn,mim,0.0499531504144059,0.0639891604192651,0.2799968504203952,9,cnn
3C,level_2,MCAR,0.8,80.0,knn,mim,0.0542932722111965,0.0672240663381004,0.2053587045201599,9,cnn
3C,level_2,MCAR,0.8500000000000001,85.00000000000001,knn,mim,0.0569798560413062,0.0708051154832523,0.1184420969453469,9,cnn
3C,level_2,MCAR,0.9,90.0,knn,mim,0.0543407406491308,0.0670241064668218,0.2100790393330516,9,cnn
3C,level_2,MCAR,0.95,95.0,knn,mim,0.0463460835643975,0.0633226062986074,0.2949187988519869,9,cnn
3C,level_2,MAR,0.0,0.0,knn,mim,0.0240810206167523,0.0285968709905926,0.8562000932065781,9,cnn
3C,level_2,MAR,0.05,5.0,knn,mim,0.0243392894690763,0.0292595920521453,0.8494578529335199,9,cnn
3C,level_2,MAR,0.1,10.0,knn,mim,0.0246914379715074,0.0306636166851514,0.8346636571990996,9,cnn
3C,level_2,MAR,0.15,15.0,knn,mim,0.0236159666458202,0.0303476780701411,0.8380531485009399,9,cnn
3C,level_2,MAR,0.2,20.0,knn,mim,0.0262462487367309,0.0339645497370003,0.7971508017852411,9,cnn
3C,level_2,MAR,0.25,25.0,knn,mim,0.0254107420033033,0.0334880620466231,0.802802409745042,9,cnn
3C,level_2,MAR,0.3,30.0,knn,mim,0.025863185511695,0.034621513153737,0.789227638029415,9,cnn
3C,level_2,MAR,0.35,35.0,knn,mim,0.0269795064373782,0.0372490994841025,0.7560206173214534,9,cnn
3C,level_2,MAR,0.4,40.0,knn,mim,0.0276954303768509,0.0398818930526728,0.7203124714173188,9,cnn
3C,level_2,MAR,0.45,45.0,knn,mim,0.0295323548407137,0.044250298243565,0.6556865590446973,9,cnn
3C,level_2,MAR,0.5,50.0,knn,mim,0.0306657781724952,0.0452536716539406,0.6398949472629092,9,cnn
3C,level_2,MAR,0.55,55.00000000000001,knn,mim,0.0315160698462321,0.0491232065635332,0.5756785481664211,9,cnn
3C,level_2,MAR,0.6000000000000001,60.00000000000001,knn,mim,0.0330757557889248,0.0509950469672723,0.542724888305667,9,cnn
3C,level_2,MAR,0.65,65.0,knn,mim,0.0344044662322276,0.0554777065876263,0.4587990242760666,9,cnn
3C,level_2,MAR,0.7000000000000001,70.0,knn,mim,0.034714019165535,0.0573105480838526,0.4224485269142641,9,cnn
3C,level_2,MAR,0.75,75.0,knn,mim,0.0376365137190401,0.0605887853117041,0.3544854081976214,9,cnn
3C,level_2,MAR,0.8,80.0,knn,mim,0.0374224423775999,0.062065830179,0.3226288277837031,9,cnn
3C,level_2,MAR,0.8500000000000001,85.00000000000001,knn,mim,0.0371251418923091,0.0635401970578146,0.2900648373916561,9,cnn
3C,level_2,MAR,0.9,90.0,knn,mim,0.039683006557167,0.0680210358184599,0.1864054057299072,9,cnn
3C,level_2,MAR,0.95,95.0,knn,mim,0.0430782735229384,0.0718041053446243,0.0933907974010993,9,cnn
3C,level_2,MNAR,0.0,0.0,knn,mim,0.0240810206167523,0.0285968709905926,0.8562000932065781,9,cnn
3C,level_2,MNAR,0.05,5.0,knn,mim,0.0235240092052071,0.0284058867859658,0.8581144147632274,9,cnn
3C,level_2,MNAR,0.1,10.0,knn,mim,0.0232511181650995,0.0282556170318087,0.8596116196806622,9,cnn
3C,level_2,MNAR,0.15,15.0,knn,mim,0.0228181672535889,0.0288944898124654,0.853191353940882,9,cnn
3C,level_2,MNAR,0.2,20.0,knn,mim,0.0235189452047325,0.0306593656450617,0.8347094967169203,9,cnn
3C,level_2,MNAR,0.25,25.0,knn,mim,0.0245906177187078,0.0329659146097246,0.8089038968439718,9,cnn
3C,level_2,MNAR,0.3,30.0,knn,mim,0.026083928817271,0.0361981910421613,0.7695931917621956,9,cnn
3C,level_2,MNAR,0.35,35.0,knn,mim,0.0250503091800861,0.0353525758340039,0.780232383853221,9,cnn
3C,level_2,MNAR,0.4,40.0,knn,mim,0.026948075485004,0.0372208177807812,0.7563909636177397,9,cnn
3C,level_2,MNAR,0.45,45.0,knn,mim,0.0277808947698444,0.0405775332731059,0.7104704753300879,9,cnn
3C,level_2,MNAR,0.5,50.0,knn,mim,0.0303247590234093,0.043566276930532,0.6662490828767726,9,cnn
3C,level_2,MNAR,0.55,55.00000000000001,knn,mim,0.0338500993043254,0.0503897224647431,0.5535164064157014,9,cnn
3C,level_2,MNAR,0.6000000000000001,60.00000000000001,knn,mim,0.0339158451551523,0.0488055229578163,0.5811490415339564,9,cnn
3C,level_2,MNAR,0.65,65.0,knn,mim,0.0366123765557652,0.0529545289853109,0.5069081876982671,9,cnn
3C,level_2,MNAR,0.7000000000000001,70.0,knn,mim,0.0375777938315208,0.0556539354251332,0.4553552372945565,9,cnn
3C,level_2,MNAR,0.75,75.0,knn,mim,0.0398545433353306,0.0586627883651653,0.3948723794580835,9,cnn
3C,level_2,MNAR,0.8,80.0,knn,mim,0.0411874408304832,0.0614303346579517,0.336429096313062,9,cnn
3C,level_2,MNAR,0.8500000000000001,85.00000000000001,knn,mim,0.0423779636556656,0.0631918290774156,0.29782813403475,9,cnn
3C,level_2,MNAR,0.9,90.0,knn,mim,0.0433316930067454,0.0627014923462692,0.3086828556884204,9,cnn
3C,level_2,MNAR,0.95,95.0,knn,mim,0.0397797850626862,0.0574941511737978,0.4187420506493303,9,cnn
3C,level_2,MCAR,0.0,0.0,knn,mim,0.0240916117301535,0.0299014987335226,0.8346666326460844,1,cnn
3C,level_2,MCAR,0.05,5.0,knn,mim,0.0263657624111482,0.0321539716724543,0.8088193880959327,1,cnn
3C,level_2,MCAR,0.1,10.0,knn,mim,0.0298424021929539,0.0362638696504366,0.7568227809215411,1,cnn
3C,level_2,MCAR,0.15,15.0,knn,mim,0.0311782183900604,0.0376276086729727,0.7381890327931802,1,cnn
3C,level_2,MCAR,0.2,20.0,knn,mim,0.0336444719335794,0.0403776551609157,0.698521193678632,1,cnn
3C,level_2,MCAR,0.25,25.0,knn,mim,0.0363675709654875,0.0429600410560058,0.6587253946220031,1,cnn
3C,level_2,MCAR,0.3,30.0,knn,mim,0.0374804841808983,0.0444135354867884,0.6352416102958666,1,cnn
3C,level_2,MCAR,0.35,35.0,knn,mim,0.0409639745577893,0.048386270433794,0.5670687907334688,1,cnn
3C,level_2,MCAR,0.4,40.0,knn,mim,0.0427330919449644,0.0501327407015055,0.5352520390682964,1,cnn
3C,level_2,MCAR,0.45,45.0,knn,mim,0.0449484131899103,0.0528438379247539,0.4836272668733249,1,cnn
3C,level_2,MCAR,0.5,50.0,knn,mim,0.0475798442732123,0.0558520551598779,0.4231632594295195,1,cnn
3C,level_2,MCAR,0.55,55.00000000000001,knn,mim,0.0493166697788592,0.0577226694374977,0.3838770131479335,1,cnn
3C,level_2,MCAR,0.6000000000000001,60.00000000000001,knn,mim,0.0523698721910436,0.0603959976673432,0.3254860794694666,1,cnn
3C,level_2,MCAR,0.65,65.0,knn,mim,0.0561177567858041,0.0643480777717527,0.2343227317865021,1,cnn
3C,level_2,MCAR,0.7000000000000001,70.0,knn,mim,0.0584914975796995,0.0676365425879547,0.1540642158600241,1,cnn
3C,level_2,MCAR,0.75,75.0,knn,mim,0.0602593770304185,0.0694993349010014,0.1068263656636714,1,cnn
3C,level_2,MCAR,0.8,80.0,knn,mim,0.0632460865131562,0.0732649914019962,0.0074152381506528,1,cnn
3C,level_2,MCAR,0.8500000000000001,85.00000000000001,knn,mim,0.0644815673934219,0.0740721788492251,-0.0145765894191036,1,cnn
3C,level_2,MCAR,0.9,90.0,knn,mim,0.0634379985500472,0.0738999359947148,-0.0098636083772629,1,cnn
3C,level_2,MCAR,0.95,95.0,knn,mim,0.0548590026060936,0.064935105960514,0.2202889217841631,1,cnn
3C,level_2,MAR,0.0,0.0,knn,mim,0.0240916117301535,0.0299014987335226,0.8346666326460844,1,cnn
3C,level_2,MAR,0.05,5.0,knn,mim,0.0256853030998126,0.0317715193302105,0.8133402994881191,1,cnn
3C,level_2,MAR,0.1,10.0,knn,mim,0.0272241292170747,0.0334749933091444,0.7927876694038805,1,cnn
3C,level_2,MAR,0.15,15.0,knn,mim,0.0285751078562035,0.0353297743497944,0.7691890944375636,1,cnn
3C,level_2,MAR,0.2,20.0,knn,mim,0.0297165498768885,0.0369861369226172,0.7470395973667372,1,cnn
3C,level_2,MAR,0.25,25.0,knn,mim,0.0314571508919205,0.0381308138925843,0.7311396570756968,1,cnn
3C,level_2,MAR,0.3,30.0,knn,mim,0.0324710928041059,0.0390204139137704,0.7184481784061836,1,cnn
3C,level_2,MAR,0.35,35.0,knn,mim,0.0329508209393551,0.0400642462421624,0.7031831508161284,1,cnn
3C,level_2,MAR,0.4,40.0,knn,mim,0.0356640858573583,0.0434169047497565,0.6514281469242296,1,cnn
3C,level_2,MAR,0.45,45.0,knn,mim,0.0368680086336265,0.0453193593300988,0.6202112280934897,1,cnn
3C,level_2,MAR,0.5,50.0,knn,mim,0.037518139631698,0.0439448466089815,0.642899462854443,1,cnn
3C,level_2,MAR,0.55,55.00000000000001,knn,mim,0.0380487437890692,0.0462909768837763,0.6037518118963545,1,cnn
3C,level_2,MAR,0.6000000000000001,60.00000000000001,knn,mim,0.0385349946157599,0.0458072245498415,0.611990324682355,1,cnn
3C,level_2,MAR,0.65,65.0,knn,mim,0.0427225568839734,0.0532285835812452,0.4760806759882183,1,cnn
3C,level_2,MAR,0.7000000000000001,70.0,knn,mim,0.0446429482437624,0.0567332750624014,0.40481728850569,1,cnn
3C,level_2,MAR,0.75,75.0,knn,mim,0.0465072692156722,0.0603209434000456,0.3271614783050945,1,cnn
3C,level_2,MAR,0.8,80.0,knn,mim,0.0477185786604439,0.062192753557056,0.2847560901836521,1,cnn
3C,level_2,MAR,0.8500000000000001,85.00000000000001,knn,mim,0.048629633668916,0.0641249648184407,0.2396231653104512,1,cnn
3C,level_2,MAR,0.9,90.0,knn,mim,0.0530035807747481,0.0708685429600373,0.0712868276117791,1,cnn
3C,level_2,MAR,0.95,95.0,knn,mim,0.056917111574793,0.0771983688037457,-0.1020234736692833,1,cnn
3C,level_2,MNAR,0.0,0.0,knn,mim,0.0240916117301535,0.0299014987335226,0.8346666326460844,1,cnn
3C,level_2,MNAR,0.05,5.0,knn,mim,0.0262587647939052,0.0322310771476463,0.8079013835220965,1,cnn
3C,level_2,MNAR,0.1,10.0,knn,mim,0.0286744132731547,0.0345571607167007,0.7791737470516967,1,cnn
3C,level_2,MNAR,0.15,15.0,knn,mim,0.0300091540804604,0.0360418387766327,0.7597914415403544,1,cnn
3C,level_2,MNAR,0.2,20.0,knn,mim,0.0330992569434186,0.0402870671033659,0.6998724233953495,1,cnn
3C,level_2,MNAR,0.25,25.0,knn,mim,0.0347442613408356,0.0415949080375919,0.6800700231588177,1,cnn
3C,level_2,MNAR,0.3,30.0,knn,mim,0.0358651404174502,0.0428662010906506,0.6602146958035117,1,cnn
3C,level_2,MNAR,0.35,35.0,knn,mim,0.0391541447327075,0.0464756321270054,0.6005842294821271,1,cnn
3C,level_2,MNAR,0.4,40.0,knn,mim,0.0408336469027845,0.0477742419439364,0.5779516498077957,1,cnn
3C,level_2,MNAR,0.45,45.0,knn,mim,0.0432630487885256,0.0505610295303499,0.5272773465538613,1,cnn
3C,level_2,MNAR,0.5,50.0,knn,mim,0.0460971002378333,0.0532319144555527,0.4760151035495094,1,cnn
3C,level_2,MNAR,0.55,55.00000000000001,knn,mim,0.0480011888475736,0.0564974001054053,0.4097560781470523,1,cnn
3C,level_2,MNAR,0.6000000000000001,60.00000000000001,knn,mim,0.0483685873583309,0.0563040474993377,0.4137891810292089,1,cnn
3C,level_2,MNAR,0.65,65.0,knn,mim,0.0498555741563568,0.0579291961067079,0.3794602574167789,1,cnn
3C,level_2,MNAR,0.7000000000000001,70.0,knn,mim,0.0522112502026174,0.0603604109659358,0.3262807233081377,1,cnn
3C,level_2,MNAR,0.75,75.0,knn,mim,0.0547265701293945,0.0629413536857183,0.2674340040167889,1,cnn
3C,level_2,MNAR,0.8,80.0,knn,mim,0.058393186288652,0.0663273580623782,0.1864954328133246,1,cnn
3C,level_2,MNAR,0.8500000000000001,85.00000000000001,knn,mim,0.0594745949472868,0.0683212118345316,0.1368511035841872,1,cnn
3C,level_2,MNAR,0.9,90.0,knn,mim,0.059514954228631,0.068334588855058,0.1365130682783052,1,cnn
3C,level_2,MNAR,0.95,95.0,knn,mim,0.0609790246678223,0.0704189668859581,0.0830325994136594,1,cnn
3C,level_2,MCAR,0.0,0.0,knn,mim,0.0192462849835019,0.0269270367206624,0.8884098582197292,7,cnn
3C,level_2,MCAR,0.05,5.0,knn,mim,0.0200789822682406,0.0274777624910024,0.8837985801160171,7,cnn
3C,level_2,MCAR,0.1,10.0,knn,mim,0.0203750490219903,0.0268185825920485,0.8893069520402856,7,cnn
3C,level_2,MCAR,0.15,15.0,knn,mim,0.0212005779863382,0.0277219650432254,0.8817239731262176,7,cnn
3C,level_2,MCAR,0.2,20.0,knn,mim,0.0223791782685488,0.0286252815133671,0.8738903742084628,7,cnn
3C,level_2,MCAR,0.25,25.0,knn,mim,0.0242488203641258,0.0305200700108192,0.8566427190255985,7,cnn
3C,level_2,MCAR,0.3,30.0,knn,mim,0.0250165860432113,0.0302043889739029,0.8595929828416162,7,cnn
3C,level_2,MCAR,0.35,35.0,knn,mim,0.0259087471609797,0.0313910448446257,0.848343773090303,7,cnn
3C,level_2,MCAR,0.4,40.0,knn,mim,0.0277454898382546,0.0328643835241286,0.8337737205478324,7,cnn
3C,level_2,MCAR,0.45,45.0,knn,mim,0.029838085011329,0.0345753879380316,0.816014826181203,7,cnn
3C,level_2,MCAR,0.5,50.0,knn,mim,0.0307494183324565,0.0352530947465075,0.8087316107164834,7,cnn
3C,level_2,MCAR,0.55,55.00000000000001,knn,mim,0.0328188908320937,0.0376448356777362,0.781898066487603,7,cnn
3C,level_2,MCAR,0.6000000000000001,60.00000000000001,knn,mim,0.0354978556068393,0.0405094051490034,0.7474424034014215,7,cnn
3C,level_2,MCAR,0.65,65.0,knn,mim,0.0373651408299471,0.042315359695443,0.7244218515079537,7,cnn
3C,level_2,MCAR,0.7000000000000001,70.0,knn,mim,0.0400548178839376,0.046265985523307,0.6705630265472045,7,cnn
3C,level_2,MCAR,0.75,75.0,knn,mim,0.0437298580306076,0.0507760904287872,0.603204058289798,7,cnn
3C,level_2,MCAR,0.8,80.0,knn,mim,0.0485739799837154,0.056764963218022,0.5040825094294692,7,cnn
3C,level_2,MCAR,0.8500000000000001,85.00000000000001,knn,mim,0.0508075215506246,0.0597407907727587,0.4507239814744478,7,cnn
3C,level_2,MCAR,0.9,90.0,knn,mim,0.0552894946072613,0.0656510147505369,0.336667019494024,7,cnn
3C,level_2,MCAR,0.95,95.0,knn,mim,0.0557384678157524,0.0692520708750148,0.2619016510787885,7,cnn
3C,level_2,MAR,0.0,0.0,knn,mim,0.0192462849835019,0.0269270367206624,0.8884098582197292,7,cnn
3C,level_2,MAR,0.05,5.0,knn,mim,0.0195259089553761,0.027204382610141,0.886099284378291,7,cnn
3C,level_2,MAR,0.1,10.0,knn,mim,0.0194579969665509,0.0267455836949047,0.8899087342611122,7,cnn
3C,level_2,MAR,0.15,15.0,knn,mim,0.0202369332811058,0.0278079653878474,0.8809889922737196,7,cnn
3C,level_2,MAR,0.2,20.0,knn,mim,0.0202195141290304,0.0269104735791436,0.888547096853079,7,cnn
3C,level_2,MAR,0.25,25.0,knn,mim,0.0207395631615749,0.0270627376595089,0.8872822893710964,7,cnn
3C,level_2,MAR,0.3,30.0,knn,mim,0.020661993106113,0.0270303725525874,0.8875517328661346,7,cnn
3C,level_2,MAR,0.35,35.0,knn,mim,0.021644057240324,0.0276446105852682,0.8823831192691078,7,cnn
3C,level_2,MAR,0.4,40.0,knn,mim,0.0221871046947286,0.0282110766969831,0.8775135557194331,7,cnn
3C,level_2,MAR,0.45,45.0,knn,mim,0.0217102709968092,0.026690608828715,0.890360848714554,7,cnn
3C,level_2,MAR,0.5,50.0,knn,mim,0.0233341586670869,0.0284369476879308,0.8755443371170321,7,cnn
3C,level_2,MAR,0.55,55.00000000000001,knn,mim,0.0239736320365914,0.0293346791784775,0.8675623731787507,7,cnn
3C,level_2,MAR,0.6000000000000001,60.00000000000001,knn,mim,0.0245558252256333,0.0308846577044899,0.8531972169215551,7,cnn
3C,level_2,MAR,0.65,65.0,knn,mim,0.0266272375480231,0.0370989661260194,0.7881773885556482,7,cnn
3C,level_2,MAR,0.7000000000000001,70.0,knn,mim,0.0306911049615875,0.0462267209009536,0.6711219567993185,7,cnn
3C,level_2,MAR,0.75,75.0,knn,mim,0.0340723837252099,0.0542046558104038,0.5478090291102955,7,cnn
3C,level_2,MAR,0.8,80.0,knn,mim,0.0358336430881674,0.057554029651056,0.4901995944894763,7,cnn
3C,level_2,MAR,0.8500000000000001,85.00000000000001,knn,mim,0.0407201513578855,0.0658123759452973,0.3334022491680231,7,cnn
3C,level_2,MAR,0.9,90.0,knn,mim,0.0450164544618702,0.0736384817038258,0.165438482145886,7,cnn
3C,level_2,MAR,0.95,95.0,knn,mim,0.0522167785986646,0.082481636445673,-0.0470399240441017,7,cnn
3C,level_2,MNAR,0.0,0.0,knn,mim,0.0192462849835019,0.0269270367206624,0.8884098582197292,7,cnn
3C,level_2,MNAR,0.05,5.0,knn,mim,0.0195633783463436,0.0269610456849782,0.8881278025460151,7,cnn
3C,level_2,MNAR,0.1,10.0,knn,mim,0.019817557154898,0.0270431908390151,0.8874450576169456,7,cnn
3C,level_2,MNAR,0.15,15.0,knn,mim,0.0199517616593963,0.0269606772415157,0.8881308601646716,7,cnn
3C,level_2,MNAR,0.2,20.0,knn,mim,0.0204088394538459,0.0269033561140069,0.8886060447007644,7,cnn
3C,level_2,MNAR,0.25,25.0,knn,mim,0.0216259571960914,0.0274318233491333,0.8841868017656206,7,cnn
3C,level_2,MNAR,0.3,30.0,knn,mim,0.0219603986304083,0.0271986171978691,0.8861475571149013,7,cnn
3C,level_2,MNAR,0.35,35.0,knn,mim,0.0227170195886985,0.027703400362035,0.8818823328606226,7,cnn
3C,level_2,MNAR,0.4,40.0,knn,mim,0.022933903047935,0.0284393114527541,0.8755236459973003,7,cnn
3C,level_2,MNAR,0.45,45.0,knn,mim,0.025163113213927,0.0302268012002896,0.8593845362239677,7,cnn
3C,level_2,MNAR,0.5,50.0,knn,mim,0.0250385303642657,0.0298279296439802,0.8630711615034535,7,cnn
3C,level_2,MNAR,0.55,55.00000000000001,knn,mim,0.0263698759392026,0.0307995517202807,0.8540051637967908,7,cnn
3C,level_2,MNAR,0.6000000000000001,60.00000000000001,knn,mim,0.026281265635563,0.031015400980199,0.8519516727702973,7,cnn
3C,level_2,MNAR,0.65,65.0,knn,mim,0.0290506396142706,0.0340995233870285,0.8210443881708699,7,cnn
3C,level_2,MNAR,0.7000000000000001,70.0,knn,mim,0.0289489708841196,0.0341117962923301,0.8209155476300176,7,cnn
3C,level_2,MNAR,0.75,75.0,knn,mim,0.0291539138109714,0.0342034331498084,0.8199520815644444,7,cnn
3C,level_2,MNAR,0.8,80.0,knn,mim,0.0303487740669831,0.0352074508445504,0.8092265791122892,7,cnn
3C,level_2,MNAR,0.8500000000000001,85.00000000000001,knn,mim,0.0321873680362947,0.0375261783631548,0.7832708233653942,7,cnn
3C,level_2,MNAR,0.9,90.0,knn,mim,0.0319834630704568,0.0378231146397559,0.7798273942731362,7,cnn
3C,level_2,MNAR,0.95,95.0,knn,mim,0.034040133042464,0.0411431932355557,0.7394778251196823,7,cnn
3C,level_2,MCAR,0.0,0.0,knn,mim,0.0268180694809039,0.0317800183911853,0.8423984386669292,8,cnn
3C,level_2,MCAR,0.05,5.0,knn,mim,0.0259072194726581,0.0309526234641786,0.8504979470338374,8,cnn
3C,level_2,MCAR,0.1,10.0,knn,mim,0.025568605232836,0.0311989025562977,0.8481094122641872,8,cnn
3C,level_2,MCAR,0.15,15.0,knn,mim,0.0259133772710668,0.0318204598143757,0.8419970740914156,8,cnn
3C,level_2,MCAR,0.2,20.0,knn,mim,0.0261887076921403,0.0323395644172318,0.8367998478054779,8,cnn
3C,level_2,MCAR,0.25,25.0,knn,mim,0.0267921739450825,0.033492618529707,0.8249547085020791,8,cnn
3C,level_2,MCAR,0.3,30.0,knn,mim,0.0282000427206274,0.035049957177963,0.8082977497906009,8,cnn
3C,level_2,MCAR,0.35,35.0,knn,mim,0.0304139324837288,0.0369886630298399,0.7865041217471586,8,cnn
3C,level_2,MCAR,0.4,40.0,knn,mim,0.0303245072066161,0.0375198921872613,0.7803276526418619,8,cnn
3C,level_2,MCAR,0.45,45.0,knn,mim,0.0320217247049096,0.0400918586277525,0.7491785883277905,8,cnn
3C,level_2,MCAR,0.5,50.0,knn,mim,0.0345118127984144,0.0419679037560263,0.7251556700740318,8,cnn
3C,level_2,MCAR,0.55,55.00000000000001,knn,mim,0.0363915135586684,0.044507509419767,0.6908859024212943,8,cnn
3C,level_2,MCAR,0.6000000000000001,60.00000000000001,knn,mim,0.0373159986139588,0.0451851379492337,0.6814017013562031,8,cnn
3C,level_2,MCAR,0.65,65.0,knn,mim,0.0398821143566442,0.0483936951792876,0.6345484598244554,8,cnn
3C,level_2,MCAR,0.7000000000000001,70.0,knn,mim,0.0407929542477792,0.0490153390208103,0.6250993020575994,8,cnn
3C,level_2,MCAR,0.75,75.0,knn,mim,0.0431637295800609,0.0507369673510226,0.5983005498153449,8,cnn
3C,level_2,MCAR,0.8,80.0,knn,mim,0.0465594927552846,0.0533612156455057,0.5556720253845484,8,cnn
3C,level_2,MCAR,0.8500000000000001,85.00000000000001,knn,mim,0.043456271383608,0.0511784467860897,0.5912794915195916,8,cnn
3C,level_2,MCAR,0.9,90.0,knn,mim,0.0426413703382886,0.0505617944766333,0.6010695515039932,8,cnn
3C,level_2,MCAR,0.95,95.0,knn,mim,0.0379548585579141,0.0497691719078054,0.6134790335984989,8,cnn
3C,level_2,MAR,0.0,0.0,knn,mim,0.0268180694809039,0.0317800183911853,0.8423984386669292,8,cnn
3C,level_2,MAR,0.05,5.0,knn,mim,0.0260285742377438,0.0310956273502635,0.8491133301927485,8,cnn
3C,level_2,MAR,0.1,10.0,knn,mim,0.0266593177462918,0.0318516210300611,0.8416874636042465,8,cnn
3C,level_2,MAR,0.15,15.0,knn,mim,0.0251508527658179,0.0305149806340652,0.8546957140473137,8,cnn
3C,level_2,MAR,0.2,20.0,knn,mim,0.0250409534460318,0.0306017483619013,0.8538682091844672,8,cnn
3C,level_2,MAR,0.25,25.0,knn,mim,0.0248910827397802,0.0307953959410218,0.852012916333722,8,cnn
3C,level_2,MAR,0.3,30.0,knn,mim,0.0249786204983147,0.031053752048142,0.8495194432723507,8,cnn
3C,level_2,MAR,0.35,35.0,knn,mim,0.0263155386174148,0.0327414601917595,0.8327183454728159,8,cnn
3C,level_2,MAR,0.4,40.0,knn,mim,0.0250714638855362,0.0310313942852942,0.8497360481746541,8,cnn
3C,level_2,MAR,0.45,45.0,knn,mim,0.0277682676554224,0.0348082820046154,0.8109322722228864,8,cnn
3C,level_2,MAR,0.5,50.0,knn,mim,0.0263650860268786,0.0336503860080615,0.8233017175260298,8,cnn
3C,level_2,MAR,0.55,55.00000000000001,knn,mim,0.0287000004344295,0.0363365776918254,0.7939653471466434,8,cnn
3C,level_2,MAR,0.6000000000000001,60.00000000000001,knn,mim,0.0293021453467191,0.0369665979194314,0.7867587622046983,8,cnn
3C,level_2,MAR,0.65,65.0,knn,mim,0.0306560610072349,0.0420440921763039,0.7241568609550149,8,cnn
3C,level_2,MAR,0.7000000000000001,70.0,knn,mim,0.031498389731867,0.0440739175299222,0.6968793408700849,8,cnn
3C,level_2,MAR,0.75,75.0,knn,mim,0.0333188376337103,0.0477328793688255,0.6444607982006262,8,cnn
3C,level_2,MAR,0.8,80.0,knn,mim,0.0367687148072276,0.0550342174036243,0.5273737734075501,8,cnn
3C,level_2,MAR,0.8500000000000001,85.00000000000001,knn,mim,0.0402699961532879,0.0611088087015005,0.4172800833744213,8,cnn
3C,level_2,MAR,0.9,90.0,knn,mim,0.042166502733569,0.063425740464515,0.3722549172852273,8,cnn
3C,level_2,MAR,0.95,95.0,knn,mim,0.0437703185469721,0.0653383473799544,0.333824711973422,8,cnn
3C,level_2,MNAR,0.0,0.0,knn,mim,0.0268180694809039,0.0317800183911853,0.8423984386669292,8,cnn
3C,level_2,MNAR,0.05,5.0,knn,mim,0.0258145777606765,0.0309721665069902,0.8503091005283008,8,cnn
3C,level_2,MNAR,0.1,10.0,knn,mim,0.0244621758520727,0.0300054912233648,0.859507316024469,8,cnn
3C,level_2,MNAR,0.15,15.0,knn,mim,0.0240603141107738,0.0294555901298489,0.8646096585929426,8,cnn
3C,level_2,MNAR,0.2,20.0,knn,mim,0.0234424859228114,0.0296600964399874,0.862723137444971,8,cnn
3C,level_2,MNAR,0.25,25.0,knn,mim,0.0241624733689931,0.030595258570959,0.8539301836965199,8,cnn
3C,level_2,MNAR,0.3,30.0,knn,mim,0.0238623474813951,0.031010359598686,0.8499396925126641,8,cnn
3C,level_2,MNAR,0.35,35.0,knn,mim,0.0238745455582604,0.0309336955842407,0.8506807355265846,8,cnn
3C,level_2,MNAR,0.4,40.0,knn,mim,0.0251498705419966,0.0324096030201905,0.836092189039919,8,cnn
3C,level_2,MNAR,0.45,45.0,knn,mim,0.0262627881673283,0.0332242271498631,0.8277489008269101,8,cnn
3C,level_2,MNAR,0.5,50.0,knn,mim,0.0267539415339587,0.0339323515427125,0.8203281073551484,8,cnn
3C,level_2,MNAR,0.55,55.00000000000001,knn,mim,0.0285737182780447,0.0360803908116886,0.7968603530434747,8,cnn
3C,level_2,MNAR,0.6000000000000001,60.00000000000001,knn,mim,0.0290831173635972,0.036295191634674,0.7944344120122853,8,cnn
3C,level_2,MNAR,0.65,65.0,knn,mim,0.0306206421234911,0.0385155914173043,0.7685136595909375,8,cnn
3C,level_2,MNAR,0.7000000000000001,70.0,knn,mim,0.0337879225147541,0.042486433178688,0.7183221010070375,8,cnn
3C,level_2,MNAR,0.75,75.0,knn,mim,0.034291262164743,0.0418723587085815,0.7264056787775166,8,cnn
3C,level_2,MNAR,0.8,80.0,knn,mim,0.0351083952688722,0.0429882455844346,0.7116289426824597,8,cnn
3C,level_2,MNAR,0.8500000000000001,85.00000000000001,knn,mim,0.039707062225501,0.0495912370003564,0.6162378751233051,8,cnn
3C,level_2,MNAR,0.9,90.0,knn,mim,0.0367928611430843,0.0448981763259336,0.685435557476306,8,cnn
3C,level_2,MNAR,0.95,95.0,knn,mim,0.0381000784722648,0.0470228767195138,0.6549590696479676,8,cnn
3C,level_2,MCAR,0.0,0.0,knn,mim,0.0240954150928792,0.0303174509155995,0.8512260461971013,5,cnn
3C,level_2,MCAR,0.05,5.0,knn,mim,0.0242680937095924,0.030252103919552,0.8518666972565149,5,cnn
3C,level_2,MCAR,0.1,10.0,knn,mim,0.0262919235561298,0.0317200321113674,0.8371421206629317,5,cnn
3C,level_2,MCAR,0.15,15.0,knn,mim,0.0269791287904904,0.0329956803453303,0.8237797902160924,5,cnn
3C,level_2,MCAR,0.2,20.0,knn,mim,0.0267622600088751,0.0318045173603683,0.8362734322658887,5,cnn
3C,level_2,MCAR,0.25,25.0,knn,mim,0.0295503420995675,0.0359161130199206,0.7912049503329694,5,cnn
3C,level_2,MCAR,0.3,30.0,knn,mim,0.0311187537115163,0.0370742538490682,0.7775223557874009,5,cnn
3C,level_2,MCAR,0.35,35.0,knn,mim,0.0316576691155481,0.0373305966350893,0.7744351620320826,5,cnn
3C,level_2,MCAR,0.4,40.0,knn,mim,0.0340945559104551,0.0403446014721076,0.7365413886776497,5,cnn
3C,level_2,MCAR,0.45,45.0,knn,mim,0.0351860560289804,0.0416216961381964,0.7195980126889852,5,cnn
3C,level_2,MCAR,0.5,50.0,knn,mim,0.0347493850780791,0.0409197352552933,0.7289763628964239,5,cnn
3C,level_2,MCAR,0.55,55.00000000000001,knn,mim,0.0353556276636091,0.0421195909387426,0.7128493338471311,5,cnn
3C,level_2,MCAR,0.6000000000000001,60.00000000000001,knn,mim,0.0374848439733588,0.0458179479351576,0.6602082677560346,5,cnn
3C,level_2,MCAR,0.65,65.0,knn,mim,0.0368091915593002,0.0443882989407256,0.6810823589164385,5,cnn
3C,level_2,MCAR,0.7000000000000001,70.0,knn,mim,0.0398548047197386,0.0488509098980887,0.6137336699647595,5,cnn
3C,level_2,MCAR,0.75,75.0,knn,mim,0.0412849067919182,0.0513958618744051,0.5724392351654709,5,cnn
3C,level_2,MCAR,0.8,80.0,knn,mim,0.0432122207421111,0.0517998024422965,0.5656920836705325,5,cnn
3C,level_2,MCAR,0.8500000000000001,85.00000000000001,knn,mim,0.0483165698217355,0.0582331268198068,0.4511144989403425,5,cnn
3C,level_2,MCAR,0.9,90.0,knn,mim,0.050571373359389,0.0606971357172433,0.4036819800873602,5,cnn
3C,level_2,MCAR,0.95,95.0,knn,mim,0.0580583393073376,0.0718119749862217,0.1652906455701388,5,cnn
3C,level_2,MAR,0.0,0.0,knn,mim,0.0240954150928792,0.0303174509155995,0.8512260461971013,5,cnn
3C,level_2,MAR,0.05,5.0,knn,mim,0.0247378212129226,0.0311045491905114,0.8434008640814953,5,cnn
3C,level_2,MAR,0.1,10.0,knn,mim,0.0240397888241392,0.0304150646284336,0.8502664828722034,5,cnn
3C,level_2,MAR,0.15,15.0,knn,mim,0.0245088186049969,0.0300795577513596,0.8535516671475721,5,cnn
3C,level_2,MAR,0.2,20.0,knn,mim,0.024716823509379,0.0305141552866458,0.8492892459442873,5,cnn
3C,level_2,MAR,0.25,25.0,knn,mim,0.0256621704272817,0.033117531175391,0.8224758481845428,5,cnn
3C,level_2,MAR,0.3,30.0,knn,mim,0.027061123408051,0.0355760557140089,0.7951400172333364,5,cnn
3C,level_2,MAR,0.35,35.0,knn,mim,0.0260253891479286,0.0317783915707115,0.8365423078443551,5,cnn
3C,level_2,MAR,0.4,40.0,knn,mim,0.0267489013286552,0.0334150646458146,0.8192717055945581,5,cnn
3C,level_2,MAR,0.45,45.0,knn,mim,0.0263264950699811,0.0333085676023515,0.8204218669458105,5,cnn
3C,level_2,MAR,0.5,50.0,knn,mim,0.0276407033543527,0.0353943139920771,0.797227742007414,5,cnn
3C,level_2,MAR,0.55,55.00000000000001,knn,mim,0.0280359130146527,0.0366125146681319,0.7830295168516701,5,cnn
3C,level_2,MAR,0.6000000000000001,60.00000000000001,knn,mim,0.0280648631653534,0.03764948431792,0.7705650352849895,5,cnn
3C,level_2,MAR,0.65,65.0,knn,mim,0.0302819906431684,0.0411892214118722,0.7253948333940744,5,cnn
3C,level_2,MAR,0.7000000000000001,70.0,knn,mim,0.0317413965657637,0.0469352029382,0.6434348131167617,5,cnn
3C,level_2,MAR,0.75,75.0,knn,mim,0.0350100484541904,0.0542360617190583,0.5238784582242983,5,cnn
3C,level_2,MAR,0.8,80.0,knn,mim,0.0388878693457538,0.0628645937551009,0.3603332663538807,5,cnn
3C,level_2,MAR,0.8500000000000001,85.00000000000001,knn,mim,0.0403772922562964,0.0660588173859764,0.2936773589715677,5,cnn
3C,level_2,MAR,0.9,90.0,knn,mim,0.0446556154865474,0.0733869739486193,0.1282750038144079,5,cnn
3C,level_2,MAR,0.95,95.0,knn,mim,0.0470705484792707,0.0764639444125582,0.0536431421599848,5,cnn
3C,level_2,MNAR,0.0,0.0,knn,mim,0.0240954150928792,0.0303174509155995,0.8512260461971013,5,cnn
3C,level_2,MNAR,0.05,5.0,knn,mim,0.0244776610696623,0.0307907682039672,0.846544454505323,5,cnn
3C,level_2,MNAR,0.1,10.0,knn,mim,0.0241709111092735,0.0300319261480146,0.8540151078656558,5,cnn
3C,level_2,MNAR,0.15,15.0,knn,mim,0.025242219054739,0.0314754573726447,0.8396438436494893,5,cnn
3C,level_2,MNAR,0.2,20.0,knn,mim,0.0253713452320976,0.03072907775847,0.8471587462579488,5,cnn
3C,level_2,MNAR,0.25,25.0,knn,mim,0.0274487961877208,0.0342661347726813,0.8099482923943743,5,cnn
3C,level_2,MNAR,0.3,30.0,knn,mim,0.0269950718135812,0.0323983167715815,0.830102717088675,5,cnn
3C,level_2,MNAR,0.35,35.0,knn,mim,0.0279173482366148,0.0335457652097155,0.8178551297650394,5,cnn
3C,level_2,MNAR,0.4,40.0,knn,mim,0.0290650785405494,0.0349209300066574,0.8026154566873847,5,cnn
3C,level_2,MNAR,0.45,45.0,knn,mim,0.030244689179323,0.0359052018696693,0.7913317930180289,5,cnn
3C,level_2,MNAR,0.5,50.0,knn,mim,0.0301234432267554,0.0363451278402178,0.786187082145859,5,cnn
3C,level_2,MNAR,0.55,55.00000000000001,knn,mim,0.0310951775830201,0.0373921855584963,0.7736902633856544,5,cnn
3C,level_2,MNAR,0.6000000000000001,60.00000000000001,knn,mim,0.0323362242070379,0.0379781418746392,0.7665418907990516,5,cnn
3C,level_2,MNAR,0.65,65.0,knn,mim,0.032615247894484,0.0389007744033686,0.7550609479889383,5,cnn
3C,level_2,MNAR,0.7000000000000001,70.0,knn,mim,0.0331281428481593,0.0411051024783489,0.7265153161526363,5,cnn
3C,level_2,MNAR,0.75,75.0,knn,mim,0.0335246317292972,0.0404584856944492,0.7350519142441835,5,cnn
3C,level_2,MNAR,0.8,80.0,knn,mim,0.0343995797556525,0.0438155626586023,0.6892591675499442,5,cnn
3C,level_2,MNAR,0.8500000000000001,85.00000000000001,knn,mim,0.035698405387827,0.0449822180550732,0.6724909752943922,5,cnn
3C,level_2,MNAR,0.9,90.0,knn,mim,0.0363105261649614,0.0443006018975496,0.6823412720433064,5,cnn
3C,level_2,MNAR,0.95,95.0,knn,mim,0.0389948119325134,0.049263024361275,0.6071889648109499,5,cnn
3C,level_2,MCAR,0.0,0.0,knn,mim,0.0194591676533029,0.0250887347328472,0.9019346535965536,4,cnn
3C,level_2,MCAR,0.05,5.0,knn,mim,0.0195307940768063,0.0247876290099164,0.904274416445621,4,cnn
3C,level_2,MCAR,0.1,10.0,knn,mim,0.0198327307284457,0.0245544424838839,0.9060669978136852,4,cnn
3C,level_2,MCAR,0.15,15.0,knn,mim,0.019980582697106,0.0246018841540139,0.9057036710099372,4,cnn
3C,level_2,MCAR,0.2,20.0,knn,mim,0.0203558165798166,0.0249871709123272,0.902727019701088,4,cnn
3C,level_2,MCAR,0.25,25.0,knn,mim,0.0213855366413647,0.0258603154756914,0.8958100847673334,4,cnn
3C,level_2,MCAR,0.3,30.0,knn,mim,0.0220328875781391,0.0266338355721316,0.8894839190345442,4,cnn
3C,level_2,MCAR,0.35,35.0,knn,mim,0.0224003745740542,0.0264630752165761,0.8908965032601104,4,cnn
3C,level_2,MCAR,0.4,40.0,knn,mim,0.0228357567185337,0.0277528316610643,0.8800023750844608,4,cnn
3C,level_2,MCAR,0.45,45.0,knn,mim,0.0225947510123638,0.027594926844252,0.8813639873751251,4,cnn
3C,level_2,MCAR,0.5,50.0,knn,mim,0.02471260648355,0.0297186870739963,0.8624003638439106,4,cnn
3C,level_2,MCAR,0.55,55.00000000000001,knn,mim,0.0253023828734857,0.030529737771634,0.8547874354186707,4,cnn
3C,level_2,MCAR,0.6000000000000001,60.00000000000001,knn,mim,0.0251579252138107,0.0305042715802998,0.8550295906998571,4,cnn
3C,level_2,MCAR,0.65,65.0,knn,mim,0.0280082387430382,0.0327176542186004,0.8332282969216042,4,cnn
3C,level_2,MCAR,0.7000000000000001,70.0,knn,mim,0.028081578609627,0.0328323798198626,0.8320566646877969,4,cnn
3C,level_2,MCAR,0.75,75.0,knn,mim,0.0287814764477545,0.034733074814903,0.8120490561313499,4,cnn
3C,level_2,MCAR,0.8,80.0,knn,mim,0.0301483805213031,0.0376240286182982,0.7794593554057263,4,cnn
3C,level_2,MCAR,0.8500000000000001,85.00000000000001,knn,mim,0.0306565266972349,0.0392199653860961,0.7603527446053033,4,cnn
3C,level_2,MCAR,0.9,90.0,knn,mim,0.0323557875632211,0.0436259689051049,0.7034839416011243,4,cnn
3C,level_2,MCAR,0.95,95.0,knn,mim,0.0378284695974059,0.058032153306967,0.475318902252046,4,cnn
3C,level_2,MAR,0.0,0.0,knn,mim,0.0194591676533029,0.0250887347328472,0.9019346535965536,4,cnn
3C,level_2,MAR,0.05,5.0,knn,mim,0.0197772848824724,0.0252570461604918,0.9006144687830808,4,cnn
3C,level_2,MAR,0.1,10.0,knn,mim,0.0195777331118702,0.0247627840693716,0.9044662140986705,4,cnn
3C,level_2,MAR,0.15,15.0,knn,mim,0.0200152206791257,0.0252083007855366,0.9009977210445274,4,cnn
3C,level_2,MAR,0.2,20.0,knn,mim,0.0207619017885983,0.0262138453204128,0.8929419047238183,4,cnn
3C,level_2,MAR,0.25,25.0,knn,mim,0.020455429028796,0.025463546408374,0.8989826837571155,4,cnn
3C,level_2,MAR,0.3,30.0,knn,mim,0.0217766754393181,0.0270181204099632,0.8862717613506905,4,cnn
3C,level_2,MAR,0.35,35.0,knn,mim,0.0216074804482979,0.0264841920891609,0.8907223100601526,4,cnn
3C,level_2,MAR,0.4,40.0,knn,mim,0.0222854967909466,0.0275953740875353,0.8813601417704545,4,cnn
3C,level_2,MAR,0.45,45.0,knn,mim,0.0221171421783513,0.0272425732157246,0.8843743197101198,4,cnn
3C,level_2,MAR,0.5,50.0,knn,mim,0.0229090583764233,0.0289706659880099,0.8692399718197629,4,cnn
3C,level_2,MAR,0.55,55.00000000000001,knn,mim,0.0254685631518482,0.0348355278986712,0.8109386128955411,4,cnn
3C,level_2,MAR,0.6000000000000001,60.00000000000001,knn,mim,0.0265462784175605,0.0369033545572476,0.7878271846790845,4,cnn
3C,level_2,MAR,0.65,65.0,knn,mim,0.0288254024686679,0.0444241022184707,0.6925352254475683,4,cnn
3C,level_2,MAR,0.7000000000000001,70.0,knn,mim,0.0274983761878975,0.0418152784008487,0.7275868722520806,4,cnn
3C,level_2,MAR,0.75,75.0,knn,mim,0.0313319793513934,0.049353193389236,0.6205202855157061,4,cnn
3C,level_2,MAR,0.8,80.0,knn,mim,0.0322518245960387,0.0527582308313787,0.5663508546209468,4,cnn
3C,level_2,MAR,0.8500000000000001,85.00000000000001,knn,mim,0.033083236616149,0.0539037913808922,0.5473144069303765,4,cnn
3C,level_2,MAR,0.9,90.0,knn,mim,0.0354159958673783,0.0571571642866796,0.4910215488357254,4,cnn
3C,level_2,MAR,0.95,95.0,knn,mim,0.0367210415003755,0.0613428045270134,0.413746696992448,4,cnn
3C,level_2,MNAR,0.0,0.0,knn,mim,0.0194591676533029,0.0250887347328472,0.9019346535965536,4,cnn
3C,level_2,MNAR,0.05,5.0,knn,mim,0.0195359323505702,0.0246954230137193,0.9049852594439188,4,cnn
3C,level_2,MNAR,0.1,10.0,knn,mim,0.019945555785713,0.0243900956709816,0.907320206997088,4,cnn
3C,level_2,MNAR,0.15,15.0,knn,mim,0.0205402212863086,0.024857050476866,0.9037374779457092,4,cnn
3C,level_2,MNAR,0.2,20.0,knn,mim,0.0207231825043597,0.0253459812692391,0.8999133238691207,4,cnn
3C,level_2,MNAR,0.25,25.0,knn,mim,0.0214140023629642,0.0258651360472083,0.8957712374647648,4,cnn
3C,level_2,MNAR,0.3,30.0,knn,mim,0.0209477427481576,0.0258224287032448,0.896115148951169,4,cnn
3C,level_2,MNAR,0.35,35.0,knn,mim,0.0214063450423387,0.0262720212979265,0.8924661927211653,4,cnn
3C,level_2,MNAR,0.4,40.0,knn,mim,0.0214179859233391,0.0258951124302123,0.8955295057521199,4,cnn
3C,level_2,MNAR,0.45,45.0,knn,mim,0.0223877694182411,0.0268276368615743,0.8878697254176801,4,cnn
3C,level_2,MNAR,0.5,50.0,knn,mim,0.0224979916894577,0.0267520591436047,0.8885006131275609,4,cnn
3C,level_2,MNAR,0.55,55.00000000000001,knn,mim,0.0222507151713777,0.0270130075462511,0.8863148007595575,4,cnn
3C,level_2,MNAR,0.6000000000000001,60.00000000000001,knn,mim,0.023732851199219,0.029745852888507,0.8621486895598728,4,cnn
3C,level_2,MNAR,0.65,65.0,knn,mim,0.0242328511354349,0.0294495174690898,0.8648816248774188,4,cnn
3C,level_2,MNAR,0.7000000000000001,70.0,knn,mim,0.0275413947326594,0.0347506177733508,0.8118591479073405,4,cnn
3C,level_2,MNAR,0.75,75.0,knn,mim,0.0266921928790523,0.0327823483635411,0.8325681139141997,4,cnn
3C,level_2,MNAR,0.8,80.0,knn,mim,0.0269479419302914,0.0336128440604618,0.8239773443882159,4,cnn
3C,level_2,MNAR,0.8500000000000001,85.00000000000001,knn,mim,0.0276087254757762,0.0342430312003549,0.8173151846650399,4,cnn
3C,level_2,MNAR,0.9,90.0,knn,mim,0.0287479305956613,0.0357139099320101,0.8012839959183786,4,cnn
3C,level_2,MNAR,0.95,95.0,knn,mim,0.0299443957093206,0.0385042499832694,0.7690194644423097,4,cnn
3C,level_2,MCAR,0.0,0.0,knn,mim,0.0164291845546841,0.0224316008730864,0.9213334828579244,0,cnn
3C,level_2,MCAR,0.05,5.0,knn,mim,0.0161505905039736,0.0223616621435512,0.9218232614789306,0,cnn
3C,level_2,MCAR,0.1,10.0,knn,mim,0.0167791696186623,0.0227031523671143,0.9194173189580006,0,cnn
3C,level_2,MCAR,0.15,15.0,knn,mim,0.0186295687168325,0.0245837690300015,0.9055142490979948,0,cnn
3C,level_2,MCAR,0.2,20.0,knn,mim,0.0206116709434901,0.0259394702582476,0.8948058496766522,0,cnn
3C,level_2,MCAR,0.25,25.0,knn,mim,0.0226507096122179,0.0279249174059458,0.8780861126388024,0,cnn
3C,level_2,MCAR,0.3,30.0,knn,mim,0.0270608065650393,0.0324088422346465,0.8357912034401751,0,cnn
3C,level_2,MCAR,0.35,35.0,knn,mim,0.0291301816917211,0.0338397971752246,0.8209703809174624,0,cnn
3C,level_2,MCAR,0.4,40.0,knn,mim,0.0316594335207664,0.0364210815845902,0.7926160880704494,0,cnn
3C,level_2,MCAR,0.45,45.0,knn,mim,0.03373700207538,0.0392393740392552,0.7592792507993749,0,cnn
3C,level_2,MCAR,0.5,50.0,knn,mim,0.0375499049166497,0.0435055735047123,0.7040903140920145,0,cnn
3C,level_2,MCAR,0.55,55.00000000000001,knn,mim,0.0406513509432795,0.0460250430188104,0.6688248123028974,0,cnn
3C,level_2,MCAR,0.6000000000000001,60.00000000000001,knn,mim,0.0455363833613159,0.052095010412981,0.5757111262663827,0,cnn
3C,level_2,MCAR,0.65,65.0,knn,mim,0.0479475894325556,0.054330326366627,0.5385188006160875,0,cnn
3C,level_2,MCAR,0.7000000000000001,70.0,knn,mim,0.0516676104677433,0.0577842287454389,0.4779789365700677,0,cnn
3C,level_2,MCAR,0.75,75.0,knn,mim,0.0549204537423419,0.0614251509738167,0.4101224740312656,0,cnn
3C,level_2,MCAR,0.8,80.0,knn,mim,0.0584591712451245,0.0652638873244663,0.334090422396477,0,cnn
3C,level_2,MCAR,0.8500000000000001,85.00000000000001,knn,mim,0.063743114050895,0.0702902124475677,0.2275700639562436,0,cnn
3C,level_2,MCAR,0.9,90.0,knn,mim,0.0664003431558849,0.0731408761286711,0.1636468412281339,0,cnn
3C,level_2,MCAR,0.95,95.0,knn,mim,0.0796667571688516,0.0896440335911865,-0.2563543975834204,0,cnn
3C,level_2,MAR,0.0,0.0,knn,mim,0.0164291845546841,0.0224316008730864,0.9213334828579244,0,cnn
3C,level_2,MAR,0.05,5.0,knn,mim,0.0159838381997271,0.0218586380923692,0.9253008630420488,0,cnn
3C,level_2,MAR,0.1,10.0,knn,mim,0.0161090045172559,0.0224335226703377,0.9213200029842954,0,cnn
3C,level_2,MAR,0.15,15.0,knn,mim,0.015921865268865,0.0215884952051541,0.9271358122548216,0,cnn
3C,level_2,MAR,0.2,20.0,knn,mim,0.0160694478715344,0.021915767094739,0.9249098904814708,0,cnn
3C,level_2,MAR,0.25,25.0,knn,mim,0.0175243358486956,0.0233409820231907,0.9148258843248488,0,cnn
3C,level_2,MAR,0.3,30.0,knn,mim,0.0189630724986795,0.0250487045752751,0.9019065687111636,0,cnn
3C,level_2,MAR,0.35,35.0,knn,mim,0.0196738463092884,0.0243690730650376,0.907157376272826,0,cnn
3C,level_2,MAR,0.4,40.0,knn,mim,0.0218502820204533,0.0272603136750833,0.8838200774750912,0,cnn
3C,level_2,MAR,0.45,45.0,knn,mim,0.0226513043200572,0.0272304499193003,0.88407448895494,0,cnn
3C,level_2,MAR,0.5,50.0,knn,mim,0.0227527359876815,0.0279501317596607,0.877865852887681,0,cnn
3C,level_2,MAR,0.55,55.00000000000001,knn,mim,0.0255835465403305,0.0305660556052801,0.8539343207675186,0,cnn
3C,level_2,MAR,0.6000000000000001,60.00000000000001,knn,mim,0.0297014011234857,0.0380596386921016,0.7735362433915262,0,cnn
3C,level_2,MAR,0.65,65.0,knn,mim,0.0335648450553116,0.0472599569322974,0.6508146393122244,0,cnn
3C,level_2,MAR,0.7000000000000001,70.0,knn,mim,0.0387280602681288,0.0593813289698544,0.4487238410966735,0,cnn
3C,level_2,MAR,0.75,75.0,knn,mim,0.0453696579206603,0.0743397460855526,0.1360043981954608,0,cnn
3C,level_2,MAR,0.8,80.0,knn,mim,0.0525585571244795,0.0833681781654583,-0.0866007662466168,0,cnn
3C,level_2,MAR,0.8500000000000001,85.00000000000001,knn,mim,0.0570215424384647,0.0910675227033088,-0.2965713780960193,0,cnn
3C,level_2,MAR,0.9,90.0,knn,mim,0.0622751903389585,0.0957954529555135,-0.4346936478271368,0,cnn
3C,level_2,MAR,0.95,95.0,knn,mim,0.0682406497256666,0.101085270960978,-0.5975157332999856,0,cnn
3C,level_2,MNAR,0.0,0.0,knn,mim,0.0164291845546841,0.0224316008730864,0.9213334828579244,0,cnn
3C,level_2,MNAR,0.05,5.0,knn,mim,0.016280221695616,0.0226598263068869,0.9197245889491824,0,cnn
3C,level_2,MNAR,0.1,10.0,knn,mim,0.0168549270418169,0.0230182135600213,0.9171652406140058,0,cnn
3C,level_2,MNAR,0.15,15.0,knn,mim,0.0167186451535653,0.022901517530559,0.9180030106065754,0,cnn
3C,level_2,MNAR,0.2,20.0,knn,mim,0.0183329217614367,0.0241338506453471,0.9089410524682102,0,cnn
3C,level_2,MNAR,0.25,25.0,knn,mim,0.0201841835403057,0.0252722158041065,0.9001481702014446,0,cnn
3C,level_2,MNAR,0.3,30.0,knn,mim,0.0214769990326297,0.0260829963248677,0.8936385265012656,0,cnn
3C,level_2,MNAR,0.35,35.0,knn,mim,0.0246842320564416,0.0294856516037522,0.8640776594674517,0,cnn
3C,level_2,MNAR,0.4,40.0,knn,mim,0.0251001361737217,0.0302472074787642,0.8569657788094761,0,cnn
3C,level_2,MNAR,0.45,45.0,knn,mim,0.0289181615769802,0.0337572332205115,0.8218429252244366,0,cnn
3C,level_2,MNAR,0.5,50.0,knn,mim,0.0299948570672967,0.0347520666361544,0.8111875369784045,0,cnn
3C,level_2,MNAR,0.55,55.00000000000001,knn,mim,0.0340395475920707,0.0388041252494946,0.7645898520210146,0,cnn
3C,level_2,MNAR,0.6000000000000001,60.00000000000001,knn,mim,0.0369198488760908,0.0411744720762585,0.7349514309136688,0,cnn
3C,level_2,MNAR,0.65,65.0,knn,mim,0.0396117061168466,0.0448115435299412,0.6860581654868114,0,cnn
3C,level_2,MNAR,0.7000000000000001,70.0,knn,mim,0.0433059774518133,0.0485936442989562,0.6308283644267979,0,cnn
3C,level_2,MNAR,0.75,75.0,knn,mim,0.0440892349391363,0.0494972103984948,0.6169717276784996,0,cnn
3C,level_2,MNAR,0.8,80.0,knn,mim,0.0469322511892386,0.0523075172620923,0.5722425333701724,0,cnn
3C,level_2,MNAR,0.8500000000000001,85.00000000000001,knn,mim,0.0491957205263324,0.0547765921509964,0.5309065116575327,0,cnn
3C,level_2,MNAR,0.9,90.0,knn,mim,0.0529409291443502,0.0604022717655141,0.4296047097065008,0,cnn
3C,level_2,MNAR,0.95,95.0,knn,mim,0.0589878237962,0.0681617795396819,0.273641161495491,0,cnn
3C,level_2,MCAR,0.0,0.0,knn,mim,0.026205995051066,0.036740996162859,0.8040308630148894,3,cnn
3C,level_2,MCAR,0.05,5.0,knn,mim,0.0271284713006234,0.0367628254730192,0.8037979274743223,3,cnn
3C,level_2,MCAR,0.1,10.0,knn,mim,0.0281373312254209,0.0367476498413893,0.803959877802562,3,cnn
3C,level_2,MCAR,0.15,15.0,knn,mim,0.0288473284102775,0.0373136466325201,0.7978744501314702,3,cnn
3C,level_2,MCAR,0.2,20.0,knn,mim,0.0290297446087674,0.0369241174675508,0.8020725299230497,3,cnn
3C,level_2,MCAR,0.25,25.0,knn,mim,0.0311473265123796,0.0388618040581098,0.7807539684928395,3,cnn
3C,level_2,MCAR,0.3,30.0,knn,mim,0.0311048535458676,0.0386742859093215,0.7828647001750064,3,cnn
3C,level_2,MCAR,0.35,35.0,knn,mim,0.0323880557197708,0.0401173980302496,0.7663577712085617,3,cnn
3C,level_2,MCAR,0.4,40.0,knn,mim,0.0335290875546567,0.0413670385157541,0.7515753497780377,3,cnn
3C,level_2,MCAR,0.45,45.0,knn,mim,0.0343611124287854,0.0417055354953255,0.74749311206273,3,cnn
3C,level_2,MCAR,0.5,50.0,knn,mim,0.0362634432045189,0.0439476802430561,0.7196130879840376,3,cnn
3C,level_2,MCAR,0.55,55.00000000000001,knn,mim,0.0368103468276359,0.0444749808911541,0.7128443498613624,3,cnn
3C,level_2,MCAR,0.6000000000000001,60.00000000000001,knn,mim,0.0379353273297215,0.0460212174057302,0.6925305071361989,3,cnn
3C,level_2,MCAR,0.65,65.0,knn,mim,0.0390927743061168,0.0469428171844468,0.6800927191075195,3,cnn
3C,level_2,MCAR,0.7000000000000001,70.0,knn,mim,0.0415788812680287,0.0494839302001394,0.6445207977135332,3,cnn
3C,level_2,MCAR,0.75,75.0,knn,mim,0.0412379038174947,0.0495602646914937,0.6434232190200704,3,cnn
3C,level_2,MCAR,0.8,80.0,knn,mim,0.0428774253011823,0.0519967513093926,0.6075012786337675,3,cnn
3C,level_2,MCAR,0.8500000000000001,85.00000000000001,knn,mim,0.0443416148048263,0.0531184041034182,0.5903849898627627,3,cnn
3C,level_2,MCAR,0.9,90.0,knn,mim,0.0469855263589738,0.0579256118722733,0.5128899549173283,3,cnn
3C,level_2,MCAR,0.95,95.0,knn,mim,0.0534649810954257,0.0721014977014109,0.2452999170542571,3,cnn
3C,level_2,MAR,0.0,0.0,knn,mim,0.026205995051066,0.036740996162859,0.8040308630148894,3,cnn
3C,level_2,MAR,0.05,5.0,knn,mim,0.0257967937641315,0.0355159120711876,0.8168816907178873,3,cnn
3C,level_2,MAR,0.1,10.0,knn,mim,0.0262764292570921,0.035201479660833,0.8201097341160064,3,cnn
3C,level_2,MAR,0.15,15.0,knn,mim,0.0258987566062996,0.0345080184529886,0.8271275174108288,3,cnn
3C,level_2,MAR,0.2,20.0,knn,mim,0.0266161829828142,0.0353591653712963,0.8184944805552319,3,cnn
3C,level_2,MAR,0.25,25.0,knn,mim,0.0269400165403211,0.0352526385189362,0.8195864795203085,3,cnn
3C,level_2,MAR,0.3,30.0,knn,mim,0.0273949983416376,0.0356377225585883,0.8156234388146912,3,cnn
3C,level_2,MAR,0.35,35.0,knn,mim,0.028017886099085,0.0362221221773981,0.8095269185159484,3,cnn
3C,level_2,MAR,0.4,40.0,knn,mim,0.0280726697947527,0.0360941229556024,0.8108707011463521,3,cnn
3C,level_2,MAR,0.45,45.0,knn,mim,0.0286194757530281,0.036135753038123,0.8104341752963486,3,cnn
3C,level_2,MAR,0.5,50.0,knn,mim,0.0288100539301966,0.0369274553175319,0.8020367439864724,3,cnn
3C,level_2,MAR,0.55,55.00000000000001,knn,mim,0.0293492882513785,0.0378586107380922,0.7919272669472067,3,cnn
3C,level_2,MAR,0.6000000000000001,60.00000000000001,knn,mim,0.030845457246282,0.0396118139226152,0.7722096687173103,3,cnn
3C,level_2,MAR,0.65,65.0,knn,mim,0.0335031751667057,0.0465691370322255,0.6851655804268968,3,cnn
3C,level_2,MAR,0.7000000000000001,70.0,knn,mim,0.0368919287793271,0.0549488116030621,0.5616687498572144,3,cnn
3C,level_2,MAR,0.75,75.0,knn,mim,0.0383835235234853,0.0603512649223771,0.471240017229233,3,cnn
3C,level_2,MAR,0.8,80.0,knn,mim,0.0416741495493296,0.0662221001519214,0.3633632201042622,3,cnn
3C,level_2,MAR,0.8500000000000001,85.00000000000001,knn,mim,0.0446474562266925,0.0738565228364768,0.2081124043652841,3,cnn
3C,level_2,MAR,0.9,90.0,knn,mim,0.047232527613425,0.078642704684432,0.1021522298807109,3,cnn
3C,level_2,MAR,0.95,95.0,knn,mim,0.0496871545568242,0.0824656602024741,0.0127387164564863,3,cnn
3C,level_2,MNAR,0.0,0.0,knn,mim,0.026205995051066,0.036740996162859,0.8040308630148894,3,cnn
3C,level_2,MNAR,0.05,5.0,knn,mim,0.0263735429506044,0.0358349485117231,0.8135770417601851,3,cnn
3C,level_2,MNAR,0.1,10.0,knn,mim,0.0268052771920556,0.0356615695848661,0.8153766046481471,3,cnn
3C,level_2,MNAR,0.15,15.0,knn,mim,0.0275059826292433,0.0357824013281178,0.8141233698312513,3,cnn
3C,level_2,MNAR,0.2,20.0,knn,mim,0.0281557320105062,0.0362545353707077,0.8091858781375753,3,cnn
3C,level_2,MNAR,0.25,25.0,knn,mim,0.0283695675583573,0.0369351821008312,0.8019538907707423,3,cnn
3C,level_2,MNAR,0.3,30.0,knn,mim,0.0295999988753516,0.0376920330951746,0.7937542760360781,3,cnn
3C,level_2,MNAR,0.35,35.0,knn,mim,0.0301768194241566,0.0374451196067792,0.7964475800260724,3,cnn
3C,level_2,MNAR,0.4,40.0,knn,mim,0.0307583878001651,0.0387678138461016,0.7818132122264341,3,cnn
3C,level_2,MNAR,0.45,45.0,knn,mim,0.0312319534018233,0.0390434886432783,0.7786991622765584,3,cnn
3C,level_2,MNAR,0.5,50.0,knn,mim,0.0320286025777593,0.0401436228233127,0.7660522069353454,3,cnn
3C,level_2,MNAR,0.55,55.00000000000001,knn,mim,0.0330397541080509,0.0411890827962066,0.7537081346771421,3,cnn
3C,level_2,MNAR,0.6000000000000001,60.00000000000001,knn,mim,0.0343685883118225,0.0428008845318239,0.7340553155550751,3,cnn
3C,level_2,MNAR,0.65,65.0,knn,mim,0.035205115513329,0.043871183173904,0.7205883435417753,3,cnn
3C,level_2,MNAR,0.7000000000000001,70.0,knn,mim,0.0355497046006692,0.0437616871530211,0.7219813438083698,3,cnn
3C,level_2,MNAR,0.75,75.0,knn,mim,0.0357526860795579,0.0449002031825949,0.707327148961069,3,cnn
3C,level_2,MNAR,0.8,80.0,knn,mim,0.0367514451989182,0.0457061020023221,0.6967266876294924,3,cnn
3C,level_2,MNAR,0.8500000000000001,85.00000000000001,knn,mim,0.0370605264689471,0.0463486608521761,0.6881396177197461,3,cnn
3C,level_2,MNAR,0.9,90.0,knn,mim,0.0368966383925429,0.0471330254325881,0.6774949934241772,3,cnn
3C,level_2,MNAR,0.95,95.0,knn,mim,0.0398439017459079,0.0519802115943834,0.6077509397889022,3,cnn
3C,level_2,MCAR,0.0,0.0,knn,mim,0.0238994341612981,0.0300829232552158,0.8409335439958328,6,cnn
3C,level_2,MCAR,0.05,5.0,knn,mim,0.0233272486415827,0.0299328667596593,0.8425164636099025,6,cnn
3C,level_2,MCAR,0.1,10.0,knn,mim,0.0240399317293659,0.0313091881280509,0.8277012423934198,6,cnn
3C,level_2,MCAR,0.15,15.0,knn,mim,0.0251150896011943,0.0330653088396901,0.8078308361146536,6,cnn
3C,level_2,MCAR,0.2,20.0,knn,mim,0.0260611336802093,0.0339164568830367,0.7978100860410998,6,cnn
3C,level_2,MCAR,0.25,25.0,knn,mim,0.0280524293346584,0.0353488103577012,0.7803717816693667,6,cnn
3C,level_2,MCAR,0.3,30.0,knn,mim,0.0302644084630437,0.0392083008600615,0.7297942555959609,6,cnn
3C,level_2,MCAR,0.35,35.0,knn,mim,0.0305200160254894,0.0397153845761672,0.7227598799774269,6,cnn
3C,level_2,MCAR,0.4,40.0,knn,mim,0.0337614271998965,0.0435467999565368,0.6666879411666562,6,cnn
3C,level_2,MCAR,0.45,45.0,knn,mim,0.0371849824206929,0.0475303416040375,0.6029178133443227,6,cnn
3C,level_2,MCAR,0.5,50.0,knn,mim,0.0394990509552575,0.049385811884531,0.5713104182502644,6,cnn
3C,level_2,MCAR,0.55,55.00000000000001,knn,mim,0.0419387115872521,0.0520172878202538,0.524408655317212,6,cnn
3C,level_2,MCAR,0.6000000000000001,60.00000000000001,knn,mim,0.0462954978416783,0.0577976005400424,0.4128377151540087,6,cnn
3C,level_2,MCAR,0.65,65.0,knn,mim,0.0482592127882818,0.0606756640253048,0.3529056478151379,6,cnn
3C,level_2,MCAR,0.7000000000000001,70.0,knn,mim,0.0561255232056541,0.0681018491403701,0.184814695168332,6,cnn
3C,level_2,MCAR,0.75,75.0,knn,mim,0.0565075765540342,0.0692728890348714,0.156538751879258,6,cnn
3C,level_2,MCAR,0.8,80.0,knn,mim,0.0560279685577876,0.0686758087077482,0.1710160961048492,6,cnn
3C,level_2,MCAR,0.8500000000000001,85.00000000000001,knn,mim,0.0543385571739483,0.066896474970799,0.2134161939205328,6,cnn
3C,level_2,MCAR,0.9,90.0,knn,mim,0.054269698967956,0.0706549773748984,0.1225466085906026,6,cnn
3C,level_2,MCAR,0.95,95.0,knn,mim,0.0421231169208114,0.0573549773887854,0.421796442605113,6,cnn
3C,level_2,MAR,0.0,0.0,knn,mim,0.0238994341612981,0.0300829232552158,0.8409335439958328,6,cnn
3C,level_2,MAR,0.05,5.0,knn,mim,0.0241036084504194,0.0301813829498442,0.8398906091473864,6,cnn
3C,level_2,MAR,0.1,10.0,knn,mim,0.0261247592912593,0.033586878041656,0.801720503159473,6,cnn
3C,level_2,MAR,0.15,15.0,knn,mim,0.0254779124573362,0.0335334776300885,0.8023504985718873,6,cnn
3C,level_2,MAR,0.2,20.0,knn,mim,0.0269782433644147,0.0352223002009386,0.7819410271237649,6,cnn
3C,level_2,MAR,0.25,25.0,knn,mim,0.0282092987819456,0.0374563215573114,0.7534024354938371,6,cnn
3C,level_2,MAR,0.3,30.0,knn,mim,0.02927616602826,0.0398629397979263,0.7206959835134763,6,cnn
3C,level_2,MAR,0.35,35.0,knn,mim,0.0301931183976186,0.0409697432336045,0.704970788989369,6,cnn
3C,level_2,MAR,0.4,40.0,knn,mim,0.0325039780957038,0.0443308493557756,0.6545774880931663,6,cnn
3C,level_2,MAR,0.45,45.0,knn,mim,0.0335710830106421,0.0468194222648306,0.6147074298815454,6,cnn
3C,level_2,MAR,0.5,50.0,knn,mim,0.0337406685397098,0.0474210021641799,0.6047426184759841,6,cnn
3C,level_2,MAR,0.55,55.00000000000001,knn,mim,0.0380444145169056,0.0534948699512062,0.4970059987020848,6,cnn
3C,level_2,MAR,0.6000000000000001,60.00000000000001,knn,mim,0.0395693437493463,0.0558409865100656,0.4519190619863515,6,cnn
3C,level_2,MAR,0.65,65.0,knn,mim,0.0395936857030984,0.0553192329588472,0.4621132665179034,6,cnn
3C,level_2,MAR,0.7000000000000001,70.0,knn,mim,0.0416513181751322,0.0574724590836305,0.4194253178423734,6,cnn
3C,level_2,MAR,0.75,75.0,knn,mim,0.041183165330842,0.0563680624432475,0.4415237003718546,6,cnn
3C,level_2,MAR,0.8,80.0,knn,mim,0.0429720451798237,0.059365791222793,0.3805431576435061,6,cnn
3C,level_2,MAR,0.8500000000000001,85.00000000000001,knn,mim,0.0450044054402991,0.0591478175875061,0.3850837312848962,6,cnn
3C,level_2,MAR,0.9,90.0,knn,mim,0.0436051444548396,0.059230327431719,0.3833669465975512,6,cnn
3C,level_2,MAR,0.95,95.0,knn,mim,0.0434987415495053,0.0565875994463207,0.4371650275585763,6,cnn
3C,level_2,MNAR,0.0,0.0,knn,mim,0.0238994341612981,0.0300829232552158,0.8409335439958328,6,cnn
3C,level_2,MNAR,0.05,5.0,knn,mim,0.0237400568371087,0.0302164366631136,0.8395184798832339,6,cnn
3C,level_2,MNAR,0.1,10.0,knn,mim,0.0260619039412395,0.0330077879974015,0.8084988545271738,6,cnn
3C,level_2,MNAR,0.15,15.0,knn,mim,0.0261269084791622,0.0341134386308497,0.7954546879209162,6,cnn
3C,level_2,MNAR,0.2,20.0,knn,mim,0.0272732105814794,0.0346073699684162,0.7894885488103504,6,cnn
3C,level_2,MNAR,0.25,25.0,knn,mim,0.0287420701420922,0.03790304073372,0.7474853159397945,6,cnn
3C,level_2,MNAR,0.3,30.0,knn,mim,0.0321415001506536,0.0435441165053706,0.6667290187693996,6,cnn
3C,level_2,MNAR,0.35,35.0,knn,mim,0.0333701816511825,0.0437260294661077,0.6639386096777778,6,cnn
3C,level_2,MNAR,0.4,40.0,knn,mim,0.0357011945270036,0.0477715968165867,0.5988765516605985,6,cnn
3C,level_2,MNAR,0.45,45.0,knn,mim,0.0380691651145057,0.0514776166634421,0.5342258343028741,6,cnn
3C,level_2,MNAR,0.5,50.0,knn,mim,0.0427662089072482,0.058658211844511,0.3952217375573555,6,cnn
3C,level_2,MNAR,0.55,55.00000000000001,knn,mim,0.0421559160494468,0.0562498639480187,0.4438633886955665,6,cnn
3C,level_2,MNAR,0.6000000000000001,60.00000000000001,knn,mim,0.0453077751884997,0.0625513687720547,0.3122791858873029,6,cnn
3C,level_2,MNAR,0.65,65.0,knn,mim,0.0497783015748144,0.0669200383707288,0.2128619688110311,6,cnn
3C,level_2,MNAR,0.7000000000000001,70.0,knn,mim,0.0483151789696563,0.0655501902004496,0.2447574569561829,6,cnn
3C,level_2,MNAR,0.75,75.0,knn,mim,0.0513347167297148,0.070545584267903,0.1252615778408692,6,cnn
3C,level_2,MNAR,0.8,80.0,knn,mim,0.0499525613079608,0.0657075531278548,0.2411269615380956,6,cnn
3C,level_2,MNAR,0.8500000000000001,85.00000000000001,knn,mim,0.0520795774180004,0.0700091034271938,0.1385153067934206,6,cnn
3C,level_2,MNAR,0.9,90.0,knn,mim,0.0489621744872258,0.0665846585899868,0.2207319184879789,6,cnn
3C,level_2,MNAR,0.95,95.0,knn,mim,0.0543376207273331,0.071158546657215,0.1099945368388822,6,cnn
2C,level_2,MCAR,0.0,0.0,knn,baseline,0.0143467813813482,0.0238802053498368,0.9449884359132442,123,mlp
2C,level_2,MCAR,0.05,5.0,knn,baseline,0.0143414755018332,0.0238592200451281,0.945085078900559,123,mlp
2C,level_2,MCAR,0.1,10.0,knn,baseline,0.0142599762563491,0.0237240092350725,0.9457057238220452,123,mlp
2C,level_2,MCAR,0.15,15.0,knn,baseline,0.0144267925028744,0.0238616642069605,0.9450738272478404,123,mlp
2C,level_2,MCAR,0.2,20.0,knn,baseline,0.0140879274501473,0.0240445451997963,0.9442286685638352,123,mlp
2C,level_2,MCAR,0.25,25.0,knn,baseline,0.0142251505707249,0.0236663063991187,0.9459695176550316,123,mlp
2C,level_2,MCAR,0.3,30.0,knn,baseline,0.0144617756616142,0.0245760604836096,0.9417357160800868,123,mlp
2C,level_2,MCAR,0.35,35.0,knn,baseline,0.0143327941065249,0.0239156383212595,0.9448250646809766,123,mlp
2C,level_2,MCAR,0.4,40.0,knn,baseline,0.0141769007945406,0.0235702729510008,0.9464071191954072,123,mlp
2C,level_2,MCAR,0.45,45.0,knn,baseline,0.014609269799294,0.0247316434866771,0.9409956767372508,123,mlp
2C,level_2,MCAR,0.5,50.0,knn,baseline,0.0145112824747842,0.024378490106864,0.9426687399936352,123,mlp
2C,level_2,MCAR,0.55,55.00000000000001,knn,baseline,0.0145773833969679,0.0248655915015784,0.9403548042521344,123,mlp
2C,level_2,MCAR,0.6000000000000001,60.00000000000001,knn,baseline,0.0148085660092601,0.024994457501149,0.9397349794839336,123,mlp
2C,level_2,MCAR,0.65,65.0,knn,baseline,0.0158155804559961,0.0268556309293099,0.9304257395505978,123,mlp
2C,level_2,MCAR,0.7000000000000001,70.0,knn,baseline,0.0169654001027385,0.0304184856554907,0.9107407860774744,123,mlp
2C,level_2,MCAR,0.75,75.0,knn,baseline,0.019294263956575,0.0336377281829663,0.8908481269652914,123,mlp
2C,level_2,MCAR,0.8,80.0,knn,baseline,0.0225217200569484,0.039665208040241,0.8482260098878316,123,mlp
2C,level_2,MCAR,0.8500000000000001,85.00000000000001,knn,baseline,0.025464260757205,0.0415532943236249,0.8334330631669471,123,mlp
2C,level_2,MCAR,0.9,90.0,knn,baseline,0.0384424536683656,0.0604839974234084,0.6470941550730717,123,mlp
2C,level_2,MCAR,0.95,95.0,knn,baseline,0.057305411250852,0.0806599275361453,0.3723846831982567,123,mlp
2C,level_2,MAR,0.0,0.0,knn,baseline,0.0143467813813482,0.0238802053498368,0.9449884359132442,123,mlp
2C,level_2,MAR,0.05,5.0,knn,baseline,0.0143245148665034,0.023615838488984,0.9461997097309148,123,mlp
2C,level_2,MAR,0.1,10.0,knn,baseline,0.014494459428649,0.024062850330968,0.9441437187229752,123,mlp
2C,level_2,MAR,0.15,15.0,knn,baseline,0.0144145094779797,0.0240338644027577,0.944278205784278,123,mlp
2C,level_2,MAR,0.2,20.0,knn,baseline,0.0145145363964739,0.0243183527785839,0.9429512428313488,123,mlp
2C,level_2,MAR,0.25,25.0,knn,baseline,0.0144805756130394,0.0240855502854357,0.9440382837404604,123,mlp
2C,level_2,MAR,0.3,30.0,knn,baseline,0.0150278356851168,0.0253199350404404,0.9381552193989244,123,mlp
2C,level_2,MAR,0.35,35.0,knn,baseline,0.0148932580570929,0.0253179632607263,0.9381648512984876,123,mlp
2C,level_2,MAR,0.4,40.0,knn,baseline,0.0149405007506861,0.0254986792036168,0.93727896024861,123,mlp
2C,level_2,MAR,0.45,45.0,knn,baseline,0.0152502004010247,0.0258180120997466,0.9356981483881556,123,mlp
2C,level_2,MAR,0.5,50.0,knn,baseline,0.0159553796645052,0.0290406379152657,0.9186438885042438,123,mlp
2C,level_2,MAR,0.55,55.00000000000001,knn,baseline,0.0194287557199852,0.036684710973263,0.8701780636878935,123,mlp
2C,level_2,MAR,0.6000000000000001,60.00000000000001,knn,baseline,0.02264731518616,0.0447947464730197,0.8064326766135574,123,mlp
2C,level_2,MAR,0.65,65.0,knn,baseline,0.0309606405881396,0.0612050283373094,0.638630008442333,123,mlp
2C,level_2,MAR,0.7000000000000001,70.0,knn,baseline,0.0342392920115876,0.0662959485250464,0.5760136683612951,123,mlp
2C,level_2,MAR,0.75,75.0,knn,baseline,0.0378402285820881,0.0711756263156489,0.5113020989173589,123,mlp
2C,level_2,MAR,0.8,80.0,knn,baseline,0.0402467251690951,0.07407662298151,0.4706532759232721,123,mlp
2C,level_2,MAR,0.8500000000000001,85.00000000000001,knn,baseline,0.0425520993623494,0.0779927584364212,0.4132049518822147,123,mlp
2C,level_2,MAR,0.9,90.0,knn,baseline,0.0426606921508849,0.0788273010390127,0.4005800501907417,123,mlp
2C,level_2,MAR,0.95,95.0,knn,baseline,0.0436894726219227,0.0792038634049361,0.3948394469341468,123,mlp
2C,level_2,MNAR,0.0,0.0,knn,baseline,0.0143467813813482,0.0238802053498368,0.9449884359132442,123,mlp
2C,level_2,MNAR,0.05,5.0,knn,baseline,0.0142697939979543,0.0237355715702628,0.945652788283942,123,mlp
2C,level_2,MNAR,0.1,10.0,knn,baseline,0.0143265926112299,0.0237918173955694,0.9453949115694182,123,mlp
2C,level_2,MNAR,0.15,15.0,knn,baseline,0.0143280269713269,0.0236202470726833,0.946179621075467,123,mlp
2C,level_2,MNAR,0.2,20.0,knn,baseline,0.0143764126153174,0.0241892493781815,0.9435553658266188,123,mlp
2C,level_2,MNAR,0.25,25.0,knn,baseline,0.0143686121110074,0.0239914134864851,0.9444748742972258,123,mlp
2C,level_2,MNAR,0.3,30.0,knn,baseline,0.0145602657647315,0.0246131308808841,0.9415598124498804,123,mlp
2C,level_2,MNAR,0.35,35.0,knn,baseline,0.0144241769524274,0.0244760732760765,0.9422088457922162,123,mlp
2C,level_2,MNAR,0.4,40.0,knn,baseline,0.014647526041164,0.0248693805943873,0.94033662504239,123,mlp
2C,level_2,MNAR,0.45,45.0,knn,baseline,0.0145003110900698,0.0249983401124009,0.9397162550270995,123,mlp
2C,level_2,MNAR,0.5,50.0,knn,baseline,0.0149712144163129,0.0263166811621561,0.9331902084768858,123,mlp
2C,level_2,MNAR,0.55,55.00000000000001,knn,baseline,0.0153010102587412,0.0261794567051012,0.9338851315853092,123,mlp
2C,level_2,MNAR,0.6000000000000001,60.00000000000001,knn,baseline,0.0159999131955334,0.0290945684999541,0.918341439453062,123,mlp
2C,level_2,MNAR,0.65,65.0,knn,baseline,0.0163561863993467,0.027649605274546,0.9262510654774346,123,mlp
2C,level_2,MNAR,0.7000000000000001,70.0,knn,baseline,0.0180234036062388,0.0328802603597547,0.895708629521412,123,mlp
2C,level_2,MNAR,0.75,75.0,knn,baseline,0.0190176767819169,0.0343848436107564,0.8859456153513862,123,mlp
2C,level_2,MNAR,0.8,80.0,knn,baseline,0.018960671127078,0.0349285167623358,0.8823103784368664,123,mlp
2C,level_2,MNAR,0.8500000000000001,85.00000000000001,knn,baseline,0.0206416982027538,0.037560032980407,0.863908873571159,123,mlp
2C,level_2,MNAR,0.9,90.0,knn,baseline,0.0246637026770469,0.044994806065413,0.8046998182539775,123,mlp
2C,level_2,MNAR,0.95,95.0,knn,baseline,0.0254823639220085,0.0487063707999688,0.771150788555703,123,mlp
2C,level_2,MCAR,0.0,0.0,knn,baseline,0.0162039440012653,0.0199291035588282,0.9646086647482102,42,mlp
2C,level_2,MCAR,0.05,5.0,knn,baseline,0.0161950417436381,0.0201823063918971,0.9637036453061985,42,mlp
2C,level_2,MCAR,0.1,10.0,knn,baseline,0.0161407064563059,0.019861236578531,0.9648492990848276,42,mlp
2C,level_2,MCAR,0.15,15.0,knn,baseline,0.0162303107383168,0.0204928015014354,0.962578250521884,42,mlp
2C,level_2,MCAR,0.2,20.0,knn,baseline,0.0162094062623523,0.0199827241090744,0.9644179631633564,42,mlp
2C,level_2,MCAR,0.25,25.0,knn,baseline,0.016092081062582,0.019862763384823,0.9648438945498224,42,mlp
2C,level_2,MCAR,0.3,30.0,knn,baseline,0.0161997156241378,0.0200911016520277,0.9640309537517704,42,mlp
2C,level_2,MCAR,0.35,35.0,knn,baseline,0.0161484347334853,0.0200451950447153,0.9641951389178108,42,mlp
2C,level_2,MCAR,0.4,40.0,knn,baseline,0.016530362844774,0.020316964625709,0.963217684168394,42,mlp
2C,level_2,MCAR,0.45,45.0,knn,baseline,0.0162012781464762,0.0198953736399464,0.964728362722383,42,mlp
2C,level_2,MCAR,0.5,50.0,knn,baseline,0.0165347591544977,0.0206472355277975,0.9620121036749484,42,mlp
2C,level_2,MCAR,0.55,55.00000000000001,knn,baseline,0.0160572648557763,0.0202118544375879,0.9635972876465136,42,mlp
2C,level_2,MCAR,0.6000000000000001,60.00000000000001,knn,baseline,0.0162269294620941,0.0204795000873619,0.9626268139788656,42,mlp
2C,level_2,MCAR,0.65,65.0,knn,baseline,0.0171895859827559,0.0241019210749551,0.948236368102034,42,mlp
2C,level_2,MCAR,0.7000000000000001,70.0,knn,baseline,0.0181830317019802,0.0267944255070783,0.9360249962504188,42,mlp
2C,level_2,MCAR,0.75,75.0,knn,baseline,0.0205936209998996,0.0316616314580833,0.9106719200812738,42,mlp
2C,level_2,MCAR,0.8,80.0,knn,baseline,0.0234877979089548,0.0364123666766507,0.8818539421496991,42,mlp
2C,level_2,MCAR,0.8500000000000001,85.00000000000001,knn,baseline,0.0288336864297147,0.0453765075815975,0.8165221870606787,42,mlp
2C,level_2,MCAR,0.9,90.0,knn,baseline,0.0375575913229197,0.0585581666977522,0.6944400969543625,42,mlp
2C,level_2,MCAR,0.95,95.0,knn,baseline,0.0585409614938566,0.0821281189306553,0.3989575143170882,42,mlp
2C,level_2,MAR,0.0,0.0,knn,baseline,0.0162039440012653,0.0199291035588282,0.9646086647482102,42,mlp
2C,level_2,MAR,0.05,5.0,knn,baseline,0.0161597032792473,0.0199234491659397,0.96462874474074,42,mlp
2C,level_2,MAR,0.1,10.0,knn,baseline,0.0162368953525636,0.0197795371589454,0.965137889906193,42,mlp
2C,level_2,MAR,0.15,15.0,knn,baseline,0.0162125205993652,0.0198822439563345,0.964774901444019,42,mlp
2C,level_2,MAR,0.2,20.0,knn,baseline,0.0161455543203857,0.0201853418599382,0.96369272636483,42,mlp
2C,level_2,MAR,0.25,25.0,knn,baseline,0.0162371487930474,0.0200505718613393,0.9641759281302268,42,mlp
2C,level_2,MAR,0.3,30.0,knn,baseline,0.0162735501599894,0.0201440444143868,0.9638411374096538,42,mlp
2C,level_2,MAR,0.35,35.0,knn,baseline,0.0164037379027947,0.0206692068027535,0.9619312127879592,42,mlp
2C,level_2,MAR,0.4,40.0,knn,baseline,0.0164564810793372,0.0206936343079498,0.961841177885932,42,mlp
2C,level_2,MAR,0.45,45.0,knn,baseline,0.0176014649146925,0.0230723717776198,0.9525642356959308,42,mlp
2C,level_2,MAR,0.5,50.0,knn,baseline,0.0177809863845353,0.0243238178711549,0.947278846217788,42,mlp
2C,level_2,MAR,0.55,55.00000000000001,knn,baseline,0.0211301146891433,0.0356845424832498,0.8865298350437089,42,mlp
2C,level_2,MAR,0.6000000000000001,60.00000000000001,knn,baseline,0.0295223144190038,0.0526399244662071,0.7530824636296312,42,mlp
2C,level_2,MAR,0.65,65.0,knn,baseline,0.0387913976740499,0.0699336677142072,0.5641931706424688,42,mlp
2C,level_2,MAR,0.7000000000000001,70.0,knn,baseline,0.0482342986913261,0.0820861605966459,0.3995714891581156,42,mlp
2C,level_2,MAR,0.75,75.0,knn,baseline,0.0523050682443449,0.0874166409067052,0.3190587422051401,42,mlp
2C,level_2,MAR,0.8,80.0,knn,baseline,0.0547150536062174,0.0903078854364334,0.2732705381264063,42,mlp
2C,level_2,MAR,0.8500000000000001,85.00000000000001,knn,baseline,0.0561032013432859,0.0922012721869296,0.2424780051946193,42,mlp
2C,level_2,MAR,0.9,90.0,knn,baseline,0.0569786393400017,0.0933204181541214,0.2239766795636918,42,mlp
2C,level_2,MAR,0.95,95.0,knn,baseline,0.0567626862053398,0.0931018172742071,0.2276080540454522,42,mlp
2C,level_2,MNAR,0.0,0.0,knn,baseline,0.0162039440012653,0.0199291035588282,0.9646086647482102,42,mlp
2C,level_2,MNAR,0.05,5.0,knn,baseline,0.0163064011005514,0.0199165588023249,0.9646532062347096,42,mlp
2C,level_2,MNAR,0.1,10.0,knn,baseline,0.0161351266293912,0.0200038745100392,0.9643426008036112,42,mlp
2C,level_2,MNAR,0.15,15.0,knn,baseline,0.0159485460340286,0.0197008913191467,0.96541457071206,42,mlp
2C,level_2,MNAR,0.2,20.0,knn,baseline,0.0162238707253985,0.0201924411139345,0.9636671830883458,42,mlp
2C,level_2,MNAR,0.25,25.0,knn,baseline,0.0161008801810069,0.0197768023812791,0.9651475295179104,42,mlp
2C,level_2,MNAR,0.3,30.0,knn,baseline,0.0161531444645296,0.02012818638101,0.9638980458174526,42,mlp
2C,level_2,MNAR,0.35,35.0,knn,baseline,0.0161702618813729,0.0198715832554366,0.9648126661514708,42,mlp
2C,level_2,MNAR,0.4,40.0,knn,baseline,0.0162528095981789,0.0201337550801631,0.963878066994916,42,mlp
2C,level_2,MNAR,0.45,45.0,knn,baseline,0.0164611928736074,0.0217500974943535,0.9578455103042256,42,mlp
2C,level_2,MNAR,0.5,50.0,knn,baseline,0.0170368842023066,0.0217681159422081,0.9577756372293682,42,mlp
2C,level_2,MNAR,0.55,55.00000000000001,knn,baseline,0.0170345339241175,0.0218693653344168,0.957381929881151,42,mlp
2C,level_2,MNAR,0.6000000000000001,60.00000000000001,knn,baseline,0.0175445484851164,0.0237301755570929,0.949820847435408,42,mlp
2C,level_2,MNAR,0.65,65.0,knn,baseline,0.0182841150806677,0.0244535845216498,0.9467148149456333,42,mlp
2C,level_2,MNAR,0.7000000000000001,70.0,knn,baseline,0.0194701727212932,0.0268667551037535,0.9356791383608338,42,mlp
2C,level_2,MNAR,0.75,75.0,knn,baseline,0.0210375803624647,0.0338910490178568,0.8976491524134638,42,mlp
2C,level_2,MNAR,0.8,80.0,knn,baseline,0.0206323565749434,0.031838944612858,0.90966859875784,42,mlp
2C,level_2,MNAR,0.8500000000000001,85.00000000000001,knn,baseline,0.02175626859579,0.0315782532883661,0.9111417761573994,42,mlp
2C,level_2,MNAR,0.9,90.0,knn,baseline,0.0225530927221133,0.0331451270745476,0.9021049354590878,42,mlp
2C,level_2,MNAR,0.95,95.0,knn,baseline,0.0251567861441633,0.0395277184042642,0.8607725354901242,42,mlp
2C,level_2,MCAR,0.0,0.0,knn,baseline,0.012390749954418,0.0160255779698629,0.9779500368930242,1000,mlp
2C,level_2,MCAR,0.05,5.0,knn,baseline,0.0122879675348852,0.0159347008350613,0.9781994077222324,1000,mlp
2C,level_2,MCAR,0.1,10.0,knn,baseline,0.0124481546001069,0.016133963808892,0.9776507671159228,1000,mlp
2C,level_2,MCAR,0.15,15.0,knn,baseline,0.0123909183477899,0.0161336387369852,0.977651667704848,1000,mlp
2C,level_2,MCAR,0.2,20.0,knn,baseline,0.0122138179390293,0.0160152965422769,0.9779783207248478,1000,mlp
2C,level_2,MCAR,0.25,25.0,knn,baseline,0.0124093021805878,0.0161495928179109,0.9776074466339192,1000,mlp
2C,level_2,MCAR,0.3,30.0,knn,baseline,0.0122679879243206,0.0160619450222053,0.9778498468048884,1000,mlp
2C,level_2,MCAR,0.35,35.0,knn,baseline,0.0123715849505867,0.016314173341127,0.9771487159355218,1000,mlp
2C,level_2,MCAR,0.4,40.0,knn,baseline,0.0123166725717532,0.0161567972054499,0.9775874633912472,1000,mlp
2C,level_2,MCAR,0.45,45.0,knn,baseline,0.0123929377221757,0.0162387378242854,0.9773595526148278,1000,mlp
2C,level_2,MCAR,0.5,50.0,knn,baseline,0.0126550106826101,0.0168547310648643,0.9756093081879336,1000,mlp
2C,level_2,MCAR,0.55,55.00000000000001,knn,baseline,0.0123727074872156,0.016780263621135,0.9758243576068928,1000,mlp
2C,level_2,MCAR,0.6000000000000001,60.00000000000001,knn,baseline,0.0128088935767009,0.0171259879921596,0.9748179121590907,1000,mlp
2C,level_2,MCAR,0.65,65.0,knn,baseline,0.0135578260130183,0.0188757156562843,0.9694094477628982,1000,mlp
2C,level_2,MCAR,0.7000000000000001,70.0,knn,baseline,0.0144046725194165,0.0206995788582113,0.963212228233446,1000,mlp
2C,level_2,MCAR,0.75,75.0,knn,baseline,0.0151843534105143,0.0232888703730769,0.9534331017367444,1000,mlp
2C,level_2,MCAR,0.8,80.0,knn,baseline,0.0193305299795357,0.0330435009777719,0.9062540371890034,1000,mlp
2C,level_2,MCAR,0.8500000000000001,85.00000000000001,knn,baseline,0.0262202062764744,0.0464964636508723,0.8143819051754965,1000,mlp
2C,level_2,MCAR,0.9,90.0,knn,baseline,0.0371685983584944,0.0623525201542543,0.6661983439333807,1000,mlp
2C,level_2,MCAR,0.95,95.0,knn,baseline,0.054695173365599,0.0798997207367061,0.4518858840171577,1000,mlp
2C,level_2,MAR,0.0,0.0,knn,baseline,0.012390749954418,0.0160255779698629,0.9779500368930242,1000,mlp
2C,level_2,MAR,0.05,5.0,knn,baseline,0.0123894608953196,0.0161517372477464,0.9776014994316334,1000,mlp
2C,level_2,MAR,0.1,10.0,knn,baseline,0.0123891971405904,0.0161205680813742,0.977687864006797,1000,mlp
2C,level_2,MAR,0.15,15.0,knn,baseline,0.0122992442999675,0.0159828634805528,0.9780674239489352,1000,mlp
2C,level_2,MAR,0.2,20.0,knn,baseline,0.0124736878474047,0.0164399401652681,0.9767950343831308,1000,mlp
2C,level_2,MAR,0.25,25.0,knn,baseline,0.0123866473446985,0.0162419207927582,0.9773506761992268,1000,mlp
2C,level_2,MAR,0.3,30.0,knn,baseline,0.0125685488609751,0.0164403384787673,0.976793909930982,1000,mlp
2C,level_2,MAR,0.35,35.0,knn,baseline,0.0126200518759952,0.0165533577701971,0.976473752183208,1000,mlp
2C,level_2,MAR,0.4,40.0,knn,baseline,0.0126924066750107,0.0171533851816919,0.9747372779463368,1000,mlp
2C,level_2,MAR,0.45,45.0,knn,baseline,0.0130824514680607,0.0204981857085017,0.9639245870597876,1000,mlp
2C,level_2,MAR,0.5,50.0,knn,baseline,0.0139173580376205,0.0221802496593674,0.9577610294887252,1000,mlp
2C,level_2,MAR,0.55,55.00000000000001,knn,baseline,0.0155635565970354,0.027931948938628,0.9330141699825978,1000,mlp
2C,level_2,MAR,0.6000000000000001,60.00000000000001,knn,baseline,0.0197959511082643,0.0391324397232684,0.8685216291565533,1000,mlp
2C,level_2,MAR,0.65,65.0,knn,baseline,0.0275013521461729,0.0565759789573042,0.7251823515822133,1000,mlp
2C,level_2,MAR,0.7000000000000001,70.0,knn,baseline,0.0370659961129449,0.0738961806861002,0.5311602246202003,1000,mlp
2C,level_2,MAR,0.75,75.0,knn,baseline,0.043974503733398,0.0814986069599179,0.4297295932923445,1000,mlp
2C,level_2,MAR,0.8,80.0,knn,baseline,0.0477391387878709,0.0867798389622529,0.3534261383123596,1000,mlp
2C,level_2,MAR,0.8500000000000001,85.00000000000001,knn,baseline,0.0545702845324376,0.095451631689672,0.2177471073784952,1000,mlp
2C,level_2,MAR,0.9,90.0,knn,baseline,0.0558882481046542,0.0966714556496501,0.1976257543551561,1000,mlp
2C,level_2,MAR,0.95,95.0,knn,baseline,0.0591934434793557,0.1004449123488815,0.1337637531957793,1000,mlp
2C,level_2,MNAR,0.0,0.0,knn,baseline,0.012390749954418,0.0160255779698629,0.9779500368930242,1000,mlp
2C,level_2,MNAR,0.05,5.0,knn,baseline,0.0124317375826987,0.016106043890869,0.9777280511422553,1000,mlp
2C,level_2,MNAR,0.1,10.0,knn,baseline,0.012384154358639,0.0160181789116448,0.977970393263054,1000,mlp
2C,level_2,MNAR,0.15,15.0,knn,baseline,0.0123676825942507,0.0161339607128152,0.9776507756934724,1000,mlp
2C,level_2,MNAR,0.2,20.0,knn,baseline,0.012245198627642,0.0159324273507331,0.978205628079888,1000,mlp
2C,level_2,MNAR,0.25,25.0,knn,baseline,0.0122781803398375,0.0159197636509017,0.9782402603040083,1000,mlp
2C,level_2,MNAR,0.3,30.0,knn,baseline,0.0123564731707238,0.016164129701917,0.9775671156534028,1000,mlp
2C,level_2,MNAR,0.35,35.0,knn,baseline,0.012400684777035,0.0161542579982842,0.97759450755982,1000,mlp
2C,level_2,MNAR,0.4,40.0,knn,baseline,0.0124633104348638,0.016416702020205,0.9768605892743166,1000,mlp
2C,level_2,MNAR,0.45,45.0,knn,baseline,0.0124305202459833,0.0162442609533085,0.977344149031276,1000,mlp
2C,level_2,MNAR,0.5,50.0,knn,baseline,0.0123378468835429,0.0165406484989996,0.9765098640929288,1000,mlp
2C,level_2,MNAR,0.55,55.00000000000001,knn,baseline,0.0124546152078422,0.0167727277885816,0.9758460667634034,1000,mlp
2C,level_2,MNAR,0.6000000000000001,60.00000000000001,knn,baseline,0.0132983387418613,0.0197099495771861,0.9666457261106822,1000,mlp
2C,level_2,MNAR,0.65,65.0,knn,baseline,0.0135525934899688,0.0217875838897376,0.959243337905712,1000,mlp
2C,level_2,MNAR,0.7000000000000001,70.0,knn,baseline,0.0153730951139122,0.0256111580252581,0.9436830798973684,1000,mlp
2C,level_2,MNAR,0.75,75.0,knn,baseline,0.0168518899601735,0.030457239847007,0.9203544435536488,1000,mlp
2C,level_2,MNAR,0.8,80.0,knn,baseline,0.017654552457287,0.0333413238164974,0.904556546986309,1000,mlp
2C,level_2,MNAR,0.8500000000000001,85.00000000000001,knn,baseline,0.0218734823895108,0.0430071121406453,0.8411961501075701,1000,mlp
2C,level_2,MNAR,0.9,90.0,knn,baseline,0.0209463183797848,0.039674138572648,0.8648564023980303,1000,mlp
2C,level_2,MNAR,0.95,95.0,knn,baseline,0.0256716661817708,0.0493374695762487,0.7910058127059407,1000,mlp
2C,level_2,MCAR,0.0,0.0,knn,baseline,0.014412678527354,0.0174264247837376,0.9711770504715562,456,mlp
2C,level_2,MCAR,0.05,5.0,knn,baseline,0.0144166770543072,0.0174689533429395,0.9710361960749616,456,mlp
2C,level_2,MCAR,0.1,10.0,knn,baseline,0.014255122104683,0.0171560854481959,0.972064385416372,456,mlp
2C,level_2,MCAR,0.15,15.0,knn,baseline,0.01465547672788,0.0177095071635641,0.9702330197140878,456,mlp
2C,level_2,MCAR,0.2,20.0,knn,baseline,0.014414423396414,0.0174214526557263,0.971193495720838,456,mlp
2C,level_2,MCAR,0.25,25.0,knn,baseline,0.014468994140625,0.0175908493288384,0.9706305748234232,456,mlp
2C,level_2,MCAR,0.3,30.0,knn,baseline,0.0145788501103719,0.0175981563757027,0.9706061702782915,456,mlp
2C,level_2,MCAR,0.35,35.0,knn,baseline,0.0145902587453225,0.0177630755476855,0.9700526667911558,456,mlp
2C,level_2,MCAR,0.4,40.0,knn,baseline,0.0144293220216469,0.0172437244589575,0.9717782475473729,456,mlp
2C,level_2,MCAR,0.45,45.0,knn,baseline,0.0145767676812365,0.0175367706146576,0.9708108753152036,456,mlp
2C,level_2,MCAR,0.5,50.0,knn,baseline,0.0146172786667233,0.0175485641316587,0.9707716026124144,456,mlp
2C,level_2,MCAR,0.55,55.00000000000001,knn,baseline,0.0146646424821743,0.0176143039974863,0.9705522034656332,456,mlp
2C,level_2,MCAR,0.6000000000000001,60.00000000000001,knn,baseline,0.0153570569822363,0.0198989035527206,0.9624179796717072,456,mlp
2C,level_2,MCAR,0.65,65.0,knn,baseline,0.0154199365063717,0.0198511699601454,0.9625980673035373,456,mlp
2C,level_2,MCAR,0.7000000000000001,70.0,knn,baseline,0.0166198354352984,0.0230120379677208,0.9497388995826206,456,mlp
2C,level_2,MCAR,0.75,75.0,knn,baseline,0.0181645831703243,0.0258172593583966,0.9367381184948398,456,mlp
2C,level_2,MCAR,0.8,80.0,knn,baseline,0.0211149169281311,0.0325356533369597,0.8995289610675526,456,mlp
2C,level_2,MCAR,0.8500000000000001,85.00000000000001,knn,baseline,0.0295752323803148,0.0479738114743273,0.7815609509253555,456,mlp
2C,level_2,MCAR,0.9,90.0,knn,baseline,0.0411710357654064,0.0613973010189591,0.642216432961328,456,mlp
2C,level_2,MCAR,0.95,95.0,knn,baseline,0.0611113886163945,0.081796315951067,0.3649772028980297,456,mlp
2C,level_2,MAR,0.0,0.0,knn,baseline,0.014412678527354,0.0174264247837376,0.9711770504715562,456,mlp
2C,level_2,MAR,0.05,5.0,knn,baseline,0.0144587098661819,0.0174706797202842,0.9710304710696118,456,mlp
2C,level_2,MAR,0.1,10.0,knn,baseline,0.0145001236107713,0.0175710571858239,0.9706966269895286,456,mlp
2C,level_2,MAR,0.15,15.0,knn,baseline,0.0143165007091703,0.0172145213964315,0.9718737563482832,456,mlp
2C,level_2,MAR,0.2,20.0,knn,baseline,0.0147102424471001,0.0176419808361416,0.9704595898462074,456,mlp
2C,level_2,MAR,0.25,25.0,knn,baseline,0.0145637170282521,0.0174842173296351,0.970985558093502,456,mlp
2C,level_2,MAR,0.3,30.0,knn,baseline,0.014628957036145,0.0175391124249196,0.9708030791300089,456,mlp
2C,level_2,MAR,0.35,35.0,knn,baseline,0.0149856551452388,0.0181725733284185,0.9686559804930492,456,mlp
2C,level_2,MAR,0.4,40.0,knn,baseline,0.0149698232397399,0.0180897843823827,0.9689409183938568,456,mlp
2C,level_2,MAR,0.45,45.0,knn,baseline,0.0156060558847317,0.0207441133253093,0.9591575692215096,456,mlp
2C,level_2,MAR,0.5,50.0,knn,baseline,0.0162356046996917,0.023378773367999,0.948124144609894,456,mlp
2C,level_2,MAR,0.55,55.00000000000001,knn,baseline,0.017655440237289,0.0268431984150594,0.9316103545723358,456,mlp
2C,level_2,MAR,0.6000000000000001,60.00000000000001,knn,baseline,0.0206400206190601,0.0347953325336773,0.8850884158785244,456,mlp
2C,level_2,MAR,0.65,65.0,knn,baseline,0.0280633886499811,0.0489349370822437,0.7727206924578187,456,mlp
2C,level_2,MAR,0.7000000000000001,70.0,knn,baseline,0.0315928977975869,0.0543378268174082,0.7197624292712415,456,mlp
2C,level_2,MAR,0.75,75.0,knn,baseline,0.0335886918942731,0.0574134648171395,0.6871405032524931,456,mlp
2C,level_2,MAR,0.8,80.0,knn,baseline,0.0372408841690025,0.0634415708622493,0.6179944392786106,456,mlp
2C,level_2,MAR,0.8500000000000001,85.00000000000001,knn,baseline,0.0394168614420974,0.067107080747446,0.5725763756313329,456,mlp
2C,level_2,MAR,0.9,90.0,knn,baseline,0.0408170619465056,0.0694708791142931,0.5419346740688011,456,mlp
2C,level_2,MAR,0.95,95.0,knn,baseline,0.041300819861859,0.0703432936920443,0.5303576765428701,456,mlp
2C,level_2,MNAR,0.0,0.0,knn,baseline,0.014412678527354,0.0174264247837376,0.9711770504715562,456,mlp
2C,level_2,MNAR,0.05,5.0,knn,baseline,0.0143841841848273,0.0173501933180984,0.9714286694789976,456,mlp
2C,level_2,MNAR,0.1,10.0,knn,baseline,0.014432766074226,0.0175682554656186,0.9707059711406442,456,mlp
2C,level_2,MNAR,0.15,15.0,knn,baseline,0.0144752436245892,0.0174284168042871,0.9711704605725852,456,mlp
2C,level_2,MNAR,0.2,20.0,knn,baseline,0.0146399725553087,0.017765864061527,0.9700432635650438,456,mlp
2C,level_2,MNAR,0.25,25.0,knn,baseline,0.014528950437866,0.0174876998866159,0.9709739985814616,456,mlp
2C,level_2,MNAR,0.3,30.0,knn,baseline,0.0146222951226963,0.0177182158880407,0.9702037364407892,456,mlp
2C,level_2,MNAR,0.35,35.0,knn,baseline,0.014491767383757,0.0175946531220021,0.9706178719351086,456,mlp
2C,level_2,MNAR,0.4,40.0,knn,baseline,0.0143825963505527,0.0172995388568959,0.9715952558284908,456,mlp
2C,level_2,MNAR,0.45,45.0,knn,baseline,0.0145506429672241,0.0178050951624471,0.9699108148036176,456,mlp
2C,level_2,MNAR,0.5,50.0,knn,baseline,0.0146297499494146,0.0177916718946168,0.9699561661976585,456,mlp
2C,level_2,MNAR,0.55,55.00000000000001,knn,baseline,0.0148210306681487,0.0184691772542308,0.9676244669408212,456,mlp
2C,level_2,MNAR,0.6000000000000001,60.00000000000001,knn,baseline,0.0152466704564584,0.0196054500817768,0.9635182668192868,456,mlp
2C,level_2,MNAR,0.65,65.0,knn,baseline,0.015245201232738,0.019643433614437,0.9633767707120128,456,mlp
2C,level_2,MNAR,0.7000000000000001,70.0,knn,baseline,0.016327470780614,0.0220518781214336,0.9538456120669564,456,mlp
2C,level_2,MNAR,0.75,75.0,knn,baseline,0.0158031245532788,0.0213586796334606,0.9567017212238456,456,mlp
2C,level_2,MNAR,0.8,80.0,knn,baseline,0.0173736272802329,0.025114160150153,0.9401369076078182,456,mlp
2C,level_2,MNAR,0.8500000000000001,85.00000000000001,knn,baseline,0.0176109084318156,0.0253255901913824,0.9391247189841898,456,mlp
2C,level_2,MNAR,0.9,90.0,knn,baseline,0.0197516574656455,0.0305283944825195,0.9115434984832608,456,mlp
2C,level_2,MNAR,0.95,95.0,knn,baseline,0.0205570759199615,0.0321172381203626,0.9020965012656286,456,mlp
2C,level_2,MCAR,0.0,0.0,knn,baseline,0.0230501705552592,0.0314872517589319,0.9036417069578746,789,mlp
2C,level_2,MCAR,0.05,5.0,knn,baseline,0.0230879273294198,0.0314542053999855,0.903843859866134,789,mlp
2C,level_2,MCAR,0.1,10.0,knn,baseline,0.022699813731993,0.0305944463074191,0.9090286205020324,789,mlp
2C,level_2,MCAR,0.15,15.0,knn,baseline,0.0226894166806731,0.0301517691377569,0.9116421411492048,789,mlp
2C,level_2,MCAR,0.2,20.0,knn,baseline,0.0224741684764322,0.0301267255573745,0.9117888574611642,789,mlp
2C,level_2,MCAR,0.25,25.0,knn,baseline,0.022356043799959,0.0298322381062044,0.9135049491809044,789,mlp
2C,level_2,MCAR,0.3,30.0,knn,baseline,0.0225721856355667,0.0302216444165432,0.9112321364160736,789,mlp
2C,level_2,MCAR,0.35,35.0,knn,baseline,0.0224025607795426,0.0300274909013042,0.9123690191249468,789,mlp
2C,level_2,MCAR,0.4,40.0,knn,baseline,0.0222495651245117,0.02980875171143,0.9136410876253112,789,mlp
2C,level_2,MCAR,0.45,45.0,knn,baseline,0.0223472801519162,0.0298201036060082,0.91357529997028,789,mlp
2C,level_2,MCAR,0.5,50.0,knn,baseline,0.0223555400660543,0.0294506615271272,0.9157034707592367,789,mlp
2C,level_2,MCAR,0.55,55.00000000000001,knn,baseline,0.0221848830273657,0.029503195099392,0.9154024692041074,789,mlp
2C,level_2,MCAR,0.6000000000000001,60.00000000000001,knn,baseline,0.0225762690257544,0.0303196273817245,0.9106556066923384,789,mlp
2C,level_2,MCAR,0.65,65.0,knn,baseline,0.021692348600638,0.0288871730477531,0.9188983535547884,789,mlp
2C,level_2,MCAR,0.7000000000000001,70.0,knn,baseline,0.0233400245627971,0.0316581256865724,0.9025930415303048,789,mlp
2C,level_2,MCAR,0.75,75.0,knn,baseline,0.0242076270977656,0.0326976509067295,0.8960911136122154,789,mlp
2C,level_2,MCAR,0.8,80.0,knn,baseline,0.027684050474504,0.0409840137424351,0.8367517397054307,789,mlp
2C,level_2,MCAR,0.8500000000000001,85.00000000000001,knn,baseline,0.0338969376544759,0.0487493212378788,0.7690293847894515,789,mlp
2C,level_2,MCAR,0.9,90.0,knn,baseline,0.0432528953805114,0.0623253311514319,0.6224723417479059,789,mlp
2C,level_2,MCAR,0.95,95.0,knn,baseline,0.0592772816600221,0.0803395504593309,0.3726955340597967,789,mlp
2C,level_2,MAR,0.0,0.0,knn,baseline,0.0230501705552592,0.0314872517589319,0.9036417069578746,789,mlp
2C,level_2,MAR,0.05,5.0,knn,baseline,0.0227809016764766,0.0311401377054873,0.9057544957823372,789,mlp
2C,level_2,MAR,0.1,10.0,knn,baseline,0.0228751109128046,0.0310380870756268,0.9063711952774886,789,mlp
2C,level_2,MAR,0.15,15.0,knn,baseline,0.0224714128140247,0.0302457388782459,0.9110905381328168,789,mlp
2C,level_2,MAR,0.2,20.0,knn,baseline,0.0224699000505485,0.0298913869849291,0.9131616187792776,789,mlp
2C,level_2,MAR,0.25,25.0,knn,baseline,0.0226239152653048,0.0303849333168324,0.910270311528518,789,mlp
2C,level_2,MAR,0.3,30.0,knn,baseline,0.022235739351523,0.0298478532812532,0.9134143767714136,789,mlp
2C,level_2,MAR,0.35,35.0,knn,baseline,0.0219438665515244,0.0297364085912172,0.914059749380498,789,mlp
2C,level_2,MAR,0.4,40.0,knn,baseline,0.0222511511691893,0.0297918171762446,0.9137391818119764,789,mlp
2C,level_2,MAR,0.45,45.0,knn,baseline,0.0219087733259104,0.0293307455503065,0.9163885433815464,789,mlp
2C,level_2,MAR,0.5,50.0,knn,baseline,0.022563268159375,0.0307630356554721,0.9080232705896936,789,mlp
2C,level_2,MAR,0.55,55.00000000000001,knn,baseline,0.0242221828482367,0.0370749270906258,0.8664080786314224,789,mlp
2C,level_2,MAR,0.6000000000000001,60.00000000000001,knn,baseline,0.0241819862922032,0.0366640373006843,0.8693527848164088,789,mlp
2C,level_2,MAR,0.65,65.0,knn,baseline,0.02807696729477,0.0464157101399816,0.7906130631937001,789,mlp
2C,level_2,MAR,0.7000000000000001,70.0,knn,baseline,0.0309927478872164,0.0516197033153029,0.7410293224744429,789,mlp
2C,level_2,MAR,0.75,75.0,knn,baseline,0.0355866315075845,0.0596980893466797,0.653629857663996,789,mlp
2C,level_2,MAR,0.8,80.0,knn,baseline,0.0386524811393082,0.0637803959247729,0.6046388361696737,789,mlp
2C,level_2,MAR,0.8500000000000001,85.00000000000001,knn,baseline,0.0403063292503357,0.0666162662781943,0.5686993029644258,789,mlp
2C,level_2,MAR,0.9,90.0,knn,baseline,0.0422868479369866,0.0695000894068506,0.5305489536881409,789,mlp
2C,level_2,MAR,0.95,95.0,knn,baseline,0.0440187184172447,0.0726895296721598,0.4864729766381147,789,mlp
2C,level_2,MNAR,0.0,0.0,knn,baseline,0.0230501705552592,0.0314872517589319,0.9036417069578746,789,mlp
2C,level_2,MNAR,0.05,5.0,knn,baseline,0.0230028337950658,0.0312142167810664,0.9053055623728866,789,mlp
2C,level_2,MNAR,0.1,10.0,knn,baseline,0.0226722042223419,0.0305555107978612,0.9092600195694358,789,mlp
2C,level_2,MNAR,0.15,15.0,knn,baseline,0.0227117459569314,0.0307932518270684,0.9078424984734516,789,mlp
2C,level_2,MNAR,0.2,20.0,knn,baseline,0.0225948754007166,0.0303770300976645,0.9103169834207956,789,mlp
2C,level_2,MNAR,0.25,25.0,knn,baseline,0.0226175592306888,0.0303539974641465,0.9104529317303064,789,mlp
2C,level_2,MNAR,0.3,30.0,knn,baseline,0.0224698336895066,0.0300360765030165,0.9123189002347764,789,mlp
2C,level_2,MNAR,0.35,35.0,knn,baseline,0.0225080854134126,0.03025246073861,0.9110510149854392,789,mlp
2C,level_2,MNAR,0.4,40.0,knn,baseline,0.0227431125099008,0.0305984151902264,0.9090050163380976,789,mlp
2C,level_2,MNAR,0.45,45.0,knn,baseline,0.022474569054565,0.0299378433647854,0.9128914853294268,789,mlp
2C,level_2,MNAR,0.5,50.0,knn,baseline,0.021684418008785,0.0288631332192153,0.9190332825363472,789,mlp
2C,level_2,MNAR,0.55,55.00000000000001,knn,baseline,0.0220614485716578,0.0292395523505041,0.9169076534738454,789,mlp
2C,level_2,MNAR,0.6000000000000001,60.00000000000001,knn,baseline,0.0220958928965558,0.0305729300700002,0.9091565308750742,789,mlp
2C,level_2,MNAR,0.65,65.0,knn,baseline,0.0220136010454158,0.0301164057934687,0.9118492797098808,789,mlp
2C,level_2,MNAR,0.7000000000000001,70.0,knn,baseline,0.0220899933721079,0.0306770657438827,0.9085366258170484,789,mlp
2C,level_2,MNAR,0.75,75.0,knn,baseline,0.0230291507822094,0.0313578929182772,0.9044318167238448,789,mlp
2C,level_2,MNAR,0.8,80.0,knn,baseline,0.0243654453898921,0.0356652844761703,0.8763736720575505,789,mlp
2C,level_2,MNAR,0.8500000000000001,85.00000000000001,knn,baseline,0.0237218673710871,0.0349154664402556,0.8815172075615231,789,mlp
2C,level_2,MNAR,0.9,90.0,knn,baseline,0.024048748434192,0.0345482006119272,0.8839966715965163,789,mlp
2C,level_2,MNAR,0.95,95.0,knn,baseline,0.0247149498823917,0.0358164395019155,0.8753235562535872,789,mlp
2C,level_3,MCAR,0.0,0.0,knn,mim,0.0137460379405769,0.0205832286916645,0.9591299774288288,123,mlp
2C,level_3,MCAR,0.05,5.0,knn,mim,0.0140598552977771,0.0213778264680632,0.9559135657914716,123,mlp
2C,level_3,MCAR,0.1,10.0,knn,mim,0.0144388218202452,0.022178725810767,0.9525483779435172,123,mlp
2C,level_3,MCAR,0.15,15.0,knn,mim,0.0145988995812156,0.0222674245268475,0.9521680752833644,123,mlp
2C,level_3,MCAR,0.2,20.0,knn,mim,0.0146102731312687,0.0225441852155738,0.9509716851391596,123,mlp
2C,level_3,MCAR,0.25,25.0,knn,mim,0.0152009181611936,0.0229171418011447,0.949336080748431,123,mlp
2C,level_3,MCAR,0.3,30.0,knn,mim,0.0155886248813473,0.0235975188907387,0.9462831467363206,123,mlp
2C,level_3,MCAR,0.35,35.0,knn,mim,0.0153633689189302,0.0234672778092623,0.9468744660439676,123,mlp
2C,level_3,MCAR,0.4,40.0,knn,mim,0.0163880016442501,0.0250821813610551,0.939311208923325,123,mlp
2C,level_3,MCAR,0.45,45.0,knn,mim,0.0171540981727469,0.025495254348064,0.9372958078722392,123,mlp
2C,level_3,MCAR,0.5,50.0,knn,mim,0.0170487639222377,0.0258194384884998,0.9356910431182964,123,mlp
2C,level_3,MCAR,0.55,55.00000000000001,knn,mim,0.0180229444566608,0.0261226795075491,0.9341715963814424,123,mlp
2C,level_3,MCAR,0.6000000000000001,60.00000000000001,knn,mim,0.0197206580949866,0.0305673692814201,0.9098648872753686,123,mlp
2C,level_3,MCAR,0.65,65.0,knn,mim,0.0201349154423348,0.0296748197986138,0.9150518237175176,123,mlp
2C,level_3,MCAR,0.7000000000000001,70.0,knn,mim,0.0236876375979899,0.0381158967946278,0.8598509482763581,123,mlp
2C,level_3,MCAR,0.75,75.0,knn,mim,0.0253699585018736,0.0399461594509016,0.8460683440781055,123,mlp
2C,level_3,MCAR,0.8,80.0,knn,mim,0.0276518485882222,0.0435049715898922,0.8174189679384707,123,mlp
2C,level_3,MCAR,0.8500000000000001,85.00000000000001,knn,mim,0.0362299989454045,0.0562754795868859,0.6944964307905364,123,mlp
2C,level_3,MCAR,0.9,90.0,knn,mim,0.0455403765224813,0.0658344077296578,0.5818965563442418,123,mlp
2C,level_3,MCAR,0.95,95.0,knn,mim,0.0620479189404071,0.0847030798951655,0.3078881533999277,123,mlp
2C,level_3,MAR,0.0,0.0,knn,mim,0.0137460379405769,0.0205832286916645,0.9591299774288288,123,mlp
2C,level_3,MAR,0.05,5.0,knn,mim,0.0140512577818316,0.0213587573687246,0.9559921812340668,123,mlp
2C,level_3,MAR,0.1,10.0,knn,mim,0.0144321862435623,0.0220731347181709,0.9529991289421272,123,mlp
2C,level_3,MAR,0.15,15.0,knn,mim,0.0145314884122966,0.0223417144944309,0.9518483831947636,123,mlp
2C,level_3,MAR,0.2,20.0,knn,mim,0.0149761126496889,0.0227095682240295,0.9502497081216033,123,mlp
2C,level_3,MAR,0.25,25.0,knn,mim,0.015567630275279,0.02411569555994,0.9438981136397772,123,mlp
2C,level_3,MAR,0.3,30.0,knn,mim,0.0156634981773587,0.0245473577690965,0.9418717319018802,123,mlp
2C,level_3,MAR,0.35,35.0,knn,mim,0.0155668476981764,0.0242676948661859,0.943188673458268,123,mlp
2C,level_3,MAR,0.4,40.0,knn,mim,0.0164410144682772,0.0254398888627228,0.9375678489719608,123,mlp
2C,level_3,MAR,0.45,45.0,knn,mim,0.017918733520156,0.0280151644604194,0.9242880849239752,123,mlp
2C,level_3,MAR,0.5,50.0,knn,mim,0.019462493831147,0.0304569899941621,0.9105146707955049,123,mlp
2C,level_3,MAR,0.55,55.00000000000001,knn,mim,0.0227401863558019,0.0387370865084191,0.8552455959035274,123,mlp
2C,level_3,MAR,0.6000000000000001,60.00000000000001,knn,mim,0.0276822779068676,0.0501830669051591,0.7570637755434023,123,mlp
2C,level_3,MAR,0.65,65.0,knn,mim,0.0336278269268935,0.0609114926879677,0.642087914218578,123,mlp
2C,level_3,MAR,0.7000000000000001,70.0,knn,mim,0.038961632482305,0.0693080654090172,0.5366113074767325,123,mlp
2C,level_3,MAR,0.75,75.0,knn,mim,0.0408391916755002,0.0722034834942605,0.4970854731320923,123,mlp
2C,level_3,MAR,0.8,80.0,knn,mim,0.0409343315596951,0.0723392825025243,0.4951919490260562,123,mlp
2C,level_3,MAR,0.8500000000000001,85.00000000000001,knn,mim,0.0429678786872089,0.0759580324294152,0.4434229534396138,123,mlp
2C,level_3,MAR,0.9,90.0,knn,mim,0.0429377457803417,0.0758672742549952,0.4447522068937091,123,mlp
2C,level_3,MAR,0.95,95.0,knn,mim,0.0425007097962973,0.0757839517014849,0.4459711582510813,123,mlp
2C,level_3,MNAR,0.0,0.0,knn,mim,0.0137460379405769,0.0205832286916645,0.9591299774288288,123,mlp
2C,level_3,MNAR,0.05,5.0,knn,mim,0.0141047119371818,0.0213090728408115,0.956196684197043,123,mlp
2C,level_3,MNAR,0.1,10.0,knn,mim,0.0141494632829005,0.0218394152205546,0.9539891888623732,123,mlp
2C,level_3,MNAR,0.15,15.0,knn,mim,0.0147210598230676,0.0225459167908586,0.9509641533097488,123,mlp
2C,level_3,MNAR,0.2,20.0,knn,mim,0.0147784753342076,0.022416482697083,0.9515255580124174,123,mlp
2C,level_3,MNAR,0.25,25.0,knn,mim,0.0153673797853693,0.023639512752354,0.9460917888829252,123,mlp
2C,level_3,MNAR,0.3,30.0,knn,mim,0.0159249207668781,0.0242951454922435,0.9430600754587976,123,mlp
2C,level_3,MNAR,0.35,35.0,knn,mim,0.0154326885107791,0.0237466985370177,0.9456018216275002,123,mlp
2C,level_3,MNAR,0.4,40.0,knn,mim,0.0162482629280944,0.0246014805683469,0.9416151231958378,123,mlp
2C,level_3,MNAR,0.45,45.0,knn,mim,0.016895826770697,0.0261286406886629,0.93414154894234,123,mlp
2C,level_3,MNAR,0.5,50.0,knn,mim,0.0171299553897541,0.0273074649178703,0.9280649337933043,123,mlp
2C,level_3,MNAR,0.55,55.00000000000001,knn,mim,0.0181778666505072,0.0278628415110223,0.925109162362706,123,mlp
2C,level_3,MNAR,0.6000000000000001,60.00000000000001,knn,mim,0.0202458347338147,0.0320906150232039,0.9006577573600949,123,mlp
2C,level_3,MNAR,0.65,65.0,knn,mim,0.0226296075423872,0.0358583696901147,0.8759607991273928,123,mlp
2C,level_3,MNAR,0.7000000000000001,70.0,knn,mim,0.0244801563871079,0.0389808723923596,0.8534178836648412,123,mlp
2C,level_3,MNAR,0.75,75.0,knn,mim,0.0276645128478802,0.0440070477268299,0.8131804388847245,123,mlp
2C,level_3,MNAR,0.8,80.0,knn,mim,0.0283764503627269,0.0446441322967994,0.8077321580379568,123,mlp
2C,level_3,MNAR,0.8500000000000001,85.00000000000001,knn,mim,0.0308353035264649,0.0499238508592544,0.7595670233849522,123,mlp
2C,level_3,MNAR,0.9,90.0,knn,mim,0.030063468458153,0.0482347912078015,0.7755608140751333,123,mlp
2C,level_3,MNAR,0.95,95.0,knn,mim,0.0304569291050726,0.0500925929205738,0.7579389550203459,123,mlp
2C,level_3,MCAR,0.0,0.0,knn,mim,0.0182338430277984,0.0279082347148436,0.9260758120238362,456,mlp
2C,level_3,MCAR,0.05,5.0,knn,mim,0.0177937629204943,0.0271830204445371,0.9298678339289213,456,mlp
2C,level_3,MCAR,0.1,10.0,knn,mim,0.016988969885317,0.0251250951412319,0.9400847661156874,456,mlp
2C,level_3,MCAR,0.15,15.0,knn,mim,0.017454682755291,0.0250472590005361,0.9404554191864718,456,mlp
2C,level_3,MCAR,0.2,20.0,knn,mim,0.0170647369363254,0.0243903779900548,0.9435376576835908,456,mlp
2C,level_3,MCAR,0.25,25.0,knn,mim,0.0173272825315183,0.0238214894827077,0.946140830157462,456,mlp
2C,level_3,MCAR,0.3,30.0,knn,mim,0.0174029243727375,0.0237702920213281,0.9463720910610176,456,mlp
2C,level_3,MCAR,0.35,35.0,knn,mim,0.0165546928204988,0.0223070767520616,0.95277117378431,456,mlp
2C,level_3,MCAR,0.4,40.0,knn,mim,0.0175595321643322,0.0232123278676644,0.9488601768935,456,mlp
2C,level_3,MCAR,0.45,45.0,knn,mim,0.0173896791391205,0.0231543452805605,0.9491153443908118,456,mlp
2C,level_3,MCAR,0.5,50.0,knn,mim,0.017733934939057,0.0237448475007401,0.9464868398498848,456,mlp
2C,level_3,MCAR,0.55,55.00000000000001,knn,mim,0.0180291881764443,0.0238842523295594,0.9458566491059436,456,mlp
2C,level_3,MCAR,0.6000000000000001,60.00000000000001,knn,mim,0.0185515259537182,0.025473125799818,0.9384133885078296,456,mlp
2C,level_3,MCAR,0.65,65.0,knn,mim,0.0191141482104633,0.0263107518877607,0.9342965238265164,456,mlp
2C,level_3,MCAR,0.7000000000000001,70.0,knn,mim,0.0194070195195668,0.0259011869146775,0.9363261425330834,456,mlp
2C,level_3,MCAR,0.75,75.0,knn,mim,0.0225295788745832,0.0323941317025888,0.9004011059353417,456,mlp
2C,level_3,MCAR,0.8,80.0,knn,mim,0.0276299728379213,0.0432716576310521,0.8222830326734393,456,mlp
2C,level_3,MCAR,0.8500000000000001,85.00000000000001,knn,mim,0.0368638909490484,0.0586820160891628,0.6731624989759594,456,mlp
2C,level_3,MCAR,0.9,90.0,knn,mim,0.0469795564171066,0.0713468154532603,0.5168622020596905,456,mlp
2C,level_3,MCAR,0.95,95.0,knn,mim,0.070147641704196,0.0927255038812556,0.1839434911822216,456,mlp
2C,level_3,MAR,0.0,0.0,knn,mim,0.0182338430277984,0.0279082347148436,0.9260758120238362,456,mlp
2C,level_3,MAR,0.05,5.0,knn,mim,0.0173288768742018,0.0258745316687472,0.9364571302757456,456,mlp
2C,level_3,MAR,0.1,10.0,knn,mim,0.0161624021087971,0.0235654489473682,0.9472923971451452,456,mlp
2C,level_3,MAR,0.15,15.0,knn,mim,0.0162829229455245,0.023579127976537,0.9472311890523508,456,mlp
2C,level_3,MAR,0.2,20.0,knn,mim,0.0161439019731411,0.0237832128657547,0.9463137740497856,456,mlp
2C,level_3,MAR,0.25,25.0,knn,mim,0.0155146041346671,0.0226800128705298,0.9511788031008008,456,mlp
2C,level_3,MAR,0.3,30.0,knn,mim,0.0155903181121462,0.0224199054190157,0.952292200949986,456,mlp
2C,level_3,MAR,0.35,35.0,knn,mim,0.016261270653335,0.0233505851094273,0.948249164725028,456,mlp
2C,level_3,MAR,0.4,40.0,knn,mim,0.0164034210147714,0.0238115474093429,0.9461857778150622,456,mlp
2C,level_3,MAR,0.45,45.0,knn,mim,0.0162796999159313,0.0230789051345901,0.949446383097434,456,mlp
2C,level_3,MAR,0.5,50.0,knn,mim,0.0175899155241504,0.0251261279456263,0.9400798402048915,456,mlp
2C,level_3,MAR,0.55,55.00000000000001,knn,mim,0.0188243526647562,0.0278368869753659,0.9264533050342316,456,mlp
2C,level_3,MAR,0.6000000000000001,60.00000000000001,knn,mim,0.0214933180976332,0.0341624951793261,0.8892302958316465,456,mlp
2C,level_3,MAR,0.65,65.0,knn,mim,0.0250954531189194,0.0417162297535602,0.8348297103515416,456,mlp
2C,level_3,MAR,0.7000000000000001,70.0,knn,mim,0.0287695269106623,0.048814002373064,0.7738426717662235,456,mlp
2C,level_3,MAR,0.75,75.0,knn,mim,0.0297249399534144,0.0497713304994691,0.7648850039137947,456,mlp
2C,level_3,MAR,0.8,80.0,knn,mim,0.0345884154219376,0.0576738133762005,0.6842966687004339,456,mlp
2C,level_3,MAR,0.8500000000000001,85.00000000000001,knn,mim,0.0363907745105581,0.0599548897781285,0.6588298339827081,456,mlp
2C,level_3,MAR,0.9,90.0,knn,mim,0.037473452001586,0.061598587761731,0.6398666508336037,456,mlp
2C,level_3,MAR,0.95,95.0,knn,mim,0.0388191751489663,0.0625770451336331,0.6283347706651687,456,mlp
2C,level_3,MNAR,0.0,0.0,knn,mim,0.0182338430277984,0.0279082347148436,0.9260758120238362,456,mlp
2C,level_3,MNAR,0.05,5.0,knn,mim,0.0172854953409735,0.0257307484136262,0.9371613760989372,456,mlp
2C,level_3,MNAR,0.1,10.0,knn,mim,0.0169331188249707,0.0253196235955731,0.9391533994933158,456,mlp
2C,level_3,MNAR,0.15,15.0,knn,mim,0.0163770470917971,0.0239006596232885,0.945782235975982,456,mlp
2C,level_3,MNAR,0.2,20.0,knn,mim,0.0170687213278653,0.0248921150208588,0.9411907789293852,456,mlp
2C,level_3,MNAR,0.25,25.0,knn,mim,0.0159320019373021,0.0223303002663914,0.9526727843561952,456,mlp
2C,level_3,MNAR,0.3,30.0,knn,mim,0.0160913091076346,0.0222368711101841,0.9530679865315268,456,mlp
2C,level_3,MNAR,0.35,35.0,knn,mim,0.0157277039979633,0.0220291606759854,0.9539406579135185,456,mlp
2C,level_3,MNAR,0.4,40.0,knn,mim,0.0163724160708281,0.0229145576852209,0.9501638153651734,456,mlp
2C,level_3,MNAR,0.45,45.0,knn,mim,0.0169698406281626,0.0238785457673764,0.9458825184933276,456,mlp
2C,level_3,MNAR,0.5,50.0,knn,mim,0.0163664334352153,0.021995744656239,0.9540802867048558,456,mlp
2C,level_3,MNAR,0.55,55.00000000000001,knn,mim,0.0167111140719631,0.0235973459321666,0.9471496159562024,456,mlp
2C,level_3,MNAR,0.6000000000000001,60.00000000000001,knn,mim,0.0170757694005368,0.0236164571188959,0.9470639755992172,456,mlp
2C,level_3,MNAR,0.65,65.0,knn,mim,0.0182395746952907,0.0261808522503762,0.9349436956678548,456,mlp
2C,level_3,MNAR,0.7000000000000001,70.0,knn,mim,0.0182854448547936,0.0260453632881707,0.9356153012574822,456,mlp
2C,level_3,MNAR,0.75,75.0,knn,mim,0.0199430157080628,0.0302940337588198,0.9128964131786726,456,mlp
2C,level_3,MNAR,0.8,80.0,knn,mim,0.0217591514981778,0.0325485047756697,0.8994495741627181,456,mlp
2C,level_3,MNAR,0.8500000000000001,85.00000000000001,knn,mim,0.0223967526789595,0.0335903244059963,0.8929096777737279,456,mlp
2C,level_3,MNAR,0.9,90.0,knn,mim,0.0239484701622697,0.0351971276672937,0.8824192365028002,456,mlp
2C,level_3,MNAR,0.95,95.0,knn,mim,0.0246635266736635,0.0379288485708824,0.8634596076284913,456,mlp
2C,level_3,MCAR,0.0,0.0,knn,mim,0.0202265829787109,0.0244001752381261,0.9421363965818654,789,mlp
2C,level_3,MCAR,0.05,5.0,knn,mim,0.0204952617630814,0.0247172701199102,0.9406226799329572,789,mlp
2C,level_3,MCAR,0.1,10.0,knn,mim,0.0211227851648523,0.0257434167908071,0.9355901984742008,789,mlp
2C,level_3,MCAR,0.15,15.0,knn,mim,0.0206192305316828,0.0252153284123124,0.9382056394317758,789,mlp
2C,level_3,MCAR,0.2,20.0,knn,mim,0.0223538378705882,0.0267869645172333,0.9302624654459616,789,mlp
2C,level_3,MCAR,0.25,25.0,knn,mim,0.0220201736050422,0.0269578457897285,0.9293698783817026,789,mlp
2C,level_3,MCAR,0.3,30.0,knn,mim,0.0223528640595349,0.0271059537433673,0.9285916545424928,789,mlp
2C,level_3,MCAR,0.35,35.0,knn,mim,0.0234619248045815,0.028743629435115,0.9197023573965262,789,mlp
2C,level_3,MCAR,0.4,40.0,knn,mim,0.0236640053746676,0.0290225956875679,0.9181361645302504,789,mlp
2C,level_3,MCAR,0.45,45.0,knn,mim,0.0233715884769805,0.0291778638593585,0.9172578937421808,789,mlp
2C,level_3,MCAR,0.5,50.0,knn,mim,0.0237448967707277,0.0295948535680557,0.9148760092720928,789,mlp
2C,level_3,MCAR,0.55,55.00000000000001,knn,mim,0.0248031618595123,0.0308916340075169,0.9072526848580428,789,mlp
2C,level_3,MCAR,0.6000000000000001,60.00000000000001,knn,mim,0.025520220633709,0.0330185735452139,0.8940414030305145,789,mlp
2C,level_3,MCAR,0.65,65.0,knn,mim,0.0273272768668454,0.0342144809386962,0.8862269249397297,789,mlp
2C,level_3,MCAR,0.7000000000000001,70.0,knn,mim,0.0266520358877952,0.0332928047353998,0.8922740452011932,789,mlp
2C,level_3,MCAR,0.75,75.0,knn,mim,0.0310765488918381,0.0426962474202317,0.8228264048689433,789,mlp
2C,level_3,MCAR,0.8,80.0,knn,mim,0.0354496524454367,0.0494050227705198,0.7627742696469723,789,mlp
2C,level_3,MCAR,0.8500000000000001,85.00000000000001,knn,mim,0.0418752970599164,0.060816770849851,0.6405269812920313,789,mlp
2C,level_3,MCAR,0.9,90.0,knn,mim,0.0571957311798827,0.0792403659845788,0.3897433364958096,789,mlp
2C,level_3,MCAR,0.95,95.0,knn,mim,0.0760366273841472,0.0965627276310629,0.0937695836649266,789,mlp
2C,level_3,MAR,0.0,0.0,knn,mim,0.0202265829787109,0.0244001752381261,0.9421363965818654,789,mlp
2C,level_3,MAR,0.05,5.0,knn,mim,0.0202687530204503,0.0248247807419649,0.940105019536838,789,mlp
2C,level_3,MAR,0.1,10.0,knn,mim,0.02043911222376,0.0251475559449738,0.938537368460072,789,mlp
2C,level_3,MAR,0.15,15.0,knn,mim,0.0210161959173703,0.0255003997282833,0.9368005118120688,789,mlp
2C,level_3,MAR,0.2,20.0,knn,mim,0.0211142745752527,0.0257374070897878,0.935620267401837,789,mlp
2C,level_3,MAR,0.25,25.0,knn,mim,0.0218644172747929,0.0267290399219428,0.9305637426512016,789,mlp
2C,level_3,MAR,0.3,30.0,knn,mim,0.0219027203682697,0.0269030202247478,0.9296568745064852,789,mlp
2C,level_3,MAR,0.35,35.0,knn,mim,0.0219759548059617,0.0274292528710855,0.9268780875794992,789,mlp
2C,level_3,MAR,0.4,40.0,knn,mim,0.0219071633225739,0.0270998929250625,0.9286235844000942,789,mlp
2C,level_3,MAR,0.45,45.0,knn,mim,0.0235861806508266,0.0298346464087391,0.9134909834397166,789,mlp
2C,level_3,MAR,0.5,50.0,knn,mim,0.0240850730712967,0.0298205098565329,0.913572945161634,789,mlp
2C,level_3,MAR,0.55,55.00000000000001,knn,mim,0.0255557514332761,0.0341123835827277,0.8869049185044294,789,mlp
2C,level_3,MAR,0.6000000000000001,60.00000000000001,knn,mim,0.0274574714826815,0.0377207795255512,0.8617131439393623,789,mlp
2C,level_3,MAR,0.65,65.0,knn,mim,0.0286670977322742,0.0399750323409763,0.8446907822285853,789,mlp
2C,level_3,MAR,0.7000000000000001,70.0,knn,mim,0.0313864363660716,0.0439948515539198,0.8118850557891764,789,mlp
2C,level_3,MAR,0.75,75.0,knn,mim,0.0330708544723915,0.0474891223288996,0.7808164931143222,789,mlp
2C,level_3,MAR,0.8,80.0,knn,mim,0.0342468301683965,0.0481044828179396,0.7750993635689774,789,mlp
2C,level_3,MAR,0.8500000000000001,85.00000000000001,knn,mim,0.0357626596038991,0.0494260903566612,0.7625719080724151,789,mlp
2C,level_3,MAR,0.9,90.0,knn,mim,0.0389616082677937,0.0543833105633829,0.7125575751296163,789,mlp
2C,level_3,MAR,0.95,95.0,knn,mim,0.0398969117487319,0.0544739106407182,0.7115990458201417,789,mlp
2C,level_3,MNAR,0.0,0.0,knn,mim,0.0202265829787109,0.0244001752381261,0.9421363965818654,789,mlp
2C,level_3,MNAR,0.05,5.0,knn,mim,0.0204818721612294,0.024645632319928,0.9409663664637374,789,mlp
2C,level_3,MNAR,0.1,10.0,knn,mim,0.0204715906381607,0.0251759297326456,0.938398594617338,789,mlp
2C,level_3,MNAR,0.15,15.0,knn,mim,0.0205120483949931,0.0251852758992104,0.9383528490287472,789,mlp
2C,level_3,MNAR,0.2,20.0,knn,mim,0.0208578741646776,0.025579553401628,0.9364075583230738,789,mlp
2C,level_3,MNAR,0.25,25.0,knn,mim,0.0207268375350971,0.025974812292645,0.9344270955633208,789,mlp
2C,level_3,MNAR,0.3,30.0,knn,mim,0.0207489709733712,0.0260279538059117,0.9341585116810682,789,mlp
2C,level_3,MNAR,0.35,35.0,knn,mim,0.0211863955343612,0.0270662722185073,0.928800576756122,789,mlp
2C,level_3,MNAR,0.4,40.0,knn,mim,0.0203805226882298,0.0257227132389651,0.9356937570229972,789,mlp
2C,level_3,MNAR,0.45,45.0,knn,mim,0.0206120343569553,0.0267913722572975,0.9302395132212248,789,mlp
2C,level_3,MNAR,0.5,50.0,knn,mim,0.0219874841950156,0.02843820457477,0.9213997489990298,789,mlp
2C,level_3,MNAR,0.55,55.00000000000001,knn,mim,0.0209688998400563,0.0273306239448427,0.9274029993995014,789,mlp
2C,level_3,MNAR,0.6000000000000001,60.00000000000001,knn,mim,0.0223239963102822,0.0305618282285971,0.9092224942402128,789,mlp
2C,level_3,MNAR,0.65,65.0,knn,mim,0.0227399753392344,0.0310591677195827,0.9062439692815418,789,mlp
2C,level_3,MNAR,0.7000000000000001,70.0,knn,mim,0.0232885599112269,0.0322796318464453,0.8987309512422138,789,mlp
2C,level_3,MNAR,0.75,75.0,knn,mim,0.0256726028485731,0.0362512279045936,0.8722782007222986,789,mlp
2C,level_3,MNAR,0.8,80.0,knn,mim,0.0300336369179716,0.0439633239003416,0.8121545735853364,789,mlp
2C,level_3,MNAR,0.8500000000000001,85.00000000000001,knn,mim,0.0287074613450753,0.0411485802841461,0.8354380987891028,789,mlp
2C,level_3,MNAR,0.9,90.0,knn,mim,0.0301068979236814,0.043295832188903,0.8178153561096007,789,mlp
2C,level_3,MNAR,0.95,95.0,knn,mim,0.0302745475070645,0.0452440835275501,0.8010503516868327,789,mlp
2C,level_3,MCAR,0.0,0.0,knn,mim,0.0137108053098059,0.0191742007534397,0.968434330548018,1000,mlp
2C,level_3,MCAR,0.05,5.0,knn,mim,0.0135607779654727,0.018719545698369,0.969913541226016,1000,mlp
2C,level_3,MCAR,0.1,10.0,knn,mim,0.0135826168886415,0.0186374695868992,0.9701767918485568,1000,mlp
2C,level_3,MCAR,0.15,15.0,knn,mim,0.0142039489709647,0.0191003387038608,0.9686770540293408,1000,mlp
2C,level_3,MCAR,0.2,20.0,knn,mim,0.014387318771508,0.019376446452307,0.9677649217252514,1000,mlp
2C,level_3,MCAR,0.25,25.0,knn,mim,0.0142117697114397,0.0191719496264946,0.9684417419816096,1000,mlp
2C,level_3,MCAR,0.3,30.0,knn,mim,0.0152684443552782,0.0202380475288809,0.964834427904928,1000,mlp
2C,level_3,MCAR,0.35,35.0,knn,mim,0.0152805492972112,0.0204311015534761,0.9641603277767344,1000,mlp
2C,level_3,MCAR,0.4,40.0,knn,mim,0.0163771324522176,0.021925002743487,0.958727594965471,1000,mlp
2C,level_3,MCAR,0.45,45.0,knn,mim,0.0169970163150957,0.0222461467034014,0.9575096745141076,1000,mlp
2C,level_3,MCAR,0.5,50.0,knn,mim,0.0178414406077876,0.0233917048707328,0.9530209515563656,1000,mlp
2C,level_3,MCAR,0.55,55.00000000000001,knn,mim,0.0185248803035468,0.023848257870506,0.9511692064261086,1000,mlp
2C,level_3,MCAR,0.6000000000000001,60.00000000000001,knn,mim,0.0192304148619341,0.0272327985637402,0.9363255779829066,1000,mlp
2C,level_3,MCAR,0.65,65.0,knn,mim,0.0198742939736433,0.0274639720042882,0.935239952357269,1000,mlp
2C,level_3,MCAR,0.7000000000000001,70.0,knn,mim,0.0228669739619941,0.0337503423292982,0.9022004562774452,1000,mlp
2C,level_3,MCAR,0.75,75.0,knn,mim,0.0238858913652456,0.0340808409923781,0.9002756830704178,1000,mlp
2C,level_3,MCAR,0.8,80.0,knn,mim,0.0265883358317575,0.0381312208776601,0.8751634133466552,1000,mlp
2C,level_3,MCAR,0.8500000000000001,85.00000000000001,knn,mim,0.0347961145777611,0.054527568747581,0.7447223859295888,1000,mlp
2C,level_3,MCAR,0.9,90.0,knn,mim,0.0487760435359493,0.0739137533798244,0.5309372156012557,1000,mlp
2C,level_3,MCAR,0.95,95.0,knn,mim,0.062949015831188,0.087220069563164,0.3468494128720303,1000,mlp
2C,level_3,MAR,0.0,0.0,knn,mim,0.0137108053098059,0.0191742007534397,0.968434330548018,1000,mlp
2C,level_3,MAR,0.05,5.0,knn,mim,0.0133891459811265,0.0187188895779521,0.9699156502509082,1000,mlp
2C,level_3,MAR,0.1,10.0,knn,mim,0.0135340265942227,0.0187281958604137,0.969885729346565,1000,mlp
2C,level_3,MAR,0.15,15.0,knn,mim,0.0135241480821257,0.0184527219088176,0.9707651185081968,1000,mlp
2C,level_3,MAR,0.2,20.0,knn,mim,0.0136824020300701,0.0186691202725211,0.9700754125833856,1000,mlp
2C,level_3,MAR,0.25,25.0,knn,mim,0.014038804965414,0.0193895286899333,0.9677213792402912,1000,mlp
2C,level_3,MAR,0.3,30.0,knn,mim,0.0146414295087194,0.020478262026102,0.9639946816305782,1000,mlp
2C,level_3,MAR,0.35,35.0,knn,mim,0.0152688463709156,0.0213517631086839,0.960857555087787,1000,mlp
2C,level_3,MAR,0.4,40.0,knn,mim,0.0159079411658511,0.0218733659212023,0.9589217720191432,1000,mlp
2C,level_3,MAR,0.45,45.0,knn,mim,0.0165522269485862,0.0232650819330618,0.9535281847605356,1000,mlp
2C,level_3,MAR,0.5,50.0,knn,mim,0.0183862197778786,0.0267164149666602,0.9387174504548308,1000,mlp
2C,level_3,MAR,0.55,55.00000000000001,knn,mim,0.0200091709027624,0.0318766145208284,0.9127581542239532,1000,mlp
2C,level_3,MAR,0.6000000000000001,60.00000000000001,knn,mim,0.0229717785027376,0.0399632344580969,0.8628797090514733,1000,mlp
2C,level_3,MAR,0.65,65.0,knn,mim,0.0315324440609877,0.055475781094292,0.7357668417496186,1000,mlp
2C,level_3,MAR,0.7000000000000001,70.0,knn,mim,0.034857299032029,0.0617570759838264,0.6725432745054718,1000,mlp
2C,level_3,MAR,0.75,75.0,knn,mim,0.0433795014120211,0.0767965854447105,0.4936342934158723,1000,mlp
2C,level_3,MAR,0.8,80.0,knn,mim,0.0487180196021013,0.0833441624048965,0.4036093352380887,1000,mlp
2C,level_3,MAR,0.8500000000000001,85.00000000000001,knn,mim,0.0513718111925064,0.0863629019469827,0.3596241901692864,1000,mlp
2C,level_3,MAR,0.9,90.0,knn,mim,0.0529971102757059,0.0888498129418413,0.322212586442933,1000,mlp
2C,level_3,MAR,0.95,95.0,knn,mim,0.0548510292648509,0.0911798273572834,0.2861976140784568,1000,mlp
2C,level_3,MNAR,0.0,0.0,knn,mim,0.0137108053098059,0.0191742007534397,0.968434330548018,1000,mlp
2C,level_3,MNAR,0.05,5.0,knn,mim,0.013520869727651,0.0189499003018153,0.9691685235222112,1000,mlp
2C,level_3,MNAR,0.1,10.0,knn,mim,0.0134503288475571,0.0187054579397818,0.9699588084869,1000,mlp
2C,level_3,MNAR,0.15,15.0,knn,mim,0.0136458256630381,0.0185950861842572,0.9703122793184696,1000,mlp
2C,level_3,MNAR,0.2,20.0,knn,mim,0.0135254899371201,0.0189280873496256,0.9692394619909642,1000,mlp
2C,level_3,MNAR,0.25,25.0,knn,mim,0.0136347719629858,0.0189182511144479,0.969271423938701,1000,mlp
2C,level_3,MNAR,0.3,30.0,knn,mim,0.0143306944355083,0.0200964166654281,0.9653249004014284,1000,mlp
2C,level_3,MNAR,0.35,35.0,knn,mim,0.0145745198535311,0.0203977963362205,0.9642770787184106,1000,mlp
2C,level_3,MNAR,0.4,40.0,knn,mim,0.0149383281659168,0.0212291015870766,0.9613059939979152,1000,mlp
2C,level_3,MNAR,0.45,45.0,knn,mim,0.0154849028690605,0.0219413546613908,0.9586660091445302,1000,mlp
2C,level_3,MNAR,0.5,50.0,knn,mim,0.0163579291301168,0.0240833734558367,0.9502016326418556,1000,mlp
2C,level_3,MNAR,0.55,55.00000000000001,knn,mim,0.0164746191960231,0.0241522280241542,0.9499164776869482,1000,mlp
2C,level_3,MNAR,0.6000000000000001,60.00000000000001,knn,mim,0.0178982057559262,0.0261117557162895,0.9414600142452464,1000,mlp
2C,level_3,MNAR,0.65,65.0,knn,mim,0.0194101096863959,0.0304785303475808,0.9202430554933068,1000,mlp
2C,level_3,MNAR,0.7000000000000001,70.0,knn,mim,0.0202781927776944,0.031818382499251,0.9130766089167374,1000,mlp
2C,level_3,MNAR,0.75,75.0,knn,mim,0.0215867380992622,0.0347407732853506,0.8963762210041859,1000,mlp
2C,level_3,MNAR,0.8,80.0,knn,mim,0.0233715723147058,0.0370561192515061,0.8821036567845314,1000,mlp
2C,level_3,MNAR,0.8500000000000001,85.00000000000001,knn,mim,0.025447571674274,0.0422091861996273,0.8470341719271529,1000,mlp
2C,level_3,MNAR,0.9,90.0,knn,mim,0.026773076616275,0.0437750560559233,0.8354742474618284,1000,mlp
2C,level_3,MNAR,0.95,95.0,knn,mim,0.0276607734036293,0.0466288732104488,0.8133232179764958,1000,mlp
2C,level_3,MCAR,0.0,0.0,knn,mim,0.014251652367787,0.0222930286778205,0.9557147021796566,42,mlp
2C,level_3,MCAR,0.05,5.0,knn,mim,0.0150099271040318,0.0234904826646367,0.9508294233971102,42,mlp
2C,level_3,MCAR,0.1,10.0,knn,mim,0.0159719433999276,0.0244391450747705,0.9467777244496928,42,mlp
2C,level_3,MCAR,0.15,15.0,knn,mim,0.0171480243000438,0.0258819443378208,0.9403081253932832,42,mlp
2C,level_3,MCAR,0.2,20.0,knn,mim,0.0171867484751815,0.0260896776456621,0.9393460838466224,42,mlp
2C,level_3,MCAR,0.25,25.0,knn,mim,0.0179078480758568,0.0267209513584127,0.9363753724285608,42,mlp
2C,level_3,MCAR,0.3,30.0,knn,mim,0.0182368030204429,0.0266568161849291,0.936680427395147,42,mlp
2C,level_3,MCAR,0.35,35.0,knn,mim,0.0189599994428676,0.0276026919977584,0.9321071094708316,42,mlp
2C,level_3,MCAR,0.4,40.0,knn,mim,0.0194674045214168,0.0282547695286286,0.9288614582316194,42,mlp
2C,level_3,MCAR,0.45,45.0,knn,mim,0.0201840680415719,0.0290383715685542,0.9248609090739128,42,mlp
2C,level_3,MCAR,0.5,50.0,knn,mim,0.0203087509602039,0.0291594600814288,0.9242329502467151,42,mlp
2C,level_3,MCAR,0.55,55.00000000000001,knn,mim,0.02065503420885,0.0291550459659994,0.9242558875156884,42,mlp
2C,level_3,MCAR,0.6000000000000001,60.00000000000001,knn,mim,0.0203835572545899,0.0294548093707676,0.922690324033302,42,mlp
2C,level_3,MCAR,0.65,65.0,knn,mim,0.021270050458773,0.030346603561058,0.9179380934574852,42,mlp
2C,level_3,MCAR,0.7000000000000001,70.0,knn,mim,0.0220438112457746,0.030790317778501,0.9155208058250248,42,mlp
2C,level_3,MCAR,0.75,75.0,knn,mim,0.0236585725835851,0.0351537454221955,0.8898803995688799,42,mlp
2C,level_3,MCAR,0.8,80.0,knn,mim,0.0272351418130646,0.0436068423007997,0.8305542428276711,42,mlp
2C,level_3,MCAR,0.8500000000000001,85.00000000000001,knn,mim,0.0346780307332828,0.056273940886521,0.7178135991719763,42,mlp
2C,level_3,MCAR,0.9,90.0,knn,mim,0.0406815684746898,0.0630604015275041,0.6456480037488482,42,mlp
2C,level_3,MCAR,0.95,95.0,knn,mim,0.0548922823951357,0.0770980678836013,0.4703262999916806,42,mlp
2C,level_3,MAR,0.0,0.0,knn,mim,0.014251652367787,0.0222930286778205,0.9557147021796566,42,mlp
2C,level_3,MAR,0.05,5.0,knn,mim,0.0151298620427744,0.024325919185131,0.9472697367528908,42,mlp
2C,level_3,MAR,0.1,10.0,knn,mim,0.0153538970480861,0.0244942699472859,0.9465373576151078,42,mlp
2C,level_3,MAR,0.15,15.0,knn,mim,0.01562058883775,0.0247366775400563,0.9454739351436388,42,mlp
2C,level_3,MAR,0.2,20.0,knn,mim,0.0163584714150643,0.0261392299754755,0.9391154641261222,42,mlp
2C,level_3,MAR,0.25,25.0,knn,mim,0.0169343880637425,0.0265432825896546,0.9372186454344484,42,mlp
2C,level_3,MAR,0.3,30.0,knn,mim,0.016821314483996,0.0269946865394578,0.9350651266314544,42,mlp
2C,level_3,MAR,0.35,35.0,knn,mim,0.0175507958926442,0.0267988021793726,0.9360040948510482,42,mlp
2C,level_3,MAR,0.4,40.0,knn,mim,0.0175668693576847,0.0271722960628211,0.9342078473799664,42,mlp
2C,level_3,MAR,0.45,45.0,knn,mim,0.0174651649602745,0.0260998712599272,0.9392986778633584,42,mlp
2C,level_3,MAR,0.5,50.0,knn,mim,0.0189452760934522,0.0297605725308847,0.9210769275237116,42,mlp
2C,level_3,MAR,0.55,55.00000000000001,knn,mim,0.0210762957299231,0.0356094122967584,0.8870071319214969,42,mlp
2C,level_3,MAR,0.6000000000000001,60.00000000000001,knn,mim,0.0307856106923814,0.057263314941909,0.7078039160070582,42,mlp
2C,level_3,MAR,0.65,65.0,knn,mim,0.0392669144388638,0.0705930257321631,0.5559365650480157,42,mlp
2C,level_3,MAR,0.7000000000000001,70.0,knn,mim,0.0481078723799461,0.0812918686811847,0.4111351465418486,42,mlp
2C,level_3,MAR,0.75,75.0,knn,mim,0.052630399289125,0.0873990699824276,0.3193324558752777,42,mlp
2C,level_3,MAR,0.8,80.0,knn,mim,0.0550126800586204,0.0903686965701621,0.2722914847114298,42,mlp
2C,level_3,MAR,0.8500000000000001,85.00000000000001,knn,mim,0.056721542996636,0.0923082156782569,0.2407196990984056,42,mlp
2C,level_3,MAR,0.9,90.0,knn,mim,0.0567666612549024,0.092879712617776,0.2312889106575669,42,mlp
2C,level_3,MAR,0.95,95.0,knn,mim,0.0575167310928285,0.0930970598793271,0.2276869886938481,42,mlp
2C,level_3,MNAR,0.0,0.0,knn,mim,0.014251652367787,0.0222930286778205,0.9557147021796566,42,mlp
2C,level_3,MNAR,0.05,5.0,knn,mim,0.0150015038793458,0.0234570239745848,0.9509693959508204,42,mlp
2C,level_3,MNAR,0.1,10.0,knn,mim,0.0154688076230396,0.0239763234515107,0.9487744537939377,42,mlp
2C,level_3,MNAR,0.15,15.0,knn,mim,0.0160751763519326,0.0249000648545208,0.9447512601517531,42,mlp
2C,level_3,MNAR,0.2,20.0,knn,mim,0.0168112500385888,0.0261076670381908,0.9392624106561228,42,mlp
2C,level_3,MNAR,0.25,25.0,knn,mim,0.0173017041097123,0.0265335238508984,0.9372648005557112,42,mlp
2C,level_3,MNAR,0.3,30.0,knn,mim,0.0175342163812546,0.0262718396588186,0.9384961376001488,42,mlp
2C,level_3,MNAR,0.35,35.0,knn,mim,0.0174748984843761,0.025900639218665,0.9402218617420538,42,mlp
2C,level_3,MNAR,0.4,40.0,knn,mim,0.0185012373095773,0.0270225535942039,0.9349309907763004,42,mlp
2C,level_3,MNAR,0.45,45.0,knn,mim,0.0186307735909519,0.0268150759078088,0.935926347480973,42,mlp
2C,level_3,MNAR,0.5,50.0,knn,mim,0.018827345294535,0.0266945893302343,0.9365008505097924,42,mlp
2C,level_3,MNAR,0.55,55.00000000000001,knn,mim,0.0196948106120145,0.0282956751406932,0.9286553286414314,42,mlp
2C,level_3,MNAR,0.6000000000000001,60.00000000000001,knn,mim,0.0196872731629792,0.0275318502630923,0.9324551536546,42,mlp
2C,level_3,MNAR,0.65,65.0,knn,mim,0.0210614726018721,0.0299383372145261,0.9201312712580352,42,mlp
2C,level_3,MNAR,0.7000000000000001,70.0,knn,mim,0.02313546248231,0.0323978589124464,0.9064693311914396,42,mlp
2C,level_3,MNAR,0.75,75.0,knn,mim,0.0253205100541869,0.0358037337271738,0.8857705574262529,42,mlp
2C,level_3,MNAR,0.8,80.0,knn,mim,0.0262979521953921,0.0369879746591664,0.8780891040237587,42,mlp
2C,level_3,MNAR,0.8500000000000001,85.00000000000001,knn,mim,0.0283754597667561,0.0412391516547792,0.8484552604614578,42,mlp
2C,level_3,MNAR,0.9,90.0,knn,mim,0.0303676230750949,0.0450190039040537,0.8194018973647406,42,mlp
2C,level_3,MNAR,0.95,95.0,knn,mim,0.0316027406204007,0.0452534636594136,0.8175158828025749,42,mlp
2C,level_1,MCAR,0.0,0.0,knn,baseline,0.0138301332760961,0.0196643945053073,0.965542594237307,42,mlp
2C,level_1,MCAR,0.05,5.0,knn,baseline,0.0137989630901675,0.0196390499574226,0.9656313581793576,42,mlp
2C,level_1,MCAR,0.1,10.0,knn,baseline,0.0138245708693868,0.0196568161209615,0.9655691479301896,42,mlp
2C,level_1,MCAR,0.15,15.0,knn,baseline,0.0139426101331084,0.0199860814212516,0.9644060058305932,42,mlp
2C,level_1,MCAR,0.2,20.0,knn,baseline,0.0138624761119926,0.019546050040405,0.9659560900697208,42,mlp
2C,level_1,MCAR,0.25,25.0,knn,baseline,0.0136114007147122,0.0194781889969704,0.9661920707216228,42,mlp
2C,level_1,MCAR,0.3,30.0,knn,baseline,0.0137021995382419,0.0196984984351023,0.9654229717427134,42,mlp
2C,level_1,MCAR,0.35,35.0,knn,baseline,0.0139097973051525,0.019777250555166,0.9651459498748668,42,mlp
2C,level_1,MCAR,0.4,40.0,knn,baseline,0.0137391382116762,0.0197241237664476,0.9653329522796834,42,mlp
2C,level_1,MCAR,0.45,45.0,knn,baseline,0.0139145502362932,0.0203255074195749,0.9631867455110106,42,mlp
2C,level_1,MCAR,0.5,50.0,knn,baseline,0.0138844877179218,0.0202509529394415,0.9634563141249894,42,mlp
2C,level_1,MCAR,0.55,55.00000000000001,knn,baseline,0.0140058877557094,0.0203988977208169,0.9629204187300384,42,mlp
2C,level_1,MCAR,0.6000000000000001,60.00000000000001,knn,baseline,0.0142188677008394,0.0205674541348219,0.9623051087003412,42,mlp
2C,level_1,MCAR,0.65,65.0,knn,baseline,0.0150796587758696,0.0228036338411308,0.953662826591706,42,mlp
2C,level_1,MCAR,0.7000000000000001,70.0,knn,baseline,0.0159770034436553,0.0243843360827145,0.947016177003168,42,mlp
2C,level_1,MCAR,0.75,75.0,knn,baseline,0.0181945026611269,0.0312090312991611,0.9132075400360116,42,mlp
2C,level_1,MCAR,0.8,80.0,knn,baseline,0.0226905294109035,0.0398624572042092,0.8584044671165136,42,mlp
2C,level_1,MCAR,0.8500000000000001,85.00000000000001,knn,baseline,0.0269116672432407,0.0444896022928113,0.8236244150137385,42,mlp
2C,level_1,MCAR,0.9,90.0,knn,baseline,0.037170106870634,0.0598225645452329,0.6811022359769744,42,mlp
2C,level_1,MCAR,0.95,95.0,knn,baseline,0.0561593294499617,0.0798954100469567,0.431192806260243,42,mlp
2C,level_1,MAR,0.0,0.0,knn,baseline,0.0138301332760961,0.0196643945053073,0.965542594237307,42,mlp
2C,level_1,MAR,0.05,5.0,knn,baseline,0.0137679042558412,0.0196809640219944,0.9654845011084237,42,mlp
2C,level_1,MAR,0.1,10.0,knn,baseline,0.0137983320204294,0.0199154735970842,0.964657058052806,42,mlp
2C,level_1,MAR,0.15,15.0,knn,baseline,0.0136628407045067,0.019548477316447,0.9659476342336188,42,mlp
2C,level_1,MAR,0.2,20.0,knn,baseline,0.013831620488848,0.0197176493433895,0.9653557073889272,42,mlp
2C,level_1,MAR,0.25,25.0,knn,baseline,0.0139058447338285,0.0199280162395301,0.9646125265006392,42,mlp
2C,level_1,MAR,0.3,30.0,knn,baseline,0.0136155602959592,0.019599789814988,0.9657686325460104,42,mlp
2C,level_1,MAR,0.35,35.0,knn,baseline,0.0135709194897684,0.0197085239087049,0.9653877671002328,42,mlp
2C,level_1,MAR,0.4,40.0,knn,baseline,0.0143255946442887,0.0212144321134105,0.959896318579618,42,mlp
2C,level_1,MAR,0.45,45.0,knn,baseline,0.0139558274221236,0.0208634716623548,0.9612122513310776,42,mlp
2C,level_1,MAR,0.5,50.0,knn,baseline,0.0163857512431101,0.0282572542451349,0.9288489458746624,42,mlp
2C,level_1,MAR,0.55,55.00000000000001,knn,baseline,0.0190346383729343,0.0370710843774316,0.8775406358644914,42,mlp
2C,level_1,MAR,0.6000000000000001,60.00000000000001,knn,baseline,0.0273552003772102,0.0554496411345128,0.7260199757239522,42,mlp
2C,level_1,MAR,0.65,65.0,knn,baseline,0.0370301033103481,0.0704185145743218,0.5581293663316724,42,mlp
2C,level_1,MAR,0.7000000000000001,70.0,knn,baseline,0.0445112333800955,0.0814618095757322,0.4086705256092273,42,mlp
2C,level_1,MAR,0.75,75.0,knn,baseline,0.0509052396379075,0.0893174534426371,0.2891236192352672,42,mlp
2C,level_1,MAR,0.8,80.0,knn,baseline,0.0523187549154117,0.0903084898885392,0.273260809748391,42,mlp
2C,level_1,MAR,0.8500000000000001,85.00000000000001,knn,baseline,0.054996116894706,0.093641374472155,0.218629556087579,42,mlp
2C,level_1,MAR,0.9,90.0,knn,baseline,0.0543923072459001,0.0933181326800095,0.2240146896696508,42,mlp
2C,level_1,MAR,0.95,95.0,knn,baseline,0.0545789747483635,0.0934705871449986,0.2214771536589738,42,mlp
2C,level_1,MNAR,0.0,0.0,knn,baseline,0.0138301332760961,0.0196643945053073,0.965542594237307,42,mlp
2C,level_1,MNAR,0.05,5.0,knn,baseline,0.0138212002100017,0.0195229669311023,0.9660364516026017,42,mlp
2C,level_1,MNAR,0.1,10.0,knn,baseline,0.0137733023924563,0.0198577910477769,0.9648614939262932,42,mlp
2C,level_1,MNAR,0.15,15.0,knn,baseline,0.0138515324758286,0.0196243222228743,0.9656828863785364,42,mlp
2C,level_1,MNAR,0.2,20.0,knn,baseline,0.0136812279307243,0.0195733226362614,0.9658610208829588,42,mlp
2C,level_1,MNAR,0.25,25.0,knn,baseline,0.0136564621256431,0.019723524764782,0.96533505785398,42,mlp
2C,level_1,MNAR,0.3,30.0,knn,baseline,0.0138954670683911,0.0203830631648529,0.9629779621160424,42,mlp
2C,level_1,MNAR,0.35,35.0,knn,baseline,0.013889619279859,0.0200406189625073,0.964211484708943,42,mlp
2C,level_1,MNAR,0.4,40.0,knn,baseline,0.0139111987866336,0.0201495789808375,0.963821265420136,42,mlp
2C,level_1,MNAR,0.45,45.0,knn,baseline,0.0139485664355402,0.0214576570641678,0.9589714640022396,42,mlp
2C,level_1,MNAR,0.5,50.0,knn,baseline,0.0140043111270919,0.0202212576367199,0.9635634083625364,42,mlp
2C,level_1,MNAR,0.55,55.00000000000001,knn,baseline,0.0141729719144804,0.0209146057331841,0.961021889339813,42,mlp
2C,level_1,MNAR,0.6000000000000001,60.00000000000001,knn,baseline,0.014674125575651,0.021521389677434,0.9587273796573248,42,mlp
2C,level_1,MNAR,0.65,65.0,knn,baseline,0.0154999326352447,0.0235936725386288,0.9503964778422774,42,mlp
2C,level_1,MNAR,0.7000000000000001,70.0,knn,baseline,0.0165654967085888,0.0252288228302667,0.9432827201321944,42,mlp
2C,level_1,MNAR,0.75,75.0,knn,baseline,0.0173993195566891,0.0280290107768572,0.9299937263387872,42,mlp
2C,level_1,MNAR,0.8,80.0,knn,baseline,0.0180156159885755,0.0283693571390913,0.928283281512874,42,mlp
2C,level_1,MNAR,0.8500000000000001,85.00000000000001,knn,baseline,0.0203102957260347,0.0321819622326396,0.9077117391413696,42,mlp
2C,level_1,MNAR,0.9,90.0,knn,baseline,0.021417509339184,0.0343684268048634,0.894745486970058,42,mlp
2C,level_1,MNAR,0.95,95.0,knn,baseline,0.0220866602194355,0.0367190306535225,0.8798555162236769,42,mlp
2C,level_1,MCAR,0.0,0.0,knn,baseline,0.0130071774270124,0.0161798275784768,0.9775235228771354,1000,mlp
2C,level_1,MCAR,0.05,5.0,knn,baseline,0.0130205560040322,0.0161907846390072,0.977493070202796,1000,mlp
2C,level_1,MCAR,0.1,10.0,knn,baseline,0.0129911483801094,0.0161696313465131,0.977551842482186,1000,mlp
2C,level_1,MCAR,0.15,15.0,knn,baseline,0.0130483044533213,0.0162513880176813,0.9773242644541156,1000,mlp
2C,level_1,MCAR,0.2,20.0,knn,baseline,0.0130648522370939,0.0163768914314176,0.976972679585078,1000,mlp
2C,level_1,MCAR,0.25,25.0,knn,baseline,0.0129922688502415,0.016211136602382,0.977436451809796,1000,mlp
2C,level_1,MCAR,0.3,30.0,knn,baseline,0.0127552601200759,0.0159815067762827,0.9780711472813278,1000,mlp
2C,level_1,MCAR,0.35,35.0,knn,baseline,0.0129505651571188,0.0162442517457354,0.9773441747148508,1000,mlp
2C,level_1,MCAR,0.4,40.0,knn,baseline,0.0131022657248624,0.0166760660293679,0.9761236643081,1000,mlp
2C,level_1,MCAR,0.45,45.0,knn,baseline,0.0130610065630287,0.0164623589419856,0.9767317030511968,1000,mlp
2C,level_1,MCAR,0.5,50.0,knn,baseline,0.0130773926874634,0.0165107595936998,0.976594680611012,1000,mlp
2C,level_1,MCAR,0.55,55.00000000000001,knn,baseline,0.013145724181157,0.0168731085128566,0.9755560907220924,1000,mlp
2C,level_1,MCAR,0.6000000000000001,60.00000000000001,knn,baseline,0.0135224877849506,0.0181453190211476,0.9717310498223124,1000,mlp
2C,level_1,MCAR,0.65,65.0,knn,baseline,0.0136203503201721,0.0182219171678758,0.9714918785447432,1000,mlp
2C,level_1,MCAR,0.7000000000000001,70.0,knn,baseline,0.0150370118220141,0.0213006808084075,0.9610446210750844,1000,mlp
2C,level_1,MCAR,0.75,75.0,knn,baseline,0.0168394718340248,0.0265550039869459,0.939455707844274,1000,mlp
2C,level_1,MCAR,0.8,80.0,knn,baseline,0.0201596996027952,0.0336434830380871,0.902818775661412,1000,mlp
2C,level_1,MCAR,0.8500000000000001,85.00000000000001,knn,baseline,0.0280014265424886,0.0511598290025556,0.7752816007410491,1000,mlp
2C,level_1,MCAR,0.9,90.0,knn,baseline,0.0355940261767928,0.0583319559059454,0.7078583069414871,1000,mlp
2C,level_1,MCAR,0.95,95.0,knn,baseline,0.0534280446945482,0.0770078968715684,0.4908438550207421,1000,mlp
2C,level_1,MAR,0.0,0.0,knn,baseline,0.0130071774270124,0.0161798275784768,0.9775235228771354,1000,mlp
2C,level_1,MAR,0.05,5.0,knn,baseline,0.013107092088347,0.0162859124336632,0.977227817543136,1000,mlp
2C,level_1,MAR,0.1,10.0,knn,baseline,0.0129236368130726,0.0160889985599941,0.9777751678462488,1000,mlp
2C,level_1,MAR,0.15,15.0,knn,baseline,0.012987402920814,0.01618181435592,0.9775180026082388,1000,mlp
2C,level_1,MAR,0.2,20.0,knn,baseline,0.012988316978163,0.0163144715446682,0.977147880539702,1000,mlp
2C,level_1,MAR,0.25,25.0,knn,baseline,0.0131068529906546,0.0164257543353105,0.97683506368611,1000,mlp
2C,level_1,MAR,0.3,30.0,knn,baseline,0.0132003987682852,0.0166343737916901,0.97624290267962,1000,mlp
2C,level_1,MAR,0.35,35.0,knn,baseline,0.013377356583905,0.0171203157319674,0.9748345904026736,1000,mlp
2C,level_1,MAR,0.4,40.0,knn,baseline,0.0132723665820565,0.0167340916681753,0.9759572161782246,1000,mlp
2C,level_1,MAR,0.45,45.0,knn,baseline,0.0135508800336509,0.0185103115020196,0.9705823539083954,1000,mlp
2C,level_1,MAR,0.5,50.0,knn,baseline,0.0147090708532151,0.0230635550302499,0.9543297945598196,1000,mlp
2C,level_1,MAR,0.55,55.00000000000001,knn,baseline,0.0155738657920983,0.0262331247649967,0.9409145546013488,1000,mlp
2C,level_1,MAR,0.6000000000000001,60.00000000000001,knn,baseline,0.0198485737272128,0.0376382074893663,0.8783706661107459,1000,mlp
2C,level_1,MAR,0.65,65.0,knn,baseline,0.0264857802822331,0.0519959817527916,0.7678760087085177,1000,mlp
2C,level_1,MAR,0.7000000000000001,70.0,knn,baseline,0.0352735257507129,0.066388872447092,0.621582641884977,1000,mlp
2C,level_1,MAR,0.75,75.0,knn,baseline,0.0394365256935168,0.0733271058952659,0.538353493929586,1000,mlp
2C,level_1,MAR,0.8,80.0,knn,baseline,0.0465202276278453,0.0837849596405619,0.3972841760768733,1000,mlp
2C,level_1,MAR,0.8500000000000001,85.00000000000001,knn,baseline,0.0506474461780232,0.0891801212316836,0.3171637306215837,1000,mlp
2C,level_1,MAR,0.9,90.0,knn,baseline,0.054037502974006,0.0934499185538767,0.2502122881414074,1000,mlp
2C,level_1,MAR,0.95,95.0,knn,baseline,0.0542156525933818,0.0937473868931196,0.2454312654371253,1000,mlp
2C,level_1,MNAR,0.0,0.0,knn,baseline,0.0130071774270124,0.0161798275784768,0.9775235228771354,1000,mlp
2C,level_1,MNAR,0.05,5.0,knn,baseline,0.0130405631241525,0.0162745839904704,0.9772594870800496,1000,mlp
2C,level_1,MNAR,0.1,10.0,knn,baseline,0.013037768568051,0.0161575477832023,0.977585380955986,1000,mlp
2C,level_1,MNAR,0.15,15.0,knn,baseline,0.0129766774195774,0.0161506169222946,0.9776046065574624,1000,mlp
2C,level_1,MNAR,0.2,20.0,knn,baseline,0.0130164298306604,0.0161771456559149,0.9775309735344282,1000,mlp
2C,level_1,MNAR,0.25,25.0,knn,baseline,0.012979570908759,0.0162490040388746,0.9773309167484164,1000,mlp
2C,level_1,MNAR,0.3,30.0,knn,baseline,0.0130381501823473,0.0162828911849712,0.9772362658318092,1000,mlp
2C,level_1,MNAR,0.35,35.0,knn,baseline,0.0128786899627394,0.0161951635358543,0.9774808942825306,1000,mlp
2C,level_1,MNAR,0.4,40.0,knn,baseline,0.0130072420739823,0.0164048700297592,0.976893931735405,1000,mlp
2C,level_1,MNAR,0.45,45.0,knn,baseline,0.0131005966891149,0.0167284584456936,0.975973400570736,1000,mlp
2C,level_1,MNAR,0.5,50.0,knn,baseline,0.0129961010489494,0.0164614306279985,0.9767343271801648,1000,mlp
2C,level_1,MNAR,0.55,55.00000000000001,knn,baseline,0.0130589881544659,0.0169790520509834,0.97524816828956,1000,mlp
2C,level_1,MNAR,0.6000000000000001,60.00000000000001,knn,baseline,0.0135398169997391,0.0188275078676146,0.9695655022129231,1000,mlp
2C,level_1,MNAR,0.65,65.0,knn,baseline,0.0141176591727384,0.0220096866549698,0.9584081552325092,1000,mlp
2C,level_1,MNAR,0.7000000000000001,70.0,knn,baseline,0.0147734093477771,0.0230595455731253,0.954345672147974,1000,mlp
2C,level_1,MNAR,0.75,75.0,knn,baseline,0.0160015437350911,0.0259823348815129,0.9420388736875788,1000,mlp
2C,level_1,MNAR,0.8,80.0,knn,baseline,0.0171708626413041,0.0290641445108605,0.927473694898904,1000,mlp
2C,level_1,MNAR,0.8500000000000001,85.00000000000001,knn,baseline,0.0180933652889956,0.0305448267022271,0.9198957063686024,1000,mlp
2C,level_1,MNAR,0.9,90.0,knn,baseline,0.0222336896568346,0.0393128892102374,0.8673062740104629,1000,mlp
2C,level_1,MNAR,0.95,95.0,knn,baseline,0.023900032147936,0.0426295060598346,0.8439725303946732,1000,mlp
2C,level_1,MCAR,0.0,0.0,knn,baseline,0.0119793282020076,0.0195161493867921,0.9632577162799848,123,mlp
2C,level_1,MCAR,0.05,5.0,knn,baseline,0.0118355851569194,0.0187605235443577,0.9660478104552936,123,mlp
2C,level_1,MCAR,0.1,10.0,knn,baseline,0.0118044953402794,0.0185139326658733,0.9669344890065454,123,mlp
2C,level_1,MCAR,0.15,15.0,knn,baseline,0.0119559944791127,0.0194975272906924,0.963327800996798,123,mlp
2C,level_1,MCAR,0.2,20.0,knn,baseline,0.011882897696162,0.0187806388604669,0.965974963323586,123,mlp
2C,level_1,MCAR,0.25,25.0,knn,baseline,0.0121226050486206,0.0194719169315019,0.9634240769352126,123,mlp
2C,level_1,MCAR,0.3,30.0,knn,baseline,0.0118739502835179,0.0191047256227472,0.9647905299367155,123,mlp
2C,level_1,MCAR,0.35,35.0,knn,baseline,0.0119398196085953,0.0190876215138615,0.9648535464950752,123,mlp
2C,level_1,MCAR,0.4,40.0,knn,baseline,0.0119577278192492,0.0189454103443715,0.965375308600569,123,mlp
2C,level_1,MCAR,0.45,45.0,knn,baseline,0.0118989061385746,0.0190530046951809,0.9649809123019872,123,mlp
2C,level_1,MCAR,0.5,50.0,knn,baseline,0.0120742655453788,0.0194761216629726,0.9634082789487995,123,mlp
2C,level_1,MCAR,0.55,55.00000000000001,knn,baseline,0.0123443169260841,0.0197739611115634,0.9622805605266584,123,mlp
2C,level_1,MCAR,0.6000000000000001,60.00000000000001,knn,baseline,0.012548017084677,0.0194939909983689,0.9633411023609602,123,mlp
2C,level_1,MCAR,0.65,65.0,knn,baseline,0.0130506020572345,0.0204459624672487,0.9596732709457662,123,mlp
2C,level_1,MCAR,0.7000000000000001,70.0,knn,baseline,0.0142559155236748,0.0229376982717975,0.9492451498222684,123,mlp
2C,level_1,MCAR,0.75,75.0,knn,baseline,0.0157246561578139,0.0274209069087641,0.9274660200945848,123,mlp
2C,level_1,MCAR,0.8,80.0,knn,baseline,0.0198057006225284,0.0353582874380647,0.8793963857642659,123,mlp
2C,level_1,MCAR,0.8500000000000001,85.00000000000001,knn,baseline,0.0248767525606318,0.0459252218479395,0.7965393607421007,123,mlp
2C,level_1,MCAR,0.9,90.0,knn,baseline,0.034504903314613,0.0557276798692641,0.7004151802492403,123,mlp
2C,level_1,MCAR,0.95,95.0,knn,baseline,0.0544379255322442,0.0773905127750026,0.4222322091399834,123,mlp
2C,level_1,MAR,0.0,0.0,knn,baseline,0.0119793282020076,0.0195161493867921,0.9632577162799848,123,mlp
2C,level_1,MAR,0.05,5.0,knn,baseline,0.0119002852747719,0.0193937454714107,0.963717160980096,123,mlp
2C,level_1,MAR,0.1,10.0,knn,baseline,0.0119488636338506,0.0192858557774447,0.9641197295161928,123,mlp
2C,level_1,MAR,0.15,15.0,knn,baseline,0.0121058264721052,0.0193066619523947,0.9640422702751852,123,mlp
2C,level_1,MAR,0.2,20.0,knn,baseline,0.0118318708304202,0.0187851696330239,0.9659585444680984,123,mlp
2C,level_1,MAR,0.25,25.0,knn,baseline,0.0121764555995172,0.0192348179542601,0.9643093843412922,123,mlp
2C,level_1,MAR,0.3,30.0,knn,baseline,0.0120545282615189,0.0197575836293271,0.962343015755094,123,mlp
2C,level_1,MAR,0.35,35.0,knn,baseline,0.0122294459977482,0.0191939583964579,0.9644608548545348,123,mlp
2C,level_1,MAR,0.4,40.0,knn,baseline,0.0123656862507695,0.020047924073165,0.9612281345789696,123,mlp
2C,level_1,MAR,0.45,45.0,knn,baseline,0.0124857520805831,0.0199983673507256,0.9614195790189286,123,mlp
2C,level_1,MAR,0.5,50.0,knn,baseline,0.0133072211261794,0.0228072293449168,0.9498208918246532,123,mlp
2C,level_1,MAR,0.55,55.00000000000001,knn,baseline,0.0180571041710291,0.0384162755762234,0.8576333076392283,123,mlp
2C,level_1,MAR,0.6000000000000001,60.00000000000001,knn,baseline,0.0242870755892968,0.0520755988537625,0.7383947684593429,123,mlp
2C,level_1,MAR,0.65,65.0,knn,baseline,0.0284025309579017,0.0584134849519181,0.6708422287861853,123,mlp
2C,level_1,MAR,0.7000000000000001,70.0,knn,baseline,0.0364946141299522,0.07096368394323,0.5142081943636411,123,mlp
2C,level_1,MAR,0.75,75.0,knn,baseline,0.0400999617494927,0.0753149928163672,0.4528067179113839,123,mlp
2C,level_1,MAR,0.8,80.0,knn,baseline,0.0432143511401491,0.0789185866529279,0.3991909349831164,123,mlp
2C,level_1,MAR,0.8500000000000001,85.00000000000001,knn,baseline,0.0442225046308615,0.0799441186222336,0.3834746810910953,123,mlp
2C,level_1,MAR,0.9,90.0,knn,baseline,0.0451984416373633,0.08110825156135,0.3653884707520609,123,mlp
2C,level_1,MAR,0.95,95.0,knn,baseline,0.0462189965053352,0.0826182248135084,0.3415396972829968,123,mlp
2C,level_1,MNAR,0.0,0.0,knn,baseline,0.0119793282020076,0.0195161493867921,0.9632577162799848,123,mlp
2C,level_1,MNAR,0.05,5.0,knn,baseline,0.0118347290262717,0.0183519289772194,0.9675106278690294,123,mlp
2C,level_1,MNAR,0.1,10.0,knn,baseline,0.0119225743573959,0.019100754263528,0.9648051666211576,123,mlp
2C,level_1,MNAR,0.15,15.0,knn,baseline,0.0120098506075591,0.0193767692052394,0.9637806533621814,123,mlp
2C,level_1,MNAR,0.2,20.0,knn,baseline,0.011873779340852,0.0193924239498486,0.9637221055557093,123,mlp
2C,level_1,MNAR,0.25,25.0,knn,baseline,0.0118520687703872,0.0183563251770238,0.9674950603634006,123,mlp
2C,level_1,MNAR,0.3,30.0,knn,baseline,0.0118636709547482,0.0188530551601485,0.965712063037936,123,mlp
2C,level_1,MNAR,0.35,35.0,knn,baseline,0.0118579495659929,0.0183563331512944,0.967495032122101,123,mlp
2C,level_1,MNAR,0.4,40.0,knn,baseline,0.0119507904442245,0.0185869766025619,0.966673064315352,123,mlp
2C,level_1,MNAR,0.45,45.0,knn,baseline,0.0121490095801975,0.018771364123752,0.9660085612578196,123,mlp
2C,level_1,MNAR,0.5,50.0,knn,baseline,0.0124043959138892,0.0196548990862767,0.9627334219919208,123,mlp
2C,level_1,MNAR,0.55,55.00000000000001,knn,baseline,0.0126851376934327,0.0208830297567603,0.957930737995535,123,mlp
2C,level_1,MNAR,0.6000000000000001,60.00000000000001,knn,baseline,0.0139334937787966,0.0241072832842057,0.9439372468442844,123,mlp
2C,level_1,MNAR,0.65,65.0,knn,baseline,0.0142196865999023,0.0253706759160248,0.937907098490996,123,mlp
2C,level_1,MNAR,0.7000000000000001,70.0,knn,baseline,0.015901422481763,0.0298503520317586,0.9140438820135977,123,mlp
2C,level_1,MNAR,0.75,75.0,knn,baseline,0.016681931023227,0.0291061758421437,0.9182762707308532,123,mlp
2C,level_1,MNAR,0.8,80.0,knn,baseline,0.0201262075137715,0.0393294263101034,0.8507847874548207,123,mlp
2C,level_1,MNAR,0.8500000000000001,85.00000000000001,knn,baseline,0.0234795864027322,0.0453046428213718,0.8020008615640796,123,mlp
2C,level_1,MNAR,0.9,90.0,knn,baseline,0.021591899935907,0.0379915806015771,0.8607636584856914,123,mlp
2C,level_1,MNAR,0.95,95.0,knn,baseline,0.0235541862693856,0.0429347632051593,0.8221736874666139,123,mlp
2C,level_1,MCAR,0.0,0.0,knn,baseline,0.0162322759903164,0.0212605773233832,0.9570985534532512,456,mlp
2C,level_1,MCAR,0.05,5.0,knn,baseline,0.0163539769954251,0.0213189008652783,0.956862849941037,456,mlp
2C,level_1,MCAR,0.1,10.0,knn,baseline,0.0160298041699822,0.0209114387081492,0.9584960285487012,456,mlp
2C,level_1,MCAR,0.15,15.0,knn,baseline,0.0161624794329019,0.0212678985360023,0.957069001603686,456,mlp
2C,level_1,MCAR,0.2,20.0,knn,baseline,0.0161755121333856,0.0213512697652583,0.9567317585568456,456,mlp
2C,level_1,MCAR,0.25,25.0,knn,baseline,0.0162269983674051,0.0213607803302971,0.956693203746946,456,mlp
2C,level_1,MCAR,0.3,30.0,knn,baseline,0.0163531297717178,0.021263603607457,0.9570863391843012,456,mlp
2C,level_1,MCAR,0.35,35.0,knn,baseline,0.0163908702054418,0.0215953893227674,0.9557366882020856,456,mlp
2C,level_1,MCAR,0.4,40.0,knn,baseline,0.0161511177371319,0.021152078721251,0.9575353120303104,456,mlp
2C,level_1,MCAR,0.45,45.0,knn,baseline,0.0161822456214063,0.0213948037031903,0.956555136063794,456,mlp
2C,level_1,MCAR,0.5,50.0,knn,baseline,0.015981465790206,0.021012362605323,0.9580944444614812,456,mlp
2C,level_1,MCAR,0.55,55.00000000000001,knn,baseline,0.0160801540412998,0.0210502924730305,0.957943018674398,456,mlp
2C,level_1,MCAR,0.6000000000000001,60.00000000000001,knn,baseline,0.0161967159512646,0.021797923632342,0.954902539955213,456,mlp
2C,level_1,MCAR,0.65,65.0,knn,baseline,0.0171490256290387,0.023694138453372,0.9467151591781,456,mlp
2C,level_1,MCAR,0.7000000000000001,70.0,knn,baseline,0.0180588266198198,0.0260821486375066,0.9354333044750518,456,mlp
2C,level_1,MCAR,0.75,75.0,knn,baseline,0.0200218578580029,0.0307864063425388,0.9100419933528034,456,mlp
2C,level_1,MCAR,0.8,80.0,knn,baseline,0.0220445487875687,0.0337120646672963,0.8921320235422235,456,mlp
2C,level_1,MCAR,0.8500000000000001,85.00000000000001,knn,baseline,0.0294131215592673,0.0482951907451464,0.7786244769202098,456,mlp
2C,level_1,MCAR,0.9,90.0,knn,baseline,0.0399173993598249,0.0599429393353586,0.6589658271677072,456,mlp
2C,level_1,MCAR,0.95,95.0,knn,baseline,0.0595495080625204,0.079329508941844,0.4027015868645126,456,mlp
2C,level_1,MAR,0.0,0.0,knn,baseline,0.0162322759903164,0.0212605773233832,0.9570985534532512,456,mlp
2C,level_1,MAR,0.05,5.0,knn,baseline,0.016353225192928,0.0214347415148173,0.9563927870868808,456,mlp
2C,level_1,MAR,0.1,10.0,knn,baseline,0.0164203260632087,0.0215074118536242,0.9560966022421268,456,mlp
2C,level_1,MAR,0.15,15.0,knn,baseline,0.0162489978018261,0.0212018567222512,0.9573352092829506,456,mlp
2C,level_1,MAR,0.2,20.0,knn,baseline,0.0160517231181151,0.0208380130313508,0.9587869800241888,456,mlp
2C,level_1,MAR,0.25,25.0,knn,baseline,0.0163444289778707,0.021363286567487,0.9566830408719074,456,mlp
2C,level_1,MAR,0.3,30.0,knn,baseline,0.0162998465296618,0.0212368597918265,0.957194218669164,456,mlp
2C,level_1,MAR,0.35,35.0,knn,baseline,0.0163522765773878,0.0214354003897964,0.956390106192123,456,mlp
2C,level_1,MAR,0.4,40.0,knn,baseline,0.0159609866835419,0.0209751756277704,0.958242639315387,456,mlp
2C,level_1,MAR,0.45,45.0,knn,baseline,0.0165985373745586,0.0220612908029925,0.9538062023376092,456,mlp
2C,level_1,MAR,0.5,50.0,knn,baseline,0.0170483862164624,0.0241072124021821,0.944841071931678,456,mlp
2C,level_1,MAR,0.55,55.00000000000001,knn,baseline,0.0187721127627188,0.0301326962321677,0.913821721178128,456,mlp
2C,level_1,MAR,0.6000000000000001,60.00000000000001,knn,baseline,0.0202776372510389,0.0338876984113888,0.8910051505704155,456,mlp
2C,level_1,MAR,0.65,65.0,knn,baseline,0.028199137834678,0.0516011136302726,0.7472797875804635,456,mlp
2C,level_1,MAR,0.7000000000000001,70.0,knn,baseline,0.0338229514566579,0.0599344965784515,0.6590618873837263,456,mlp
2C,level_1,MAR,0.75,75.0,knn,baseline,0.0381614609326336,0.0677374641389631,0.5645084855385045,456,mlp
2C,level_1,MAR,0.8,80.0,knn,baseline,0.0408434966453035,0.0719731253552729,0.5083426310487358,456,mlp
2C,level_1,MAR,0.8500000000000001,85.00000000000001,knn,baseline,0.0415059588284122,0.0733079849591147,0.4899363279324894,456,mlp
2C,level_1,MAR,0.9,90.0,knn,baseline,0.0428330914538008,0.0754803676099508,0.4592583246257073,456,mlp
2C,level_1,MAR,0.95,95.0,knn,baseline,0.0435693171245412,0.0768208768086092,0.4398809435864232,456,mlp
2C,level_1,MNAR,0.0,0.0,knn,baseline,0.0162322759903164,0.0212605773233832,0.9570985534532512,456,mlp
2C,level_1,MNAR,0.05,5.0,knn,baseline,0.0162024834747601,0.0211213968269443,0.957658415970528,456,mlp
2C,level_1,MNAR,0.1,10.0,knn,baseline,0.0161266539114758,0.0211179453471333,0.957672253046084,456,mlp
2C,level_1,MNAR,0.15,15.0,knn,baseline,0.016395517851177,0.0213735930838246,0.9566412350722614,456,mlp
2C,level_1,MNAR,0.2,20.0,knn,baseline,0.0159792281428076,0.0208143500368584,0.9588805273069012,456,mlp
2C,level_1,MNAR,0.25,25.0,knn,baseline,0.0164177715712621,0.021617897575111,0.9556443713673488,456,mlp
2C,level_1,MNAR,0.3,30.0,knn,baseline,0.016206568146708,0.0214883384019588,0.9561744375511017,456,mlp
2C,level_1,MNAR,0.35,35.0,knn,baseline,0.0162670407080112,0.0213154111718757,0.9568769710355848,456,mlp
2C,level_1,MNAR,0.4,40.0,knn,baseline,0.01597667571118,0.0210597400384293,0.9579052590806908,456,mlp
2C,level_1,MNAR,0.45,45.0,knn,baseline,0.0160055348771556,0.0211626055326158,0.9574930344839686,456,mlp
2C,level_1,MNAR,0.5,50.0,knn,baseline,0.0161977074690032,0.0213103006572022,0.9568976466351876,456,mlp
2C,level_1,MNAR,0.55,55.00000000000001,knn,baseline,0.015961182590714,0.0210212073539176,0.9580591583665132,456,mlp
2C,level_1,MNAR,0.6000000000000001,60.00000000000001,knn,baseline,0.0161104153116842,0.0218303500573178,0.9547682668822972,456,mlp
2C,level_1,MNAR,0.65,65.0,knn,baseline,0.0165696607986488,0.0235694877206549,0.947274328972488,456,mlp
2C,level_1,MNAR,0.7000000000000001,70.0,knn,baseline,0.0169516310428915,0.0247984680700059,0.9416324404499202,456,mlp
2C,level_1,MNAR,0.75,75.0,knn,baseline,0.0181740359853682,0.0277463443019794,0.9269309650986988,456,mlp
2C,level_1,MNAR,0.8,80.0,knn,baseline,0.0171153092981878,0.0256228525045353,0.9376872694855306,456,mlp
2C,level_1,MNAR,0.8500000000000001,85.00000000000001,knn,baseline,0.0198568459142718,0.0310564356909973,0.908457019006768,456,mlp
2C,level_1,MNAR,0.9,90.0,knn,baseline,0.0202551249657059,0.0332977604140711,0.8947670179937246,456,mlp
2C,level_1,MNAR,0.95,95.0,knn,baseline,0.0217632703589915,0.0356730988559428,0.879217642079301,456,mlp
2C,level_1,MCAR,0.0,0.0,knn,baseline,0.0175424873961342,0.0220400700274116,0.9527887472149216,789,mlp
2C,level_1,MCAR,0.05,5.0,knn,baseline,0.017476623381027,0.0218575003758434,0.9535676596827812,789,mlp
2C,level_1,MCAR,0.1,10.0,knn,baseline,0.0175676439639293,0.0221097237894408,0.9524898699760956,789,mlp
2C,level_1,MCAR,0.15,15.0,knn,baseline,0.0173706144010177,0.0219449531731488,0.9531953608041552,789,mlp
2C,level_1,MCAR,0.2,20.0,knn,baseline,0.0175692563068987,0.0221307756137656,0.9523993531446904,789,mlp
2C,level_1,MCAR,0.25,25.0,knn,baseline,0.0172052439740209,0.0214857644539082,0.9551336019137552,789,mlp
2C,level_1,MCAR,0.3,30.0,knn,baseline,0.0172678797883216,0.0216357982642497,0.9545048154048578,789,mlp
2C,level_1,MCAR,0.35,35.0,knn,baseline,0.0172714336123129,0.0214301007266946,0.955365773859038,789,mlp
2C,level_1,MCAR,0.4,40.0,knn,baseline,0.0174984338753151,0.0219417278499642,0.9532091178619352,789,mlp
2C,level_1,MCAR,0.45,45.0,knn,baseline,0.0170785560090132,0.0214151323078799,0.9554281039872544,789,mlp
2C,level_1,MCAR,0.5,50.0,knn,baseline,0.0178294009283335,0.0227685604421116,0.9496162218945924,789,mlp
2C,level_1,MCAR,0.55,55.00000000000001,knn,baseline,0.0171560827288964,0.0214207475048012,0.9554047267993624,789,mlp
2C,level_1,MCAR,0.6000000000000001,60.00000000000001,knn,baseline,0.0181821447719227,0.0242579806114545,0.9428088441312716,789,mlp
2C,level_1,MCAR,0.65,65.0,knn,baseline,0.0181636536759559,0.0232867947336624,0.9472965537015244,789,mlp
2C,level_1,MCAR,0.7000000000000001,70.0,knn,baseline,0.0191803245676888,0.0252072493592916,0.9382452312172488,789,mlp
2C,level_1,MCAR,0.75,75.0,knn,baseline,0.0203597641292244,0.0273026508932679,0.927551530248922,789,mlp
2C,level_1,MCAR,0.8,80.0,knn,baseline,0.024660533247572,0.0376277878207931,0.8623941308955824,789,mlp
2C,level_1,MCAR,0.8500000000000001,85.00000000000001,knn,baseline,0.0265789387563262,0.0410766731758192,0.8360127398166991,789,mlp
2C,level_1,MCAR,0.9,90.0,knn,baseline,0.0395605814059575,0.0616957691151272,0.6300608025673864,789,mlp
2C,level_1,MCAR,0.95,95.0,knn,baseline,0.0534005129650385,0.0758903656059895,0.4402515818555848,789,mlp
2C,level_1,MAR,0.0,0.0,knn,baseline,0.0175424873961342,0.0220400700274116,0.9527887472149216,789,mlp
2C,level_1,MAR,0.05,5.0,knn,baseline,0.0174452161993643,0.0219237651341215,0.9532856977274048,789,mlp
2C,level_1,MAR,0.1,10.0,knn,baseline,0.0172668650258671,0.0215779756129872,0.9547476663403572,789,mlp
2C,level_1,MAR,0.15,15.0,knn,baseline,0.0173848141299353,0.0217935822009858,0.9538388280144986,789,mlp
2C,level_1,MAR,0.2,20.0,knn,baseline,0.0174596814760054,0.0218361578485068,0.9536582921574708,789,mlp
2C,level_1,MAR,0.25,25.0,knn,baseline,0.0173317873947548,0.0217114640661417,0.9541860428685728,789,mlp
2C,level_1,MAR,0.3,30.0,knn,baseline,0.0170745132860511,0.0214170646104472,0.9554200601168288,789,mlp
2C,level_1,MAR,0.35,35.0,knn,baseline,0.0173727080990569,0.0216395431453328,0.9544890647679856,789,mlp
2C,level_1,MAR,0.4,40.0,knn,baseline,0.0175697739365124,0.0221691062499131,0.9522343211382244,789,mlp
2C,level_1,MAR,0.45,45.0,knn,baseline,0.0176970245212015,0.023401842313861,0.9467745083062712,789,mlp
2C,level_1,MAR,0.5,50.0,knn,baseline,0.0182040861688479,0.0237281894702022,0.945279659908736,789,mlp
2C,level_1,MAR,0.55,55.00000000000001,knn,baseline,0.0190510728768628,0.0269691009241568,0.929310888693188,789,mlp
2C,level_1,MAR,0.6000000000000001,60.00000000000001,knn,baseline,0.0232527872456444,0.0391186938891159,0.8512735277540787,789,mlp
2C,level_1,MAR,0.65,65.0,knn,baseline,0.0273189606124704,0.047068980389317,0.7846776226374245,789,mlp
2C,level_1,MAR,0.7000000000000001,70.0,knn,baseline,0.034376250412729,0.0593149343131994,0.6580617439543142,789,mlp
2C,level_1,MAR,0.75,75.0,knn,baseline,0.0394618564639428,0.0665639299660404,0.5693767297307413,789,mlp
2C,level_1,MAR,0.8,80.0,knn,baseline,0.0436254966800863,0.0718017188426404,0.4989405395040367,789,mlp
2C,level_1,MAR,0.8500000000000001,85.00000000000001,knn,baseline,0.0479679575351753,0.0781719441076082,0.4060889433586387,789,mlp
2C,level_1,MAR,0.9,90.0,knn,baseline,0.0506039090818829,0.0825847325636934,0.3371441121649143,789,mlp
2C,level_1,MAR,0.95,95.0,knn,baseline,0.0523353748851352,0.0842571455743004,0.3100254542762867,789,mlp
2C,level_1,MNAR,0.0,0.0,knn,baseline,0.0175424873961342,0.0220400700274116,0.9527887472149216,789,mlp
2C,level_1,MNAR,0.05,5.0,knn,baseline,0.0173006191097124,0.0217443652038345,0.9540470864722862,789,mlp
2C,level_1,MNAR,0.1,10.0,knn,baseline,0.0174311604234907,0.021634998702774,0.9545081779361904,789,mlp
2C,level_1,MNAR,0.15,15.0,knn,baseline,0.0175145558769052,0.0220471282163624,0.952758504180388,789,mlp
2C,level_1,MNAR,0.2,20.0,knn,baseline,0.0176033337043993,0.0218652058477236,0.9535349161255112,789,mlp
2C,level_1,MNAR,0.25,25.0,knn,baseline,0.0170824143790235,0.0212462883023808,0.9561281724995928,789,mlp
2C,level_1,MNAR,0.3,30.0,knn,baseline,0.0174522409390921,0.0218546779731471,0.9535796502854696,789,mlp
2C,level_1,MNAR,0.35,35.0,knn,baseline,0.0170416131946775,0.0213948184291552,0.9555126235357196,789,mlp
2C,level_1,MNAR,0.4,40.0,knn,baseline,0.0169798810301405,0.0211759310722038,0.9564182551161204,789,mlp
2C,level_1,MNAR,0.45,45.0,knn,baseline,0.0173754997313624,0.0217952154476581,0.9538319089678856,789,mlp
2C,level_1,MNAR,0.5,50.0,knn,baseline,0.0175001219017337,0.0222459504190397,0.9519026094882702,789,mlp
2C,level_1,MNAR,0.55,55.00000000000001,knn,baseline,0.0174293711486488,0.0223055117641808,0.951644712634278,789,mlp
2C,level_1,MNAR,0.6000000000000001,60.00000000000001,knn,baseline,0.0174714737251551,0.0223003407180971,0.9516671302714954,789,mlp
2C,level_1,MNAR,0.65,65.0,knn,baseline,0.0190116026702553,0.0272629487619843,0.92776207883932,789,mlp
2C,level_1,MNAR,0.7000000000000001,70.0,knn,baseline,0.0191033211512999,0.0271168920731845,0.9285340107021948,789,mlp
2C,level_1,MNAR,0.75,75.0,knn,baseline,0.0199873596598403,0.0294325424091713,0.915807163432198,789,mlp
2C,level_1,MNAR,0.8,80.0,knn,baseline,0.0209720663036963,0.0319133693008339,0.9010160226416004,789,mlp
2C,level_1,MNAR,0.8500000000000001,85.00000000000001,knn,baseline,0.0215267819888664,0.0324786158648641,0.8974785806227359,789,mlp
2C,level_1,MNAR,0.9,90.0,knn,baseline,0.0232461075048254,0.0343131661294254,0.8855696646559985,789,mlp
2C,level_1,MNAR,0.95,95.0,knn,baseline,0.0228329632246133,0.0344614889499715,0.8845782485240252,789,mlp
2C,level_3,MCAR,0.0,0.0,knn,baseline,0.013076490050405,0.0199581567996551,0.9615745697066972,123,mlp
2C,level_3,MCAR,0.05,5.0,knn,baseline,0.0129042328644804,0.0190273968870198,0.9650749824454168,123,mlp
2C,level_3,MCAR,0.1,10.0,knn,baseline,0.0128521703436126,0.0191924918645642,0.964466285448646,123,mlp
2C,level_3,MCAR,0.15,15.0,knn,baseline,0.012851401536361,0.01952414020758,0.9632276221148202,123,mlp
2C,level_3,MCAR,0.2,20.0,knn,baseline,0.0133283342379041,0.0197309776312711,0.96244436691999,123,mlp
2C,level_3,MCAR,0.25,25.0,knn,baseline,0.0128954098039307,0.0198885743113693,0.961842036907883,123,mlp
2C,level_3,MCAR,0.3,30.0,knn,baseline,0.0130279287481496,0.0194029134718489,0.9636828489170456,123,mlp
2C,level_3,MCAR,0.35,35.0,knn,baseline,0.0126445084962606,0.0182958893626038,0.9677087445961642,123,mlp
2C,level_3,MCAR,0.4,40.0,knn,baseline,0.0126038808571334,0.0184674302169837,0.9671003852741654,123,mlp
2C,level_3,MCAR,0.45,45.0,knn,baseline,0.0128950848912376,0.0185133717120375,0.966936492680704,123,mlp
2C,level_3,MCAR,0.5,50.0,knn,baseline,0.0124235513722315,0.0179750381026088,0.9688313840187984,123,mlp
2C,level_3,MCAR,0.55,55.00000000000001,knn,baseline,0.0129875131388426,0.0189783842806483,0.9652546771752646,123,mlp
2C,level_3,MCAR,0.6000000000000001,60.00000000000001,knn,baseline,0.0130803995572217,0.0192883135251379,0.9641105839255524,123,mlp
2C,level_3,MCAR,0.65,65.0,knn,baseline,0.0138880580216057,0.0210140809793959,0.9574010708555758,123,mlp
2C,level_3,MCAR,0.7000000000000001,70.0,knn,baseline,0.0153166781225694,0.0255895695105752,0.9368310237359828,123,mlp
2C,level_3,MCAR,0.75,75.0,knn,baseline,0.017355428297372,0.0316813254048523,0.9031756559783402,123,mlp
2C,level_3,MCAR,0.8,80.0,knn,baseline,0.0201770189169681,0.0345551911955949,0.8848127315741123,123,mlp
2C,level_3,MCAR,0.8500000000000001,85.00000000000001,knn,baseline,0.0267680920649894,0.047112910159949,0.7858797500524806,123,mlp
2C,level_3,MCAR,0.9,90.0,knn,baseline,0.033284959247775,0.0554687302951561,0.7031928707063593,123,mlp
2C,level_3,MCAR,0.95,95.0,knn,baseline,0.0538353676638898,0.0776435715395152,0.4184475527946785,123,mlp
2C,level_3,MAR,0.0,0.0,knn,baseline,0.013076490050405,0.0199581567996551,0.9615745697066972,123,mlp
2C,level_3,MAR,0.05,5.0,knn,baseline,0.0128383688066002,0.0185389674833722,0.966845005186705,123,mlp
2C,level_3,MAR,0.1,10.0,knn,baseline,0.0129528802637997,0.0187622373875763,0.9660416068557464,123,mlp
2C,level_3,MAR,0.15,15.0,knn,baseline,0.0129149258215279,0.0194768880987845,0.9634053989342112,123,mlp
2C,level_3,MAR,0.2,20.0,knn,baseline,0.0130624620314486,0.0191939334025591,0.96446094741087,123,mlp
2C,level_3,MAR,0.25,25.0,knn,baseline,0.0129408804085572,0.0193800206288656,0.9637684971230708,123,mlp
2C,level_3,MAR,0.3,30.0,knn,baseline,0.0128847291328219,0.0189978623922859,0.9651833201446888,123,mlp
2C,level_3,MAR,0.35,35.0,knn,baseline,0.0131645387755081,0.0198805150288011,0.9618729555141042,123,mlp
2C,level_3,MAR,0.4,40.0,knn,baseline,0.0129055570909,0.0184956105569011,0.9669999024581484,123,mlp
2C,level_3,MAR,0.45,45.0,knn,baseline,0.0132321428379365,0.0198132924046226,0.9621303599929836,123,mlp
2C,level_3,MAR,0.5,50.0,knn,baseline,0.0150538576927737,0.0276042448786532,0.9264928437446532,123,mlp
2C,level_3,MAR,0.55,55.00000000000001,knn,baseline,0.0167308147968196,0.0306293152128345,0.9094991926648796,123,mlp
2C,level_3,MAR,0.6000000000000001,60.00000000000001,knn,baseline,0.0231912264176822,0.0465143588669004,0.7912858193457994,123,mlp
2C,level_3,MAR,0.65,65.0,knn,baseline,0.0324937489877733,0.0640686281817755,0.6040241232258647,123,mlp
2C,level_3,MAR,0.7000000000000001,70.0,knn,baseline,0.0378449987479349,0.0725057752162679,0.4928655897208017,123,mlp
2C,level_3,MAR,0.75,75.0,knn,baseline,0.0421035068836136,0.0778047298693564,0.4160308868746457,123,mlp
2C,level_3,MAR,0.8,80.0,knn,baseline,0.0429361620753493,0.0784883912391992,0.4057232577563088,123,mlp
2C,level_3,MAR,0.8500000000000001,85.00000000000001,knn,baseline,0.0455577606218762,0.0821771157374622,0.3485521315097506,123,mlp
2C,level_3,MAR,0.9,90.0,knn,baseline,0.0489134789807366,0.0861201348983632,0.2845368311358677,123,mlp
2C,level_3,MAR,0.95,95.0,knn,baseline,0.0492222337333267,0.0867329583268064,0.2743182547729381,123,mlp
2C,level_3,MNAR,0.0,0.0,knn,baseline,0.013076490050405,0.0199581567996551,0.9615745697066972,123,mlp
2C,level_3,MNAR,0.05,5.0,knn,baseline,0.0130818251281858,0.0196915351058503,0.9625943654127596,123,mlp
2C,level_3,MNAR,0.1,10.0,knn,baseline,0.0129727303940945,0.0197004883579751,0.9625603428531798,123,mlp
2C,level_3,MNAR,0.15,15.0,knn,baseline,0.0129199183706552,0.0189823210799948,0.9652402608214516,123,mlp
2C,level_3,MNAR,0.2,20.0,knn,baseline,0.0127896324202948,0.0193180204476682,0.9639999485266988,123,mlp
2C,level_3,MNAR,0.25,25.0,knn,baseline,0.013032808149285,0.0193281571539162,0.9639621581443903,123,mlp
2C,level_3,MNAR,0.3,30.0,knn,baseline,0.0129825504966404,0.0191301910152475,0.964696603380166,123,mlp
2C,level_3,MNAR,0.35,35.0,knn,baseline,0.0130926282452971,0.0192010157646068,0.9644347154896252,123,mlp
2C,level_3,MNAR,0.4,40.0,knn,baseline,0.0130719495341083,0.0193563724038298,0.9638568652413082,123,mlp
2C,level_3,MNAR,0.45,45.0,knn,baseline,0.012991306007144,0.0186155143590304,0.9665706478634244,123,mlp
2C,level_3,MNAR,0.5,50.0,knn,baseline,0.0131293834666175,0.0197347721236074,0.9624299207767528,123,mlp
2C,level_3,MNAR,0.55,55.00000000000001,knn,baseline,0.0138022610509819,0.0211762884043593,0.9567408915043604,123,mlp
2C,level_3,MNAR,0.6000000000000001,60.00000000000001,knn,baseline,0.0135091794759074,0.020743174025969,0.9584923352187744,123,mlp
2C,level_3,MNAR,0.65,65.0,knn,baseline,0.0161359511540027,0.0278255763809846,0.9253093537548498,123,mlp
2C,level_3,MNAR,0.7000000000000001,70.0,knn,baseline,0.0161758202237417,0.0278328516770239,0.9252702913042616,123,mlp
2C,level_3,MNAR,0.75,75.0,knn,baseline,0.0170924843472768,0.0302159069197435,0.9119257108158292,123,mlp
2C,level_3,MNAR,0.8,80.0,knn,baseline,0.0185391188170441,0.0342185816661959,0.8870459290870635,123,mlp
2C,level_3,MNAR,0.8500000000000001,85.00000000000001,knn,baseline,0.0201795716970491,0.0379027601641671,0.8614139381598171,123,mlp
2C,level_3,MNAR,0.9,90.0,knn,baseline,0.0245273403612521,0.046288842930247,0.7933047345410512,123,mlp
2C,level_3,MNAR,0.95,95.0,knn,baseline,0.024044339193814,0.0460028252261437,0.7958511736221454,123,mlp
2C,level_3,MCAR,0.0,0.0,knn,baseline,0.027209221420774,0.0325087063042535,0.9092639565265188,1000,mlp
2C,level_3,MCAR,0.05,5.0,knn,baseline,0.0273350976603805,0.0329216579449958,0.906944111368393,1000,mlp
2C,level_3,MCAR,0.1,10.0,knn,baseline,0.0273192780075559,0.0328402729645478,0.907403625936155,1000,mlp
2C,level_3,MCAR,0.15,15.0,knn,baseline,0.0279012259926765,0.0332722853363341,0.9049513992669448,1000,mlp
2C,level_3,MCAR,0.2,20.0,knn,baseline,0.0277555828240267,0.0332092512361318,0.9053111958797958,1000,mlp
2C,level_3,MCAR,0.25,25.0,knn,baseline,0.0279237961580798,0.0333594209120885,0.9044529087466996,1000,mlp
2C,level_3,MCAR,0.3,30.0,knn,baseline,0.0284534246614784,0.0341305757928742,0.8999844116226592,1000,mlp
2C,level_3,MCAR,0.35,35.0,knn,baseline,0.0276923476881282,0.0329432095668863,0.9068222364758614,1000,mlp
2C,level_3,MCAR,0.4,40.0,knn,baseline,0.0280515341278853,0.0338674021859666,0.9015208629089694,1000,mlp
2C,level_3,MCAR,0.45,45.0,knn,baseline,0.0283387310186009,0.034199894361372,0.8995777394475535,1000,mlp
2C,level_3,MCAR,0.5,50.0,knn,baseline,0.0282384446332409,0.033439128299384,0.9039957720685492,1000,mlp
2C,level_3,MCAR,0.55,55.00000000000001,knn,baseline,0.028498416718404,0.0341492368783195,0.8998750135460416,1000,mlp
2C,level_3,MCAR,0.6000000000000001,60.00000000000001,knn,baseline,0.0284022451898854,0.0351369030968275,0.8939996190684135,1000,mlp
2C,level_3,MCAR,0.65,65.0,knn,baseline,0.0288896291064608,0.0367257485106119,0.884196475866532,1000,mlp
2C,level_3,MCAR,0.7000000000000001,70.0,knn,baseline,0.029180745066503,0.0379340202150138,0.8764512924015947,1000,mlp
2C,level_3,MCAR,0.75,75.0,knn,baseline,0.03519287005139,0.0520517275281972,0.7673780137478008,1000,mlp
2C,level_3,MCAR,0.8,80.0,knn,baseline,0.0382888658389923,0.0574904771123896,0.7162262038953437,1000,mlp
2C,level_3,MCAR,0.8500000000000001,85.00000000000001,knn,baseline,0.0462976826455183,0.0712844302014142,0.5637154545950303,1000,mlp
2C,level_3,MCAR,0.9,90.0,knn,baseline,0.0688507182686192,0.1013439033260556,0.1181885798650466,1000,mlp
2C,level_3,MCAR,0.95,95.0,knn,baseline,0.1016473391113767,0.1329975229642421,-0.5186845299990481,1000,mlp
2C,level_3,MAR,0.0,0.0,knn,baseline,0.027209221420774,0.0325087063042535,0.9092639565265188,1000,mlp
2C,level_3,MAR,0.05,5.0,knn,baseline,0.0274194853983107,0.032752990468497,0.9078951749852574,1000,mlp
2C,level_3,MAR,0.1,10.0,knn,baseline,0.0279064869218571,0.033442764553422,0.9039748914559248,1000,mlp
2C,level_3,MAR,0.15,15.0,knn,baseline,0.0280949075844637,0.0333712425767797,0.9043851782057843,1000,mlp
2C,level_3,MAR,0.2,20.0,knn,baseline,0.0279697370128267,0.0338062623127782,0.9018761052241178,1000,mlp
2C,level_3,MAR,0.25,25.0,knn,baseline,0.0278355532275643,0.0331751754855571,0.9055054150543358,1000,mlp
2C,level_3,MAR,0.3,30.0,knn,baseline,0.0282851966748571,0.0340028905323432,0.900731344740108,1000,mlp
2C,level_3,MAR,0.35,35.0,knn,baseline,0.0284231049215717,0.0339829111873047,0.90084796659229,1000,mlp
2C,level_3,MAR,0.4,40.0,knn,baseline,0.0281325025023928,0.0338587088050048,0.9015714133924736,1000,mlp
2C,level_3,MAR,0.45,45.0,knn,baseline,0.0284868585452911,0.0344881873382239,0.8978775554881469,1000,mlp
2C,level_3,MAR,0.5,50.0,knn,baseline,0.0292361739407679,0.0362281925311527,0.8873130048620624,1000,mlp
2C,level_3,MAR,0.55,55.00000000000001,knn,baseline,0.0286893708587452,0.0346890295432522,0.8966846706171884,1000,mlp
2C,level_3,MAR,0.6000000000000001,60.00000000000001,knn,baseline,0.0294393682540602,0.037250980576256,0.8808604698814269,1000,mlp
2C,level_3,MAR,0.65,65.0,knn,baseline,0.0324040540634446,0.0432615950313314,0.8393112326221585,1000,mlp
2C,level_3,MAR,0.7000000000000001,70.0,knn,baseline,0.0340079865170132,0.0444466010702883,0.8303876097763243,1000,mlp
2C,level_3,MAR,0.75,75.0,knn,baseline,0.0382800132897249,0.0503489093349043,0.7823490341928135,1000,mlp
2C,level_3,MAR,0.8,80.0,knn,baseline,0.0413026513069298,0.0546808435136496,0.743285218986544,1000,mlp
2C,level_3,MAR,0.8500000000000001,85.00000000000001,knn,baseline,0.0450158440875399,0.0593126427844352,0.6979526605352111,1000,mlp
2C,level_3,MAR,0.9,90.0,knn,baseline,0.0469209039372243,0.0623064335745425,0.6666916067972251,1000,mlp
2C,level_3,MAR,0.95,95.0,knn,baseline,0.0501607832756771,0.066844676088283,0.6163686320094741,1000,mlp
2C,level_3,MNAR,0.0,0.0,knn,baseline,0.027209221420774,0.0325087063042535,0.9092639565265188,1000,mlp
2C,level_3,MNAR,0.05,5.0,knn,baseline,0.0274488358491545,0.0327582928404968,0.9078653509252506,1000,mlp
2C,level_3,MNAR,0.1,10.0,knn,baseline,0.0274156742411813,0.0326608264229612,0.9084127955054894,1000,mlp
2C,level_3,MNAR,0.15,15.0,knn,baseline,0.0280424103050474,0.033187147803791,0.905437199989181,1000,mlp
2C,level_3,MNAR,0.2,20.0,knn,baseline,0.0280688445729055,0.0334192594442823,0.9041098257232738,1000,mlp
2C,level_3,MNAR,0.25,25.0,knn,baseline,0.0280740957357321,0.0336506157326415,0.9027775648588876,1000,mlp
2C,level_3,MNAR,0.3,30.0,knn,baseline,0.0276341660772918,0.0330696850951098,0.9061054071850044,1000,mlp
2C,level_3,MNAR,0.35,35.0,knn,baseline,0.0279191980969374,0.0334284280942684,0.9040572031300348,1000,mlp
2C,level_3,MNAR,0.4,40.0,knn,baseline,0.0283575880548756,0.0336984123507292,0.9025011833614188,1000,mlp
2C,level_3,MNAR,0.45,45.0,knn,baseline,0.0287959209830897,0.0344104118053422,0.8983376360144399,1000,mlp
2C,level_3,MNAR,0.5,50.0,knn,baseline,0.0280090695836741,0.0333451181239827,0.9045348224491307,1000,mlp
2C,level_3,MNAR,0.55,55.00000000000001,knn,baseline,0.0284307872808662,0.0343421685826619,0.8987404726816082,1000,mlp
2C,level_3,MNAR,0.6000000000000001,60.00000000000001,knn,baseline,0.0290864651042184,0.034884183911348,0.8955189330195769,1000,mlp
2C,level_3,MNAR,0.65,65.0,knn,baseline,0.0288673606423056,0.0351212936193262,0.8940937789338124,1000,mlp
2C,level_3,MNAR,0.7000000000000001,70.0,knn,baseline,0.0287780084136185,0.0346445025424607,0.8969497324719856,1000,mlp
2C,level_3,MNAR,0.75,75.0,knn,baseline,0.0297778346322903,0.0356408162314096,0.8909374250285331,1000,mlp
2C,level_3,MNAR,0.8,80.0,knn,baseline,0.0298538951873779,0.0373956889603978,0.8799330325054694,1000,mlp
2C,level_3,MNAR,0.8500000000000001,85.00000000000001,knn,baseline,0.0312474115930545,0.0391336483947998,0.8685135071677828,1000,mlp
2C,level_3,MNAR,0.9,90.0,knn,baseline,0.032696484914403,0.0419279128836544,0.8490660447966725,1000,mlp
2C,level_3,MNAR,0.95,95.0,knn,baseline,0.0338830369159674,0.0444941403759003,0.8300245868581073,1000,mlp
2C,level_3,MCAR,0.0,0.0,knn,baseline,0.0366385863164458,0.0528661272811995,0.7283719728886716,789,mlp
2C,level_3,MCAR,0.05,5.0,knn,baseline,0.036560783140587,0.0526949162505078,0.7301285005824021,789,mlp
2C,level_3,MCAR,0.1,10.0,knn,baseline,0.0363990229091258,0.0525285977823554,0.7318293774023568,789,mlp
2C,level_3,MCAR,0.15,15.0,knn,baseline,0.0361275368362966,0.0512002931639279,0.7452205004895256,789,mlp
2C,level_3,MCAR,0.2,20.0,knn,baseline,0.0356648784129306,0.0509976250182444,0.7472335160308381,789,mlp
2C,level_3,MCAR,0.25,25.0,knn,baseline,0.0356030074105118,0.0510442309455673,0.7467713062967207,789,mlp
2C,level_3,MCAR,0.3,30.0,knn,baseline,0.0356603171668871,0.051241721412758,0.7448080286805342,789,mlp
2C,level_3,MCAR,0.35,35.0,knn,baseline,0.0359571371511979,0.051918940315854,0.738018138093643,789,mlp
2C,level_3,MCAR,0.4,40.0,knn,baseline,0.0354173347974064,0.0502099604724221,0.7549812365532378,789,mlp
2C,level_3,MCAR,0.45,45.0,knn,baseline,0.0357694194726269,0.0512397789890583,0.7448273754754622,789,mlp
2C,level_3,MCAR,0.5,50.0,knn,baseline,0.0355391146233587,0.0503767504191948,0.75335070179112,789,mlp
2C,level_3,MCAR,0.55,55.00000000000001,knn,baseline,0.0349247109576909,0.0495042128010753,0.7618207613987122,789,mlp
2C,level_3,MCAR,0.6000000000000001,60.00000000000001,knn,baseline,0.0350820414682831,0.0490105829680864,0.7665470740239396,789,mlp
2C,level_3,MCAR,0.65,65.0,knn,baseline,0.0346484243616913,0.0488978284258,0.7676200095738435,789,mlp
2C,level_3,MCAR,0.7000000000000001,70.0,knn,baseline,0.0340384823902688,0.0484927150451676,0.7714545468327964,789,mlp
2C,level_3,MCAR,0.75,75.0,knn,baseline,0.0342021001637584,0.0485403711965746,0.7710051206226746,789,mlp
2C,level_3,MCAR,0.8,80.0,knn,baseline,0.0384755659849956,0.0556719970044547,0.6987734935192436,789,mlp
2C,level_3,MCAR,0.8500000000000001,85.00000000000001,knn,baseline,0.0450004421364177,0.0651495342923322,0.5874826530417612,789,mlp
2C,level_3,MCAR,0.9,90.0,knn,baseline,0.0589044126970599,0.0815134838243306,0.3542290644134234,789,mlp
2C,level_3,MCAR,0.95,95.0,knn,baseline,0.0827351477097983,0.1051532343708884,-0.0746445879524702,789,mlp
2C,level_3,MAR,0.0,0.0,knn,baseline,0.0366385863164458,0.0528661272811995,0.7283719728886716,789,mlp
2C,level_3,MAR,0.05,5.0,knn,baseline,0.0363033134214805,0.0524646332087277,0.7324820875951483,789,mlp
2C,level_3,MAR,0.1,10.0,knn,baseline,0.0360289746450655,0.0518951343695829,0.7382583316050809,789,mlp
2C,level_3,MAR,0.15,15.0,knn,baseline,0.0364103453075042,0.052507045586556,0.7320493901316973,789,mlp
2C,level_3,MAR,0.2,20.0,knn,baseline,0.035962711437784,0.0513619631055248,0.7436089777703523,789,mlp
2C,level_3,MAR,0.25,25.0,knn,baseline,0.0355606042796915,0.0508975309546731,0.7482247620224003,789,mlp
2C,level_3,MAR,0.3,30.0,knn,baseline,0.0354576404359605,0.0514985398459381,0.7422436246983339,789,mlp
2C,level_3,MAR,0.35,35.0,knn,baseline,0.035102496230241,0.050535972492024,0.7517891054487791,789,mlp
2C,level_3,MAR,0.4,40.0,knn,baseline,0.0355323036535821,0.0512932704030842,0.7442943259795479,789,mlp
2C,level_3,MAR,0.45,45.0,knn,baseline,0.0354394342273172,0.0511119589930031,0.7460988673998616,789,mlp
2C,level_3,MAR,0.5,50.0,knn,baseline,0.0354964696939545,0.0507409266296576,0.749771730280449,789,mlp
2C,level_3,MAR,0.55,55.00000000000001,knn,baseline,0.0366331747216407,0.0523229828531907,0.7339246918670325,789,mlp
2C,level_3,MAR,0.6000000000000001,60.00000000000001,knn,baseline,0.0370607366754551,0.0529968107049687,0.7270274009864118,789,mlp
2C,level_3,MAR,0.65,65.0,knn,baseline,0.03922678801026,0.0561482482303477,0.6935977096617244,789,mlp
2C,level_3,MAR,0.7000000000000001,70.0,knn,baseline,0.0404753315424678,0.0568742337288878,0.6856230460853363,789,mlp
2C,level_3,MAR,0.75,75.0,knn,baseline,0.0411209202932588,0.0567284592356743,0.6872325415289321,789,mlp
2C,level_3,MAR,0.8,80.0,knn,baseline,0.0432519819471571,0.0596151122334843,0.6545920599973716,789,mlp
2C,level_3,MAR,0.8500000000000001,85.00000000000001,knn,baseline,0.0454708498764519,0.0618433775041732,0.6282885107910732,789,mlp
2C,level_3,MAR,0.9,90.0,knn,baseline,0.0470014729403486,0.0629168936856374,0.6152717030607335,789,mlp
2C,level_3,MAR,0.95,95.0,knn,baseline,0.0483918019424785,0.0642390196766701,0.5989325707557211,789,mlp
2C,level_3,MNAR,0.0,0.0,knn,baseline,0.0366385863164458,0.0528661272811995,0.7283719728886716,789,mlp
2C,level_3,MNAR,0.05,5.0,knn,baseline,0.0366309613796195,0.0527219276820779,0.7298517572307569,789,mlp
2C,level_3,MNAR,0.1,10.0,knn,baseline,0.0365524774187743,0.0525784658540548,0.7313199596639393,789,mlp
2C,level_3,MNAR,0.15,15.0,knn,baseline,0.0361563224069999,0.0515888340474212,0.7413389656678504,789,mlp
2C,level_3,MNAR,0.2,20.0,knn,baseline,0.0365036032464769,0.052919713647466,0.7278210365281457,789,mlp
2C,level_3,MNAR,0.25,25.0,knn,baseline,0.0362823542115664,0.0515769647087477,0.7414579752284651,789,mlp
2C,level_3,MNAR,0.3,30.0,knn,baseline,0.0354508691749187,0.0507622155310324,0.7495617143100266,789,mlp
2C,level_3,MNAR,0.35,35.0,knn,baseline,0.0352319762152854,0.0501347737741089,0.7557144918112579,789,mlp
2C,level_3,MNAR,0.4,40.0,knn,baseline,0.0354292494516179,0.0508073361588661,0.7491163060626262,789,mlp
2C,level_3,MNAR,0.45,45.0,knn,baseline,0.0356259345972176,0.0505413083168553,0.7517366881425341,789,mlp
2C,level_3,MNAR,0.5,50.0,knn,baseline,0.0351769368455867,0.0500756944978486,0.7562898891418565,789,mlp
2C,level_3,MNAR,0.55,55.00000000000001,knn,baseline,0.0350066561915657,0.0495708083595433,0.7611795089687979,789,mlp
2C,level_3,MNAR,0.6000000000000001,60.00000000000001,knn,baseline,0.0348033908593534,0.0494868104487425,0.7619881875737242,789,mlp
2C,level_3,MNAR,0.65,65.0,knn,baseline,0.0348995901707446,0.0496534724182278,0.7603823328698973,789,mlp
2C,level_3,MNAR,0.7000000000000001,70.0,knn,baseline,0.0356763414650252,0.0506016783354174,0.7511432483448117,789,mlp
2C,level_3,MNAR,0.75,75.0,knn,baseline,0.035650272147824,0.0502207041937764,0.7548763691152728,789,mlp
2C,level_3,MNAR,0.8,80.0,knn,baseline,0.0353929584483907,0.0499599515940549,0.7574151902332964,789,mlp
2C,level_3,MNAR,0.8500000000000001,85.00000000000001,knn,baseline,0.0361429457568159,0.051064355394576,0.7465715935213919,789,mlp
2C,level_3,MNAR,0.9,90.0,knn,baseline,0.0370456594722439,0.0518081051372641,0.7391354880538922,789,mlp
2C,level_3,MNAR,0.95,95.0,knn,baseline,0.0381040224270387,0.0530701072332632,0.7262718166627482,789,mlp
2C,level_3,MCAR,0.0,0.0,knn,baseline,0.0172923339011586,0.0222114734084113,0.9560381300145608,42,mlp
2C,level_3,MCAR,0.05,5.0,knn,baseline,0.0171238966663218,0.0220547914132502,0.9566561654712162,42,mlp
2C,level_3,MCAR,0.1,10.0,knn,baseline,0.0172666790617325,0.0220796648526182,0.9565583438081232,42,mlp
2C,level_3,MCAR,0.15,15.0,knn,baseline,0.0172405024237614,0.0222562424439346,0.955860733950231,42,mlp
2C,level_3,MCAR,0.2,20.0,knn,baseline,0.017164361000061,0.0218535000947548,0.957443742433032,42,mlp
2C,level_3,MCAR,0.25,25.0,knn,baseline,0.0171670931566942,0.0215575322104568,0.9585886386534104,42,mlp
2C,level_3,MCAR,0.3,30.0,knn,baseline,0.0172238924426615,0.0220805497116415,0.9565548618248616,42,mlp
2C,level_3,MCAR,0.35,35.0,knn,baseline,0.0170674288883479,0.021449371500677,0.9590031430347264,42,mlp
2C,level_3,MCAR,0.4,40.0,knn,baseline,0.0170015219917935,0.0217810045187949,0.957725621596897,42,mlp
2C,level_3,MCAR,0.45,45.0,knn,baseline,0.017225122745126,0.0225197992859792,0.9548091561381434,42,mlp
2C,level_3,MCAR,0.5,50.0,knn,baseline,0.0173547984912435,0.0218966739741081,0.957275427643201,42,mlp
2C,level_3,MCAR,0.55,55.00000000000001,knn,baseline,0.0173577635457003,0.0223692236948953,0.9554114606963854,42,mlp
2C,level_3,MCAR,0.6000000000000001,60.00000000000001,knn,baseline,0.0176337725935141,0.0241321477315978,0.9481064512671264,42,mlp
2C,level_3,MCAR,0.65,65.0,knn,baseline,0.0177347296011494,0.0231814516232309,0.9521146488741788,42,mlp
2C,level_3,MCAR,0.7000000000000001,70.0,knn,baseline,0.0189461957018347,0.0264926808749487,0.937457788128112,42,mlp
2C,level_3,MCAR,0.75,75.0,knn,baseline,0.0216122140982589,0.0340497498768395,0.8966883560580694,42,mlp
2C,level_3,MCAR,0.8,80.0,knn,baseline,0.0238785602589218,0.0357251643225725,0.886271348312695,42,mlp
2C,level_3,MCAR,0.8500000000000001,85.00000000000001,knn,baseline,0.0323000691658128,0.0498276283108254,0.7787609155321829,42,mlp
2C,level_3,MCAR,0.9,90.0,knn,baseline,0.0438579532029239,0.0657220146808966,0.615104213869587,42,mlp
2C,level_3,MCAR,0.95,95.0,knn,baseline,0.0603938385535084,0.0813782769783328,0.4098826263888578,42,mlp
2C,level_3,MAR,0.0,0.0,knn,baseline,0.0172923339011586,0.0222114734084113,0.9560381300145608,42,mlp
2C,level_3,MAR,0.05,5.0,knn,baseline,0.0173521590067152,0.0222369841657098,0.9559370881233824,42,mlp
2C,level_3,MAR,0.1,10.0,knn,baseline,0.0175454024875793,0.0226381753536238,0.9543328131413692,42,mlp
2C,level_3,MAR,0.15,15.0,knn,baseline,0.0174530512209564,0.0226066319595882,0.9544599872154662,42,mlp
2C,level_3,MAR,0.2,20.0,knn,baseline,0.0173712602846104,0.0219276101755745,0.9571546175447015,42,mlp
2C,level_3,MAR,0.25,25.0,knn,baseline,0.0172965335035876,0.0213682564645158,0.9593126321580064,42,mlp
2C,level_3,MAR,0.3,30.0,knn,baseline,0.0171769281249862,0.0218713028379662,0.957374378100969,42,mlp
2C,level_3,MAR,0.35,35.0,knn,baseline,0.0176010394237523,0.0223721182492877,0.9553999205281234,42,mlp
2C,level_3,MAR,0.4,40.0,knn,baseline,0.0178648888306881,0.0232747736908468,0.9517283266507174,42,mlp
2C,level_3,MAR,0.45,45.0,knn,baseline,0.0179912107570751,0.0231836187108128,0.9521056954572878,42,mlp
2C,level_3,MAR,0.5,50.0,knn,baseline,0.0198427612103397,0.0274431342787403,0.9328897523435188,42,mlp
2C,level_3,MAR,0.55,55.00000000000001,knn,baseline,0.0209411126275473,0.0309660863720856,0.9145535425503382,42,mlp
2C,level_3,MAR,0.6000000000000001,60.00000000000001,knn,baseline,0.026238613031699,0.0437498950110941,0.8294406820750029,42,mlp
2C,level_3,MAR,0.65,65.0,knn,baseline,0.0344468873881925,0.0591368159605587,0.6883714094668429,42,mlp
2C,level_3,MAR,0.7000000000000001,70.0,knn,baseline,0.0422311990939205,0.0716488642935683,0.5425537814973708,42,mlp
2C,level_3,MAR,0.75,75.0,knn,baseline,0.0459878231622997,0.0758137814039263,0.4878257529012214,42,mlp
2C,level_3,MAR,0.8,80.0,knn,baseline,0.0475276594824772,0.0788299448043169,0.4462625897842601,42,mlp
2C,level_3,MAR,0.8500000000000001,85.00000000000001,knn,baseline,0.0483063584282284,0.0800696922255371,0.4287085313778791,42,mlp
2C,level_3,MAR,0.9,90.0,knn,baseline,0.0482907515701333,0.0807306090564528,0.419238419926236,42,mlp
2C,level_3,MAR,0.95,95.0,knn,baseline,0.0484653369297238,0.080868971459596,0.4172460051872322,42,mlp
2C,level_3,MNAR,0.0,0.0,knn,baseline,0.0172923339011586,0.0222114734084113,0.9560381300145608,42,mlp
2C,level_3,MNAR,0.05,5.0,knn,baseline,0.0172525483773328,0.0221852339091395,0.9561419372739156,42,mlp
2C,level_3,MNAR,0.1,10.0,knn,baseline,0.0172659737760035,0.0218266473894429,0.9575482610278174,42,mlp
2C,level_3,MNAR,0.15,15.0,knn,baseline,0.0172515482577271,0.022300165982701,0.955686341002328,42,mlp
2C,level_3,MNAR,0.2,20.0,knn,baseline,0.0173633620103814,0.0218733918548971,0.9573662350196858,42,mlp
2C,level_3,MNAR,0.25,25.0,knn,baseline,0.0174963933043805,0.0227391969188547,0.9539243293236046,42,mlp
2C,level_3,MNAR,0.3,30.0,knn,baseline,0.0170820462449023,0.022046134565881,0.9566901850466332,42,mlp
2C,level_3,MNAR,0.35,35.0,knn,baseline,0.0170500475123735,0.0213567933970482,0.95935627417831,42,mlp
2C,level_3,MNAR,0.4,40.0,knn,baseline,0.0170253912656924,0.021440372413437,0.9590375362941436,42,mlp
2C,level_3,MNAR,0.45,45.0,knn,baseline,0.0174602789983172,0.023121869126113,0.9523604887112848,42,mlp
2C,level_3,MNAR,0.5,50.0,knn,baseline,0.0169333478493119,0.0216633388906453,0.9581811382678016,42,mlp
2C,level_3,MNAR,0.55,55.00000000000001,knn,baseline,0.017514217099321,0.0222511916377867,0.955880765505885,42,mlp
2C,level_3,MNAR,0.6000000000000001,60.00000000000001,knn,baseline,0.0184346169541701,0.0245341410177927,0.946363166044778,42,mlp
2C,level_3,MNAR,0.65,65.0,knn,baseline,0.019322903004699,0.0273246114747886,0.9334681788724362,42,mlp
2C,level_3,MNAR,0.7000000000000001,70.0,knn,baseline,0.0198055421173802,0.0277594347133295,0.9313338565806836,42,mlp
2C,level_3,MNAR,0.75,75.0,knn,baseline,0.0197517168089229,0.0271211774894417,0.9344551608510118,42,mlp
2C,level_3,MNAR,0.8,80.0,knn,baseline,0.0201118646999737,0.0291704983931037,0.9241755761660008,42,mlp
2C,level_3,MNAR,0.8500000000000001,85.00000000000001,knn,baseline,0.022449534381832,0.0336900310188222,0.8988596989625587,42,mlp
2C,level_3,MNAR,0.9,90.0,knn,baseline,0.0226706624699989,0.0336121806962606,0.8993265853083283,42,mlp
2C,level_3,MNAR,0.95,95.0,knn,baseline,0.0251521450371662,0.0411755019380636,0.8489226966508494,42,mlp
2C,level_3,MCAR,0.0,0.0,knn,baseline,0.0149060402549896,0.0184956924864139,0.9675314404917886,456,mlp
2C,level_3,MCAR,0.05,5.0,knn,baseline,0.0148940097347536,0.0184532994276939,0.967680109065741,456,mlp
2C,level_3,MCAR,0.1,10.0,knn,baseline,0.0147722256763238,0.0184141677206184,0.967817037589136,456,mlp
2C,level_3,MCAR,0.15,15.0,knn,baseline,0.0147669627815858,0.0184150467602192,0.9678139648709876,456,mlp
2C,level_3,MCAR,0.2,20.0,knn,baseline,0.0148836801655609,0.0185267063104556,0.9674224617718952,456,mlp
2C,level_3,MCAR,0.25,25.0,knn,baseline,0.0147369918404963,0.0182564691416172,0.9683659057788204,456,mlp
2C,level_3,MCAR,0.3,30.0,knn,baseline,0.014552984906916,0.0179882113671469,0.969288728804327,456,mlp
2C,level_3,MCAR,0.35,35.0,knn,baseline,0.0146817747799675,0.0184014070535434,0.9678616264926044,456,mlp
2C,level_3,MCAR,0.4,40.0,knn,baseline,0.0145780568278224,0.0180460975632128,0.9690907525798176,456,mlp
2C,level_3,MCAR,0.45,45.0,knn,baseline,0.0144702526561,0.0180360529566494,0.969125151687214,456,mlp
2C,level_3,MCAR,0.5,50.0,knn,baseline,0.0143317874762647,0.0179702239001475,0.9693501180962713,456,mlp
2C,level_3,MCAR,0.55,55.00000000000001,knn,baseline,0.014454557905221,0.0182498645363604,0.968388790040958,456,mlp
2C,level_3,MCAR,0.6000000000000001,60.00000000000001,knn,baseline,0.0152740805633086,0.0216476581422328,0.9555221617685788,456,mlp
2C,level_3,MCAR,0.65,65.0,knn,baseline,0.015021138308341,0.0194721565694194,0.9640126444343152,456,mlp
2C,level_3,MCAR,0.7000000000000001,70.0,knn,baseline,0.0157997544905296,0.0214488568270415,0.956335335300414,456,mlp
2C,level_3,MCAR,0.75,75.0,knn,baseline,0.0188529353595915,0.0298301542833832,0.9155435489135264,456,mlp
2C,level_3,MCAR,0.8,80.0,knn,baseline,0.022201879074699,0.0354882637848174,0.8804660326036818,456,mlp
2C,level_3,MCAR,0.8500000000000001,85.00000000000001,knn,baseline,0.0268875706428872,0.0429361443352618,0.8250282588807442,456,mlp
2C,level_3,MCAR,0.9,90.0,knn,baseline,0.0397205762397077,0.0602708046170257,0.6552249677910359,456,mlp
2C,level_3,MCAR,0.95,95.0,knn,baseline,0.0551104152567105,0.074750017836823,0.4696721552358182,456,mlp
2C,level_3,MAR,0.0,0.0,knn,baseline,0.0149060402549896,0.0184956924864139,0.9675314404917886,456,mlp
2C,level_3,MAR,0.05,5.0,knn,baseline,0.014745819806455,0.0182289708096695,0.9684611300739804,456,mlp
2C,level_3,MAR,0.1,10.0,knn,baseline,0.0149093652906871,0.0185517041986292,0.9673344894087444,456,mlp
2C,level_3,MAR,0.15,15.0,knn,baseline,0.0146670412168765,0.0182609709050547,0.96835030289684,456,mlp
2C,level_3,MAR,0.2,20.0,knn,baseline,0.0149680827398945,0.0186599845831611,0.9669520602496792,456,mlp
2C,level_3,MAR,0.25,25.0,knn,baseline,0.0148317079257248,0.0185409160442604,0.9673724695428974,456,mlp
2C,level_3,MAR,0.3,30.0,knn,baseline,0.014964530378356,0.0187388473449795,0.9666721286993304,456,mlp
2C,level_3,MAR,0.35,35.0,knn,baseline,0.0145776330701689,0.0180780053216105,0.9689813531157416,456,mlp
2C,level_3,MAR,0.4,40.0,knn,baseline,0.0148195215550281,0.0186199280910345,0.967093792809017,456,mlp
2C,level_3,MAR,0.45,45.0,knn,baseline,0.0148375382769974,0.0191270826834209,0.9652768353608462,456,mlp
2C,level_3,MAR,0.5,50.0,knn,baseline,0.0157281371489503,0.0218551752457085,0.9546653345189832,456,mlp
2C,level_3,MAR,0.55,55.00000000000001,knn,baseline,0.0166891795316136,0.0232181007146608,0.9488347370421912,456,mlp
2C,level_3,MAR,0.6000000000000001,60.00000000000001,knn,baseline,0.0226872650567152,0.0393841397795825,0.8527807647890151,456,mlp
2C,level_3,MAR,0.65,65.0,knn,baseline,0.0279365527982401,0.0490034315751582,0.7720839990554341,456,mlp
2C,level_3,MAR,0.7000000000000001,70.0,knn,baseline,0.0343903082235714,0.0603543041436554,0.6542689993389561,456,mlp
2C,level_3,MAR,0.75,75.0,knn,baseline,0.0399657649623421,0.0678696484261798,0.5628071728880281,456,mlp
2C,level_3,MAR,0.8,80.0,knn,baseline,0.0417480868612017,0.0715764006053199,0.5137478449718015,456,mlp
2C,level_3,MAR,0.8500000000000001,85.00000000000001,knn,baseline,0.0435576438724546,0.0745894428486727,0.4719481659715924,456,mlp
2C,level_3,MAR,0.9,90.0,knn,baseline,0.0443163474651805,0.0763524138620619,0.4466914611500172,456,mlp
2C,level_3,MAR,0.95,95.0,knn,baseline,0.0445573484425556,0.0769441813895777,0.4380814152171998,456,mlp
2C,level_3,MNAR,0.0,0.0,knn,baseline,0.0149060402549896,0.0184956924864139,0.9675314404917886,456,mlp
2C,level_3,MNAR,0.05,5.0,knn,baseline,0.014899377646004,0.0184423334356024,0.9677185102591628,456,mlp
2C,level_3,MNAR,0.1,10.0,knn,baseline,0.0149936729827919,0.0187188180100686,0.9667433367443886,456,mlp
2C,level_3,MNAR,0.15,15.0,knn,baseline,0.0146778188707834,0.0182040043303921,0.968547462465143,456,mlp
2C,level_3,MNAR,0.2,20.0,knn,baseline,0.0150271293740523,0.0187789984691183,0.966529154579284,456,mlp
2C,level_3,MNAR,0.25,25.0,knn,baseline,0.0148571724867761,0.0184530975343334,0.9676808162710536,456,mlp
2C,level_3,MNAR,0.3,30.0,knn,baseline,0.0144168787086219,0.0181083700726385,0.9688770645636844,456,mlp
2C,level_3,MNAR,0.35,35.0,knn,baseline,0.0147307594987682,0.0184861488828283,0.9675649387905868,456,mlp
2C,level_3,MNAR,0.4,40.0,knn,baseline,0.014691855326631,0.0184483377011327,0.9676974870856214,456,mlp
2C,level_3,MNAR,0.45,45.0,knn,baseline,0.0146326801974074,0.0184731187652436,0.9676106469276372,456,mlp
2C,level_3,MNAR,0.5,50.0,knn,baseline,0.0149949148543795,0.0192697071932029,0.9647570657180744,456,mlp
2C,level_3,MNAR,0.55,55.00000000000001,knn,baseline,0.0146537102529578,0.0189601540521721,0.9658802726263536,456,mlp
2C,level_3,MNAR,0.6000000000000001,60.00000000000001,knn,baseline,0.0157770416228693,0.0208894675368617,0.9585831972822476,456,mlp
2C,level_3,MNAR,0.65,65.0,knn,baseline,0.0154405401583602,0.0198599286033743,0.9625650554000428,456,mlp
2C,level_3,MNAR,0.7000000000000001,70.0,knn,baseline,0.0154060226610131,0.0205954775440328,0.9597407609738634,456,mlp
2C,level_3,MNAR,0.75,75.0,knn,baseline,0.0171195670500733,0.0253599830189943,0.9389592662020896,456,mlp
2C,level_3,MNAR,0.8,80.0,knn,baseline,0.017223524955281,0.0250107515734843,0.940628870119684,456,mlp
2C,level_3,MNAR,0.8500000000000001,85.00000000000001,knn,baseline,0.0189728549106378,0.0313432826476626,0.9067581702960908,456,mlp
2C,level_3,MNAR,0.9,90.0,knn,baseline,0.0188631762239269,0.0287964137590025,0.921295667650933,456,mlp
2C,level_3,MNAR,0.95,95.0,knn,baseline,0.0206758149620285,0.0339628738240674,0.8905210326438041,456,mlp
2C,level_2,MCAR,0.0,0.0,knn,mim,0.0187356297162815,0.0278898762712947,0.9306870161031172,42,mlp
2C,level_2,MCAR,0.05,5.0,knn,mim,0.0192626677848197,0.0285728301463198,0.9272508473435512,42,mlp
2C,level_2,MCAR,0.1,10.0,knn,mim,0.0195868161617558,0.0291148904697298,0.9244643898695206,42,mlp
2C,level_2,MCAR,0.15,15.0,knn,mim,0.0200663252478247,0.0295888882267272,0.9219848918598266,42,mlp
2C,level_2,MCAR,0.2,20.0,knn,mim,0.0202677767948754,0.0301837398148247,0.9188165473633318,42,mlp
2C,level_2,MCAR,0.25,25.0,knn,mim,0.0202139470543487,0.0303536967212189,0.9178997269712984,42,mlp
2C,level_2,MCAR,0.3,30.0,knn,mim,0.0207389228862531,0.0304318398597751,0.9174764618081228,42,mlp
2C,level_2,MCAR,0.35,35.0,knn,mim,0.0206863358631404,0.0309196112171099,0.914809833079444,42,mlp
2C,level_2,MCAR,0.4,40.0,knn,mim,0.0203092103219247,0.0295229855738387,0.9223320273715336,42,mlp
2C,level_2,MCAR,0.45,45.0,knn,mim,0.0201514514434598,0.0292675037308459,0.9236704354072708,42,mlp
2C,level_2,MCAR,0.5,50.0,knn,mim,0.0202935783847725,0.0300768949906314,0.9193902787530212,42,mlp
2C,level_2,MCAR,0.55,55.00000000000001,knn,mim,0.02070081871234,0.030674680478194,0.9161541608752914,42,mlp
2C,level_2,MCAR,0.6000000000000001,60.00000000000001,knn,mim,0.0206584065497458,0.0301241332291897,0.9191368715098012,42,mlp
2C,level_2,MCAR,0.65,65.0,knn,mim,0.0216527498446529,0.0326806674957997,0.9048293014756628,42,mlp
2C,level_2,MCAR,0.7000000000000001,70.0,knn,mim,0.0215151300025262,0.0321495679486021,0.9078974399041676,42,mlp
2C,level_2,MCAR,0.75,75.0,knn,mim,0.0226503802119074,0.0358263017876026,0.8856265082355144,42,mlp
2C,level_2,MCAR,0.8,80.0,knn,mim,0.0278793387848744,0.0465403445931872,0.8069896450617233,42,mlp
2C,level_2,MCAR,0.8500000000000001,85.00000000000001,knn,mim,0.0303828346002055,0.0483546087181933,0.7916482430779685,42,mlp
2C,level_2,MCAR,0.9,90.0,knn,mim,0.0399239465745412,0.0603412258197698,0.6755485814268365,42,mlp
2C,level_2,MCAR,0.95,95.0,knn,mim,0.0580267500883517,0.0814752764624973,0.4084749977822035,42,mlp
2C,level_2,MAR,0.0,0.0,knn,mim,0.0187356297162815,0.0278898762712947,0.9306870161031172,42,mlp
2C,level_2,MAR,0.05,5.0,knn,mim,0.0193492674895081,0.0289379037780473,0.9253799463900252,42,mlp
2C,level_2,MAR,0.1,10.0,knn,mim,0.0190733845513146,0.0285666739652605,0.9272821924155438,42,mlp
2C,level_2,MAR,0.15,15.0,knn,mim,0.0194919072338973,0.0296916184888151,0.921442226970296,42,mlp
2C,level_2,MAR,0.2,20.0,knn,mim,0.0197118039824634,0.0299371530037247,0.9201375895475248,42,mlp
2C,level_2,MAR,0.25,25.0,knn,mim,0.0194412539566805,0.0292496835523207,0.9237633570574488,42,mlp
2C,level_2,MAR,0.3,30.0,knn,mim,0.0193455063624731,0.0289482292228225,0.9253266859528853,42,mlp
2C,level_2,MAR,0.35,35.0,knn,mim,0.0199439526573878,0.0296835304065611,0.9214850198675768,42,mlp
2C,level_2,MAR,0.4,40.0,knn,mim,0.0199917881154339,0.0301913379073766,0.9187756699221356,42,mlp
2C,level_2,MAR,0.45,45.0,knn,mim,0.0198668528450041,0.0298935356826506,0.9203701331576084,42,mlp
2C,level_2,MAR,0.5,50.0,knn,mim,0.0211479287656884,0.032295280727475,0.9070606676542023,42,mlp
2C,level_2,MAR,0.55,55.00000000000001,knn,mim,0.0217837667907066,0.0343742702334677,0.8947096925170966,42,mlp
2C,level_2,MAR,0.6000000000000001,60.00000000000001,knn,mim,0.0325772678984024,0.0575270453959052,0.7051062565697224,42,mlp
2C,level_2,MAR,0.65,65.0,knn,mim,0.0393769955837588,0.0682869253411598,0.5844755935055774,42,mlp
2C,level_2,MAR,0.7000000000000001,70.0,knn,mim,0.0464453821820488,0.0782583457572506,0.4542638193318143,42,mlp
2C,level_2,MAR,0.75,75.0,knn,mim,0.0518837447994924,0.0851589110511826,0.3537781786598899,42,mlp
2C,level_2,MAR,0.8,80.0,knn,mim,0.0527746923684767,0.0863488272745025,0.3355928344421587,42,mlp
2C,level_2,MAR,0.8500000000000001,85.00000000000001,knn,mim,0.0534102718372909,0.0874714970285232,0.3182038588232051,42,mlp
2C,level_2,MAR,0.9,90.0,knn,mim,0.0530252492087228,0.0882644324383671,0.3057867697818643,42,mlp
2C,level_2,MAR,0.95,95.0,knn,mim,0.0531993902076318,0.0884679398763076,0.3025818452002048,42,mlp
2C,level_2,MNAR,0.0,0.0,knn,mim,0.0187356297162815,0.0278898762712947,0.9306870161031172,42,mlp
2C,level_2,MNAR,0.05,5.0,knn,mim,0.0189121613754115,0.0282396986375629,0.9289373275662888,42,mlp
2C,level_2,MNAR,0.1,10.0,knn,mim,0.0196148650293338,0.0293555095977581,0.9232107071655908,42,mlp
2C,level_2,MNAR,0.15,15.0,knn,mim,0.0200087126274059,0.0300637621889084,0.9194606583826684,42,mlp
2C,level_2,MNAR,0.2,20.0,knn,mim,0.0196265481669009,0.029462960264085,0.9226475310142372,42,mlp
2C,level_2,MNAR,0.25,25.0,knn,mim,0.0199430677249471,0.029295693121468,0.9235233289000816,42,mlp
2C,level_2,MNAR,0.3,30.0,knn,mim,0.0199812513189426,0.0293643462591221,0.9231644696369338,42,mlp
2C,level_2,MNAR,0.35,35.0,knn,mim,0.0206764116066303,0.0301878289342911,0.9187945493388876,42,mlp
2C,level_2,MNAR,0.4,40.0,knn,mim,0.0205026667520039,0.0296833166050923,0.9214861509026924,42,mlp
2C,level_2,MNAR,0.45,45.0,knn,mim,0.0209847866154085,0.0299932425975178,0.9198380522828502,42,mlp
2C,level_2,MNAR,0.5,50.0,knn,mim,0.0210057387947269,0.029585178053507,0.9220044553808092,42,mlp
2C,level_2,MNAR,0.55,55.00000000000001,knn,mim,0.0218800226442295,0.0301594500741809,0.9189471562002928,42,mlp
2C,level_2,MNAR,0.6000000000000001,60.00000000000001,knn,mim,0.0230417710148383,0.0325440701792245,0.905623219988682,42,mlp
2C,level_2,MNAR,0.65,65.0,knn,mim,0.0248031461978357,0.0344465507507946,0.8942664284553992,42,mlp
2C,level_2,MNAR,0.7000000000000001,70.0,knn,mim,0.0254406914447111,0.0358369797202877,0.8855583206535677,42,mlp
2C,level_2,MNAR,0.75,75.0,knn,mim,0.0264704010004856,0.0366978643308626,0.8799939885044354,42,mlp
2C,level_2,MNAR,0.8,80.0,knn,mim,0.028088359475596,0.0382961732128374,0.8693130634186227,42,mlp
2C,level_2,MNAR,0.8500000000000001,85.00000000000001,knn,mim,0.0296146274011874,0.0416164875767779,0.845669321198115,42,mlp
2C,level_2,MNAR,0.9,90.0,knn,mim,0.0339804247692898,0.0482415567546665,0.7926213474343176,42,mlp
2C,level_2,MNAR,0.95,95.0,knn,mim,0.0331565373763154,0.047669687914235,0.7975088543051667,42,mlp
2C,level_2,MCAR,0.0,0.0,knn,mim,0.0110170211025534,0.0166065097694942,0.9733967552785364,123,mlp
2C,level_2,MCAR,0.05,5.0,knn,mim,0.011803202095082,0.017914389898874,0.969041356489313,123,mlp
2C,level_2,MCAR,0.1,10.0,knn,mim,0.0122602740150823,0.0185103089163465,0.966947431627179,123,mlp
2C,level_2,MCAR,0.15,15.0,knn,mim,0.0137298355127668,0.0215833109911961,0.9550619714497552,123,mlp
2C,level_2,MCAR,0.2,20.0,knn,mim,0.0144216034088838,0.0224111762964523,0.9515485049098454,123,mlp
2C,level_2,MCAR,0.25,25.0,knn,mim,0.0154724759917328,0.0231945691581493,0.9481020147113036,123,mlp
2C,level_2,MCAR,0.3,30.0,knn,mim,0.0173547491845092,0.026419060655596,0.9326693785692914,123,mlp
2C,level_2,MCAR,0.35,35.0,knn,mim,0.0181546904220882,0.0270876096748171,0.9292185843568396,123,mlp
2C,level_2,MCAR,0.4,40.0,knn,mim,0.0203634397798219,0.0301706963240493,0.9121890762104014,123,mlp
2C,level_2,MCAR,0.45,45.0,knn,mim,0.0223406166395808,0.0318647321751072,0.902051356901807,123,mlp
2C,level_2,MCAR,0.5,50.0,knn,mim,0.024048668407797,0.0360760102879734,0.8744505301771728,123,mlp
2C,level_2,MCAR,0.55,55.00000000000001,knn,mim,0.025180574849346,0.0362371874176379,0.8733261870674145,123,mlp
2C,level_2,MCAR,0.6000000000000001,60.00000000000001,knn,mim,0.0275906215260622,0.0408738306380118,0.838835805820009,123,mlp
2C,level_2,MCAR,0.65,65.0,knn,mim,0.0304473491022866,0.0438152898943196,0.8148049997375526,123,mlp
2C,level_2,MCAR,0.7000000000000001,70.0,knn,mim,0.0317670133977696,0.0450834341182868,0.8039296794964403,123,mlp
2C,level_2,MCAR,0.75,75.0,knn,mim,0.0360158710743598,0.0523751043433076,0.735376943585022,123,mlp
2C,level_2,MCAR,0.8,80.0,knn,mim,0.042047898033705,0.0620578251258365,0.6284895952341818,123,mlp
2C,level_2,MCAR,0.8500000000000001,85.00000000000001,knn,mim,0.0477586405142179,0.0698352522310148,0.529535031229283,123,mlp
2C,level_2,MCAR,0.9,90.0,knn,mim,0.0555948097847196,0.0776568048676433,0.4182492999313594,123,mlp
2C,level_2,MCAR,0.95,95.0,knn,mim,0.0638860234410081,0.0876410221432785,0.2590434407580225,123,mlp
2C,level_2,MAR,0.0,0.0,knn,mim,0.0110170211025534,0.0166065097694942,0.9733967552785364,123,mlp
2C,level_2,MAR,0.05,5.0,knn,mim,0.0119615676010393,0.0185250112071526,0.9668949050634283,123,mlp
2C,level_2,MAR,0.1,10.0,knn,mim,0.0130499497113334,0.0199060046236922,0.9617751244532832,123,mlp
2C,level_2,MAR,0.15,15.0,knn,mim,0.0135527768304696,0.0215610121923495,0.9551547789359046,123,mlp
2C,level_2,MAR,0.2,20.0,knn,mim,0.0155361413767215,0.0241702269495238,0.9436441070542176,123,mlp
2C,level_2,MAR,0.25,25.0,knn,mim,0.0171389405862458,0.0272864091046634,0.928175824157884,123,mlp
2C,level_2,MAR,0.3,30.0,knn,mim,0.018197329484741,0.029066200826042,0.9185005986530425,123,mlp
2C,level_2,MAR,0.35,35.0,knn,mim,0.0199339922061864,0.0313776828804532,0.9050227440712094,123,mlp
2C,level_2,MAR,0.4,40.0,knn,mim,0.0217280154335011,0.0351215589181534,0.8810058947673252,123,mlp
2C,level_2,MAR,0.45,45.0,knn,mim,0.023636214002476,0.0386457284098417,0.855927572474293,123,mlp
2C,level_2,MAR,0.5,50.0,knn,mim,0.0266454331381676,0.0435821110427859,0.8167709184451518,123,mlp
2C,level_2,MAR,0.55,55.00000000000001,knn,mim,0.0309993923235002,0.0517249345208774,0.7419060775328354,123,mlp
2C,level_2,MAR,0.6000000000000001,60.00000000000001,knn,mim,0.0369155891164646,0.0626169148336191,0.6217654381982136,123,mlp
2C,level_2,MAR,0.65,65.0,knn,mim,0.0427522098681986,0.0713938745640406,0.5083004819274733,123,mlp
2C,level_2,MAR,0.7000000000000001,70.0,knn,mim,0.0500588942277729,0.0825210077166094,0.3430884097300878,123,mlp
2C,level_2,MAR,0.75,75.0,knn,mim,0.0510135163594925,0.0847360968634042,0.3073484826207701,123,mlp
2C,level_2,MAR,0.8,80.0,knn,mim,0.0522978706937847,0.0860253705733814,0.286110518437901,123,mlp
2C,level_2,MAR,0.8500000000000001,85.00000000000001,knn,mim,0.0533059619104438,0.0872426223475301,0.2657646308912456,123,mlp
2C,level_2,MAR,0.9,90.0,knn,mim,0.0538629762136889,0.0889884202695156,0.2360852893402502,123,mlp
2C,level_2,MAR,0.95,95.0,knn,mim,0.0527917379585336,0.0873315668611261,0.2642667507015259,123,mlp
2C,level_2,MNAR,0.0,0.0,knn,mim,0.0110170211025534,0.0166065097694942,0.9733967552785364,123,mlp
2C,level_2,MNAR,0.05,5.0,knn,mim,0.0118100974054047,0.0182151022131348,0.9679932849002088,123,mlp
2C,level_2,MNAR,0.1,10.0,knn,mim,0.0124673375643603,0.0193851223346046,0.9637494190426924,123,mlp
2C,level_2,MNAR,0.15,15.0,knn,mim,0.0139808918459142,0.0221751871158514,0.9525635188870754,123,mlp
2C,level_2,MNAR,0.2,20.0,knn,mim,0.0144520303100465,0.0224626423834411,0.9513257167751412,123,mlp
2C,level_2,MNAR,0.25,25.0,knn,mim,0.0159654793217876,0.025691448882485,0.936327035059377,123,mlp
2C,level_2,MNAR,0.3,30.0,knn,mim,0.0179506837520674,0.0292795122937146,0.9172999911999588,123,mlp
2C,level_2,MNAR,0.35,35.0,knn,mim,0.019847526491238,0.031235565478811,0.9058811473601522,123,mlp
2C,level_2,MNAR,0.4,40.0,knn,mim,0.020374875796171,0.0321404220795633,0.9003491447351121,123,mlp
2C,level_2,MNAR,0.45,45.0,knn,mim,0.0224301008279772,0.0356232840090156,0.8775818574768807,123,mlp
2C,level_2,MNAR,0.5,50.0,knn,mim,0.0258738578223428,0.0402954307467194,0.8433647573792914,123,mlp
2C,level_2,MNAR,0.55,55.00000000000001,knn,mim,0.0278530817459066,0.0439297725974823,0.8138359625541046,123,mlp
2C,level_2,MNAR,0.6000000000000001,60.00000000000001,knn,mim,0.0305033321292661,0.0480925771460894,0.7768823230434264,123,mlp
2C,level_2,MNAR,0.65,65.0,knn,mim,0.0328110257841067,0.0500324753154717,0.75851961564274,123,mlp
2C,level_2,MNAR,0.7000000000000001,70.0,knn,mim,0.0342680463325993,0.0534139919068753,0.7247749549759671,123,mlp
2C,level_2,MNAR,0.75,75.0,knn,mim,0.036023041429884,0.0572738096426524,0.6835609861805572,123,mlp
2C,level_2,MNAR,0.8,80.0,knn,mim,0.0386551476919603,0.0611501017708615,0.6392783181332147,123,mlp
2C,level_2,MNAR,0.8500000000000001,85.00000000000001,knn,mim,0.0418413548877902,0.0665962676604808,0.5721636710347926,123,mlp
2C,level_2,MNAR,0.9,90.0,knn,mim,0.042850637755061,0.0672200830530979,0.5641109408515967,123,mlp
2C,level_2,MNAR,0.95,95.0,knn,mim,0.0412635869376744,0.0646943439979751,0.5962518867758044,123,mlp
2C,level_2,MCAR,0.0,0.0,knn,mim,0.0176307121154033,0.0227058544075383,0.9498933598711556,789,mlp
2C,level_2,MCAR,0.05,5.0,knn,mim,0.0185336020763474,0.0236909078011189,0.9454514777325188,789,mlp
2C,level_2,MCAR,0.1,10.0,knn,mim,0.0185722529550995,0.0236155881578667,0.945797774645199,789,mlp
2C,level_2,MCAR,0.15,15.0,knn,mim,0.0202505043227263,0.0254438900935855,0.9370803052966518,789,mlp
2C,level_2,MCAR,0.2,20.0,knn,mim,0.0209455080249092,0.0267308229976164,0.9305544782532772,789,mlp
2C,level_2,MCAR,0.25,25.0,knn,mim,0.021843890697065,0.0278795667355491,0.9244574526650018,789,mlp
2C,level_2,MCAR,0.3,30.0,knn,mim,0.0228296938087001,0.0290073857502228,0.9182219471769206,789,mlp
2C,level_2,MCAR,0.35,35.0,knn,mim,0.0241137217572241,0.0311371696625237,0.9057724604668655,789,mlp
2C,level_2,MCAR,0.4,40.0,knn,mim,0.0248674388401436,0.032068875976215,0.9000490190263932,789,mlp
2C,level_2,MCAR,0.45,45.0,knn,mim,0.0273414477772182,0.034732846064692,0.8827533810202444,789,mlp
2C,level_2,MCAR,0.5,50.0,knn,mim,0.0265686817060817,0.0343981418632051,0.8850021948948713,789,mlp
2C,level_2,MCAR,0.55,55.00000000000001,knn,mim,0.0303945703939958,0.0393570893844754,0.8494552790413163,789,mlp
2C,level_2,MCAR,0.6000000000000001,60.00000000000001,knn,mim,0.0310942510426646,0.0410417985778631,0.8362910759905273,789,mlp
2C,level_2,MCAR,0.65,65.0,knn,mim,0.0347120865113807,0.0460812775078351,0.793619525900299,789,mlp
2C,level_2,MCAR,0.7000000000000001,70.0,knn,mim,0.0377633916958414,0.0490090092376922,0.7665620661356227,789,mlp
2C,level_2,MCAR,0.75,75.0,knn,mim,0.0383764668101012,0.051971806026416,0.7374843479812778,789,mlp
2C,level_2,MCAR,0.8,80.0,knn,mim,0.0428783851356217,0.0582405173502268,0.6703371315995483,789,mlp
2C,level_2,MCAR,0.8500000000000001,85.00000000000001,knn,mim,0.0537653227261822,0.0739924505352873,0.4678985940211165,789,mlp
2C,level_2,MCAR,0.9,90.0,knn,mim,0.0623375483546594,0.0834332229214338,0.3234535413070447,789,mlp
2C,level_2,MCAR,0.95,95.0,knn,mim,0.0851419773655708,0.1077426840599611,-0.1282235625312502,789,mlp
2C,level_2,MAR,0.0,0.0,knn,mim,0.0176307121154033,0.0227058544075383,0.9498933598711556,789,mlp
2C,level_2,MAR,0.05,5.0,knn,mim,0.0181387040639164,0.0233753988517623,0.9468947271380724,789,mlp
2C,level_2,MAR,0.1,10.0,knn,mim,0.0195623870437795,0.024938354426571,0.9395557253103566,789,mlp
2C,level_2,MAR,0.15,15.0,knn,mim,0.0190705291875685,0.0243536470837102,0.9423568638299648,789,mlp
2C,level_2,MAR,0.2,20.0,knn,mim,0.0205925391575302,0.0266293525805522,0.9310807090734255,789,mlp
2C,level_2,MAR,0.25,25.0,knn,mim,0.0214379863690848,0.0275637194399082,0.9261593984079663,789,mlp
2C,level_2,MAR,0.3,30.0,knn,mim,0.0220631785031521,0.0292123137166709,0.917062393721232,789,mlp
2C,level_2,MAR,0.35,35.0,knn,mim,0.0234205755452917,0.031650521042916,0.9026398324394328,789,mlp
2C,level_2,MAR,0.4,40.0,knn,mim,0.0252726240471155,0.0339591512488328,0.8879186794214778,789,mlp
2C,level_2,MAR,0.45,45.0,knn,mim,0.0258943321427913,0.0352242124508849,0.8794125341589325,789,mlp
2C,level_2,MAR,0.5,50.0,knn,mim,0.029250825550821,0.041298647137526,0.8342356117152082,789,mlp
2C,level_2,MAR,0.55,55.00000000000001,knn,mim,0.0304776466663437,0.0428085017071863,0.8218935528464621,789,mlp
2C,level_2,MAR,0.6000000000000001,60.00000000000001,knn,mim,0.0326575430727968,0.0479695058531777,0.7763596958621749,789,mlp
2C,level_2,MAR,0.65,65.0,knn,mim,0.0335647483462035,0.0495201387726891,0.7616674877382245,789,mlp
2C,level_2,MAR,0.7000000000000001,70.0,knn,mim,0.0360294887345246,0.0552406325817342,0.7034234074050649,789,mlp
2C,level_2,MAR,0.75,75.0,knn,mim,0.0338988248398809,0.0487756382971316,0.768779940984872,789,mlp
2C,level_2,MAR,0.8,80.0,knn,mim,0.0329547688623871,0.0468152008516573,0.7869932496643136,789,mlp
2C,level_2,MAR,0.8500000000000001,85.00000000000001,knn,mim,0.0334211461568119,0.0472078762351392,0.7834049581213405,789,mlp
2C,level_2,MAR,0.9,90.0,knn,mim,0.03697057000796,0.0526997517257888,0.7300789695486287,789,mlp
2C,level_2,MAR,0.95,95.0,knn,mim,0.0392119049700823,0.0557742954734204,0.6976654563120179,789,mlp
2C,level_2,MNAR,0.0,0.0,knn,mim,0.0176307121154033,0.0227058544075383,0.9498933598711556,789,mlp
2C,level_2,MNAR,0.05,5.0,knn,mim,0.0179699506085328,0.0229534472841718,0.9487946399582772,789,mlp
2C,level_2,MNAR,0.1,10.0,knn,mim,0.0194490735579018,0.0246588630791793,0.9409029662283576,789,mlp
2C,level_2,MNAR,0.15,15.0,knn,mim,0.0194470791310975,0.0249231608784911,0.9396293535236924,789,mlp
2C,level_2,MNAR,0.2,20.0,knn,mim,0.0199838456300774,0.0256324632456992,0.9361442115843585,789,mlp
2C,level_2,MNAR,0.25,25.0,knn,mim,0.021222144252122,0.0275430675551309,0.9262700058549924,789,mlp
2C,level_2,MNAR,0.3,30.0,knn,mim,0.0209676025190738,0.0279717502260328,0.9239570655115992,789,mlp
2C,level_2,MNAR,0.35,35.0,knn,mim,0.0223171314001083,0.0291165170570049,0.9176054604815896,789,mlp
2C,level_2,MNAR,0.4,40.0,knn,mim,0.0236558024895311,0.031962897873549,0.9007085440193192,789,mlp
2C,level_2,MNAR,0.45,45.0,knn,mim,0.0250196859354924,0.0342985468040089,0.885667151313475,789,mlp
2C,level_2,MNAR,0.5,50.0,knn,mim,0.0263891462196003,0.03659669041033,0.869832306621741,789,mlp
2C,level_2,MNAR,0.55,55.00000000000001,knn,mim,0.027049328588476,0.0377478843744728,0.8615143362228745,789,mlp
2C,level_2,MNAR,0.6000000000000001,60.00000000000001,knn,mim,0.0304016662342379,0.0428518504296616,0.8215326621028178,789,mlp
2C,level_2,MNAR,0.65,65.0,knn,mim,0.0299511907209049,0.0419421808674064,0.8290293344749085,789,mlp
2C,level_2,MNAR,0.7000000000000001,70.0,knn,mim,0.03376074261858,0.0486256923646999,0.7701993879286976,789,mlp
2C,level_2,MNAR,0.75,75.0,knn,mim,0.0349475578744002,0.0501382828413267,0.755680294219311,789,mlp
2C,level_2,MNAR,0.8,80.0,knn,mim,0.0359028810298804,0.0511725626039957,0.7454964076947674,789,mlp
2C,level_2,MNAR,0.8500000000000001,85.00000000000001,knn,mim,0.0370018278011167,0.0534122221374027,0.7227312797845423,789,mlp
2C,level_2,MNAR,0.9,90.0,knn,mim,0.0386986935138702,0.0558060945432383,0.6973206129455618,789,mlp
2C,level_2,MNAR,0.95,95.0,knn,mim,0.0396059943160625,0.0571953161260583,0.6820634082909609,789,mlp
2C,level_2,MCAR,0.0,0.0,knn,mim,0.0128448472187017,0.0198148195655809,0.9662898482050312,1000,mlp
2C,level_2,MCAR,0.05,5.0,knn,mim,0.0130871792908686,0.0197528173042437,0.9665004820263428,1000,mlp
2C,level_2,MCAR,0.1,10.0,knn,mim,0.0133957435109812,0.0197938855769216,0.9663610388772398,1000,mlp
2C,level_2,MCAR,0.15,15.0,knn,mim,0.0134927784354823,0.0197830244569729,0.9663979448755762,1000,mlp
2C,level_2,MCAR,0.2,20.0,knn,mim,0.0144354887834779,0.0203401027882822,0.9644788718312968,1000,mlp
2C,level_2,MCAR,0.25,25.0,knn,mim,0.0152089279466373,0.0213888344528583,0.9607215173543554,1000,mlp
2C,level_2,MCAR,0.3,30.0,knn,mim,0.0150590992872882,0.0209248642285767,0.962407105869212,1000,mlp
2C,level_2,MCAR,0.35,35.0,knn,mim,0.0173139704285153,0.0232471401177752,0.9535998343874226,1000,mlp
2C,level_2,MCAR,0.4,40.0,knn,mim,0.016997042635292,0.022997398070391,0.9545914253928705,1000,mlp
2C,level_2,MCAR,0.45,45.0,knn,mim,0.0183352748822254,0.0242026634621969,0.9497070873314204,1000,mlp
2C,level_2,MCAR,0.5,50.0,knn,mim,0.0190414626030405,0.0251674199862527,0.945617664196578,1000,mlp
2C,level_2,MCAR,0.55,55.00000000000001,knn,mim,0.0202540071973375,0.0266632336019724,0.9389611841944596,1000,mlp
2C,level_2,MCAR,0.6000000000000001,60.00000000000001,knn,mim,0.0220598720344008,0.0287084110567356,0.9292382155782296,1000,mlp
2C,level_2,MCAR,0.65,65.0,knn,mim,0.0243310754059226,0.0316317021170454,0.9140935864321996,1000,mlp
2C,level_2,MCAR,0.7000000000000001,70.0,knn,mim,0.0251870644939932,0.0333323473069252,0.904607932692689,1000,mlp
2C,level_2,MCAR,0.75,75.0,knn,mim,0.0279580599912412,0.039112199244559,0.8686576031444764,1000,mlp
2C,level_2,MCAR,0.8,80.0,knn,mim,0.032290352660987,0.0471205075837659,0.8093659896270954,1000,mlp
2C,level_2,MCAR,0.8500000000000001,85.00000000000001,knn,mim,0.0381918756132672,0.0536457859925982,0.7529119797724283,1000,mlp
2C,level_2,MCAR,0.9,90.0,knn,mim,0.0507483720706526,0.071226478226742,0.5644245371672665,1000,mlp
2C,level_2,MCAR,0.95,95.0,knn,mim,0.0705949502203874,0.0913701917442611,0.2832139628757484,1000,mlp
2C,level_2,MAR,0.0,0.0,knn,mim,0.0128448472187017,0.0198148195655809,0.9662898482050312,1000,mlp
2C,level_2,MAR,0.05,5.0,knn,mim,0.0130087206980225,0.0196576216650144,0.9668225954255204,1000,mlp
2C,level_2,MAR,0.1,10.0,knn,mim,0.012957502272782,0.0197449663653205,0.966527106117388,1000,mlp
2C,level_2,MAR,0.15,15.0,knn,mim,0.0130066734654128,0.0195798273971123,0.9670846723763232,1000,mlp
2C,level_2,MAR,0.2,20.0,knn,mim,0.013311367073788,0.019601555508241,0.967011578297319,1000,mlp
2C,level_2,MAR,0.25,25.0,knn,mim,0.0138015264170944,0.0204397715919525,0.9641299038403128,1000,mlp
2C,level_2,MAR,0.3,30.0,knn,mim,0.0140186272821608,0.0198640459684504,0.966122146370894,1000,mlp
2C,level_2,MAR,0.35,35.0,knn,mim,0.0146823052874036,0.0210322335437384,0.9620203240185832,1000,mlp
2C,level_2,MAR,0.4,40.0,knn,mim,0.0153437233675817,0.0217038791579327,0.9595558986921215,1000,mlp
2C,level_2,MAR,0.45,45.0,knn,mim,0.0159695016338567,0.0226132477445389,0.9560957719334422,1000,mlp
2C,level_2,MAR,0.5,50.0,knn,mim,0.0166986126140424,0.0259661103359654,0.9421112381864722,1000,mlp
2C,level_2,MAR,0.55,55.00000000000001,knn,mim,0.0193135190975893,0.031242783144138,0.9161930775272245,1000,mlp
2C,level_2,MAR,0.6000000000000001,60.00000000000001,knn,mim,0.0216040313028226,0.0339044808060317,0.9013051115303936,1000,mlp
2C,level_2,MAR,0.65,65.0,knn,mim,0.0268653543132125,0.0467059799373796,0.812705320273151,1000,mlp
2C,level_2,MAR,0.7000000000000001,70.0,knn,mim,0.0318749218375819,0.0555203668878537,0.7353419435682269,1000,mlp
2C,level_2,MAR,0.75,75.0,knn,mim,0.0370553516242154,0.06434475476012,0.6445268815809191,1000,mlp
2C,level_2,MAR,0.8,80.0,knn,mim,0.0414299032089816,0.070049885620599,0.5786962496424857,1000,mlp
2C,level_2,MAR,0.8500000000000001,85.00000000000001,knn,mim,0.0442180302468075,0.075573452214124,0.509635539505805,1000,mlp
2C,level_2,MAR,0.9,90.0,knn,mim,0.0465696470272768,0.0771447297172027,0.4890328412527165,1000,mlp
2C,level_2,MAR,0.95,95.0,knn,mim,0.0483285040424128,0.0788499466251536,0.4661942205608343,1000,mlp
2C,level_2,MNAR,0.0,0.0,knn,mim,0.0128448472187017,0.0198148195655809,0.9662898482050312,1000,mlp
2C,level_2,MNAR,0.05,5.0,knn,mim,0.0129922989669119,0.019615798414156,0.9669636207065816,1000,mlp
2C,level_2,MNAR,0.1,10.0,knn,mim,0.0129306946578299,0.0192956765046142,0.9680331028943407,1000,mlp
2C,level_2,MNAR,0.15,15.0,knn,mim,0.0132634555039132,0.019837284106621,0.9662133688446156,1000,mlp
2C,level_2,MNAR,0.2,20.0,knn,mim,0.0133587029936966,0.0196543189022307,0.9668337430499572,1000,mlp
2C,level_2,MNAR,0.25,25.0,knn,mim,0.0132630523462963,0.0192495851853884,0.9681856382789168,1000,mlp
2C,level_2,MNAR,0.3,30.0,knn,mim,0.0134982758151497,0.0191710143235952,0.9684448210435534,1000,mlp
2C,level_2,MNAR,0.35,35.0,knn,mim,0.0140133705455026,0.0204280496830435,0.9641710339901592,1000,mlp
2C,level_2,MNAR,0.4,40.0,knn,mim,0.0144677033090287,0.020171787742728,0.9650643165783236,1000,mlp
2C,level_2,MNAR,0.45,45.0,knn,mim,0.0147181762889692,0.020628018865926,0.9634661447262068,1000,mlp
2C,level_2,MNAR,0.5,50.0,knn,mim,0.0152912800151071,0.0212714316296775,0.9611515313240626,1000,mlp
2C,level_2,MNAR,0.55,55.00000000000001,knn,mim,0.0157750370997532,0.0231641686301732,0.9539304574588108,1000,mlp
2C,level_2,MNAR,0.6000000000000001,60.00000000000001,knn,mim,0.0173121583282567,0.0250020372137396,0.946330041599154,1000,mlp
2C,level_2,MNAR,0.65,65.0,knn,mim,0.0176006225828911,0.0252752438649691,0.9451506894145576,1000,mlp
2C,level_2,MNAR,0.7000000000000001,70.0,knn,mim,0.0183628587783521,0.0270626744802423,0.937118644991942,1000,mlp
2C,level_2,MNAR,0.75,75.0,knn,mim,0.0201087802583244,0.0308877032100046,0.9180872143545578,1000,mlp
2C,level_2,MNAR,0.8,80.0,knn,mim,0.0223036537146112,0.0339866773977816,0.900825988009124,1000,mlp
2C,level_2,MNAR,0.8500000000000001,85.00000000000001,knn,mim,0.0239091071074176,0.0383796869001822,0.8735312229182385,1000,mlp
2C,level_2,MNAR,0.9,90.0,knn,mim,0.027676687170138,0.0456683300604031,0.8209349919710198,1000,mlp
2C,level_2,MNAR,0.95,95.0,knn,mim,0.0269135430257031,0.0426908623390458,0.843523069200588,1000,mlp
2C,level_2,MCAR,0.0,0.0,knn,mim,0.015869847780481,0.0242847066049822,0.9440258443840828,456,mlp
2C,level_2,MCAR,0.05,5.0,knn,mim,0.0157034179811788,0.0235584506910623,0.9473236977619344,456,mlp
2C,level_2,MCAR,0.1,10.0,knn,mim,0.0158488473748802,0.0237941563977609,0.9462643566641378,456,mlp
2C,level_2,MCAR,0.15,15.0,knn,mim,0.0163162894595535,0.0243001688981849,0.9439545431859852,456,mlp
2C,level_2,MCAR,0.2,20.0,knn,mim,0.0160860988095888,0.0231691239065748,0.9490503677934932,456,mlp
2C,level_2,MCAR,0.25,25.0,knn,mim,0.0162428080922081,0.0235775091243963,0.9472384346103866,456,mlp
2C,level_2,MCAR,0.3,30.0,knn,mim,0.0172664528789376,0.0246489597597094,0.9423341071522298,456,mlp
2C,level_2,MCAR,0.35,35.0,knn,mim,0.0170079070762882,0.0238268370089156,0.946116646476625,456,mlp
2C,level_2,MCAR,0.4,40.0,knn,mim,0.0168403782067741,0.0234824316027293,0.9476631040973832,456,mlp
2C,level_2,MCAR,0.45,45.0,knn,mim,0.0187319012978919,0.0261233630270429,0.935229089748526,456,mlp
2C,level_2,MCAR,0.5,50.0,knn,mim,0.0183776165955048,0.0245544335657046,0.942775544481773,456,mlp
2C,level_2,MCAR,0.55,55.00000000000001,knn,mim,0.0184606253712398,0.0245720708482362,0.9426933070831488,456,mlp
2C,level_2,MCAR,0.6000000000000001,60.00000000000001,knn,mim,0.0190702389296433,0.0253554002864912,0.9389813252136948,456,mlp
2C,level_2,MCAR,0.65,65.0,knn,mim,0.0208301195907114,0.0281457588439814,0.924812134902429,456,mlp
2C,level_2,MCAR,0.7000000000000001,70.0,knn,mim,0.0206872869458114,0.0276264646766513,0.9275609987710988,456,mlp
2C,level_2,MCAR,0.75,75.0,knn,mim,0.0238174719236847,0.0333877358640845,0.8941975396096381,456,mlp
2C,level_2,MCAR,0.8,80.0,knn,mim,0.0293523036136961,0.0443510446806101,0.8133063540957309,456,mlp
2C,level_2,MCAR,0.8500000000000001,85.00000000000001,knn,mim,0.0365618300581336,0.0592023586908011,0.6673405625663484,456,mlp
2C,level_2,MCAR,0.9,90.0,knn,mim,0.0473892608585214,0.0725910690628168,0.4998638878112533,456,mlp
2C,level_2,MCAR,0.95,95.0,knn,mim,0.0752855913680896,0.0994846875484104,0.0606351407635524,456,mlp
2C,level_2,MAR,0.0,0.0,knn,mim,0.015869847780481,0.0242847066049822,0.9440258443840828,456,mlp
2C,level_2,MAR,0.05,5.0,knn,mim,0.0156235327147003,0.0238095192226787,0.9461949448496604,456,mlp
2C,level_2,MAR,0.1,10.0,knn,mim,0.0157022839632249,0.0245265124991792,0.9429056113723056,456,mlp
2C,level_2,MAR,0.15,15.0,knn,mim,0.0150936886015392,0.0229256020908138,0.9501157634945686,456,mlp
2C,level_2,MAR,0.2,20.0,knn,mim,0.0157433774919438,0.02354519270648,0.9473829703429748,456,mlp
2C,level_2,MAR,0.25,25.0,knn,mim,0.0160587748788054,0.0228617687068205,0.950393169209226,456,mlp
2C,level_2,MAR,0.3,30.0,knn,mim,0.0155646427305121,0.0219991093375543,0.9540662369855992,456,mlp
2C,level_2,MAR,0.35,35.0,knn,mim,0.0162599815031639,0.0230598482476356,0.9495298356534492,456,mlp
2C,level_2,MAR,0.4,40.0,knn,mim,0.0166594519794435,0.0234431625958057,0.9478380007623336,456,mlp
2C,level_2,MAR,0.45,45.0,knn,mim,0.017086122463819,0.0242757755634016,0.9440670073757036,456,mlp
2C,level_2,MAR,0.5,50.0,knn,mim,0.018183911986817,0.0256616857872022,0.9374982474729232,456,mlp
2C,level_2,MAR,0.55,55.00000000000001,knn,mim,0.0191658535828267,0.0277391598787232,0.9269688000584,456,mlp
2C,level_2,MAR,0.6000000000000001,60.00000000000001,knn,mim,0.0211538651354032,0.032085017076975,0.902292842588278,456,mlp
2C,level_2,MAR,0.65,65.0,knn,mim,0.0240169978548112,0.0375321567251446,0.8663007806945754,456,mlp
2C,level_2,MAR,0.7000000000000001,70.0,knn,mim,0.0274287101332107,0.0441300077340924,0.8151626062943543,456,mlp
2C,level_2,MAR,0.75,75.0,knn,mim,0.0303655465443929,0.0479823550082688,0.781483141489346,456,mlp
2C,level_2,MAR,0.8,80.0,knn,mim,0.0311286352367926,0.0492168752414563,0.7700942129789372,456,mlp
2C,level_2,MAR,0.8500000000000001,85.00000000000001,knn,mim,0.0338720865213781,0.0530919951569995,0.7324654219707027,456,mlp
2C,level_2,MAR,0.9,90.0,knn,mim,0.0359725918805688,0.0556253098179477,0.706325177583204,456,mlp
2C,level_2,MAR,0.95,95.0,knn,mim,0.0369830809930213,0.0571172817743515,0.6903601195065634,456,mlp
2C,level_2,MNAR,0.0,0.0,knn,mim,0.015869847780481,0.0242847066049822,0.9440258443840828,456,mlp
2C,level_2,MNAR,0.05,5.0,knn,mim,0.0157716617691785,0.0243282541724569,0.9438249176142698,456,mlp
2C,level_2,MNAR,0.1,10.0,knn,mim,0.0157812515500195,0.0239403864074254,0.9456018486974996,456,mlp
2C,level_2,MNAR,0.15,15.0,knn,mim,0.0163406891440389,0.0244080617162713,0.9434557543558718,456,mlp
2C,level_2,MNAR,0.2,20.0,knn,mim,0.0154235524724898,0.0233507936380413,0.9482482404160152,456,mlp
2C,level_2,MNAR,0.25,25.0,knn,mim,0.01612521811894,0.0234589591351989,0.947767681181484,456,mlp
2C,level_2,MNAR,0.3,30.0,knn,mim,0.0157405346186836,0.0235101278751257,0.9475395741516358,456,mlp
2C,level_2,MNAR,0.35,35.0,knn,mim,0.0160045051849575,0.0230268462508788,0.9496741925731204,456,mlp
2C,level_2,MNAR,0.4,40.0,knn,mim,0.0172255882631268,0.0252732201587129,0.9393762230324354,456,mlp
2C,level_2,MNAR,0.45,45.0,knn,mim,0.0162280155829618,0.0232920629716736,0.9485082395480142,456,mlp
2C,level_2,MNAR,0.5,50.0,knn,mim,0.0164613043192335,0.0220956341695642,0.9536622682972702,456,mlp
2C,level_2,MNAR,0.55,55.00000000000001,knn,mim,0.0180756080383644,0.0248336238591202,0.941466832469808,456,mlp
2C,level_2,MNAR,0.6000000000000001,60.00000000000001,knn,mim,0.0175721937540479,0.0238684861156239,0.9459281065579288,456,mlp
2C,level_2,MNAR,0.65,65.0,knn,mim,0.0196418314589593,0.0279651184286901,0.925774154259794,456,mlp
2C,level_2,MNAR,0.7000000000000001,70.0,knn,mim,0.0198507278664667,0.0267094924570606,0.9322899553808284,456,mlp
2C,level_2,MNAR,0.75,75.0,knn,mim,0.0221547511836938,0.0325528238242128,0.8994228871620762,456,mlp
2C,level_2,MNAR,0.8,80.0,knn,mim,0.0226394165285249,0.0317948215369933,0.904052290332431,456,mlp
2C,level_2,MNAR,0.8500000000000001,85.00000000000001,knn,mim,0.0222710620884907,0.0309303727755942,0.9091986851463214,456,mlp
2C,level_2,MNAR,0.9,90.0,knn,mim,0.023976676779582,0.0338613747461004,0.8911744172781673,456,mlp
2C,level_2,MNAR,0.95,95.0,knn,mim,0.02523862281001,0.0355744813707843,0.8798845192823196,456,mlp
R2.5,level_1,MCAR,0.0,0.0,knn,baseline,0.020171788931576,0.0276863407066114,0.9367649733990412,5000,mlp
R2.5,level_1,MCAR,0.05,5.0,knn,baseline,0.0201550688474886,0.0275796925348273,0.9372511995314504,5000,mlp
R2.5,level_1,MCAR,0.1,10.0,knn,baseline,0.0202824659566141,0.0279232202704188,0.9356782884581722,5000,mlp
R2.5,level_1,MCAR,0.15,15.0,knn,baseline,0.0202836872599983,0.0280528248347392,0.9350798092117066,5000,mlp
R2.5,level_1,MCAR,0.2,20.0,knn,baseline,0.020339322777851,0.027844866665496,0.93603876027611,5000,mlp
R2.5,level_1,MCAR,0.25,25.0,knn,baseline,0.0205660054745168,0.0284858371845529,0.9330601764955152,5000,mlp
R2.5,level_1,MCAR,0.3,30.0,knn,baseline,0.0208903229457487,0.0287412618596331,0.9318543323799328,5000,mlp
R2.5,level_1,MCAR,0.35,35.0,knn,baseline,0.0202831726830235,0.0280831473890482,0.9349393877081896,5000,mlp
R2.5,level_1,MCAR,0.4,40.0,knn,baseline,0.0208265202867495,0.0288685165990019,0.9312495533019944,5000,mlp
R2.5,level_1,MCAR,0.45,45.0,knn,baseline,0.0207862108197799,0.0285541924743604,0.932738530270134,5000,mlp
R2.5,level_1,MCAR,0.5,50.0,knn,baseline,0.0212539985797011,0.0300568697132597,0.9254729235240484,5000,mlp
R2.5,level_1,MCAR,0.55,55.00000000000001,knn,baseline,0.0215843722262377,0.030631907620546,0.9225939912352936,5000,mlp
R2.5,level_1,MCAR,0.6000000000000001,60.00000000000001,knn,baseline,0.0225318752432734,0.0341057793189153,0.9040417005593856,5000,mlp
R2.5,level_1,MCAR,0.65,65.0,knn,baseline,0.0231054411289685,0.0338186748681962,0.9056504657840408,5000,mlp
R2.5,level_1,MCAR,0.7000000000000001,70.0,knn,baseline,0.0249638456956704,0.0386655486789414,0.876668236252819,5000,mlp
R2.5,level_1,MCAR,0.75,75.0,knn,baseline,0.0273457709470018,0.0430112765846098,0.847387097199479,5000,mlp
R2.5,level_1,MCAR,0.8,80.0,knn,baseline,0.0292027924618725,0.0456677369822296,0.8279536078356782,5000,mlp
R2.5,level_1,MCAR,0.8500000000000001,85.00000000000001,knn,baseline,0.0372983747043263,0.0588193755754381,0.7145911687845303,5000,mlp
R2.5,level_1,MCAR,0.9,90.0,knn,baseline,0.0471947883735299,0.0731790645064991,0.5582258557910604,5000,mlp
R2.5,level_1,MCAR,0.95,95.0,knn,baseline,0.0619902701810528,0.0880352153979273,0.3606488510994214,5000,mlp
R2.5,level_1,MAR,0.0,0.0,knn,baseline,0.020171788931576,0.0276863407066114,0.9367649733990412,5000,mlp
R2.5,level_1,MAR,0.05,5.0,knn,baseline,0.0202676966830219,0.0277841030709505,0.9363176105410989,5000,mlp
R2.5,level_1,MAR,0.1,10.0,knn,baseline,0.0203849271985612,0.0279660338949725,0.9354808931172398,5000,mlp
R2.5,level_1,MAR,0.15,15.0,knn,baseline,0.0200907982951021,0.0277203400121783,0.9366095706247424,5000,mlp
R2.5,level_1,MAR,0.2,20.0,knn,baseline,0.0203697946388149,0.0279292297887882,0.9356505993808848,5000,mlp
R2.5,level_1,MAR,0.25,25.0,knn,baseline,0.0208248054391447,0.0301348253959545,0.9250858344252952,5000,mlp
R2.5,level_1,MAR,0.3,30.0,knn,baseline,0.0208512043602259,0.0293999735726591,0.9286949206269935,5000,mlp
R2.5,level_1,MAR,0.35,35.0,knn,baseline,0.0211159270868601,0.0309555701986304,0.9209495759857362,5000,mlp
R2.5,level_1,MAR,0.4,40.0,knn,baseline,0.0220137780826207,0.0347469669909365,0.9003997586125624,5000,mlp
R2.5,level_1,MAR,0.45,45.0,knn,baseline,0.0220489058080124,0.0329012190918911,0.9107001831860346,5000,mlp
R2.5,level_1,MAR,0.5,50.0,knn,baseline,0.0248672488967691,0.0446697355166763,0.835391085973592,5000,mlp
R2.5,level_1,MAR,0.55,55.00000000000001,knn,baseline,0.0265652879853417,0.0487959793639282,0.8035759481162968,5000,mlp
R2.5,level_1,MAR,0.6000000000000001,60.00000000000001,knn,baseline,0.0292118988674713,0.0554914862608514,0.7459733380071272,5000,mlp
R2.5,level_1,MAR,0.65,65.0,knn,baseline,0.0332495725352989,0.0638436413889994,0.6637503146820339,5000,mlp
R2.5,level_1,MAR,0.7000000000000001,70.0,knn,baseline,0.0375615556319782,0.0708568695333013,0.5858186779267022,5000,mlp
R2.5,level_1,MAR,0.75,75.0,knn,baseline,0.0437226225525966,0.0791104161714115,0.4837097471799664,5000,mlp
R2.5,level_1,MAR,0.8,80.0,knn,baseline,0.0455596496150281,0.0816887608155828,0.4495077570214695,5000,mlp
R2.5,level_1,MAR,0.8500000000000001,85.00000000000001,knn,baseline,0.048896944342962,0.0859355344909874,0.3907828051797952,5000,mlp
R2.5,level_1,MAR,0.9,90.0,knn,baseline,0.050963954558459,0.0878274767953106,0.3636626724889936,5000,mlp
R2.5,level_1,MAR,0.95,95.0,knn,baseline,0.0534503148141768,0.0911189767061337,0.3150730493282807,5000,mlp
R2.5,level_1,MNAR,0.0,0.0,knn,baseline,0.020171788931576,0.0276863407066114,0.9367649733990412,5000,mlp
R2.5,level_1,MNAR,0.05,5.0,knn,baseline,0.0202678073119752,0.0277726277273214,0.9363702036651664,5000,mlp
R2.5,level_1,MNAR,0.1,10.0,knn,baseline,0.0203938118753369,0.0280972266444077,0.9348741361480708,5000,mlp
R2.5,level_1,MNAR,0.15,15.0,knn,baseline,0.0205543164241393,0.0283722855845381,0.933592790231473,5000,mlp
R2.5,level_1,MNAR,0.2,20.0,knn,baseline,0.020288593694838,0.0276588358859362,0.936890551867718,5000,mlp
R2.5,level_1,MNAR,0.25,25.0,knn,baseline,0.0204110652391639,0.0280670461621766,0.9350139701872092,5000,mlp
R2.5,level_1,MNAR,0.3,30.0,knn,baseline,0.0207885337937071,0.0291069404287037,0.9301092498787428,5000,mlp
R2.5,level_1,MNAR,0.35,35.0,knn,baseline,0.0214173246363627,0.0317089485956283,0.917054988541883,5000,mlp
R2.5,level_1,MNAR,0.4,40.0,knn,baseline,0.0214021546710869,0.0305088265322679,0.9232147867414214,5000,mlp
R2.5,level_1,MNAR,0.45,45.0,knn,baseline,0.022155051573869,0.0346963995640417,0.9006894450813011,5000,mlp
R2.5,level_1,MNAR,0.5,50.0,knn,baseline,0.0229352035531569,0.0371207100807312,0.8863265246165114,5000,mlp
R2.5,level_1,MNAR,0.55,55.00000000000001,knn,baseline,0.0232550942968388,0.0373515415036056,0.8849083947595051,5000,mlp
R2.5,level_1,MNAR,0.6000000000000001,60.00000000000001,knn,baseline,0.0250737869240834,0.0422291703075033,0.8528867855107302,5000,mlp
R2.5,level_1,MNAR,0.65,65.0,knn,baseline,0.026336452455894,0.0460320497422538,0.8251976707701475,5000,mlp
R2.5,level_1,MNAR,0.7000000000000001,70.0,knn,baseline,0.0271089241379425,0.0493288928571306,0.799262124254692,5000,mlp
R2.5,level_1,MNAR,0.75,75.0,knn,baseline,0.0266939459876321,0.046193392038062,0.8239701592849786,5000,mlp
R2.5,level_1,MNAR,0.8,80.0,knn,baseline,0.0290570614540588,0.0512906290581758,0.7829785610761448,5000,mlp
R2.5,level_1,MNAR,0.8500000000000001,85.00000000000001,knn,baseline,0.0316939730548585,0.0565819199916789,0.7358917618190531,5000,mlp
R2.5,level_1,MNAR,0.9,90.0,knn,baseline,0.0314196872073576,0.0539460427121743,0.7599256446297054,5000,mlp
R2.5,level_1,MNAR,0.95,95.0,knn,baseline,0.0319307058675013,0.0555153529871744,0.7457547787641813,5000,mlp
R2.5,level_1,MCAR,0.0,0.0,knn,baseline,0.0176726655899173,0.0236034090688708,0.9389076752935068,42,mlp
R2.5,level_1,MCAR,0.05,5.0,knn,baseline,0.0176056536209844,0.0234493689431372,0.9397024724759596,42,mlp
R2.5,level_1,MCAR,0.1,10.0,knn,baseline,0.0178489831581603,0.023775586580312,0.9380131359184876,42,mlp
R2.5,level_1,MCAR,0.15,15.0,knn,baseline,0.0176653741267475,0.0236574464976184,0.9386276266713074,42,mlp
R2.5,level_1,MCAR,0.2,20.0,knn,baseline,0.0177848208864239,0.0239545347144334,0.9370765300007762,42,mlp
R2.5,level_1,MCAR,0.25,25.0,knn,baseline,0.0176444715374577,0.0236141209752482,0.9388522118003336,42,mlp
R2.5,level_1,MCAR,0.3,30.0,knn,baseline,0.0178957414574866,0.023874129940714,0.9374982335681304,42,mlp
R2.5,level_1,MCAR,0.35,35.0,knn,baseline,0.0179392344142398,0.0236809264433205,0.9385057424182836,42,mlp
R2.5,level_1,MCAR,0.4,40.0,knn,baseline,0.0181231479079183,0.0243748654528583,0.9348489170158452,42,mlp
R2.5,level_1,MCAR,0.45,45.0,knn,baseline,0.0181438867602035,0.0242197372952801,0.9356755559486852,42,mlp
R2.5,level_1,MCAR,0.5,50.0,knn,baseline,0.018085788840795,0.0249179452925951,0.9319134010341388,42,mlp
R2.5,level_1,MCAR,0.55,55.00000000000001,knn,baseline,0.018627620397693,0.0254029110038581,0.9292373386011916,42,mlp
R2.5,level_1,MCAR,0.6000000000000001,60.00000000000001,knn,baseline,0.0198264404178535,0.029614042936349,0.9038315561743226,42,mlp
R2.5,level_1,MCAR,0.65,65.0,knn,baseline,0.0201870381109906,0.0297089710503991,0.9032140301771664,42,mlp
R2.5,level_1,MCAR,0.7000000000000001,70.0,knn,baseline,0.0209319118200427,0.0313957772683621,0.8919114567288859,42,mlp
R2.5,level_1,MCAR,0.75,75.0,knn,baseline,0.0230618188590028,0.0357824020156822,0.8595970714659953,42,mlp
R2.5,level_1,MCAR,0.8,80.0,knn,baseline,0.0280157971138501,0.0451391217859313,0.7765690173029156,42,mlp
R2.5,level_1,MCAR,0.8500000000000001,85.00000000000001,knn,baseline,0.0333512245930024,0.0529047009564592,0.693079630210206,42,mlp
R2.5,level_1,MCAR,0.9,90.0,knn,baseline,0.039866192181615,0.0620364942306246,0.5779813153838673,42,mlp
R2.5,level_1,MCAR,0.95,95.0,knn,baseline,0.0559902884499,0.0802592965439382,0.2936370968404598,42,mlp
R2.5,level_1,MAR,0.0,0.0,knn,baseline,0.0176726655899173,0.0236034090688708,0.9389076752935068,42,mlp
R2.5,level_1,MAR,0.05,5.0,knn,baseline,0.0177766906440693,0.0236630333375948,0.9385986363815024,42,mlp
R2.5,level_1,MAR,0.1,10.0,knn,baseline,0.0175050327986696,0.0232814072197699,0.9405631698966004,42,mlp
R2.5,level_1,MAR,0.15,15.0,knn,baseline,0.0175738816670257,0.023349910300823,0.940212882125174,42,mlp
R2.5,level_1,MAR,0.2,20.0,knn,baseline,0.0176026126694505,0.0235587019538714,0.9391388855346118,42,mlp
R2.5,level_1,MAR,0.25,25.0,knn,baseline,0.0179673467900631,0.0241509845652825,0.9360402340636376,42,mlp
R2.5,level_1,MAR,0.3,30.0,knn,baseline,0.0181331903586422,0.0251168258014179,0.93082220865383,42,mlp
R2.5,level_1,MAR,0.35,35.0,knn,baseline,0.01770184734877,0.0248117092804512,0.9324927288583976,42,mlp
R2.5,level_1,MAR,0.4,40.0,knn,baseline,0.0176314295991493,0.0236628444745252,0.938599616509753,42,mlp
R2.5,level_1,MAR,0.45,45.0,knn,baseline,0.0182360569430093,0.0246435335751228,0.9334047665394184,42,mlp
R2.5,level_1,MAR,0.5,50.0,knn,baseline,0.0199137210149834,0.0314054513221034,0.8918448353187874,42,mlp
R2.5,level_1,MAR,0.55,55.00000000000001,knn,baseline,0.0215516776307655,0.0372832461582552,0.847572045551866,42,mlp
R2.5,level_1,MAR,0.6000000000000001,60.00000000000001,knn,baseline,0.0264570950304504,0.0503246565550131,0.722285328164141,42,mlp
R2.5,level_1,MAR,0.65,65.0,knn,baseline,0.0295790750675827,0.056008926196649,0.6560053581625581,42,mlp
R2.5,level_1,MAR,0.7000000000000001,70.0,knn,baseline,0.0342538321592511,0.0643713163797439,0.5456171136948129,42,mlp
R2.5,level_1,MAR,0.75,75.0,knn,baseline,0.0379690173829559,0.0704715976065439,0.45541532058888,42,mlp
R2.5,level_1,MAR,0.8,80.0,knn,baseline,0.0434535858404897,0.0768395266649456,0.3525495353730308,42,mlp
R2.5,level_1,MAR,0.8500000000000001,85.00000000000001,knn,baseline,0.0464147102876301,0.0798885431497247,0.300148032523964,42,mlp
R2.5,level_1,MAR,0.9,90.0,knn,baseline,0.0497527301415909,0.0837649649167284,0.2305825938915328,42,mlp
R2.5,level_1,MAR,0.95,95.0,knn,baseline,0.051888036559968,0.0854736787183436,0.1988718778742506,42,mlp
R2.5,level_1,MNAR,0.0,0.0,knn,baseline,0.0176726655899173,0.0236034090688708,0.9389076752935068,42,mlp
R2.5,level_1,MNAR,0.05,5.0,knn,baseline,0.0177336642324489,0.0237172917492994,0.938316731693716,42,mlp
R2.5,level_1,MNAR,0.1,10.0,knn,baseline,0.0176814430403883,0.0235782252433955,0.9390379715283874,42,mlp
R2.5,level_1,MNAR,0.15,15.0,knn,baseline,0.0176233964027279,0.0234293328958611,0.939805469531536,42,mlp
R2.5,level_1,MNAR,0.2,20.0,knn,baseline,0.0177393923963073,0.0237378270475414,0.9382098701940648,42,mlp
R2.5,level_1,MNAR,0.25,25.0,knn,baseline,0.0176511794598433,0.0238011014750897,0.9378800214774056,42,mlp
R2.5,level_1,MNAR,0.3,30.0,knn,baseline,0.0173830827692129,0.0232069569705794,0.9409427012030682,42,mlp
R2.5,level_1,MNAR,0.35,35.0,knn,baseline,0.0180419748986724,0.0251646198416724,0.93055868555693,42,mlp
R2.5,level_1,MNAR,0.4,40.0,knn,baseline,0.0184884181422908,0.0265603939692076,0.9226418259372984,42,mlp
R2.5,level_1,MNAR,0.45,45.0,knn,baseline,0.0185233615732541,0.0254499799953932,0.928974863733022,42,mlp
R2.5,level_1,MNAR,0.5,50.0,knn,baseline,0.0190654362379199,0.0283719498600547,0.9117295069601338,42,mlp
R2.5,level_1,MNAR,0.55,55.00000000000001,knn,baseline,0.0202267590047669,0.0324872479952171,0.8842654486597074,42,mlp
R2.5,level_1,MNAR,0.6000000000000001,60.00000000000001,knn,baseline,0.0220823980378408,0.0374230897471542,0.8464264345326957,42,mlp
R2.5,level_1,MNAR,0.65,65.0,knn,baseline,0.0220584752028876,0.0379872713105395,0.8417610537606327,42,mlp
R2.5,level_1,MNAR,0.7000000000000001,70.0,knn,baseline,0.0234681944090084,0.0394199761079045,0.829599879140853,42,mlp
R2.5,level_1,MNAR,0.75,75.0,knn,baseline,0.0249083125025686,0.0428109776195657,0.7990224832830017,42,mlp
R2.5,level_1,MNAR,0.8,80.0,knn,baseline,0.0255441997460205,0.0441868505997422,0.7858967390272068,42,mlp
R2.5,level_1,MNAR,0.8500000000000001,85.00000000000001,knn,baseline,0.0288087946115619,0.0482681052795756,0.7445195410521748,42,mlp
R2.5,level_1,MNAR,0.9,90.0,knn,baseline,0.0291610607709327,0.0481329180462329,0.7459486143655418,42,mlp
R2.5,level_1,MNAR,0.95,95.0,knn,baseline,0.0331301097443504,0.0532299943136444,0.6892937248179289,42,mlp
R2.5,level_1,MCAR,0.0,0.0,knn,baseline,0.0255190491719679,0.0374527720577974,0.8740584339930282,4000,mlp
R2.5,level_1,MCAR,0.05,5.0,knn,baseline,0.0255236004378578,0.0375093994930279,0.8736773065639459,4000,mlp
R2.5,level_1,MCAR,0.1,10.0,knn,baseline,0.0255962894959883,0.0375347238486179,0.8735066762279662,4000,mlp
R2.5,level_1,MCAR,0.15,15.0,knn,baseline,0.0255231350083784,0.0373775499690884,0.8745638210983397,4000,mlp
R2.5,level_1,MCAR,0.2,20.0,knn,baseline,0.025766883279627,0.0377689097310958,0.8719233230518866,4000,mlp
R2.5,level_1,MCAR,0.25,25.0,knn,baseline,0.0258065781471945,0.037685168580964,0.8724906361284513,4000,mlp
R2.5,level_1,MCAR,0.3,30.0,knn,baseline,0.0258531440734863,0.0378465067903077,0.8713965097094025,4000,mlp
R2.5,level_1,MCAR,0.35,35.0,knn,baseline,0.025679732205651,0.0372359564243818,0.8755123750950425,4000,mlp
R2.5,level_1,MCAR,0.4,40.0,knn,baseline,0.0262263263485648,0.038355106542445,0.8679168124203763,4000,mlp
R2.5,level_1,MCAR,0.45,45.0,knn,baseline,0.0264739151737906,0.038636621796185,0.8659707930668383,4000,mlp
R2.5,level_1,MCAR,0.5,50.0,knn,baseline,0.0263935449357466,0.0385567735045928,0.8665242029698825,4000,mlp
R2.5,level_1,MCAR,0.55,55.00000000000001,knn,baseline,0.026360334405899,0.0379262562331169,0.8708539570011614,4000,mlp
R2.5,level_1,MCAR,0.6000000000000001,60.00000000000001,knn,baseline,0.0271162019434842,0.0391905030112186,0.8621004561091438,4000,mlp
R2.5,level_1,MCAR,0.65,65.0,knn,baseline,0.026859015192552,0.0392681338337045,0.8615535961821469,4000,mlp
R2.5,level_1,MCAR,0.7000000000000001,70.0,knn,baseline,0.0286244095620241,0.0420099579267356,0.8415451095512255,4000,mlp
R2.5,level_1,MCAR,0.75,75.0,knn,baseline,0.030598047132492,0.0467306363915099,0.8039329813230527,4000,mlp
R2.5,level_1,MCAR,0.8,80.0,knn,baseline,0.0336024558440121,0.0518201206189919,0.7588995652973665,4000,mlp
R2.5,level_1,MCAR,0.8500000000000001,85.00000000000001,knn,baseline,0.0376926339608972,0.0594285345535347,0.6829036838897204,4000,mlp
R2.5,level_1,MCAR,0.9,90.0,knn,baseline,0.0452494149234078,0.0718888582380249,0.5359932199881249,4000,mlp
R2.5,level_1,MCAR,0.95,95.0,knn,baseline,0.0584449743366241,0.0854272796646956,0.3447691932963033,4000,mlp
R2.5,level_1,MAR,0.0,0.0,knn,baseline,0.0255190491719679,0.0374527720577974,0.8740584339930282,4000,mlp
R2.5,level_1,MAR,0.05,5.0,knn,baseline,0.0256335645216161,0.0376041960755296,0.8730379952551731,4000,mlp
R2.5,level_1,MAR,0.1,10.0,knn,baseline,0.0256685990732366,0.0377332080899394,0.8721653414981743,4000,mlp
R2.5,level_1,MAR,0.15,15.0,knn,baseline,0.0257249053027413,0.0376166408625708,0.872953947371025,4000,mlp
R2.5,level_1,MAR,0.2,20.0,knn,baseline,0.0259239019593325,0.0379787502568935,0.870496205520662,4000,mlp
R2.5,level_1,MAR,0.25,25.0,knn,baseline,0.0257343376350402,0.0378576433643442,0.8713208137929358,4000,mlp
R2.5,level_1,MAR,0.3,30.0,knn,baseline,0.0259552579923109,0.0379682867387595,0.8705675548213045,4000,mlp
R2.5,level_1,MAR,0.35,35.0,knn,baseline,0.0261526157604564,0.0386200998256463,0.8660853969340344,4000,mlp
R2.5,level_1,MAR,0.4,40.0,knn,baseline,0.0261037425908175,0.0385542847522772,0.8665414335339439,4000,mlp
R2.5,level_1,MAR,0.45,45.0,knn,baseline,0.0265092737692052,0.0397693130696263,0.8579970608535853,4000,mlp
R2.5,level_1,MAR,0.5,50.0,knn,baseline,0.0270152811856703,0.0403511245319602,0.8538117594404165,4000,mlp
R2.5,level_1,MAR,0.55,55.00000000000001,knn,baseline,0.0286311933075297,0.0466713223309777,0.804430391646179,4000,mlp
R2.5,level_1,MAR,0.6000000000000001,60.00000000000001,knn,baseline,0.0298889022211594,0.0503932475386188,0.771994224448442,4000,mlp
R2.5,level_1,MAR,0.65,65.0,knn,baseline,0.0328830928724462,0.0581314395236001,0.696594597536578,4000,mlp
R2.5,level_1,MAR,0.7000000000000001,70.0,knn,baseline,0.0385414670424027,0.0689650376010226,0.5729692895349542,4000,mlp
R2.5,level_1,MAR,0.75,75.0,knn,baseline,0.0431949365884607,0.076613961999043,0.4729922544119552,4000,mlp
R2.5,level_1,MAR,0.8,80.0,knn,baseline,0.0461435403277657,0.0798474582887951,0.4275687340321592,4000,mlp
R2.5,level_1,MAR,0.8500000000000001,85.00000000000001,knn,baseline,0.0507642659109289,0.0869467367204486,0.3212533051662266,4000,mlp
R2.5,level_1,MAR,0.9,90.0,knn,baseline,0.053842219209671,0.09066867612496,0.2618991534813646,4000,mlp
R2.5,level_1,MAR,0.95,95.0,knn,baseline,0.0563522532046924,0.0932246201261403,0.2196985767388014,4000,mlp
R2.5,level_1,MNAR,0.0,0.0,knn,baseline,0.0255190491719679,0.0374527720577974,0.8740584339930282,4000,mlp
R2.5,level_1,MNAR,0.05,5.0,knn,baseline,0.0256106811107288,0.0375780949072998,0.8732141833890621,4000,mlp
R2.5,level_1,MNAR,0.1,10.0,knn,baseline,0.0256868401978232,0.0375756529901206,0.8732306605630717,4000,mlp
R2.5,level_1,MNAR,0.15,15.0,knn,baseline,0.0256218925935571,0.0376583060703826,0.8726723522248592,4000,mlp
R2.5,level_1,MNAR,0.2,20.0,knn,baseline,0.0257471323646198,0.0375945159762103,0.8731033521439411,4000,mlp
R2.5,level_1,MNAR,0.25,25.0,knn,baseline,0.0259832979150251,0.0380531934178892,0.8699880202736145,4000,mlp
R2.5,level_1,MNAR,0.3,30.0,knn,baseline,0.0259639101982116,0.0381575024684851,0.8692742818552995,4000,mlp
R2.5,level_1,MNAR,0.35,35.0,knn,baseline,0.0259479702021858,0.0379511670558513,0.8706842492025613,4000,mlp
R2.5,level_1,MNAR,0.4,40.0,knn,baseline,0.0260559823556379,0.0380764926191762,0.8698287641185005,4000,mlp
R2.5,level_1,MNAR,0.45,45.0,knn,baseline,0.0265743915635889,0.0404096386408857,0.8533874700575157,4000,mlp
R2.5,level_1,MNAR,0.5,50.0,knn,baseline,0.0263587812389026,0.0390010556156092,0.8634304500542406,4000,mlp
R2.5,level_1,MNAR,0.55,55.00000000000001,knn,baseline,0.0277591032496365,0.04243156493785,0.8383486807461945,4000,mlp
R2.5,level_1,MNAR,0.6000000000000001,60.00000000000001,knn,baseline,0.0282192051766135,0.044780616036956,0.8199549101479657,4000,mlp
R2.5,level_1,MNAR,0.65,65.0,knn,baseline,0.0293361801797693,0.0472943168869893,0.7991744022734644,4000,mlp
R2.5,level_1,MNAR,0.7000000000000001,70.0,knn,baseline,0.0303824987142736,0.0483704262201179,0.7899314765719314,4000,mlp
R2.5,level_1,MNAR,0.75,75.0,knn,baseline,0.0306488833635503,0.0470132482547415,0.8015543097145708,4000,mlp
R2.5,level_1,MNAR,0.8,80.0,knn,baseline,0.0329057707249034,0.0530629463280852,0.7471960383036251,4000,mlp
R2.5,level_1,MNAR,0.8500000000000001,85.00000000000001,knn,baseline,0.0331790683477575,0.0524386175316383,0.7531099307011634,4000,mlp
R2.5,level_1,MNAR,0.9,90.0,knn,baseline,0.0364954959392547,0.0584668739633517,0.6930830296113073,4000,mlp
R2.5,level_1,MNAR,0.95,95.0,knn,baseline,0.0356260733907872,0.0566392233361138,0.7119713205434623,4000,mlp
R2.5,level_1,MCAR,0.0,0.0,knn,baseline,0.0181111589581322,0.0233548381470547,0.9447312833978676,3000,mlp
R2.5,level_1,MCAR,0.05,5.0,knn,baseline,0.0180980998479616,0.0233177972703024,0.9449064572330734,3000,mlp
R2.5,level_1,MCAR,0.1,10.0,knn,baseline,0.0182353254772455,0.0233763106358698,0.9446296083235188,3000,mlp
R2.5,level_1,MCAR,0.15,15.0,knn,baseline,0.0180569656746892,0.0233544174840853,0.9447332743594756,3000,mlp
R2.5,level_1,MCAR,0.2,20.0,knn,baseline,0.0183358876772102,0.023760427984798,0.942794975710312,3000,mlp
R2.5,level_1,MCAR,0.25,25.0,knn,baseline,0.0178428201970841,0.0229073602550903,0.9468288874166876,3000,mlp
R2.5,level_1,MCAR,0.3,30.0,knn,baseline,0.0178393287501745,0.0233198021879594,0.9448969826875908,3000,mlp
R2.5,level_1,MCAR,0.35,35.0,knn,baseline,0.018227650624854,0.023281332728663,0.945078633871136,3000,mlp
R2.5,level_1,MCAR,0.4,40.0,knn,baseline,0.0183913802472804,0.0236098928030086,0.9435175291839664,3000,mlp
R2.5,level_1,MCAR,0.45,45.0,knn,baseline,0.0177864522343106,0.0230371238227906,0.9462247832757746,3000,mlp
R2.5,level_1,MCAR,0.5,50.0,knn,baseline,0.0181764080965276,0.0241253540040135,0.9410243079913228,3000,mlp
R2.5,level_1,MCAR,0.55,55.00000000000001,knn,baseline,0.0183406241067035,0.0243270855047448,0.9400338979757906,3000,mlp
R2.5,level_1,MCAR,0.6000000000000001,60.00000000000001,knn,baseline,0.0187529461196869,0.025140253545887,0.9359579887122498,3000,mlp
R2.5,level_1,MCAR,0.65,65.0,knn,baseline,0.0207880800917441,0.0304831860931325,0.9058443532525132,3000,mlp
R2.5,level_1,MCAR,0.7000000000000001,70.0,knn,baseline,0.0208810792038539,0.031309961123197,0.9006676493734064,3000,mlp
R2.5,level_1,MCAR,0.75,75.0,knn,baseline,0.0253761751215547,0.0402161074285863,0.8361200884765112,3000,mlp
R2.5,level_1,MCAR,0.8,80.0,knn,baseline,0.0271113299169475,0.0424362320411699,0.8175267164760247,3000,mlp
R2.5,level_1,MCAR,0.8500000000000001,85.00000000000001,knn,baseline,0.032711005674327,0.0515845005680212,0.7303725425500205,3000,mlp
R2.5,level_1,MCAR,0.9,90.0,knn,baseline,0.041292032019328,0.0612873904891432,0.6194007601135864,3000,mlp
R2.5,level_1,MCAR,0.95,95.0,knn,baseline,0.0561162596995232,0.0799018372328595,0.3530969675117203,3000,mlp
R2.5,level_1,MAR,0.0,0.0,knn,baseline,0.0181111589581322,0.0233548381470547,0.9447312833978676,3000,mlp
R2.5,level_1,MAR,0.05,5.0,knn,baseline,0.0181661721152926,0.0236111023724834,0.9435117416758922,3000,mlp
R2.5,level_1,MAR,0.1,10.0,knn,baseline,0.018018503552831,0.0233183637015494,0.944903780558017,3000,mlp
R2.5,level_1,MAR,0.15,15.0,knn,baseline,0.0178618306061189,0.0228311627920368,0.9471820285486212,3000,mlp
R2.5,level_1,MAR,0.2,20.0,knn,baseline,0.0180512309069785,0.0232296425166775,0.9453222406758128,3000,mlp
R2.5,level_1,MAR,0.25,25.0,knn,baseline,0.0185039363142827,0.0251485595778988,0.9359156643285844,3000,mlp
R2.5,level_1,MAR,0.3,30.0,knn,baseline,0.0178016298465784,0.0230137762707192,0.946333727731106,3000,mlp
R2.5,level_1,MAR,0.35,35.0,knn,baseline,0.0184050818606706,0.0252493173369234,0.9354011275805698,3000,mlp
R2.5,level_1,MAR,0.4,40.0,knn,baseline,0.0187711998504682,0.0245022310379537,0.9391673245487204,3000,mlp
R2.5,level_1,MAR,0.45,45.0,knn,baseline,0.0201873983455188,0.0319243539806666,0.8967310190507547,3000,mlp
R2.5,level_1,MAR,0.5,50.0,knn,baseline,0.020381444141687,0.0309242329230302,0.9031000556567578,3000,mlp
R2.5,level_1,MAR,0.55,55.00000000000001,knn,baseline,0.0228360306655795,0.0381486426698522,0.8525367379231749,3000,mlp
R2.5,level_1,MAR,0.6000000000000001,60.00000000000001,knn,baseline,0.0264898522027118,0.0462760595045378,0.7830106605240247,3000,mlp
R2.5,level_1,MAR,0.65,65.0,knn,baseline,0.030417202157411,0.0546605886617947,0.6972568920482299,3000,mlp
R2.5,level_1,MAR,0.7000000000000001,70.0,knn,baseline,0.0357362773300717,0.0629933132126452,0.5979180675194574,3000,mlp
R2.5,level_1,MAR,0.75,75.0,knn,baseline,0.040849304120746,0.0709357472307828,0.4901341178799874,3000,mlp
R2.5,level_1,MAR,0.8,80.0,knn,baseline,0.0415321486298597,0.0719912225079303,0.4748483272287573,3000,mlp
R2.5,level_1,MAR,0.8500000000000001,85.00000000000001,knn,baseline,0.046612328353025,0.0778978530125076,0.3851394458954194,3000,mlp
R2.5,level_1,MAR,0.9,90.0,knn,baseline,0.0467672274073465,0.0788814760409001,0.3695136140847215,3000,mlp
R2.5,level_1,MAR,0.95,95.0,knn,baseline,0.0484499218092306,0.0813704954829835,0.3290972420797773,3000,mlp
R2.5,level_1,MNAR,0.0,0.0,knn,baseline,0.0181111589581322,0.0233548381470547,0.9447312833978676,3000,mlp
R2.5,level_1,MNAR,0.05,5.0,knn,baseline,0.0179330552249771,0.0231599338453494,0.9456499077985632,3000,mlp
R2.5,level_1,MNAR,0.1,10.0,knn,baseline,0.018116023260303,0.0235619230163296,0.9437468143918152,3000,mlp
R2.5,level_1,MNAR,0.15,15.0,knn,baseline,0.0179109441447004,0.0231586132922767,0.9456561055826804,3000,mlp
R2.5,level_1,MNAR,0.2,20.0,knn,baseline,0.0176740439258955,0.0228713905106122,0.94699573769909,3000,mlp
R2.5,level_1,MNAR,0.25,25.0,knn,baseline,0.0181009490427643,0.0238133364009849,0.9425399300521534,3000,mlp
R2.5,level_1,MNAR,0.3,30.0,knn,baseline,0.0183441038925673,0.0237542435105237,0.9428247510122691,3000,mlp
R2.5,level_1,MNAR,0.35,35.0,knn,baseline,0.017874506497083,0.022953084193687,0.9466164125583838,3000,mlp
R2.5,level_1,MNAR,0.4,40.0,knn,baseline,0.019098337382107,0.0266737882373051,0.927906675310964,3000,mlp
R2.5,level_1,MNAR,0.45,45.0,knn,baseline,0.0191790615055937,0.0268697048135434,0.926843748066424,3000,mlp
R2.5,level_1,MNAR,0.5,50.0,knn,baseline,0.0198646774652043,0.0293678136611366,0.9126085615292028,3000,mlp
R2.5,level_1,MNAR,0.55,55.00000000000001,knn,baseline,0.020004195697079,0.0291022069115431,0.9141821748014866,3000,mlp
R2.5,level_1,MNAR,0.6000000000000001,60.00000000000001,knn,baseline,0.0216422442854431,0.0351829201030828,0.8745734662849154,3000,mlp
R2.5,level_1,MNAR,0.65,65.0,knn,baseline,0.0231974123699044,0.0379184005494741,0.8543113644440716,3000,mlp
R2.5,level_1,MNAR,0.7000000000000001,70.0,knn,baseline,0.0237752187882134,0.0381018982648336,0.8528978967398416,3000,mlp
R2.5,level_1,MNAR,0.75,75.0,knn,baseline,0.0263437322070037,0.0450488300710464,0.794367057740938,3000,mlp
R2.5,level_1,MNAR,0.8,80.0,knn,baseline,0.0261917257345888,0.0428198587397876,0.8142126600715516,3000,mlp
R2.5,level_1,MNAR,0.8500000000000001,85.00000000000001,knn,baseline,0.0290250478358605,0.0461765160852771,0.7839431785271369,3000,mlp
R2.5,level_1,MNAR,0.9,90.0,knn,baseline,0.0291747765213337,0.0471332839971615,0.7748971174315131,3000,mlp
R2.5,level_1,MNAR,0.95,95.0,knn,baseline,0.0324034698334921,0.0539600239589337,0.7049674562227031,3000,mlp
R2.5,level_1,MCAR,0.0,0.0,knn,baseline,0.0153869619995007,0.0207964761415566,0.9582754867489512,123,mlp
R2.5,level_1,MCAR,0.05,5.0,knn,baseline,0.0154027204479275,0.0209085518962732,0.9578245539094858,123,mlp
R2.5,level_1,MCAR,0.1,10.0,knn,baseline,0.0154590907957997,0.0209399857039159,0.9576976458942708,123,mlp
R2.5,level_1,MCAR,0.15,15.0,knn,baseline,0.015339291330939,0.020508455460817,0.9594232104615524,123,mlp
R2.5,level_1,MCAR,0.2,20.0,knn,baseline,0.0152257300340047,0.0206456551539318,0.9588784844235272,123,mlp
R2.5,level_1,MCAR,0.25,25.0,knn,baseline,0.0155055717732171,0.0207735346506993,0.9583674921979518,123,mlp
R2.5,level_1,MCAR,0.3,30.0,knn,baseline,0.0155670462759999,0.0208482124106645,0.9580676288658024,123,mlp
R2.5,level_1,MCAR,0.35,35.0,knn,baseline,0.0152332455685625,0.0203364592145557,0.9601009592291396,123,mlp
R2.5,level_1,MCAR,0.4,40.0,knn,baseline,0.0157513177705475,0.0214514519874436,0.9556059096088684,123,mlp
R2.5,level_1,MCAR,0.45,45.0,knn,baseline,0.0155273560963551,0.0208384394180945,0.9581069328302492,123,mlp
R2.5,level_1,MCAR,0.5,50.0,knn,baseline,0.0156542992981724,0.0207947905432404,0.9582822501946978,123,mlp
R2.5,level_1,MCAR,0.55,55.00000000000001,knn,baseline,0.0159753089203881,0.0219457410844423,0.9535364619534252,123,mlp
R2.5,level_1,MCAR,0.6000000000000001,60.00000000000001,knn,baseline,0.0164528694135695,0.0223741934048169,0.9517045129343704,123,mlp
R2.5,level_1,MCAR,0.65,65.0,knn,baseline,0.0179038516136299,0.0284296251049718,0.9220252411662528,123,mlp
R2.5,level_1,MCAR,0.7000000000000001,70.0,knn,baseline,0.0186476689199017,0.0265878138937494,0.9318011525795524,123,mlp
R2.5,level_1,MCAR,0.75,75.0,knn,baseline,0.0202766106966263,0.032057180903696,0.900856914523488,123,mlp
R2.5,level_1,MCAR,0.8,80.0,knn,baseline,0.023994219649727,0.0397599481332877,0.8474882188882156,123,mlp
R2.5,level_1,MCAR,0.8500000000000001,85.00000000000001,knn,baseline,0.0310142475318394,0.0498509917652906,0.7602495779657769,123,mlp
R2.5,level_1,MCAR,0.9,90.0,knn,baseline,0.0441266239933997,0.0651482633543231,0.5905343627397046,123,mlp
R2.5,level_1,MCAR,0.95,95.0,knn,baseline,0.0581423213424065,0.0826225206781191,0.3414198213696855,123,mlp
R2.5,level_1,MAR,0.0,0.0,knn,baseline,0.0153869619995007,0.0207964761415566,0.9582754867489512,123,mlp
R2.5,level_1,MAR,0.05,5.0,knn,baseline,0.0154506730390687,0.0207747239688466,0.9583627250059192,123,mlp
R2.5,level_1,MAR,0.1,10.0,knn,baseline,0.0152847987043889,0.0204762053385426,0.95955072640408,123,mlp
R2.5,level_1,MAR,0.15,15.0,knn,baseline,0.0153582327295185,0.0207667398971568,0.9583947226496786,123,mlp
R2.5,level_1,MAR,0.2,20.0,knn,baseline,0.0152145461187851,0.0204110743193748,0.959807640459994,123,mlp
R2.5,level_1,MAR,0.25,25.0,knn,baseline,0.0151872635110476,0.0203767498565792,0.959942706467372,123,mlp
R2.5,level_1,MAR,0.3,30.0,knn,baseline,0.0156390707722035,0.022119671149152,0.9527970537399284,123,mlp
R2.5,level_1,MAR,0.35,35.0,knn,baseline,0.0152554125927207,0.0209446656091002,0.9576787353628612,123,mlp
R2.5,level_1,MAR,0.4,40.0,knn,baseline,0.015528847951452,0.0208452726566808,0.9580794535883834,123,mlp
R2.5,level_1,MAR,0.45,45.0,knn,baseline,0.0158172974119503,0.0220913853759028,0.9529176991277156,123,mlp
R2.5,level_1,MAR,0.5,50.0,knn,baseline,0.0168796669659267,0.0261344026275761,0.9341073566912328,123,mlp
R2.5,level_1,MAR,0.55,55.00000000000001,knn,baseline,0.0182845302874829,0.0310149509552334,0.9071987187871676,123,mlp
R2.5,level_1,MAR,0.6000000000000001,60.00000000000001,knn,baseline,0.0214112037502744,0.0428057146227386,0.8232272662453471,123,mlp
R2.5,level_1,MAR,0.65,65.0,knn,baseline,0.0242262575358607,0.0493695633477226,0.7648579247106408,123,mlp
R2.5,level_1,MAR,0.7000000000000001,70.0,knn,baseline,0.0268286938697287,0.0556389514204629,0.7013450977170819,123,mlp
R2.5,level_1,MAR,0.75,75.0,knn,baseline,0.0313229676424011,0.0635664192732141,0.6101771692481888,123,mlp
R2.5,level_1,MAR,0.8,80.0,knn,baseline,0.0348158236792359,0.0680124066712653,0.5537398977940946,123,mlp
R2.5,level_1,MAR,0.8500000000000001,85.00000000000001,knn,baseline,0.0389100013486137,0.072314441532721,0.4954992132508611,123,mlp
R2.5,level_1,MAR,0.9,90.0,knn,baseline,0.0418649427417367,0.076630120836223,0.4334858062089787,123,mlp
R2.5,level_1,MAR,0.95,95.0,knn,baseline,0.044975091814245,0.0797840509082024,0.385893151098462,123,mlp
R2.5,level_1,MNAR,0.0,0.0,knn,baseline,0.0153869619995007,0.0207964761415566,0.9582754867489512,123,mlp
R2.5,level_1,MNAR,0.05,5.0,knn,baseline,0.0154366908317627,0.0207929223320549,0.958289745732168,123,mlp
R2.5,level_1,MNAR,0.1,10.0,knn,baseline,0.0153353489244294,0.0206333790390126,0.9589273724209114,123,mlp
R2.5,level_1,MNAR,0.15,15.0,knn,baseline,0.0153679655183036,0.0208401835266259,0.9580999199141588,123,mlp
R2.5,level_1,MNAR,0.2,20.0,knn,baseline,0.0153110636413793,0.0205391447686032,0.9593016795824462,123,mlp
R2.5,level_1,MNAR,0.25,25.0,knn,baseline,0.0154948552989359,0.022120055060238,0.9527954152081888,123,mlp
R2.5,level_1,MNAR,0.3,30.0,knn,baseline,0.01549674830818,0.0207577181001645,0.9584308643680608,123,mlp
R2.5,level_1,MNAR,0.35,35.0,knn,baseline,0.0157949815340547,0.0223984401718196,0.9515997812098712,123,mlp
R2.5,level_1,MNAR,0.4,40.0,knn,baseline,0.0155511356818172,0.0217127714273694,0.9545177128573814,123,mlp
R2.5,level_1,MNAR,0.45,45.0,knn,baseline,0.0155679597554716,0.0207403028993013,0.958500586016821,123,mlp
R2.5,level_1,MNAR,0.5,50.0,knn,baseline,0.0157696239097848,0.0215724443117945,0.9551037065742466,123,mlp
R2.5,level_1,MNAR,0.55,55.00000000000001,knn,baseline,0.0165097738541897,0.0247573138582271,0.9408685104134716,123,mlp
R2.5,level_1,MNAR,0.6000000000000001,60.00000000000001,knn,baseline,0.0168863984662353,0.0259106221581122,0.935230960428222,123,mlp
R2.5,level_1,MNAR,0.65,65.0,knn,baseline,0.0183617027510637,0.0316346805340909,0.9034530228462768,123,mlp
R2.5,level_1,MNAR,0.7000000000000001,70.0,knn,baseline,0.0189841017658819,0.0317487951682742,0.9027552257345028,123,mlp
R2.5,level_1,MNAR,0.75,75.0,knn,baseline,0.0195271972071878,0.0308426518928402,0.90822694287727,123,mlp
R2.5,level_1,MNAR,0.8,80.0,knn,baseline,0.0222096519675858,0.0383010220419316,0.8584752160031628,123,mlp
R2.5,level_1,MNAR,0.8500000000000001,85.00000000000001,knn,baseline,0.0230111424051098,0.0400652877059427,0.8451367725168739,123,mlp
R2.5,level_1,MNAR,0.9,90.0,knn,baseline,0.0242460783678245,0.0403483079151169,0.842941144803284,123,mlp
R2.5,level_1,MNAR,0.95,95.0,knn,baseline,0.0266285576721835,0.0445771571689962,0.8082936440688184,123,mlp
R2.5,level_1,MCAR,0.0,0.0,knn,baseline,0.0153360468576158,0.0217763072926763,0.951733607301692,6000,mlp
R2.5,level_1,MCAR,0.05,5.0,knn,baseline,0.0154101540075329,0.0217994382719078,0.9516310148958396,6000,mlp
R2.5,level_1,MCAR,0.1,10.0,knn,baseline,0.0153060637481327,0.0220011148640358,0.950731907731108,6000,mlp
R2.5,level_1,MCAR,0.15,15.0,knn,baseline,0.0152970369106425,0.0217491354984645,0.9518539827406948,6000,mlp
R2.5,level_1,MCAR,0.2,20.0,knn,baseline,0.0156247404972241,0.02210935170257,0.950245956015986,6000,mlp
R2.5,level_1,MCAR,0.25,25.0,knn,baseline,0.0156801159686703,0.0218943121064908,0.951209083204396,6000,mlp
R2.5,level_1,MCAR,0.3,30.0,knn,baseline,0.0157054249660934,0.0224206740458651,0.9488349151031872,6000,mlp
R2.5,level_1,MCAR,0.35,35.0,knn,baseline,0.0157239015055954,0.0226298113088994,0.9478759401513904,6000,mlp
R2.5,level_1,MCAR,0.4,40.0,knn,baseline,0.0155788575349269,0.0221572329120362,0.9500302225620808,6000,mlp
R2.5,level_1,MCAR,0.45,45.0,knn,baseline,0.0155765475467743,0.0220741709919724,0.9504041687061904,6000,mlp
R2.5,level_1,MCAR,0.5,50.0,knn,baseline,0.0159304514343106,0.023005069987705,0.9461329134518164,6000,mlp
R2.5,level_1,MCAR,0.55,55.00000000000001,knn,baseline,0.016268175211526,0.02298847591985,0.9462105964759672,6000,mlp
R2.5,level_1,MCAR,0.6000000000000001,60.00000000000001,knn,baseline,0.0168204868964276,0.0253519852203401,0.9345815401545342,6000,mlp
R2.5,level_1,MCAR,0.65,65.0,knn,baseline,0.0174998018247005,0.0269331075743158,0.926167206460531,6000,mlp
R2.5,level_1,MCAR,0.7000000000000001,70.0,knn,baseline,0.019469565962453,0.0322078678106184,0.8944154630930023,6000,mlp
R2.5,level_1,MCAR,0.75,75.0,knn,baseline,0.0215314457802122,0.0353213383679721,0.8730155121912941,6000,mlp
R2.5,level_1,MCAR,0.8,80.0,knn,baseline,0.0248313937861469,0.0408037197692344,0.8305366131698085,6000,mlp
R2.5,level_1,MCAR,0.8500000000000001,85.00000000000001,knn,baseline,0.0304234613681828,0.0478751026523505,0.7667101705461968,6000,mlp
R2.5,level_1,MCAR,0.9,90.0,knn,baseline,0.0406081634064431,0.0622623528456829,0.6054269436494726,6000,mlp
R2.5,level_1,MCAR,0.95,95.0,knn,baseline,0.0561905439798353,0.0823406846891709,0.309910662504236,6000,mlp
R2.5,level_1,MAR,0.0,0.0,knn,baseline,0.0153360468576158,0.0217763072926763,0.951733607301692,6000,mlp
R2.5,level_1,MAR,0.05,5.0,knn,baseline,0.0153030381505515,0.0217500195597876,0.9518500685716192,6000,mlp
R2.5,level_1,MAR,0.1,10.0,knn,baseline,0.0153705127305847,0.0217768197115368,0.9517313357594503,6000,mlp
R2.5,level_1,MAR,0.15,15.0,knn,baseline,0.0153949104869496,0.0220244402104921,0.9506273853456918,6000,mlp
R2.5,level_1,MAR,0.2,20.0,knn,baseline,0.0152967891660814,0.0216630896942049,0.9522341879952624,6000,mlp
R2.5,level_1,MAR,0.25,25.0,knn,baseline,0.0154514595834407,0.0221480600844963,0.9500715877698976,6000,mlp
R2.5,level_1,MAR,0.3,30.0,knn,baseline,0.015484009243693,0.0224423541885317,0.9487359169506734,6000,mlp
R2.5,level_1,MAR,0.35,35.0,knn,baseline,0.0153631647830288,0.0220489563099444,0.9505174077389924,6000,mlp
R2.5,level_1,MAR,0.4,40.0,knn,baseline,0.0158600882078811,0.0225374420899147,0.9483005864303884,6000,mlp
R2.5,level_1,MAR,0.45,45.0,knn,baseline,0.0156600065715831,0.0225326074583072,0.9483227647067968,6000,mlp
R2.5,level_1,MAR,0.5,50.0,knn,baseline,0.0162239440567507,0.0236109943910119,0.9432579626444584,6000,mlp
R2.5,level_1,MAR,0.55,55.00000000000001,knn,baseline,0.0172375875282449,0.0302508938913923,0.9068564483893392,6000,mlp
R2.5,level_1,MAR,0.6000000000000001,60.00000000000001,knn,baseline,0.0202413071399013,0.0405642605188679,0.8325197903840855,6000,mlp
R2.5,level_1,MAR,0.65,65.0,knn,baseline,0.0224696015568732,0.0463098283763898,0.7817155935031325,6000,mlp
R2.5,level_1,MAR,0.7000000000000001,70.0,knn,baseline,0.0236993169978349,0.0487053608587332,0.7585485042949769,6000,mlp
R2.5,level_1,MAR,0.75,75.0,knn,baseline,0.0267033477834884,0.0566483136451728,0.6733743092679898,6000,mlp
R2.5,level_1,MAR,0.8,80.0,knn,baseline,0.0309020515461274,0.0655456801422378,0.56271506268549,6000,mlp
R2.5,level_1,MAR,0.8500000000000001,85.00000000000001,knn,baseline,0.0340083992576114,0.0694009483189452,0.5097617662083755,6000,mlp
R2.5,level_1,MAR,0.9,90.0,knn,baseline,0.0365346578958173,0.0722419167669741,0.4688038849499983,6000,mlp
R2.5,level_1,MAR,0.95,95.0,knn,baseline,0.039869814808948,0.0775251623717284,0.3882672407188472,6000,mlp
R2.5,level_1,MNAR,0.0,0.0,knn,baseline,0.0153360468576158,0.0217763072926763,0.951733607301692,6000,mlp
R2.5,level_1,MNAR,0.05,5.0,knn,baseline,0.0153169993692086,0.0216780335173852,0.952168264799636,6000,mlp
R2.5,level_1,MNAR,0.1,10.0,knn,baseline,0.0153796789506852,0.0219949652005155,0.9507594463215318,6000,mlp
R2.5,level_1,MNAR,0.15,15.0,knn,baseline,0.0153262155994735,0.0215261962187599,0.9528359643819062,6000,mlp
R2.5,level_1,MNAR,0.2,20.0,knn,baseline,0.0153077612997211,0.0218089248768702,0.9515889076368912,6000,mlp
R2.5,level_1,MNAR,0.25,25.0,knn,baseline,0.0154426368879726,0.0218726305780217,0.9513056688249968,6000,mlp
R2.5,level_1,MNAR,0.3,30.0,knn,baseline,0.0154599220904124,0.0215602382925019,0.952686673620074,6000,mlp
R2.5,level_1,MNAR,0.35,35.0,knn,baseline,0.0154006941364944,0.0221893002795401,0.9498854789678804,6000,mlp
R2.5,level_1,MNAR,0.4,40.0,knn,baseline,0.0156497044066672,0.022265164909821,0.9495422127185548,6000,mlp
R2.5,level_1,MNAR,0.45,45.0,knn,baseline,0.0158610706393946,0.0237356998512514,0.9426569944326288,6000,mlp
R2.5,level_1,MNAR,0.5,50.0,knn,baseline,0.0156761926074435,0.0223271088725302,0.9492610647357356,6000,mlp
R2.5,level_1,MNAR,0.55,55.00000000000001,knn,baseline,0.0170576115260176,0.0278779506484994,0.9208960702339062,6000,mlp
R2.5,level_1,MNAR,0.6000000000000001,60.00000000000001,knn,baseline,0.01773054814803,0.0305851416226494,0.9047867562885388,6000,mlp
R2.5,level_1,MNAR,0.65,65.0,knn,baseline,0.0184649623229683,0.029773336471446,0.909774067309812,6000,mlp
R2.5,level_1,MNAR,0.7000000000000001,70.0,knn,baseline,0.0191362164478802,0.0336254562877017,0.8849165846955533,6000,mlp
R2.5,level_1,MNAR,0.75,75.0,knn,baseline,0.0210158768330056,0.0386357486871742,0.8480659781579759,6000,mlp
R2.5,level_1,MNAR,0.8,80.0,knn,baseline,0.0227275222993119,0.0389744350464018,0.845390553124272,6000,mlp
R2.5,level_1,MNAR,0.8500000000000001,85.00000000000001,knn,baseline,0.025525581573047,0.0440847825640161,0.8021874800672366,6000,mlp
R2.5,level_1,MNAR,0.9,90.0,knn,baseline,0.0255857817087003,0.0451996721864867,0.79205573874597,6000,mlp
R2.5,level_1,MNAR,0.95,95.0,knn,baseline,0.0281862968651547,0.0478817366849003,0.7666455123223961,6000,mlp
R2.5,level_1,MCAR,0.0,0.0,knn,baseline,0.022567954379904,0.0298210869868877,0.9148270681295791,2000,mlp
R2.5,level_1,MCAR,0.05,5.0,knn,baseline,0.0225362640929664,0.0298956070331085,0.914400858232589,2000,mlp
R2.5,level_1,MCAR,0.1,10.0,knn,baseline,0.02252669193086,0.0299316015867564,0.9141946100213648,2000,mlp
R2.5,level_1,MCAR,0.15,15.0,knn,baseline,0.0224582888678124,0.0297747910396669,0.9150913174352064,2000,mlp
R2.5,level_1,MCAR,0.2,20.0,knn,baseline,0.022275977102719,0.0295698426476157,0.9162561959273796,2000,mlp
R2.5,level_1,MCAR,0.25,25.0,knn,baseline,0.0225931515268593,0.0298728591775763,0.9145310750960896,2000,mlp
R2.5,level_1,MCAR,0.3,30.0,knn,baseline,0.0225168912589602,0.0298398236873123,0.9147200055632982,2000,mlp
R2.5,level_1,MCAR,0.35,35.0,knn,baseline,0.0223851138423842,0.0297100462903744,0.9154601807712154,2000,mlp
R2.5,level_1,MCAR,0.4,40.0,knn,baseline,0.0222868352235152,0.0294351085436413,0.9170176095662446,2000,mlp
R2.5,level_1,MCAR,0.45,45.0,knn,baseline,0.022489899742214,0.0299288713205929,0.9142102631007676,2000,mlp
R2.5,level_1,MCAR,0.5,50.0,knn,baseline,0.0227874284325083,0.030532422974332,0.9107152682355276,2000,mlp
R2.5,level_1,MCAR,0.55,55.00000000000001,knn,baseline,0.022813556167791,0.0304556695616865,0.9111635978248844,2000,mlp
R2.5,level_1,MCAR,0.6000000000000001,60.00000000000001,knn,baseline,0.0231393662534345,0.0309433661058671,0.908295685394894,2000,mlp
R2.5,level_1,MCAR,0.65,65.0,knn,baseline,0.0239880872147333,0.0330204168287982,0.8955713267608076,2000,mlp
R2.5,level_1,MCAR,0.7000000000000001,70.0,knn,baseline,0.0253615894326044,0.0349166611679352,0.8832330127477098,2000,mlp
R2.5,level_1,MCAR,0.75,75.0,knn,baseline,0.0262165117322714,0.0377719784813615,0.8633548803975426,2000,mlp
R2.5,level_1,MCAR,0.8,80.0,knn,baseline,0.0295973666638057,0.0432170724460136,0.8211185336852748,2000,mlp
R2.5,level_1,MCAR,0.8500000000000001,85.00000000000001,knn,baseline,0.0360298486761781,0.0554070596157648,0.7059745898180214,2000,mlp
R2.5,level_1,MCAR,0.9,90.0,knn,baseline,0.0447180640766921,0.0669189092216048,0.5711036358879269,2000,mlp
R2.5,level_1,MCAR,0.95,95.0,knn,baseline,0.0594163362110808,0.0820028758037566,0.3559600253579185,2000,mlp
R2.5,level_1,MAR,0.0,0.0,knn,baseline,0.022567954379904,0.0298210869868877,0.9148270681295791,2000,mlp
R2.5,level_1,MAR,0.05,5.0,knn,baseline,0.0225390304647918,0.0297843570841275,0.9150367497501004,2000,mlp
R2.5,level_1,MAR,0.1,10.0,knn,baseline,0.0224741800271191,0.0298612833195433,0.914597301394774,2000,mlp
R2.5,level_1,MAR,0.15,15.0,knn,baseline,0.0226168937885119,0.0300941689927574,0.9132600098035348,2000,mlp
R2.5,level_1,MAR,0.2,20.0,knn,baseline,0.0224139839763254,0.0296493593485841,0.9158051969447166,2000,mlp
R2.5,level_1,MAR,0.25,25.0,knn,baseline,0.0224260683177533,0.0298191496687397,0.9148381342390663,2000,mlp
R2.5,level_1,MAR,0.3,30.0,knn,baseline,0.0224384732545211,0.0297836533958853,0.9150407644034152,2000,mlp
R2.5,level_1,MAR,0.35,35.0,knn,baseline,0.0223911695556101,0.0298169555603649,0.9148506662857904,2000,mlp
R2.5,level_1,MAR,0.4,40.0,knn,baseline,0.0230286521684355,0.0321712030183004,0.9008736167789564,2000,mlp
R2.5,level_1,MAR,0.45,45.0,knn,baseline,0.0229681577766667,0.0312504806975773,0.9064663112839568,2000,mlp
R2.5,level_1,MAR,0.5,50.0,knn,baseline,0.0243081078516732,0.0352292369759927,0.8811330465663135,2000,mlp
R2.5,level_1,MAR,0.55,55.00000000000001,knn,baseline,0.0245022603688993,0.0366212072033795,0.8715541813686759,2000,mlp
R2.5,level_1,MAR,0.6000000000000001,60.00000000000001,knn,baseline,0.0271876093754174,0.0442946015611641,0.812087246279761,2000,mlp
R2.5,level_1,MAR,0.65,65.0,knn,baseline,0.0286667690209761,0.0504718917306106,0.7560202266850389,2000,mlp
R2.5,level_1,MAR,0.7000000000000001,70.0,knn,baseline,0.0322581149965708,0.0573931841559623,0.684517482486309,2000,mlp
R2.5,level_1,MAR,0.75,75.0,knn,baseline,0.0347207271116346,0.0622480439188936,0.6288870790356043,2000,mlp
R2.5,level_1,MAR,0.8,80.0,knn,baseline,0.0385775867699524,0.0674471617768796,0.5643055619693744,2000,mlp
R2.5,level_1,MAR,0.8500000000000001,85.00000000000001,knn,baseline,0.0416350782054352,0.0724714558809326,0.4969760886489649,2000,mlp
R2.5,level_1,MAR,0.9,90.0,knn,baseline,0.0429005008648689,0.0740958401299345,0.4741736916161834,2000,mlp
R2.5,level_1,MAR,0.95,95.0,knn,baseline,0.0462425682231165,0.0783090358844375,0.4126751017435298,2000,mlp
R2.5,level_1,MNAR,0.0,0.0,knn,baseline,0.022567954379904,0.0298210869868877,0.9148270681295791,2000,mlp
R2.5,level_1,MNAR,0.05,5.0,knn,baseline,0.0225178064571895,0.0297999529072001,0.9149477487530364,2000,mlp
R2.5,level_1,MNAR,0.1,10.0,knn,baseline,0.0224852961828933,0.029788419630075,0.9150135704249814,2000,mlp
R2.5,level_1,MNAR,0.15,15.0,knn,baseline,0.0225444313816969,0.029739094254572,0.9152947882228122,2000,mlp
R2.5,level_1,MNAR,0.2,20.0,knn,baseline,0.0226997339487707,0.0302600790336063,0.912300973225972,2000,mlp
R2.5,level_1,MNAR,0.25,25.0,knn,baseline,0.0224479312795721,0.0297706663031613,0.9151148408032488,2000,mlp
R2.5,level_1,MNAR,0.3,30.0,knn,baseline,0.02291837606994,0.031546340774253,0.9046868903914492,2000,mlp
R2.5,level_1,MNAR,0.35,35.0,knn,baseline,0.0226767630623382,0.03016307438476,0.912862345026242,2000,mlp
R2.5,level_1,MNAR,0.4,40.0,knn,baseline,0.0222877852691556,0.0298973652311422,0.9143907895513856,2000,mlp
R2.5,level_1,MNAR,0.45,45.0,knn,baseline,0.0226677504393871,0.0305483085224613,0.9106223371324674,2000,mlp
R2.5,level_1,MNAR,0.5,50.0,knn,baseline,0.0230022842536852,0.0310912096060068,0.9074172886659,2000,mlp
R2.5,level_1,MNAR,0.55,55.00000000000001,knn,baseline,0.0232073712504657,0.0317861889063784,0.9032320416795132,2000,mlp
R2.5,level_1,MNAR,0.6000000000000001,60.00000000000001,knn,baseline,0.0243856656014761,0.0352463668035446,0.8810174229751463,2000,mlp
R2.5,level_1,MNAR,0.65,65.0,knn,baseline,0.0241857622749281,0.0353698551223229,0.8801822334970535,2000,mlp
R2.5,level_1,MNAR,0.7000000000000001,70.0,knn,baseline,0.0252931249295307,0.0371446458316033,0.8678561056765224,2000,mlp
R2.5,level_1,MNAR,0.75,75.0,knn,baseline,0.0270816799636867,0.0411557942646536,0.8377754295039421,2000,mlp
R2.5,level_1,MNAR,0.8,80.0,knn,baseline,0.0277951595149835,0.0428259559349454,0.8243416538375539,2000,mlp
R2.5,level_1,MNAR,0.8500000000000001,85.00000000000001,knn,baseline,0.0280460150972048,0.0413464128017671,0.836269220092413,2000,mlp
R2.5,level_1,MNAR,0.9,90.0,knn,baseline,0.0295487540102804,0.0440455143517381,0.8141947291331435,2000,mlp
R2.5,level_1,MNAR,0.95,95.0,knn,baseline,0.0295169336179243,0.044745072205194,0.8082457120044295,2000,mlp
R2.5,level_1,MCAR,0.0,0.0,knn,baseline,0.0169751410019993,0.022304375875358,0.9493643347891996,456,mlp
R2.5,level_1,MCAR,0.05,5.0,knn,baseline,0.0169282566994352,0.022292685266771,0.9494174012018632,456,mlp
R2.5,level_1,MCAR,0.1,10.0,knn,baseline,0.0170246034867676,0.0222841259076939,0.9494562364972724,456,mlp
R2.5,level_1,MCAR,0.15,15.0,knn,baseline,0.0170480081241681,0.0223854705274516,0.9489954612978956,456,mlp
R2.5,level_1,MCAR,0.2,20.0,knn,baseline,0.0169684187794619,0.0221733797413305,0.9499573662210412,456,mlp
R2.5,level_1,MCAR,0.25,25.0,knn,baseline,0.0173139935169656,0.0225783638130429,0.9481126724891004,456,mlp
R2.5,level_1,MCAR,0.3,30.0,knn,baseline,0.0171390522578123,0.0225250815971631,0.9483572791986667,456,mlp
R2.5,level_1,MCAR,0.35,35.0,knn,baseline,0.0176810379561279,0.0231309878662707,0.9455416183921244,456,mlp
R2.5,level_1,MCAR,0.4,40.0,knn,baseline,0.017277891327828,0.0230457151670785,0.9459424014006246,456,mlp
R2.5,level_1,MCAR,0.45,45.0,knn,baseline,0.0175347759850846,0.0233481888819844,0.9445140833342998,456,mlp
R2.5,level_1,MCAR,0.5,50.0,knn,baseline,0.0181164427643403,0.0255761901507973,0.9334193434359048,456,mlp
R2.5,level_1,MCAR,0.55,55.00000000000001,knn,baseline,0.017710057461292,0.0240114979857518,0.9413166525683676,456,mlp
R2.5,level_1,MCAR,0.6000000000000001,60.00000000000001,knn,baseline,0.0185493495643996,0.0270555750443881,0.9254942300430083,456,mlp
R2.5,level_1,MCAR,0.65,65.0,knn,baseline,0.018511321832526,0.0263560021636782,0.9292973912747504,456,mlp
R2.5,level_1,MCAR,0.7000000000000001,70.0,knn,baseline,0.0209353371950451,0.0316317383393551,0.8981590391411295,456,mlp
R2.5,level_1,MCAR,0.75,75.0,knn,baseline,0.0231067545646131,0.0373304195880476,0.8581588930270556,456,mlp
R2.5,level_1,MCAR,0.8,80.0,knn,baseline,0.0248432268623978,0.0392834012449399,0.8429295329444039,456,mlp
R2.5,level_1,MCAR,0.8500000000000001,85.00000000000001,knn,baseline,0.0315659521322549,0.0497110970527871,0.7484738957754298,456,mlp
R2.5,level_1,MCAR,0.9,90.0,knn,baseline,0.0398898444559289,0.0637449680156834,0.586411757270766,456,mlp
R2.5,level_1,MCAR,0.95,95.0,knn,baseline,0.054527348490916,0.0795495222318362,0.3559026378051898,456,mlp
R2.5,level_1,MAR,0.0,0.0,knn,baseline,0.0169751410019993,0.022304375875358,0.9493643347891996,456,mlp
R2.5,level_1,MAR,0.05,5.0,knn,baseline,0.0169259043038648,0.0222487485261158,0.9496165915996134,456,mlp
R2.5,level_1,MAR,0.1,10.0,knn,baseline,0.0171022926374172,0.0223392284044506,0.9492059658828714,456,mlp
R2.5,level_1,MAR,0.15,15.0,knn,baseline,0.0171825709839577,0.0228036529489123,0.9470720327403886,456,mlp
R2.5,level_1,MAR,0.2,20.0,knn,baseline,0.0171366238791896,0.0227107015715028,0.947502639246186,456,mlp
R2.5,level_1,MAR,0.25,25.0,knn,baseline,0.0172370947951689,0.0230461372958643,0.9459404210344448,456,mlp
R2.5,level_1,MAR,0.3,30.0,knn,baseline,0.017202369584157,0.0227587608709993,0.9472802193542424,456,mlp
R2.5,level_1,MAR,0.35,35.0,knn,baseline,0.0174873811881689,0.0233052248542319,0.9447180995958956,456,mlp
R2.5,level_1,MAR,0.4,40.0,knn,baseline,0.0172549362158391,0.0234353014445569,0.9440992727986448,456,mlp
R2.5,level_1,MAR,0.45,45.0,knn,baseline,0.0178834021654702,0.0257041953627638,0.9327512221569186,456,mlp
R2.5,level_1,MAR,0.5,50.0,knn,baseline,0.0187721375934558,0.0279603104927713,0.9204279862607072,456,mlp
R2.5,level_1,MAR,0.55,55.00000000000001,knn,baseline,0.0184294285366436,0.0278180326635284,0.921235740432216,456,mlp
R2.5,level_1,MAR,0.6000000000000001,60.00000000000001,knn,baseline,0.0219117014971352,0.0403987864563948,0.833883409694022,456,mlp
R2.5,level_1,MAR,0.65,65.0,knn,baseline,0.0228969842133937,0.0446423672075623,0.7971519672669728,456,mlp
R2.5,level_1,MAR,0.7000000000000001,70.0,knn,baseline,0.0254103451937966,0.0516668612539759,0.7282931876032843,456,mlp
R2.5,level_1,MAR,0.75,75.0,knn,baseline,0.0284868627179991,0.0567159917199644,0.6725933997853362,456,mlp
R2.5,level_1,MAR,0.8,80.0,knn,baseline,0.031197364926641,0.0622510294680075,0.6055704490987479,456,mlp
R2.5,level_1,MAR,0.8500000000000001,85.00000000000001,knn,baseline,0.0328007647710569,0.0649045881028141,0.5712272609374762,456,mlp
R2.5,level_1,MAR,0.9,90.0,knn,baseline,0.0378825761098966,0.0736645453570698,0.4476766613548769,456,mlp
R2.5,level_1,MAR,0.95,95.0,knn,baseline,0.0410276155560628,0.0768060466248882,0.3995633510732919,456,mlp
R2.5,level_1,MNAR,0.0,0.0,knn,baseline,0.0169751410019993,0.022304375875358,0.9493643347891996,456,mlp
R2.5,level_1,MNAR,0.05,5.0,knn,baseline,0.016946439405501,0.022286694106193,0.949444585701718,456,mlp
R2.5,level_1,MNAR,0.1,10.0,knn,baseline,0.0171296446612081,0.022456191902603,0.9486726796971536,456,mlp
R2.5,level_1,MNAR,0.15,15.0,knn,baseline,0.0170213386291775,0.0223743960410862,0.9490459145012226,456,mlp
R2.5,level_1,MNAR,0.2,20.0,knn,baseline,0.0171276290838643,0.0224583969192145,0.9486625993459578,456,mlp
R2.5,level_1,MNAR,0.25,25.0,knn,baseline,0.0170521829477515,0.0226159506252155,0.9479397722213296,456,mlp
R2.5,level_1,MNAR,0.3,30.0,knn,baseline,0.017283702894755,0.0226033694554597,0.9479976779351316,456,mlp
R2.5,level_1,MNAR,0.35,35.0,knn,baseline,0.0171630023129404,0.0225296581363899,0.948336292020776,456,mlp
R2.5,level_1,MNAR,0.4,40.0,knn,baseline,0.0176810358234828,0.0236930739182657,0.9428627692209394,456,mlp
R2.5,level_1,MNAR,0.45,45.0,knn,baseline,0.0173812830769137,0.0235724297134448,0.9434431688475594,456,mlp
R2.5,level_1,MNAR,0.5,50.0,knn,baseline,0.0178199041295515,0.0252254246326738,0.9352330656822948,456,mlp
R2.5,level_1,MNAR,0.55,55.00000000000001,knn,baseline,0.018214570690675,0.0266247324438014,0.9278482492540684,456,mlp
R2.5,level_1,MNAR,0.6000000000000001,60.00000000000001,knn,baseline,0.0188038279075525,0.0287960911659186,0.9155998052133067,456,mlp
R2.5,level_1,MNAR,0.65,65.0,knn,baseline,0.0190198175792064,0.0288413004205182,0.9153345841363963,456,mlp
R2.5,level_1,MNAR,0.7000000000000001,70.0,knn,baseline,0.0210259427313679,0.0355067158973477,0.8716791051031798,456,mlp
R2.5,level_1,MNAR,0.75,75.0,knn,baseline,0.0223141972673433,0.0387087955937616,0.8474909251450856,456,mlp
R2.5,level_1,MNAR,0.8,80.0,knn,baseline,0.0227552054160535,0.0394633684654975,0.8414870771048932,456,mlp
R2.5,level_1,MNAR,0.8500000000000001,85.00000000000001,knn,baseline,0.0245830580196978,0.0419407399518195,0.8209606279403714,456,mlp
R2.5,level_1,MNAR,0.9,90.0,knn,baseline,0.0266902707097491,0.0470455731986071,0.7747245334110155,456,mlp
R2.5,level_1,MNAR,0.95,95.0,knn,baseline,0.0284423448956688,0.0475614952860008,0.7697565049419606,456,mlp
R2.5,level_1,MCAR,0.0,0.0,knn,baseline,0.0243865068551535,0.0321218825288648,0.908183644597994,1000,mlp
R2.5,level_1,MCAR,0.05,5.0,knn,baseline,0.0243547833710073,0.0320549827796206,0.9085656953518132,1000,mlp
R2.5,level_1,MCAR,0.1,10.0,knn,baseline,0.0243728659647647,0.0321650886803812,0.9079364797984052,1000,mlp
R2.5,level_1,MCAR,0.15,15.0,knn,baseline,0.0243724615123784,0.0320897355672552,0.9083673287198024,1000,mlp
R2.5,level_1,MCAR,0.2,20.0,knn,baseline,0.0243964953057119,0.0321730227522961,0.9078910560978896,1000,mlp
R2.5,level_1,MCAR,0.25,25.0,knn,baseline,0.024611831057183,0.0324355513044039,0.9063817241318238,1000,mlp
R2.5,level_1,MCAR,0.3,30.0,knn,baseline,0.0244652875802227,0.0321677607295625,0.9079211831844812,1000,mlp
R2.5,level_1,MCAR,0.35,35.0,knn,baseline,0.024317677116394,0.0321566837400404,0.9079845870680386,1000,mlp
R2.5,level_1,MCAR,0.4,40.0,knn,baseline,0.0247037762989507,0.032722065595849,0.9047204949475682,1000,mlp
R2.5,level_1,MCAR,0.45,45.0,knn,baseline,0.0243174632437875,0.0323864612073502,0.9066648858061876,1000,mlp
R2.5,level_1,MCAR,0.5,50.0,knn,baseline,0.0247053673164866,0.03296807507206,0.9032824578202938,1000,mlp
R2.5,level_1,MCAR,0.55,55.00000000000001,knn,baseline,0.0248147939022456,0.0336029918117842,0.899521310321392,1000,mlp
R2.5,level_1,MCAR,0.6000000000000001,60.00000000000001,knn,baseline,0.025090118646176,0.0335149067745285,0.9000473985247444,1000,mlp
R2.5,level_1,MCAR,0.65,65.0,knn,baseline,0.0256363396555463,0.0345967795266198,0.8934902369367115,1000,mlp
R2.5,level_1,MCAR,0.7000000000000001,70.0,knn,baseline,0.0260639336202746,0.0364361388524575,0.8818638624579667,1000,mlp
R2.5,level_1,MCAR,0.75,75.0,knn,baseline,0.0281889596671701,0.0417566473071479,0.8448437361270109,1000,mlp
R2.5,level_1,MCAR,0.8,80.0,knn,baseline,0.030767673963921,0.045409720308204,0.8165085956457302,1000,mlp
R2.5,level_1,MCAR,0.8500000000000001,85.00000000000001,knn,baseline,0.0368820577541244,0.058316265610342,0.6973801014506492,1000,mlp
R2.5,level_1,MCAR,0.9,90.0,knn,baseline,0.0466866223994816,0.0725789403183884,0.5312521198384201,1000,mlp
R2.5,level_1,MCAR,0.95,95.0,knn,baseline,0.057230861863466,0.0824235311879392,0.3954663165942643,1000,mlp
R2.5,level_1,MAR,0.0,0.0,knn,baseline,0.0243865068551535,0.0321218825288648,0.908183644597994,1000,mlp
R2.5,level_1,MAR,0.05,5.0,knn,baseline,0.0244164762131521,0.0320382169123585,0.9086613169608354,1000,mlp
R2.5,level_1,MAR,0.1,10.0,knn,baseline,0.024338024727652,0.0321213482975078,0.9081866986386904,1000,mlp
R2.5,level_1,MAR,0.15,15.0,knn,baseline,0.0244387390680402,0.032246142916181,0.9074719052756304,1000,mlp
R2.5,level_1,MAR,0.2,20.0,knn,baseline,0.0244092563932187,0.0320423329936492,0.9086378461418568,1000,mlp
R2.5,level_1,MAR,0.25,25.0,knn,baseline,0.0242381908710871,0.0319121031373369,0.9093789845259131,1000,mlp
R2.5,level_1,MAR,0.3,30.0,knn,baseline,0.0243381989184941,0.0320514098069868,0.9085860774598524,1000,mlp
R2.5,level_1,MAR,0.35,35.0,knn,baseline,0.0243464377278479,0.0322420192840424,0.9074955687215024,1000,mlp
R2.5,level_1,MAR,0.4,40.0,knn,baseline,0.0244905557231368,0.0329701086089326,0.9032705259890552,1000,mlp
R2.5,level_1,MAR,0.45,45.0,knn,baseline,0.0252649982568259,0.0344587358882707,0.8943385044581161,1000,mlp
R2.5,level_1,MAR,0.5,50.0,knn,baseline,0.0250301684433054,0.0359139844972163,0.8852255415362547,1000,mlp
R2.5,level_1,MAR,0.55,55.00000000000001,knn,baseline,0.0260482422427596,0.0393270607037516,0.8623738225000036,1000,mlp
R2.5,level_1,MAR,0.6000000000000001,60.00000000000001,knn,baseline,0.0274785946017113,0.0454052232562886,0.8165449371825786,1000,mlp
R2.5,level_1,MAR,0.65,65.0,knn,baseline,0.0291622556748791,0.0488390122083187,0.787747988975736,1000,mlp
R2.5,level_1,MAR,0.7000000000000001,70.0,knn,baseline,0.0315660274630395,0.0547926212564291,0.7328456651535349,1000,mlp
R2.5,level_1,MAR,0.75,75.0,knn,baseline,0.039464247251671,0.0704005215103373,0.5589682828311164,1000,mlp
R2.5,level_1,MAR,0.8,80.0,knn,baseline,0.0416720648212967,0.0735117414933254,0.519125781788534,1000,mlp
R2.5,level_1,MAR,0.8500000000000001,85.00000000000001,knn,baseline,0.0463331286947303,0.0804956468972342,0.4234156365631558,1000,mlp
R2.5,level_1,MAR,0.9,90.0,knn,baseline,0.0507178665580036,0.0863620277767581,0.336312355603704,1000,mlp
R2.5,level_1,MAR,0.95,95.0,knn,baseline,0.0516845386817076,0.0877970884163659,0.3140723682648535,1000,mlp
R2.5,level_1,MNAR,0.0,0.0,knn,baseline,0.0243865068551535,0.0321218825288648,0.908183644597994,1000,mlp
R2.5,level_1,MNAR,0.05,5.0,knn,baseline,0.024344003589131,0.0320490036616944,0.9085998020931544,1000,mlp
R2.5,level_1,MNAR,0.1,10.0,knn,baseline,0.0244172678198769,0.0323146754593037,0.9070781884766294,1000,mlp
R2.5,level_1,MNAR,0.15,15.0,knn,baseline,0.0242188657377367,0.0317986855318038,0.910021985344897,1000,mlp
R2.5,level_1,MNAR,0.2,20.0,knn,baseline,0.0244845636929307,0.0321525466055201,0.9080082621245846,1000,mlp
R2.5,level_1,MNAR,0.25,25.0,knn,baseline,0.024215345572534,0.031907569135443,0.9094047331684172,1000,mlp
R2.5,level_1,MNAR,0.3,30.0,knn,baseline,0.0244644113014791,0.0335288073624104,0.8999644689756453,1000,mlp
R2.5,level_1,MNAR,0.35,35.0,knn,baseline,0.0244603539217298,0.0324106822438356,0.9065252275370927,1000,mlp
R2.5,level_1,MNAR,0.4,40.0,knn,baseline,0.0248329802210085,0.0332061740612244,0.9018804041313558,1000,mlp
R2.5,level_1,MNAR,0.45,45.0,knn,baseline,0.0245659274564725,0.0324945988826014,0.906040557484203,1000,mlp
R2.5,level_1,MNAR,0.5,50.0,knn,baseline,0.024211256366801,0.0326662434666947,0.905045301344974,1000,mlp
R2.5,level_1,MNAR,0.55,55.00000000000001,knn,baseline,0.0253737108132549,0.0347834722169219,0.8923376299281278,1000,mlp
R2.5,level_1,MNAR,0.6000000000000001,60.00000000000001,knn,baseline,0.0257367878459324,0.0360710900368823,0.88421918463734,1000,mlp
R2.5,level_1,MNAR,0.65,65.0,knn,baseline,0.0266279173048857,0.038934911457549,0.865104813336204,1000,mlp
R2.5,level_1,MNAR,0.7000000000000001,70.0,knn,baseline,0.0276939408097311,0.0417863124954705,0.8446232023894094,1000,mlp
R2.5,level_1,MNAR,0.75,75.0,knn,baseline,0.0278204279569821,0.040394156970713,0.8548038274623462,1000,mlp
R2.5,level_1,MNAR,0.8,80.0,knn,baseline,0.0280095199905823,0.0415651447310122,0.8462636149868265,1000,mlp
R2.5,level_1,MNAR,0.8500000000000001,85.00000000000001,knn,baseline,0.0300940821674382,0.0461278396904398,0.8106591588721972,1000,mlp
R2.5,level_1,MNAR,0.9,90.0,knn,baseline,0.0297250935411898,0.0429974447582884,0.8354858094255869,1000,mlp
R2.5,level_1,MNAR,0.95,95.0,knn,baseline,0.0321537003873664,0.0511448356793452,0.7672328731726358,1000,mlp
R2.5,level_1,MCAR,0.0,0.0,knn,baseline,0.0195122127524863,0.0251572568766007,0.9406801924035216,789,mlp
R2.5,level_1,MCAR,0.05,5.0,knn,baseline,0.0195719740006231,0.025177289842447,0.9405856809205442,789,mlp
R2.5,level_1,MCAR,0.1,10.0,knn,baseline,0.0193942524694627,0.0251360199633328,0.9407803017188998,789,mlp
R2.5,level_1,MCAR,0.15,15.0,knn,baseline,0.0199797225848523,0.0258258228706065,0.937485393590398,789,mlp
R2.5,level_1,MCAR,0.2,20.0,knn,baseline,0.0200221468467259,0.0261513670776159,0.935899420065772,789,mlp
R2.5,level_1,MCAR,0.25,25.0,knn,baseline,0.0198136154662166,0.025745518409092,0.9378735629634878,789,mlp
R2.5,level_1,MCAR,0.3,30.0,knn,baseline,0.0197570889647828,0.0256440196368671,0.93836245016456,789,mlp
R2.5,level_1,MCAR,0.35,35.0,knn,baseline,0.0198588895943452,0.0255113012886609,0.9389987985500732,789,mlp
R2.5,level_1,MCAR,0.4,40.0,knn,baseline,0.0202435452764022,0.0259221625493147,0.9370181193869156,789,mlp
R2.5,level_1,MCAR,0.45,45.0,knn,baseline,0.0201114196931162,0.0262256398287392,0.9355347976593946,789,mlp
R2.5,level_1,MCAR,0.5,50.0,knn,baseline,0.0204866287178013,0.0264633350128903,0.9343609457882776,789,mlp
R2.5,level_1,MCAR,0.55,55.00000000000001,knn,baseline,0.0207947583619524,0.0281221439942668,0.9258740930005828,789,mlp
R2.5,level_1,MCAR,0.6000000000000001,60.00000000000001,knn,baseline,0.0216961071883883,0.031067980921863,0.9095311177272892,789,mlp
R2.5,level_1,MCAR,0.65,65.0,knn,baseline,0.0217836645163583,0.0306455441337652,0.9119746340862748,789,mlp
R2.5,level_1,MCAR,0.7000000000000001,70.0,knn,baseline,0.0243588833242199,0.0356229145418775,0.8810588691786807,789,mlp
R2.5,level_1,MCAR,0.75,75.0,knn,baseline,0.0263257385652215,0.0389547789495209,0.8577688722166709,789,mlp
R2.5,level_1,MCAR,0.8,80.0,knn,baseline,0.029772905367542,0.0455267384773403,0.8057297752939949,789,mlp
R2.5,level_1,MCAR,0.8500000000000001,85.00000000000001,knn,baseline,0.0354788691855853,0.054080008371739,0.7258762492768145,789,mlp
R2.5,level_1,MCAR,0.9,90.0,knn,baseline,0.0490823705119471,0.0706516735925958,0.5321376769928363,789,mlp
R2.5,level_1,MCAR,0.95,95.0,knn,baseline,0.0654666453622193,0.087605623233408,0.2806551606467586,789,mlp
R2.5,level_1,MAR,0.0,0.0,knn,baseline,0.0195122127524863,0.0251572568766007,0.9406801924035216,789,mlp
R2.5,level_1,MAR,0.05,5.0,knn,baseline,0.0196448237681429,0.0253472386184309,0.9397808707145348,789,mlp
R2.5,level_1,MAR,0.1,10.0,knn,baseline,0.0195105143508198,0.0250937162641533,0.94097946643791,789,mlp
R2.5,level_1,MAR,0.15,15.0,knn,baseline,0.0197286903004087,0.0251491362214346,0.9407184825840836,789,mlp
R2.5,level_1,MAR,0.2,20.0,knn,baseline,0.0196422497080623,0.0252182076000319,0.9403924054556492,789,mlp
R2.5,level_1,MAR,0.25,25.0,knn,baseline,0.0198232731875822,0.0255699160256673,0.9387181639441282,789,mlp
R2.5,level_1,MAR,0.3,30.0,knn,baseline,0.0201326497244713,0.0262130231420105,0.9355968088535642,789,mlp
R2.5,level_1,MAR,0.35,35.0,knn,baseline,0.0195210750358011,0.0253603841071463,0.9397183932851588,789,mlp
R2.5,level_1,MAR,0.4,40.0,knn,baseline,0.0199867586547126,0.0257437765760067,0.9378819691040156,789,mlp
R2.5,level_1,MAR,0.45,45.0,knn,baseline,0.0201276045841353,0.0275649101371676,0.9287825651213968,789,mlp
R2.5,level_1,MAR,0.5,50.0,knn,baseline,0.020944283141345,0.0280932096537283,0.9260265480105828,789,mlp
R2.5,level_1,MAR,0.55,55.00000000000001,knn,baseline,0.0220629616989951,0.0323459311034974,0.9019353507157176,789,mlp
R2.5,level_1,MAR,0.6000000000000001,60.00000000000001,knn,baseline,0.0233785530278152,0.0354113724078857,0.8824673082736529,789,mlp
R2.5,level_1,MAR,0.65,65.0,knn,baseline,0.0254546266630266,0.0413967447993344,0.8393778076865277,789,mlp
R2.5,level_1,MAR,0.7000000000000001,70.0,knn,baseline,0.0279947088505497,0.0477004111283149,0.7867360692544213,789,mlp
R2.5,level_1,MAR,0.75,75.0,knn,baseline,0.0293972962951012,0.050349369453701,0.7623919023388432,789,mlp
R2.5,level_1,MAR,0.8,80.0,knn,baseline,0.0317599611703325,0.0544150783542524,0.7224688834815804,789,mlp
R2.5,level_1,MAR,0.8500000000000001,85.00000000000001,knn,baseline,0.0371351849162517,0.0632035217826328,0.6255828596723447,789,mlp
R2.5,level_1,MAR,0.9,90.0,knn,baseline,0.0380565216116265,0.0635385110800965,0.6216033939718126,789,mlp
R2.5,level_1,MAR,0.95,95.0,knn,baseline,0.0397187751525529,0.067550102140544,0.5723138512461656,789,mlp
R2.5,level_1,MNAR,0.0,0.0,knn,baseline,0.0195122127524863,0.0251572568766007,0.9406801924035216,789,mlp
R2.5,level_1,MNAR,0.05,5.0,knn,baseline,0.0194052229316206,0.0249489341161316,0.9416585582336474,789,mlp
R2.5,level_1,MNAR,0.1,10.0,knn,baseline,0.0196315753860668,0.0251537827724051,0.9406965748703292,789,mlp
R2.5,level_1,MNAR,0.15,15.0,knn,baseline,0.0197500855303377,0.0255978412950997,0.9385842373207132,789,mlp
R2.5,level_1,MNAR,0.2,20.0,knn,baseline,0.0195828571408632,0.0249478796151131,0.9416634898919972,789,mlp
R2.5,level_1,MNAR,0.25,25.0,knn,baseline,0.0193477563809458,0.0254227466183836,0.939421557516966,789,mlp
R2.5,level_1,MNAR,0.3,30.0,knn,baseline,0.0199395605849895,0.0258452851166273,0.9373911365286404,789,mlp
R2.5,level_1,MNAR,0.35,35.0,knn,baseline,0.0195652505788819,0.0249475936943218,0.9416648270417516,789,mlp
R2.5,level_1,MNAR,0.4,40.0,knn,baseline,0.020168231926871,0.0275328349414816,0.928948209348613,789,mlp
R2.5,level_1,MNAR,0.45,45.0,knn,baseline,0.0204324772475328,0.0274346959811608,0.9294538253937354,789,mlp
R2.5,level_1,MNAR,0.5,50.0,knn,baseline,0.0200507981408836,0.0270640034646023,0.9313473594573812,789,mlp
R2.5,level_1,MNAR,0.55,55.00000000000001,knn,baseline,0.0207494557053609,0.0286637916673206,0.9229911846712808,789,mlp
R2.5,level_1,MNAR,0.6000000000000001,60.00000000000001,knn,baseline,0.0216495384012296,0.0299791167725174,0.9157614597090652,789,mlp
R2.5,level_1,MNAR,0.65,65.0,knn,baseline,0.0228619573525135,0.035951302758047,0.8788558547722324,789,mlp
R2.5,level_1,MNAR,0.7000000000000001,70.0,knn,baseline,0.0245714538902904,0.0387748314318769,0.8590798807422142,789,mlp
R2.5,level_1,MNAR,0.75,75.0,knn,baseline,0.0259369057961352,0.0429363371427274,0.8272081915495444,789,mlp
R2.5,level_1,MNAR,0.8,80.0,knn,baseline,0.0271372121266881,0.042559236097949,0.8302300528669668,789,mlp
R2.5,level_1,MNAR,0.8500000000000001,85.00000000000001,knn,baseline,0.0281866787593109,0.0452840875309363,0.8077951211169584,789,mlp
R2.5,level_1,MNAR,0.9,90.0,knn,baseline,0.0297277487388895,0.0462475928713698,0.7995290578148653,789,mlp
R2.5,level_1,MNAR,0.95,95.0,knn,baseline,0.031396386028348,0.0509035896665305,0.7571321747688455,789,mlp
