exp_id,seed,model,method,status,created_at,started_at,completed_at,metrics,log_file,error_message,device,duration_seconds,eval_missing_rates,mim_train_missing_rates,timestamp,run_dir
seed42_mlp_baseline,42,mlp,baseline,completed,2026-03-08 02:37:04,,2026-03-08 02:40:30,"{""mr_results"": [{""missing_rate"": 0.0, ""test_mae"": 0.0127}, {""missing_rate"": 0.1, ""test_mae"": 0.0146}, {""missing_rate"": 0.2, ""test_mae"": 0.0163}, {""missing_rate"": 0.3, ""test_mae"": 0.0186}, {""missing_rate"": 0.4, ""test_mae"": 0.0215}, {""missing_rate"": 0.5, ""test_mae"": 0.0241}, {""missing_rate"": 0.6, ""test_mae"": 0.0272}, {""missing_rate"": 0.7, ""test_mae"": 0.0301}, {""missing_rate"": 0.8, ""test_mae"": 0.0327}, {""missing_rate"": 0.9, ""test_mae"": 0.0362}], ""test_mae_mean"": 0.023399999999999997, ""test_mae_max"": 0.0362, ""test_mae_min"": 0.0127, ""test_mae"": 0.0362, ""missing_rate"": 0.9}",experiments/logs/seed42_mlp_baseline.log,,,20.561137199401855,"0.0,0.1,0.2,0.3,0.4,0.5,0.6,0.7,0.8,0.9","0.0,0.1,0.2,0.3,0.4,0.5,0.6,0.7,0.8,0.9",20260308_023704,experiments/runs/20260308_023704
seed42_mlp_mim,42,mlp,mim,completed,2026-03-08 02:37:04,,2026-03-08 02:41:10,"{""mr_results"": [{""missing_rate"": 0.0, ""test_mae"": 0.0062}, {""missing_rate"": 0.1, ""test_mae"": 0.0065}, {""missing_rate"": 0.2, ""test_mae"": 0.0067}, {""missing_rate"": 0.3, ""test_mae"": 0.007}, {""missing_rate"": 0.4, ""test_mae"": 0.0074}, {""missing_rate"": 0.5, ""test_mae"": 0.0081}, {""missing_rate"": 0.6, ""test_mae"": 0.0093}, {""missing_rate"": 0.7, ""test_mae"": 0.0112}, {""missing_rate"": 0.8, ""test_mae"": 0.0137}, {""missing_rate"": 0.9, ""test_mae"": 0.022}], ""test_mae_mean"": 0.00981, ""test_mae_max"": 0.022, ""test_mae_min"": 0.0062, ""test_mae"": 0.022, ""missing_rate"": 0.9}",experiments/logs/seed42_mlp_mim.log,,,60.36996006965637,"0.0,0.1,0.2,0.3,0.4,0.5,0.6,0.7,0.8,0.9","0.0,0.1,0.2,0.3,0.4,0.5,0.6,0.7,0.8,0.9",20260308_023704,experiments/runs/20260308_023704
seed42_lstm_baseline,42,lstm,baseline,completed,2026-03-08 02:37:04,,2026-03-08 02:40:32,"{""mr_results"": [{""missing_rate"": 0.0, ""test_mae"": 0.0077}, {""missing_rate"": 0.1, ""test_mae"": 0.0079}, {""missing_rate"": 0.2, ""test_mae"": 0.0087}, {""missing_rate"": 0.3, ""test_mae"": 0.0102}, {""missing_rate"": 0.4, ""test_mae"": 0.0144}, {""missing_rate"": 0.5, ""test_mae"": 0.0216}, {""missing_rate"": 0.6, ""test_mae"": 0.0332}, {""missing_rate"": 0.7, ""test_mae"": 0.0457}, {""missing_rate"": 0.8, ""test_mae"": 0.0598}, {""missing_rate"": 0.9, ""test_mae"": 0.0795}], ""test_mae_mean"": 0.02887, ""test_mae_max"": 0.0795, ""test_mae_min"": 0.0077, ""test_mae"": 0.0795, ""missing_rate"": 0.9}",experiments/logs/seed42_lstm_baseline.log,,,21.92223620414734,"0.0,0.1,0.2,0.3,0.4,0.5,0.6,0.7,0.8,0.9","0.0,0.1,0.2,0.3,0.4,0.5,0.6,0.7,0.8,0.9",20260308_023704,experiments/runs/20260308_023704
seed42_lstm_mim,42,lstm,mim,completed,2026-03-08 02:37:04,,2026-03-08 02:41:24,"{""mr_results"": [{""missing_rate"": 0.0, ""test_mae"": 0.0065}, {""missing_rate"": 0.1, ""test_mae"": 0.0065}, {""missing_rate"": 0.2, ""test_mae"": 0.0067}, {""missing_rate"": 0.3, ""test_mae"": 0.007}, {""missing_rate"": 0.4, ""test_mae"": 0.0073}, {""missing_rate"": 0.5, ""test_mae"": 0.0079}, {""missing_rate"": 0.6, ""test_mae"": 0.0085}, {""missing_rate"": 0.7, ""test_mae"": 0.0098}, {""missing_rate"": 0.8, ""test_mae"": 0.0129}, {""missing_rate"": 0.9, ""test_mae"": 0.0209}], ""test_mae_mean"": 0.0094, ""test_mae_max"": 0.0209, ""test_mae_min"": 0.0065, ""test_mae"": 0.0209, ""missing_rate"": 0.9}",experiments/logs/seed42_lstm_mim.log,,,74.42475581169128,"0.0,0.1,0.2,0.3,0.4,0.5,0.6,0.7,0.8,0.9","0.0,0.1,0.2,0.3,0.4,0.5,0.6,0.7,0.8,0.9",20260308_023704,experiments/runs/20260308_023704
seed42_gru_baseline,42,gru,baseline,completed,2026-03-08 02:37:04,,2026-03-08 02:42:55,"{""mr_results"": [{""missing_rate"": 0.0, ""test_mae"": 0.0077}, {""missing_rate"": 0.1, ""test_mae"": 0.0095}, {""missing_rate"": 0.2, ""test_mae"": 0.0111}, {""missing_rate"": 0.3, ""test_mae"": 0.0133}, {""missing_rate"": 0.4, ""test_mae"": 0.0158}, {""missing_rate"": 0.5, ""test_mae"": 0.018}, {""missing_rate"": 0.6, ""test_mae"": 0.0216}, {""missing_rate"": 0.7, ""test_mae"": 0.0249}, {""missing_rate"": 0.8, ""test_mae"": 0.0287}, {""missing_rate"": 0.9, ""test_mae"": 0.0323}], ""test_mae_mean"": 0.01829, ""test_mae_max"": 0.0323, ""test_mae_min"": 0.0077, ""test_mae"": 0.0323, ""missing_rate"": 0.9}",experiments/logs/seed42_gru_baseline.log,Process exited with code 1,,12.374325037002563,"0.0,0.1,0.2,0.3,0.4,0.5,0.6,0.7,0.8,0.9","0.0,0.1,0.2,0.3,0.4,0.5,0.6,0.7,0.8,0.9",20260308_023704,experiments/runs/20260308_023704
seed42_gru_mim,42,gru,mim,completed,2026-03-08 02:37:04,,2026-03-08 02:43:14,"{""mr_results"": [{""missing_rate"": 0.0, ""test_mae"": 0.0057}, {""missing_rate"": 0.1, ""test_mae"": 0.0064}, {""missing_rate"": 0.2, ""test_mae"": 0.007}, {""missing_rate"": 0.3, ""test_mae"": 0.0072}, {""missing_rate"": 0.4, ""test_mae"": 0.0075}, {""missing_rate"": 0.5, ""test_mae"": 0.0079}, {""missing_rate"": 0.6, ""test_mae"": 0.0085}, {""missing_rate"": 0.7, ""test_mae"": 0.0101}, {""missing_rate"": 0.8, ""test_mae"": 0.0152}, {""missing_rate"": 0.9, ""test_mae"": 0.025}], ""test_mae_mean"": 0.01005, ""test_mae_max"": 0.025, ""test_mae_min"": 0.0057, ""test_mae"": 0.025, ""missing_rate"": 0.9}",experiments/logs/seed42_gru_mim.log,Process exited with code 1,,31.140840768814087,"0.0,0.1,0.2,0.3,0.4,0.5,0.6,0.7,0.8,0.9","0.0,0.1,0.2,0.3,0.4,0.5,0.6,0.7,0.8,0.9",20260308_023704,experiments/runs/20260308_023704
seed42_cnn1d_baseline,42,cnn1d,baseline,completed,2026-03-08 02:37:04,,2026-03-08 02:41:48,"{""mr_results"": [{""missing_rate"": 0.0, ""test_mae"": 0.0183}, {""missing_rate"": 0.1, ""test_mae"": 0.0297}, {""missing_rate"": 0.2, ""test_mae"": 0.0394}, {""missing_rate"": 0.3, ""test_mae"": 0.0459}, {""missing_rate"": 0.4, ""test_mae"": 0.051}, {""missing_rate"": 0.5, ""test_mae"": 0.0558}, {""missing_rate"": 0.6, ""test_mae"": 0.0607}, {""missing_rate"": 0.7, ""test_mae"": 0.0667}, {""missing_rate"": 0.8, ""test_mae"": 0.0733}, {""missing_rate"": 0.9, ""test_mae"": 0.0816}], ""test_mae_mean"": 0.052239999999999995, ""test_mae_max"": 0.0816, ""test_mae_min"": 0.0183, ""test_mae"": 0.0816, ""missing_rate"": 0.9}",experiments/logs/seed42_cnn1d_baseline.log,,,21.337387800216675,"0.0,0.1,0.2,0.3,0.4,0.5,0.6,0.7,0.8,0.9","0.0,0.1,0.2,0.3,0.4,0.5,0.6,0.7,0.8,0.9",20260308_023704,experiments/runs/20260308_023704
seed42_cnn1d_mim,42,cnn1d,mim,completed,2026-03-08 02:37:04,,2026-03-08 02:42:37,"{""mr_results"": [{""missing_rate"": 0.0, ""test_mae"": 0.0077}, {""missing_rate"": 0.1, ""test_mae"": 0.0073}, {""missing_rate"": 0.2, ""test_mae"": 0.0071}, {""missing_rate"": 0.3, ""test_mae"": 0.007}, {""missing_rate"": 0.4, ""test_mae"": 0.0071}, {""missing_rate"": 0.5, ""test_mae"": 0.0074}, {""missing_rate"": 0.6, ""test_mae"": 0.0079}, {""missing_rate"": 0.7, ""test_mae"": 0.0093}, {""missing_rate"": 0.8, ""test_mae"": 0.0118}, {""missing_rate"": 0.9, ""test_mae"": 0.0186}], ""test_mae_mean"": 0.00912, ""test_mae_max"": 0.0186, ""test_mae_min"": 0.007, ""test_mae"": 0.0186, ""missing_rate"": 0.9}",experiments/logs/seed42_cnn1d_mim.log,,,70.68991017341614,"0.0,0.1,0.2,0.3,0.4,0.5,0.6,0.7,0.8,0.9","0.0,0.1,0.2,0.3,0.4,0.5,0.6,0.7,0.8,0.9",20260308_023704,experiments/runs/20260308_023704
seed43_mlp_baseline,43,mlp,baseline,completed,2026-03-08 02:37:04,,2026-03-08 02:43:36,"{""mr_results"": [{""missing_rate"": 0.0, ""test_mae"": 0.0122}, {""missing_rate"": 0.1, ""test_mae"": 0.0127}, {""missing_rate"": 0.2, ""test_mae"": 0.0135}, {""missing_rate"": 0.3, ""test_mae"": 0.015}, {""missing_rate"": 0.4, ""test_mae"": 0.0174}, {""missing_rate"": 0.5, ""test_mae"": 0.0198}, {""missing_rate"": 0.6, ""test_mae"": 0.0232}, {""missing_rate"": 0.7, ""test_mae"": 0.0261}, {""missing_rate"": 0.8, ""test_mae"": 0.0285}, {""missing_rate"": 0.9, ""test_mae"": 0.0334}], ""test_mae_mean"": 0.02018, ""test_mae_max"": 0.0334, ""test_mae_min"": 0.0122, ""test_mae"": 0.0334, ""missing_rate"": 0.9}",experiments/logs/seed43_mlp_baseline.log,,,19.761323928833008,"0.0,0.1,0.2,0.3,0.4,0.5,0.6,0.7,0.8,0.9","0.0,0.1,0.2,0.3,0.4,0.5,0.6,0.7,0.8,0.9",20260308_023704,experiments/runs/20260308_023704
seed43_mlp_mim,43,mlp,mim,completed,2026-03-08 02:37:04,,2026-03-08 02:44:10,"{""mr_results"": [{""missing_rate"": 0.0, ""test_mae"": 0.0063}, {""missing_rate"": 0.1, ""test_mae"": 0.0066}, {""missing_rate"": 0.2, ""test_mae"": 0.0069}, {""missing_rate"": 0.3, ""test_mae"": 0.0071}, {""missing_rate"": 0.4, ""test_mae"": 0.0074}, {""missing_rate"": 0.5, ""test_mae"": 0.0083}, {""missing_rate"": 0.6, ""test_mae"": 0.0098}, {""missing_rate"": 0.7, ""test_mae"": 0.0113}, {""missing_rate"": 0.8, ""test_mae"": 0.0141}, {""missing_rate"": 0.9, ""test_mae"": 0.0233}], ""test_mae_mean"": 0.01011, ""test_mae_max"": 0.0233, ""test_mae_min"": 0.0063, ""test_mae"": 0.0233, ""missing_rate"": 0.9}",experiments/logs/seed43_mlp_mim.log,,,54.08808755874634,"0.0,0.1,0.2,0.3,0.4,0.5,0.6,0.7,0.8,0.9","0.0,0.1,0.2,0.3,0.4,0.5,0.6,0.7,0.8,0.9",20260308_023704,experiments/runs/20260308_023704
seed43_lstm_baseline,43,lstm,baseline,completed,2026-03-08 02:37:04,,2026-03-08 02:43:39,"{""mr_results"": [{""missing_rate"": 0.0, ""test_mae"": 0.0085}, {""missing_rate"": 0.1, ""test_mae"": 0.0086}, {""missing_rate"": 0.2, ""test_mae"": 0.009}, {""missing_rate"": 0.3, ""test_mae"": 0.0093}, {""missing_rate"": 0.4, ""test_mae"": 0.0112}, {""missing_rate"": 0.5, ""test_mae"": 0.0152}, {""missing_rate"": 0.6, ""test_mae"": 0.0224}, {""missing_rate"": 0.7, ""test_mae"": 0.0319}, {""missing_rate"": 0.8, ""test_mae"": 0.0419}, {""missing_rate"": 0.9, ""test_mae"": 0.0548}], ""test_mae_mean"": 0.02128, ""test_mae_max"": 0.0548, ""test_mae_min"": 0.0085, ""test_mae"": 0.0548, ""missing_rate"": 0.9}",experiments/logs/seed43_lstm_baseline.log,,,23.02453374862671,"0.0,0.1,0.2,0.3,0.4,0.5,0.6,0.7,0.8,0.9","0.0,0.1,0.2,0.3,0.4,0.5,0.6,0.7,0.8,0.9",20260308_023704,experiments/runs/20260308_023704
seed43_lstm_mim,43,lstm,mim,completed,2026-03-08 02:37:04,,2026-03-08 02:44:09,"{""mr_results"": [{""missing_rate"": 0.0, ""test_mae"": 0.0064}, {""missing_rate"": 0.1, ""test_mae"": 0.0068}, {""missing_rate"": 0.2, ""test_mae"": 0.0071}, {""missing_rate"": 0.3, ""test_mae"": 0.0073}, {""missing_rate"": 0.4, ""test_mae"": 0.0077}, {""missing_rate"": 0.5, ""test_mae"": 0.0084}, {""missing_rate"": 0.6, ""test_mae"": 0.0091}, {""missing_rate"": 0.7, ""test_mae"": 0.0106}, {""missing_rate"": 0.8, ""test_mae"": 0.0145}, {""missing_rate"": 0.9, ""test_mae"": 0.0245}], ""test_mae_mean"": 0.01024, ""test_mae_max"": 0.0245, ""test_mae_min"": 0.0064, ""test_mae"": 0.0245, ""missing_rate"": 0.9}",experiments/logs/seed43_lstm_mim.log,,,53.19482493400574,"0.0,0.1,0.2,0.3,0.4,0.5,0.6,0.7,0.8,0.9","0.0,0.1,0.2,0.3,0.4,0.5,0.6,0.7,0.8,0.9",20260308_023704,experiments/runs/20260308_023704
seed43_gru_baseline,43,gru,baseline,completed,2026-03-08 02:37:04,,2026-03-08 02:44:25,"{""mr_results"": [{""missing_rate"": 0.0, ""test_mae"": 0.0093}, {""missing_rate"": 0.1, ""test_mae"": 0.0119}, {""missing_rate"": 0.2, ""test_mae"": 0.014}, {""missing_rate"": 0.3, ""test_mae"": 0.0167}, {""missing_rate"": 0.4, ""test_mae"": 0.0193}, {""missing_rate"": 0.5, ""test_mae"": 0.0225}, {""missing_rate"": 0.6, ""test_mae"": 0.0255}, {""missing_rate"": 0.7, ""test_mae"": 0.0287}, {""missing_rate"": 0.8, ""test_mae"": 0.0317}, {""missing_rate"": 0.9, ""test_mae"": 0.0348}], ""test_mae_mean"": 0.02144, ""test_mae_max"": 0.0348, ""test_mae_min"": 0.0093, ""test_mae"": 0.0348, ""missing_rate"": 0.9}",experiments/logs/seed43_gru_baseline.log,,,13.19375205039978,"0.0,0.1,0.2,0.3,0.4,0.5,0.6,0.7,0.8,0.9","0.0,0.1,0.2,0.3,0.4,0.5,0.6,0.7,0.8,0.9",20260308_023704,experiments/runs/20260308_023704
seed43_gru_mim,43,gru,mim,completed,2026-03-08 02:37:04,,2026-03-08 02:45:06,"{""mr_results"": [{""missing_rate"": 0.0, ""test_mae"": 0.0088}, {""missing_rate"": 0.1, ""test_mae"": 0.0087}, {""missing_rate"": 0.2, ""test_mae"": 0.0086}, {""missing_rate"": 0.3, ""test_mae"": 0.0088}, {""missing_rate"": 0.4, ""test_mae"": 0.0091}, {""missing_rate"": 0.5, ""test_mae"": 0.0095}, {""missing_rate"": 0.6, ""test_mae"": 0.0102}, {""missing_rate"": 0.7, ""test_mae"": 0.0117}, {""missing_rate"": 0.8, ""test_mae"": 0.0158}, {""missing_rate"": 0.9, ""test_mae"": 0.0262}], ""test_mae_mean"": 0.01174, ""test_mae_max"": 0.0262, ""test_mae_min"": 0.0086, ""test_mae"": 0.0262, ""missing_rate"": 0.9}",experiments/logs/seed43_gru_mim.log,,,53.91922998428345,"0.0,0.1,0.2,0.3,0.4,0.5,0.6,0.7,0.8,0.9","0.0,0.1,0.2,0.3,0.4,0.5,0.6,0.7,0.8,0.9",20260308_023704,experiments/runs/20260308_023704
seed43_cnn1d_baseline,43,cnn1d,baseline,completed,2026-03-08 02:37:04,,2026-03-08 02:44:32,"{""mr_results"": [{""missing_rate"": 0.0, ""test_mae"": 0.0438}, {""missing_rate"": 0.1, ""test_mae"": 0.0523}, {""missing_rate"": 0.2, ""test_mae"": 0.06}, {""missing_rate"": 0.3, ""test_mae"": 0.0644}, {""missing_rate"": 0.4, ""test_mae"": 0.0658}, {""missing_rate"": 0.5, ""test_mae"": 0.0713}, {""missing_rate"": 0.6, ""test_mae"": 0.0776}, {""missing_rate"": 0.7, ""test_mae"": 0.0839}, {""missing_rate"": 0.8, ""test_mae"": 0.0902}, {""missing_rate"": 0.9, ""test_mae"": 0.1029}], ""test_mae_mean"": 0.07122, ""test_mae_max"": 0.1029, ""test_mae_min"": 0.0438, ""test_mae"": 0.1029, ""missing_rate"": 0.9}",experiments/logs/seed43_cnn1d_baseline.log,,,19.32483696937561,"0.0,0.1,0.2,0.3,0.4,0.5,0.6,0.7,0.8,0.9","0.0,0.1,0.2,0.3,0.4,0.5,0.6,0.7,0.8,0.9",20260308_023704,experiments/runs/20260308_023704
seed43_cnn1d_mim,43,cnn1d,mim,completed,2026-03-08 02:37:04,,2026-03-08 02:45:02,"{""mr_results"": [{""missing_rate"": 0.0, ""test_mae"": 0.0075}, {""missing_rate"": 0.1, ""test_mae"": 0.0082}, {""missing_rate"": 0.2, ""test_mae"": 0.0079}, {""missing_rate"": 0.3, ""test_mae"": 0.0077}, {""missing_rate"": 0.4, ""test_mae"": 0.0076}, {""missing_rate"": 0.5, ""test_mae"": 0.0077}, {""missing_rate"": 0.6, ""test_mae"": 0.0082}, {""missing_rate"": 0.7, ""test_mae"": 0.0091}, {""missing_rate"": 0.8, ""test_mae"": 0.0109}, {""missing_rate"": 0.9, ""test_mae"": 0.0172}], ""test_mae_mean"": 0.0092, ""test_mae_max"": 0.0172, ""test_mae_min"": 0.0075, ""test_mae"": 0.0172, ""missing_rate"": 0.9}",experiments/logs/seed43_cnn1d_mim.log,,,49.33052968978882,"0.0,0.1,0.2,0.3,0.4,0.5,0.6,0.7,0.8,0.9","0.0,0.1,0.2,0.3,0.4,0.5,0.6,0.7,0.8,0.9",20260308_023704,experiments/runs/20260308_023704
seed44_mlp_baseline,44,mlp,baseline,completed,2026-03-08 02:37:04,,2026-03-08 02:45:31,"{""mr_results"": [{""missing_rate"": 0.0, ""test_mae"": 0.0111}, {""missing_rate"": 0.1, ""test_mae"": 0.0117}, {""missing_rate"": 0.2, ""test_mae"": 0.0124}, {""missing_rate"": 0.3, ""test_mae"": 0.0141}, {""missing_rate"": 0.4, ""test_mae"": 0.016}, {""missing_rate"": 0.5, ""test_mae"": 0.0179}, {""missing_rate"": 0.6, ""test_mae"": 0.0208}, {""missing_rate"": 0.7, ""test_mae"": 0.0243}, {""missing_rate"": 0.8, ""test_mae"": 0.0276}, {""missing_rate"": 0.9, ""test_mae"": 0.0331}], ""test_mae_mean"": 0.0189, ""test_mae_max"": 0.0331, ""test_mae_min"": 0.0111, ""test_mae"": 0.0331, ""missing_rate"": 0.9}",experiments/logs/seed44_mlp_baseline.log,,,22.644861221313477,"0.0,0.1,0.2,0.3,0.4,0.5,0.6,0.7,0.8,0.9","0.0,0.1,0.2,0.3,0.4,0.5,0.6,0.7,0.8,0.9",20260308_023704,experiments/runs/20260308_023704
seed44_mlp_mim,44,mlp,mim,completed,2026-03-08 02:37:04,,2026-03-08 02:46:19,"{""mr_results"": [{""missing_rate"": 0.0, ""test_mae"": 0.0059}, {""missing_rate"": 0.1, ""test_mae"": 0.0061}, {""missing_rate"": 0.2, ""test_mae"": 0.0064}, {""missing_rate"": 0.3, ""test_mae"": 0.0065}, {""missing_rate"": 0.4, ""test_mae"": 0.007}, {""missing_rate"": 0.5, ""test_mae"": 0.0078}, {""missing_rate"": 0.6, ""test_mae"": 0.0093}, {""missing_rate"": 0.7, ""test_mae"": 0.0112}, {""missing_rate"": 0.8, ""test_mae"": 0.0134}, {""missing_rate"": 0.9, ""test_mae"": 0.0227}], ""test_mae_mean"": 0.00963, ""test_mae_max"": 0.0227, ""test_mae_min"": 0.0059, ""test_mae"": 0.0227, ""missing_rate"": 0.9}",experiments/logs/seed44_mlp_mim.log,,,70.86318039894104,"0.0,0.1,0.2,0.3,0.4,0.5,0.6,0.7,0.8,0.9","0.0,0.1,0.2,0.3,0.4,0.5,0.6,0.7,0.8,0.9",20260308_023704,experiments/runs/20260308_023704
seed44_lstm_baseline,44,lstm,baseline,completed,2026-03-08 02:37:04,,2026-03-08 02:45:35,"{""mr_results"": [{""missing_rate"": 0.0, ""test_mae"": 0.0072}, {""missing_rate"": 0.1, ""test_mae"": 0.0078}, {""missing_rate"": 0.2, ""test_mae"": 0.0085}, {""missing_rate"": 0.3, ""test_mae"": 0.0094}, {""missing_rate"": 0.4, ""test_mae"": 0.0109}, {""missing_rate"": 0.5, ""test_mae"": 0.013}, {""missing_rate"": 0.6, ""test_mae"": 0.0175}, {""missing_rate"": 0.7, ""test_mae"": 0.0239}, {""missing_rate"": 0.8, ""test_mae"": 0.0327}, {""missing_rate"": 0.9, ""test_mae"": 0.0447}], ""test_mae_mean"": 0.01756, ""test_mae_max"": 0.0447, ""test_mae_min"": 0.0072, ""test_mae"": 0.0447, ""missing_rate"": 0.9}",experiments/logs/seed44_lstm_baseline.log,,,27.033960103988647,"0.0,0.1,0.2,0.3,0.4,0.5,0.6,0.7,0.8,0.9","0.0,0.1,0.2,0.3,0.4,0.5,0.6,0.7,0.8,0.9",20260308_023704,experiments/runs/20260308_023704
seed44_lstm_mim,44,lstm,mim,completed,2026-03-08 02:37:04,,2026-03-08 02:46:32,"{""mr_results"": [{""missing_rate"": 0.0, ""test_mae"": 0.008}, {""missing_rate"": 0.1, ""test_mae"": 0.008}, {""missing_rate"": 0.2, ""test_mae"": 0.008}, {""missing_rate"": 0.3, ""test_mae"": 0.008}, {""missing_rate"": 0.4, ""test_mae"": 0.0082}, {""missing_rate"": 0.5, ""test_mae"": 0.0087}, {""missing_rate"": 0.6, ""test_mae"": 0.0092}, {""missing_rate"": 0.7, ""test_mae"": 0.0107}, {""missing_rate"": 0.8, ""test_mae"": 0.0141}, {""missing_rate"": 0.9, ""test_mae"": 0.0228}], ""test_mae_mean"": 0.01057, ""test_mae_max"": 0.0228, ""test_mae_min"": 0.008, ""test_mae"": 0.0228, ""missing_rate"": 0.9}",experiments/logs/seed44_lstm_mim.log,,,83.66135954856873,"0.0,0.1,0.2,0.3,0.4,0.5,0.6,0.7,0.8,0.9","0.0,0.1,0.2,0.3,0.4,0.5,0.6,0.7,0.8,0.9",20260308_023704,experiments/runs/20260308_023704
seed44_gru_baseline,44,gru,baseline,completed,2026-03-08 02:37:04,,2026-03-08 02:46:49,"{""mr_results"": [{""missing_rate"": 0.0, ""test_mae"": 0.007}, {""missing_rate"": 0.1, ""test_mae"": 0.0077}, {""missing_rate"": 0.2, ""test_mae"": 0.0093}, {""missing_rate"": 0.3, ""test_mae"": 0.0116}, {""missing_rate"": 0.4, ""test_mae"": 0.0141}, {""missing_rate"": 0.5, ""test_mae"": 0.017}, {""missing_rate"": 0.6, ""test_mae"": 0.0206}, {""missing_rate"": 0.7, ""test_mae"": 0.0246}, {""missing_rate"": 0.8, ""test_mae"": 0.0287}, {""missing_rate"": 0.9, ""test_mae"": 0.0329}], ""test_mae_mean"": 0.017349999999999997, ""test_mae_max"": 0.0329, ""test_mae_min"": 0.007, ""test_mae"": 0.0329, ""missing_rate"": 0.9}",experiments/logs/seed44_gru_baseline.log,,,14.73515510559082,"0.0,0.1,0.2,0.3,0.4,0.5,0.6,0.7,0.8,0.9","0.0,0.1,0.2,0.3,0.4,0.5,0.6,0.7,0.8,0.9",20260308_023704,experiments/runs/20260308_023704
seed44_gru_mim,44,gru,mim,completed,2026-03-08 02:37:04,,2026-03-08 02:47:08,"{""mr_results"": [{""missing_rate"": 0.0, ""test_mae"": 0.0055}, {""missing_rate"": 0.1, ""test_mae"": 0.0058}, {""missing_rate"": 0.2, ""test_mae"": 0.0063}, {""missing_rate"": 0.3, ""test_mae"": 0.0067}, {""missing_rate"": 0.4, ""test_mae"": 0.0074}, {""missing_rate"": 0.5, ""test_mae"": 0.008}, {""missing_rate"": 0.6, ""test_mae"": 0.009}, {""missing_rate"": 0.7, ""test_mae"": 0.011}, {""missing_rate"": 0.8, ""test_mae"": 0.0169}, {""missing_rate"": 0.9, ""test_mae"": 0.0275}], ""test_mae_mean"": 0.010409999999999999, ""test_mae_max"": 0.0275, ""test_mae_min"": 0.0055, ""test_mae"": 0.0275, ""missing_rate"": 0.9}",experiments/logs/seed44_gru_mim.log,,,34.09209418296814,"0.0,0.1,0.2,0.3,0.4,0.5,0.6,0.7,0.8,0.9","0.0,0.1,0.2,0.3,0.4,0.5,0.6,0.7,0.8,0.9",20260308_023704,experiments/runs/20260308_023704
seed44_cnn1d_baseline,44,cnn1d,baseline,completed,2026-03-08 02:37:04,,2026-03-08 02:46:58,"{""mr_results"": [{""missing_rate"": 0.0, ""test_mae"": 0.0232}, {""missing_rate"": 0.1, ""test_mae"": 0.036}, {""missing_rate"": 0.2, ""test_mae"": 0.0455}, {""missing_rate"": 0.3, ""test_mae"": 0.0503}, {""missing_rate"": 0.4, ""test_mae"": 0.0537}, {""missing_rate"": 0.5, ""test_mae"": 0.059}, {""missing_rate"": 0.6, ""test_mae"": 0.0663}, {""missing_rate"": 0.7, ""test_mae"": 0.0705}, {""missing_rate"": 0.8, ""test_mae"": 0.0753}, {""missing_rate"": 0.9, ""test_mae"": 0.09}], ""test_mae_mean"": 0.056979999999999996, ""test_mae_max"": 0.09, ""test_mae_min"": 0.0232, ""test_mae"": 0.09, ""missing_rate"": 0.9}",experiments/logs/seed44_cnn1d_baseline.log,,,24.078932762145996,"0.0,0.1,0.2,0.3,0.4,0.5,0.6,0.7,0.8,0.9","0.0,0.1,0.2,0.3,0.4,0.5,0.6,0.7,0.8,0.9",20260308_023704,experiments/runs/20260308_023704
seed44_cnn1d_mim,44,cnn1d,mim,completed,2026-03-08 02:37:04,,2026-03-08 02:47:39,"{""mr_results"": [{""missing_rate"": 0.0, ""test_mae"": 0.0069}, {""missing_rate"": 0.1, ""test_mae"": 0.0072}, {""missing_rate"": 0.2, ""test_mae"": 0.0072}, {""missing_rate"": 0.3, ""test_mae"": 0.0073}, {""missing_rate"": 0.4, ""test_mae"": 0.0075}, {""missing_rate"": 0.5, ""test_mae"": 0.0077}, {""missing_rate"": 0.6, ""test_mae"": 0.0076}, {""missing_rate"": 0.7, ""test_mae"": 0.0083}, {""missing_rate"": 0.8, ""test_mae"": 0.0093}, {""missing_rate"": 0.9, ""test_mae"": 0.0132}], ""test_mae_mean"": 0.00822, ""test_mae_max"": 0.0132, ""test_mae_min"": 0.0069, ""test_mae"": 0.0132, ""missing_rate"": 0.9}",experiments/logs/seed44_cnn1d_mim.log,,,65.52594232559204,"0.0,0.1,0.2,0.3,0.4,0.5,0.6,0.7,0.8,0.9","0.0,0.1,0.2,0.3,0.4,0.5,0.6,0.7,0.8,0.9",20260308_023704,experiments/runs/20260308_023704
seed45_mlp_baseline,45,mlp,baseline,completed,2026-03-08 02:37:04,,2026-03-08 02:48:02,"{""mr_results"": [{""missing_rate"": 0.0, ""test_mae"": 0.015}, {""missing_rate"": 0.1, ""test_mae"": 0.0163}, {""missing_rate"": 0.2, ""test_mae"": 0.0178}, {""missing_rate"": 0.3, ""test_mae"": 0.0193}, {""missing_rate"": 0.4, ""test_mae"": 0.0214}, {""missing_rate"": 0.5, ""test_mae"": 0.0235}, {""missing_rate"": 0.6, ""test_mae"": 0.0259}, {""missing_rate"": 0.7, ""test_mae"": 0.0284}, {""missing_rate"": 0.8, ""test_mae"": 0.0307}, {""missing_rate"": 0.9, ""test_mae"": 0.0349}], ""test_mae_mean"": 0.02332, ""test_mae_max"": 0.0349, ""test_mae_min"": 0.015, ""test_mae"": 0.0349, ""missing_rate"": 0.9}",experiments/logs/seed45_mlp_baseline.log,,,20.429802656173706,"0.0,0.1,0.2,0.3,0.4,0.5,0.6,0.7,0.8,0.9","0.0,0.1,0.2,0.3,0.4,0.5,0.6,0.7,0.8,0.9",20260308_023704,experiments/runs/20260308_023704
seed45_mlp_mim,45,mlp,mim,completed,2026-03-08 02:37:04,,2026-03-08 02:48:34,"{""mr_results"": [{""missing_rate"": 0.0, ""test_mae"": 0.0071}, {""missing_rate"": 0.1, ""test_mae"": 0.0071}, {""missing_rate"": 0.2, ""test_mae"": 0.0071}, {""missing_rate"": 0.3, ""test_mae"": 0.0072}, {""missing_rate"": 0.4, ""test_mae"": 0.0076}, {""missing_rate"": 0.5, ""test_mae"": 0.0083}, {""missing_rate"": 0.6, ""test_mae"": 0.0093}, {""missing_rate"": 0.7, ""test_mae"": 0.0109}, {""missing_rate"": 0.8, ""test_mae"": 0.0136}, {""missing_rate"": 0.9, ""test_mae"": 0.0227}], ""test_mae_mean"": 0.01009, ""test_mae_max"": 0.0227, ""test_mae_min"": 0.0071, ""test_mae"": 0.0227, ""missing_rate"": 0.9}",experiments/logs/seed45_mlp_mim.log,,,52.36781167984009,"0.0,0.1,0.2,0.3,0.4,0.5,0.6,0.7,0.8,0.9","0.0,0.1,0.2,0.3,0.4,0.5,0.6,0.7,0.8,0.9",20260308_023704,experiments/runs/20260308_023704
seed45_lstm_baseline,45,lstm,baseline,completed,2026-03-08 02:37:04,,2026-03-08 02:48:05,"{""mr_results"": [{""missing_rate"": 0.0, ""test_mae"": 0.0072}, {""missing_rate"": 0.1, ""test_mae"": 0.0067}, {""missing_rate"": 0.2, ""test_mae"": 0.0071}, {""missing_rate"": 0.3, ""test_mae"": 0.0081}, {""missing_rate"": 0.4, ""test_mae"": 0.0102}, {""missing_rate"": 0.5, ""test_mae"": 0.013}, {""missing_rate"": 0.6, ""test_mae"": 0.0174}, {""missing_rate"": 0.7, ""test_mae"": 0.0227}, {""missing_rate"": 0.8, ""test_mae"": 0.028}, {""missing_rate"": 0.9, ""test_mae"": 0.0363}], ""test_mae_mean"": 0.01567, ""test_mae_max"": 0.0363, ""test_mae_min"": 0.0067, ""test_mae"": 0.0363, ""missing_rate"": 0.9}",experiments/logs/seed45_lstm_baseline.log,,,23.680809497833252,"0.0,0.1,0.2,0.3,0.4,0.5,0.6,0.7,0.8,0.9","0.0,0.1,0.2,0.3,0.4,0.5,0.6,0.7,0.8,0.9",20260308_023704,experiments/runs/20260308_023704
seed45_lstm_mim,45,lstm,mim,completed,2026-03-08 02:37:04,,2026-03-08 02:48:54,"{""mr_results"": [{""missing_rate"": 0.0, ""test_mae"": 0.006}, {""missing_rate"": 0.1, ""test_mae"": 0.0061}, {""missing_rate"": 0.2, ""test_mae"": 0.0063}, {""missing_rate"": 0.3, ""test_mae"": 0.0065}, {""missing_rate"": 0.4, ""test_mae"": 0.0068}, {""missing_rate"": 0.5, ""test_mae"": 0.0075}, {""missing_rate"": 0.6, ""test_mae"": 0.0082}, {""missing_rate"": 0.7, ""test_mae"": 0.0101}, {""missing_rate"": 0.8, ""test_mae"": 0.0137}, {""missing_rate"": 0.9, ""test_mae"": 0.0225}], ""test_mae_mean"": 0.00937, ""test_mae_max"": 0.0225, ""test_mae_min"": 0.006, ""test_mae"": 0.0225, ""missing_rate"": 0.9}",experiments/logs/seed45_lstm_mim.log,,,72.90050959587097,"0.0,0.1,0.2,0.3,0.4,0.5,0.6,0.7,0.8,0.9","0.0,0.1,0.2,0.3,0.4,0.5,0.6,0.7,0.8,0.9",20260308_023704,experiments/runs/20260308_023704
seed45_gru_baseline,45,gru,baseline,completed,2026-03-08 02:37:04,,2026-03-08 02:49:50,"{""mr_results"": [{""missing_rate"": 0.0, ""test_mae"": 0.0086}, {""missing_rate"": 0.1, ""test_mae"": 0.0112}, {""missing_rate"": 0.2, ""test_mae"": 0.0137}, {""missing_rate"": 0.3, ""test_mae"": 0.0162}, {""missing_rate"": 0.4, ""test_mae"": 0.0192}, {""missing_rate"": 0.5, ""test_mae"": 0.0217}, {""missing_rate"": 0.6, ""test_mae"": 0.0249}, {""missing_rate"": 0.7, ""test_mae"": 0.0285}, {""missing_rate"": 0.8, ""test_mae"": 0.0318}, {""missing_rate"": 0.9, ""test_mae"": 0.0354}], ""test_mae_mean"": 0.02112, ""test_mae_max"": 0.0354, ""test_mae_min"": 0.0086, ""test_mae"": 0.0354, ""missing_rate"": 0.9}",experiments/logs/seed45_gru_baseline.log,Process exited with code 1,,11.82425332069397,"0.0,0.1,0.2,0.3,0.4,0.5,0.6,0.7,0.8,0.9","0.0,0.1,0.2,0.3,0.4,0.5,0.6,0.7,0.8,0.9",20260308_023704,experiments/runs/20260308_023704
seed45_gru_mim,45,gru,mim,completed,2026-03-08 02:37:04,,2026-03-08 02:49:33,"{""mr_results"": [{""missing_rate"": 0.0, ""test_mae"": 0.006}, {""missing_rate"": 0.1, ""test_mae"": 0.0062}, {""missing_rate"": 0.2, ""test_mae"": 0.0065}, {""missing_rate"": 0.3, ""test_mae"": 0.0068}, {""missing_rate"": 0.4, ""test_mae"": 0.0073}, {""missing_rate"": 0.5, ""test_mae"": 0.0076}, {""missing_rate"": 0.6, ""test_mae"": 0.0083}, {""missing_rate"": 0.7, ""test_mae"": 0.0099}, {""missing_rate"": 0.8, ""test_mae"": 0.014}, {""missing_rate"": 0.9, ""test_mae"": 0.0248}], ""test_mae_mean"": 0.00974, ""test_mae_max"": 0.0248, ""test_mae_min"": 0.006, ""test_mae"": 0.0248, ""missing_rate"": 0.9}",experiments/logs/seed45_gru_mim.log,,,36.236363887786865,"0.0,0.1,0.2,0.3,0.4,0.5,0.6,0.7,0.8,0.9","0.0,0.1,0.2,0.3,0.4,0.5,0.6,0.7,0.8,0.9",20260308_023704,experiments/runs/20260308_023704
seed45_cnn1d_baseline,45,cnn1d,baseline,completed,2026-03-08 02:37:04,,2026-03-08 02:49:17,"{""mr_results"": [{""missing_rate"": 0.0, ""test_mae"": 0.0279}, {""missing_rate"": 0.1, ""test_mae"": 0.0476}, {""missing_rate"": 0.2, ""test_mae"": 0.061}, {""missing_rate"": 0.3, ""test_mae"": 0.0677}, {""missing_rate"": 0.4, ""test_mae"": 0.0717}, {""missing_rate"": 0.5, ""test_mae"": 0.0777}, {""missing_rate"": 0.6, ""test_mae"": 0.0866}, {""missing_rate"": 0.7, ""test_mae"": 0.0958}, {""missing_rate"": 0.8, ""test_mae"": 0.1039}, {""missing_rate"": 0.9, ""test_mae"": 0.1194}], ""test_mae_mean"": 0.07593, ""test_mae_max"": 0.1194, ""test_mae_min"": 0.0279, ""test_mae"": 0.1194, ""missing_rate"": 0.9}",experiments/logs/seed45_cnn1d_baseline.log,,,21.165468215942383,"0.0,0.1,0.2,0.3,0.4,0.5,0.6,0.7,0.8,0.9","0.0,0.1,0.2,0.3,0.4,0.5,0.6,0.7,0.8,0.9",20260308_023704,experiments/runs/20260308_023704
seed45_cnn1d_mim,45,cnn1d,mim,completed,2026-03-08 02:37:04,,2026-03-08 02:50:45,"{""mr_results"": [{""missing_rate"": 0.0, ""test_mae"": 0.0058}, {""missing_rate"": 0.1, ""test_mae"": 0.0061}, {""missing_rate"": 0.2, ""test_mae"": 0.0064}, {""missing_rate"": 0.3, ""test_mae"": 0.0067}, {""missing_rate"": 0.4, ""test_mae"": 0.0071}, {""missing_rate"": 0.5, ""test_mae"": 0.0074}, {""missing_rate"": 0.6, ""test_mae"": 0.008}, {""missing_rate"": 0.7, ""test_mae"": 0.0092}, {""missing_rate"": 0.8, ""test_mae"": 0.012}, {""missing_rate"": 0.9, ""test_mae"": 0.0197}], ""test_mae_mean"": 0.00884, ""test_mae_max"": 0.0197, ""test_mae_min"": 0.0058, ""test_mae"": 0.0197, ""missing_rate"": 0.9}",experiments/logs/seed45_cnn1d_mim.log,Process exited with code 1,,67.50611066818237,"0.0,0.1,0.2,0.3,0.4,0.5,0.6,0.7,0.8,0.9","0.0,0.1,0.2,0.3,0.4,0.5,0.6,0.7,0.8,0.9",20260308_023704,experiments/runs/20260308_023704
seed46_mlp_baseline,46,mlp,baseline,completed,2026-03-08 02:37:04,,2026-03-08 02:51:08,"{""mr_results"": [{""missing_rate"": 0.0, ""test_mae"": 0.0119}, {""missing_rate"": 0.1, ""test_mae"": 0.0128}, {""missing_rate"": 0.2, ""test_mae"": 0.0139}, {""missing_rate"": 0.3, ""test_mae"": 0.0156}, {""missing_rate"": 0.4, ""test_mae"": 0.0179}, {""missing_rate"": 0.5, ""test_mae"": 0.0202}, {""missing_rate"": 0.6, ""test_mae"": 0.0234}, {""missing_rate"": 0.7, ""test_mae"": 0.027}, {""missing_rate"": 0.8, ""test_mae"": 0.0297}, {""missing_rate"": 0.9, ""test_mae"": 0.0338}], ""test_mae_mean"": 0.02062, ""test_mae_max"": 0.0338, ""test_mae_min"": 0.0119, ""test_mae"": 0.0338, ""missing_rate"": 0.9}",experiments/logs/seed46_mlp_baseline.log,,,20.7065486907959,"0.0,0.1,0.2,0.3,0.4,0.5,0.6,0.7,0.8,0.9","0.0,0.1,0.2,0.3,0.4,0.5,0.6,0.7,0.8,0.9",20260308_023704,experiments/runs/20260308_023704
seed46_mlp_mim,46,mlp,mim,completed,2026-03-08 02:37:04,,2026-03-08 02:51:45,"{""mr_results"": [{""missing_rate"": 0.0, ""test_mae"": 0.006}, {""missing_rate"": 0.1, ""test_mae"": 0.0063}, {""missing_rate"": 0.2, ""test_mae"": 0.0067}, {""missing_rate"": 0.3, ""test_mae"": 0.0068}, {""missing_rate"": 0.4, ""test_mae"": 0.0075}, {""missing_rate"": 0.5, ""test_mae"": 0.0083}, {""missing_rate"": 0.6, ""test_mae"": 0.0092}, {""missing_rate"": 0.7, ""test_mae"": 0.0108}, {""missing_rate"": 0.8, ""test_mae"": 0.0136}, {""missing_rate"": 0.9, ""test_mae"": 0.022}], ""test_mae_mean"": 0.00972, ""test_mae_max"": 0.022, ""test_mae_min"": 0.006, ""test_mae"": 0.022, ""missing_rate"": 0.9}",experiments/logs/seed46_mlp_mim.log,,,57.279137134552,"0.0,0.1,0.2,0.3,0.4,0.5,0.6,0.7,0.8,0.9","0.0,0.1,0.2,0.3,0.4,0.5,0.6,0.7,0.8,0.9",20260308_023704,experiments/runs/20260308_023704
seed46_lstm_baseline,46,lstm,baseline,completed,2026-03-08 02:37:04,,2026-03-08 02:51:10,"{""mr_results"": [{""missing_rate"": 0.0, ""test_mae"": 0.0084}, {""missing_rate"": 0.1, ""test_mae"": 0.0083}, {""missing_rate"": 0.2, ""test_mae"": 0.0085}, {""missing_rate"": 0.3, ""test_mae"": 0.0091}, {""missing_rate"": 0.4, ""test_mae"": 0.0109}, {""missing_rate"": 0.5, ""test_mae"": 0.0137}, {""missing_rate"": 0.6, ""test_mae"": 0.0184}, {""missing_rate"": 0.7, ""test_mae"": 0.0236}, {""missing_rate"": 0.8, ""test_mae"": 0.0307}, {""missing_rate"": 0.9, ""test_mae"": 0.0418}], ""test_mae_mean"": 0.01734, ""test_mae_max"": 0.0418, ""test_mae_min"": 0.0083, ""test_mae"": 0.0418, ""missing_rate"": 0.9}",experiments/logs/seed46_lstm_baseline.log,,,22.81092619895935,"0.0,0.1,0.2,0.3,0.4,0.5,0.6,0.7,0.8,0.9","0.0,0.1,0.2,0.3,0.4,0.5,0.6,0.7,0.8,0.9",20260308_023704,experiments/runs/20260308_023704
seed46_lstm_mim,46,lstm,mim,completed,2026-03-08 02:37:04,,2026-03-08 02:52:08,"{""mr_results"": [{""missing_rate"": 0.0, ""test_mae"": 0.0057}, {""missing_rate"": 0.1, ""test_mae"": 0.0056}, {""missing_rate"": 0.2, ""test_mae"": 0.0056}, {""missing_rate"": 0.3, ""test_mae"": 0.0057}, {""missing_rate"": 0.4, ""test_mae"": 0.0059}, {""missing_rate"": 0.5, ""test_mae"": 0.0066}, {""missing_rate"": 0.6, ""test_mae"": 0.0072}, {""missing_rate"": 0.7, ""test_mae"": 0.0087}, {""missing_rate"": 0.8, ""test_mae"": 0.0118}, {""missing_rate"": 0.9, ""test_mae"": 0.0203}], ""test_mae_mean"": 0.00831, ""test_mae_max"": 0.0203, ""test_mae_min"": 0.0056, ""test_mae"": 0.0203, ""missing_rate"": 0.9}",experiments/logs/seed46_lstm_mim.log,,,81.1082067489624,"0.0,0.1,0.2,0.3,0.4,0.5,0.6,0.7,0.8,0.9","0.0,0.1,0.2,0.3,0.4,0.5,0.6,0.7,0.8,0.9",20260308_023704,experiments/runs/20260308_023704
seed46_gru_baseline,46,gru,baseline,completed,2026-03-08 02:37:04,,2026-03-08 02:52:25,"{""mr_results"": [{""missing_rate"": 0.0, ""test_mae"": 0.0073}, {""missing_rate"": 0.1, ""test_mae"": 0.0097}, {""missing_rate"": 0.2, ""test_mae"": 0.0124}, {""missing_rate"": 0.3, ""test_mae"": 0.0148}, {""missing_rate"": 0.4, ""test_mae"": 0.0179}, {""missing_rate"": 0.5, ""test_mae"": 0.0212}, {""missing_rate"": 0.6, ""test_mae"": 0.0247}, {""missing_rate"": 0.7, ""test_mae"": 0.0282}, {""missing_rate"": 0.8, ""test_mae"": 0.0312}, {""missing_rate"": 0.9, ""test_mae"": 0.0348}], ""test_mae_mean"": 0.02022, ""test_mae_max"": 0.0348, ""test_mae_min"": 0.0073, ""test_mae"": 0.0348, ""missing_rate"": 0.9}",experiments/logs/seed46_gru_baseline.log,,,14.564218997955322,"0.0,0.1,0.2,0.3,0.4,0.5,0.6,0.7,0.8,0.9","0.0,0.1,0.2,0.3,0.4,0.5,0.6,0.7,0.8,0.9",20260308_023704,experiments/runs/20260308_023704
seed46_gru_mim,46,gru,mim,completed,2026-03-08 02:37:04,,2026-03-08 02:53:06,"{""mr_results"": [{""missing_rate"": 0.0, ""test_mae"": 0.0091}, {""missing_rate"": 0.1, ""test_mae"": 0.0086}, {""missing_rate"": 0.2, ""test_mae"": 0.0083}, {""missing_rate"": 0.3, ""test_mae"": 0.008}, {""missing_rate"": 0.4, ""test_mae"": 0.0078}, {""missing_rate"": 0.5, ""test_mae"": 0.0077}, {""missing_rate"": 0.6, ""test_mae"": 0.0079}, {""missing_rate"": 0.7, ""test_mae"": 0.0089}, {""missing_rate"": 0.8, ""test_mae"": 0.0117}, {""missing_rate"": 0.9, ""test_mae"": 0.0198}], ""test_mae_mean"": 0.00978, ""test_mae_max"": 0.0198, ""test_mae_min"": 0.0077, ""test_mae"": 0.0198, ""missing_rate"": 0.9}",experiments/logs/seed46_gru_mim.log,,,56.02273631095886,"0.0,0.1,0.2,0.3,0.4,0.5,0.6,0.7,0.8,0.9","0.0,0.1,0.2,0.3,0.4,0.5,0.6,0.7,0.8,0.9",20260308_023704,experiments/runs/20260308_023704
seed46_cnn1d_baseline,46,cnn1d,baseline,completed,2026-03-08 02:37:04,,2026-03-08 02:52:30,"{""mr_results"": [{""missing_rate"": 0.0, ""test_mae"": 0.0264}, {""missing_rate"": 0.1, ""test_mae"": 0.0429}, {""missing_rate"": 0.2, ""test_mae"": 0.0552}, {""missing_rate"": 0.3, ""test_mae"": 0.0606}, {""missing_rate"": 0.4, ""test_mae"": 0.0641}, {""missing_rate"": 0.5, ""test_mae"": 0.0687}, {""missing_rate"": 0.6, ""test_mae"": 0.0756}, {""missing_rate"": 0.7, ""test_mae"": 0.0822}, {""missing_rate"": 0.8, ""test_mae"": 0.0892}, {""missing_rate"": 0.9, ""test_mae"": 0.1065}], ""test_mae_mean"": 0.06714, ""test_mae_max"": 0.1065, ""test_mae_min"": 0.0264, ""test_mae"": 0.1065, ""missing_rate"": 0.9}",experiments/logs/seed46_cnn1d_baseline.log,,,19.57340145111084,"0.0,0.1,0.2,0.3,0.4,0.5,0.6,0.7,0.8,0.9","0.0,0.1,0.2,0.3,0.4,0.5,0.6,0.7,0.8,0.9",20260308_023704,experiments/runs/20260308_023704
seed46_cnn1d_mim,46,cnn1d,mim,completed,2026-03-08 02:37:04,,2026-03-08 02:53:07,"{""mr_results"": [{""missing_rate"": 0.0, ""test_mae"": 0.0079}, {""missing_rate"": 0.1, ""test_mae"": 0.0079}, {""missing_rate"": 0.2, ""test_mae"": 0.0076}, {""missing_rate"": 0.3, ""test_mae"": 0.0074}, {""missing_rate"": 0.4, ""test_mae"": 0.0075}, {""missing_rate"": 0.5, ""test_mae"": 0.0078}, {""missing_rate"": 0.6, ""test_mae"": 0.0084}, {""missing_rate"": 0.7, ""test_mae"": 0.0093}, {""missing_rate"": 0.8, ""test_mae"": 0.0117}, {""missing_rate"": 0.9, ""test_mae"": 0.0191}], ""test_mae_mean"": 0.00946, ""test_mae_max"": 0.0191, ""test_mae_min"": 0.0074, ""test_mae"": 0.0191, ""missing_rate"": 0.9}",experiments/logs/seed46_cnn1d_mim.log,,,56.09540152549744,"0.0,0.1,0.2,0.3,0.4,0.5,0.6,0.7,0.8,0.9","0.0,0.1,0.2,0.3,0.4,0.5,0.6,0.7,0.8,0.9",20260308_023704,experiments/runs/20260308_023704
seed47_mlp_baseline,47,mlp,baseline,completed,2026-03-08 02:37:04,,2026-03-08 02:54:18,"{""mr_results"": [{""missing_rate"": 0.0, ""test_mae"": 0.0134}, {""missing_rate"": 0.1, ""test_mae"": 0.0142}, {""missing_rate"": 0.2, ""test_mae"": 0.0148}, {""missing_rate"": 0.3, ""test_mae"": 0.0161}, {""missing_rate"": 0.4, ""test_mae"": 0.0176}, {""missing_rate"": 0.5, ""test_mae"": 0.0195}, {""missing_rate"": 0.6, ""test_mae"": 0.0222}, {""missing_rate"": 0.7, ""test_mae"": 0.0251}, {""missing_rate"": 0.8, ""test_mae"": 0.0277}, {""missing_rate"": 0.9, ""test_mae"": 0.0325}], ""test_mae_mean"": 0.02031, ""test_mae_max"": 0.0325, ""test_mae_min"": 0.0134, ""test_mae"": 0.0325, ""missing_rate"": 0.9}",experiments/logs/seed47_mlp_baseline.log,Process exited with code 1,,16.743086338043213,"0.0,0.1,0.2,0.3,0.4,0.5,0.6,0.7,0.8,0.9","0.0,0.1,0.2,0.3,0.4,0.5,0.6,0.7,0.8,0.9",20260308_023704,experiments/runs/20260308_023704
seed47_mlp_mim,47,mlp,mim,completed,2026-03-08 02:37:04,,2026-03-08 02:53:56,"{""mr_results"": [{""missing_rate"": 0.0, ""test_mae"": 0.0057}, {""missing_rate"": 0.1, ""test_mae"": 0.006}, {""missing_rate"": 0.2, ""test_mae"": 0.0063}, {""missing_rate"": 0.3, ""test_mae"": 0.0067}, {""missing_rate"": 0.4, ""test_mae"": 0.0073}, {""missing_rate"": 0.5, ""test_mae"": 0.0083}, {""missing_rate"": 0.6, ""test_mae"": 0.0096}, {""missing_rate"": 0.7, ""test_mae"": 0.0116}, {""missing_rate"": 0.8, ""test_mae"": 0.0143}, {""missing_rate"": 0.9, ""test_mae"": 0.0226}], ""test_mae_mean"": 0.00984, ""test_mae_max"": 0.0226, ""test_mae_min"": 0.0057, ""test_mae"": 0.0226, ""missing_rate"": 0.9}",experiments/logs/seed47_mlp_mim.log,,,47.132466316223145,"0.0,0.1,0.2,0.3,0.4,0.5,0.6,0.7,0.8,0.9","0.0,0.1,0.2,0.3,0.4,0.5,0.6,0.7,0.8,0.9",20260308_023704,experiments/runs/20260308_023704
seed47_lstm_baseline,47,lstm,baseline,completed,2026-03-08 02:37:04,,2026-03-08 02:53:30,"{""mr_results"": [{""missing_rate"": 0.0, ""test_mae"": 0.008}, {""missing_rate"": 0.1, ""test_mae"": 0.0088}, {""missing_rate"": 0.2, ""test_mae"": 0.0095}, {""missing_rate"": 0.3, ""test_mae"": 0.0101}, {""missing_rate"": 0.4, ""test_mae"": 0.0116}, {""missing_rate"": 0.5, ""test_mae"": 0.0164}, {""missing_rate"": 0.6, ""test_mae"": 0.0232}, {""missing_rate"": 0.7, ""test_mae"": 0.0317}, {""missing_rate"": 0.8, ""test_mae"": 0.0415}, {""missing_rate"": 0.9, ""test_mae"": 0.0491}], ""test_mae_mean"": 0.02099, ""test_mae_max"": 0.0491, ""test_mae_min"": 0.008, ""test_mae"": 0.0491, ""missing_rate"": 0.9}",experiments/logs/seed47_lstm_baseline.log,,,21.601894855499268,"0.0,0.1,0.2,0.3,0.4,0.5,0.6,0.7,0.8,0.9","0.0,0.1,0.2,0.3,0.4,0.5,0.6,0.7,0.8,0.9",20260308_023704,experiments/runs/20260308_023704
seed47_lstm_mim,47,lstm,mim,completed,2026-03-08 02:37:04,,2026-03-08 02:54:47,"{""mr_results"": [{""missing_rate"": 0.0, ""test_mae"": 0.0083}, {""missing_rate"": 0.1, ""test_mae"": 0.0082}, {""missing_rate"": 0.2, ""test_mae"": 0.0081}, {""missing_rate"": 0.3, ""test_mae"": 0.008}, {""missing_rate"": 0.4, ""test_mae"": 0.008}, {""missing_rate"": 0.5, ""test_mae"": 0.0084}, {""missing_rate"": 0.6, ""test_mae"": 0.009}, {""missing_rate"": 0.7, ""test_mae"": 0.0106}, {""missing_rate"": 0.8, ""test_mae"": 0.014}, {""missing_rate"": 0.9, ""test_mae"": 0.0236}], ""test_mae_mean"": 0.010620000000000001, ""test_mae_max"": 0.0236, ""test_mae_min"": 0.008, ""test_mae"": 0.0236, ""missing_rate"": 0.9}",experiments/logs/seed47_lstm_mim.log,Process exited with code 1,,45.02447032928467,"0.0,0.1,0.2,0.3,0.4,0.5,0.6,0.7,0.8,0.9","0.0,0.1,0.2,0.3,0.4,0.5,0.6,0.7,0.8,0.9",20260308_023704,experiments/runs/20260308_023704
seed47_gru_baseline,47,gru,baseline,completed,2026-03-08 02:37:04,,2026-03-08 02:55:12,"{""mr_results"": [{""missing_rate"": 0.0, ""test_mae"": 0.0069}, {""missing_rate"": 0.1, ""test_mae"": 0.008}, {""missing_rate"": 0.2, ""test_mae"": 0.0099}, {""missing_rate"": 0.3, ""test_mae"": 0.0122}, {""missing_rate"": 0.4, ""test_mae"": 0.0148}, {""missing_rate"": 0.5, ""test_mae"": 0.0181}, {""missing_rate"": 0.6, ""test_mae"": 0.0219}, {""missing_rate"": 0.7, ""test_mae"": 0.0258}, {""missing_rate"": 0.8, ""test_mae"": 0.0299}, {""missing_rate"": 0.9, ""test_mae"": 0.0335}], ""test_mae_mean"": 0.018099999999999998, ""test_mae_max"": 0.0335, ""test_mae_min"": 0.0069, ""test_mae"": 0.0335, ""missing_rate"": 0.9}",experiments/logs/seed47_gru_baseline.log,,,22.917898654937744,"0.0,0.1,0.2,0.3,0.4,0.5,0.6,0.7,0.8,0.9","0.0,0.1,0.2,0.3,0.4,0.5,0.6,0.7,0.8,0.9",20260308_023704,experiments/runs/20260308_023704
seed47_gru_mim,47,gru,mim,completed,2026-03-08 02:37:04,,2026-03-08 02:55:29,"{""mr_results"": [{""missing_rate"": 0.0, ""test_mae"": 0.0065}, {""missing_rate"": 0.1, ""test_mae"": 0.007}, {""missing_rate"": 0.2, ""test_mae"": 0.0076}, {""missing_rate"": 0.3, ""test_mae"": 0.0081}, {""missing_rate"": 0.4, ""test_mae"": 0.0089}, {""missing_rate"": 0.5, ""test_mae"": 0.0096}, {""missing_rate"": 0.6, ""test_mae"": 0.0106}, {""missing_rate"": 0.7, ""test_mae"": 0.0125}, {""missing_rate"": 0.8, ""test_mae"": 0.0173}, {""missing_rate"": 0.9, ""test_mae"": 0.0284}], ""test_mae_mean"": 0.01165, ""test_mae_max"": 0.0284, ""test_mae_min"": 0.0065, ""test_mae"": 0.0284, ""missing_rate"": 0.9}",experiments/logs/seed47_gru_mim.log,,,40.19727182388306,"0.0,0.1,0.2,0.3,0.4,0.5,0.6,0.7,0.8,0.9","0.0,0.1,0.2,0.3,0.4,0.5,0.6,0.7,0.8,0.9",20260308_023704,experiments/runs/20260308_023704
seed47_cnn1d_baseline,47,cnn1d,baseline,completed,2026-03-08 02:37:04,,2026-03-08 02:55:13,"{""mr_results"": [{""missing_rate"": 0.0, ""test_mae"": 0.0236}, {""missing_rate"": 0.1, ""test_mae"": 0.0511}, {""missing_rate"": 0.2, ""test_mae"": 0.0661}, {""missing_rate"": 0.3, ""test_mae"": 0.0739}, {""missing_rate"": 0.4, ""test_mae"": 0.0778}, {""missing_rate"": 0.5, ""test_mae"": 0.0821}, {""missing_rate"": 0.6, ""test_mae"": 0.0898}, {""missing_rate"": 0.7, ""test_mae"": 0.0951}, {""missing_rate"": 0.8, ""test_mae"": 0.0992}, {""missing_rate"": 0.9, ""test_mae"": 0.1188}], ""test_mae_mean"": 0.07775, ""test_mae_max"": 0.1188, ""test_mae_min"": 0.0236, ""test_mae"": 0.1188, ""missing_rate"": 0.9}",experiments/logs/seed47_cnn1d_baseline.log,,,24.375635623931885,"0.0,0.1,0.2,0.3,0.4,0.5,0.6,0.7,0.8,0.9","0.0,0.1,0.2,0.3,0.4,0.5,0.6,0.7,0.8,0.9",20260308_023704,experiments/runs/20260308_023704
seed47_cnn1d_mim,47,cnn1d,mim,completed,2026-03-08 02:37:04,,2026-03-08 02:56:01,"{""mr_results"": [{""missing_rate"": 0.0, ""test_mae"": 0.0066}, {""missing_rate"": 0.1, ""test_mae"": 0.0068}, {""missing_rate"": 0.2, ""test_mae"": 0.0069}, {""missing_rate"": 0.3, ""test_mae"": 0.0071}, {""missing_rate"": 0.4, ""test_mae"": 0.0074}, {""missing_rate"": 0.5, ""test_mae"": 0.0076}, {""missing_rate"": 0.6, ""test_mae"": 0.0082}, {""missing_rate"": 0.7, ""test_mae"": 0.0094}, {""missing_rate"": 0.8, ""test_mae"": 0.0119}, {""missing_rate"": 0.9, ""test_mae"": 0.0199}], ""test_mae_mean"": 0.00918, ""test_mae_max"": 0.0199, ""test_mae_min"": 0.0066, ""test_mae"": 0.0199, ""missing_rate"": 0.9}",experiments/logs/seed47_cnn1d_mim.log,,,72.31196236610413,"0.0,0.1,0.2,0.3,0.4,0.5,0.6,0.7,0.8,0.9","0.0,0.1,0.2,0.3,0.4,0.5,0.6,0.7,0.8,0.9",20260308_023704,experiments/runs/20260308_023704
seed48_mlp_baseline,48,mlp,baseline,completed,2026-03-08 02:37:04,,2026-03-08 02:56:20,"{""mr_results"": [{""missing_rate"": 0.0, ""test_mae"": 0.0091}, {""missing_rate"": 0.1, ""test_mae"": 0.0103}, {""missing_rate"": 0.2, ""test_mae"": 0.0118}, {""missing_rate"": 0.3, ""test_mae"": 0.0139}, {""missing_rate"": 0.4, ""test_mae"": 0.0168}, {""missing_rate"": 0.5, ""test_mae"": 0.0197}, {""missing_rate"": 0.6, ""test_mae"": 0.0231}, {""missing_rate"": 0.7, ""test_mae"": 0.0266}, {""missing_rate"": 0.8, ""test_mae"": 0.0298}, {""missing_rate"": 0.9, ""test_mae"": 0.034}], ""test_mae_mean"": 0.01951, ""test_mae_max"": 0.034, ""test_mae_min"": 0.0091, ""test_mae"": 0.034, ""missing_rate"": 0.9}",experiments/logs/seed48_mlp_baseline.log,,,17.36143684387207,"0.0,0.1,0.2,0.3,0.4,0.5,0.6,0.7,0.8,0.9","0.0,0.1,0.2,0.3,0.4,0.5,0.6,0.7,0.8,0.9",20260308_023704,experiments/runs/20260308_023704
seed48_mlp_mim,48,mlp,mim,completed,2026-03-08 02:37:04,,2026-03-08 02:58:11,"{""mr_results"": [{""missing_rate"": 0.0, ""test_mae"": 0.0062}, {""missing_rate"": 0.1, ""test_mae"": 0.0064}, {""missing_rate"": 0.2, ""test_mae"": 0.0066}, {""missing_rate"": 0.3, ""test_mae"": 0.0069}, {""missing_rate"": 0.4, ""test_mae"": 0.0076}, {""missing_rate"": 0.5, ""test_mae"": 0.0086}, {""missing_rate"": 0.6, ""test_mae"": 0.0097}, {""missing_rate"": 0.7, ""test_mae"": 0.0115}, {""missing_rate"": 0.8, ""test_mae"": 0.0138}, {""missing_rate"": 0.9, ""test_mae"": 0.0221}], ""test_mae_mean"": 0.009940000000000001, ""test_mae_max"": 0.0221, ""test_mae_min"": 0.0062, ""test_mae"": 0.0221, ""missing_rate"": 0.9}",experiments/logs/seed48_mlp_mim.log,Process exited with code 1,,57.44685912132263,"0.0,0.1,0.2,0.3,0.4,0.5,0.6,0.7,0.8,0.9","0.0,0.1,0.2,0.3,0.4,0.5,0.6,0.7,0.8,0.9",20260308_023704,experiments/runs/20260308_023704
seed48_lstm_baseline,48,lstm,baseline,completed,2026-03-08 02:37:04,,2026-03-08 02:57:30,"{""mr_results"": [{""missing_rate"": 0.0, ""test_mae"": 0.0082}, {""missing_rate"": 0.1, ""test_mae"": 0.0081}, {""missing_rate"": 0.2, ""test_mae"": 0.0086}, {""missing_rate"": 0.3, ""test_mae"": 0.01}, {""missing_rate"": 0.4, ""test_mae"": 0.013}, {""missing_rate"": 0.5, ""test_mae"": 0.0201}, {""missing_rate"": 0.6, ""test_mae"": 0.0306}, {""missing_rate"": 0.7, ""test_mae"": 0.0445}, {""missing_rate"": 0.8, ""test_mae"": 0.0598}, {""missing_rate"": 0.9, ""test_mae"": 0.077}], ""test_mae_mean"": 0.027989999999999998, ""test_mae_max"": 0.077, ""test_mae_min"": 0.0081, ""test_mae"": 0.077, ""missing_rate"": 0.9}",experiments/logs/seed48_lstm_baseline.log,Process exited with code 1,,16.494216442108154,"0.0,0.1,0.2,0.3,0.4,0.5,0.6,0.7,0.8,0.9","0.0,0.1,0.2,0.3,0.4,0.5,0.6,0.7,0.8,0.9",20260308_023704,experiments/runs/20260308_023704
seed48_lstm_mim,48,lstm,mim,completed,2026-03-08 02:37:04,,2026-03-08 02:58:34,"{""mr_results"": [{""missing_rate"": 0.0, ""test_mae"": 0.007}, {""missing_rate"": 0.1, ""test_mae"": 0.007}, {""missing_rate"": 0.2, ""test_mae"": 0.007}, {""missing_rate"": 0.3, ""test_mae"": 0.0072}, {""missing_rate"": 0.4, ""test_mae"": 0.0075}, {""missing_rate"": 0.5, ""test_mae"": 0.0081}, {""missing_rate"": 0.6, ""test_mae"": 0.0087}, {""missing_rate"": 0.7, ""test_mae"": 0.0099}, {""missing_rate"": 0.8, ""test_mae"": 0.013}, {""missing_rate"": 0.9, ""test_mae"": 0.0206}], ""test_mae_mean"": 0.009600000000000001, ""test_mae_max"": 0.0206, ""test_mae_min"": 0.007, ""test_mae"": 0.0206, ""missing_rate"": 0.9}",experiments/logs/seed48_lstm_mim.log,Process exited with code 1,,80.8814525604248,"0.0,0.1,0.2,0.3,0.4,0.5,0.6,0.7,0.8,0.9","0.0,0.1,0.2,0.3,0.4,0.5,0.6,0.7,0.8,0.9",20260308_023704,experiments/runs/20260308_023704
seed48_gru_baseline,48,gru,baseline,completed,2026-03-08 02:37:04,,2026-03-08 03:00:18,"{""mr_results"": [{""missing_rate"": 0.0, ""test_mae"": 0.0068}, {""missing_rate"": 0.1, ""test_mae"": 0.0081}, {""missing_rate"": 0.2, ""test_mae"": 0.0101}, {""missing_rate"": 0.3, ""test_mae"": 0.0127}, {""missing_rate"": 0.4, ""test_mae"": 0.016}, {""missing_rate"": 0.5, ""test_mae"": 0.0191}, {""missing_rate"": 0.6, ""test_mae"": 0.0229}, {""missing_rate"": 0.7, ""test_mae"": 0.0263}, {""missing_rate"": 0.8, ""test_mae"": 0.0303}, {""missing_rate"": 0.9, ""test_mae"": 0.0346}], ""test_mae_mean"": 0.018690000000000002, ""test_mae_max"": 0.0346, ""test_mae_min"": 0.0068, ""test_mae"": 0.0346, ""missing_rate"": 0.9}",experiments/logs/seed48_gru_baseline.log,Process exited with code 1,,12.33971118927002,"0.0,0.1,0.2,0.3,0.4,0.5,0.6,0.7,0.8,0.9","0.0,0.1,0.2,0.3,0.4,0.5,0.6,0.7,0.8,0.9",20260308_023704,experiments/runs/20260308_023704
seed48_gru_mim,48,gru,mim,completed,2026-03-08 02:37:04,,2026-03-08 03:00:36,"{""mr_results"": [{""missing_rate"": 0.0, ""test_mae"": 0.0045}, {""missing_rate"": 0.1, ""test_mae"": 0.0051}, {""missing_rate"": 0.2, ""test_mae"": 0.0056}, {""missing_rate"": 0.3, ""test_mae"": 0.0062}, {""missing_rate"": 0.4, ""test_mae"": 0.0068}, {""missing_rate"": 0.5, ""test_mae"": 0.0074}, {""missing_rate"": 0.6, ""test_mae"": 0.0086}, {""missing_rate"": 0.7, ""test_mae"": 0.0106}, {""missing_rate"": 0.8, ""test_mae"": 0.0154}, {""missing_rate"": 0.9, ""test_mae"": 0.025}], ""test_mae_mean"": 0.00952, ""test_mae_max"": 0.025, ""test_mae_min"": 0.0045, ""test_mae"": 0.025, ""missing_rate"": 0.9}",experiments/logs/seed48_gru_mim.log,Process exited with code 1,,30.47608232498169,"0.0,0.1,0.2,0.3,0.4,0.5,0.6,0.7,0.8,0.9","0.0,0.1,0.2,0.3,0.4,0.5,0.6,0.7,0.8,0.9",20260308_023704,experiments/runs/20260308_023704
seed48_cnn1d_baseline,48,cnn1d,baseline,completed,2026-03-08 02:37:04,,2026-03-08 02:58:58,"{""mr_results"": [{""missing_rate"": 0.0, ""test_mae"": 0.0252}, {""missing_rate"": 0.1, ""test_mae"": 0.0425}, {""missing_rate"": 0.2, ""test_mae"": 0.0525}, {""missing_rate"": 0.3, ""test_mae"": 0.0571}, {""missing_rate"": 0.4, ""test_mae"": 0.0602}, {""missing_rate"": 0.5, ""test_mae"": 0.0654}, {""missing_rate"": 0.6, ""test_mae"": 0.0692}, {""missing_rate"": 0.7, ""test_mae"": 0.0746}, {""missing_rate"": 0.8, ""test_mae"": 0.0777}, {""missing_rate"": 0.9, ""test_mae"": 0.0895}], ""test_mae_mean"": 0.06139, ""test_mae_max"": 0.0895, ""test_mae_min"": 0.0252, ""test_mae"": 0.0895, ""missing_rate"": 0.9}",experiments/logs/seed48_cnn1d_baseline.log,,,21.32203722000122,"0.0,0.1,0.2,0.3,0.4,0.5,0.6,0.7,0.8,0.9","0.0,0.1,0.2,0.3,0.4,0.5,0.6,0.7,0.8,0.9",20260308_023704,experiments/runs/20260308_023704
seed48_cnn1d_mim,48,cnn1d,mim,completed,2026-03-08 02:37:04,,2026-03-08 03:00:01,"{""mr_results"": [{""missing_rate"": 0.0, ""test_mae"": 0.0075}, {""missing_rate"": 0.1, ""test_mae"": 0.0074}, {""missing_rate"": 0.2, ""test_mae"": 0.0074}, {""missing_rate"": 0.3, ""test_mae"": 0.0075}, {""missing_rate"": 0.4, ""test_mae"": 0.0077}, {""missing_rate"": 0.5, ""test_mae"": 0.0079}, {""missing_rate"": 0.6, ""test_mae"": 0.0086}, {""missing_rate"": 0.7, ""test_mae"": 0.0099}, {""missing_rate"": 0.8, ""test_mae"": 0.0122}, {""missing_rate"": 0.9, ""test_mae"": 0.0197}], ""test_mae_mean"": 0.00958, ""test_mae_max"": 0.0197, ""test_mae_min"": 0.0074, ""test_mae"": 0.0197, ""missing_rate"": 0.9}",experiments/logs/seed48_cnn1d_mim.log,,,84.17003154754639,"0.0,0.1,0.2,0.3,0.4,0.5,0.6,0.7,0.8,0.9","0.0,0.1,0.2,0.3,0.4,0.5,0.6,0.7,0.8,0.9",20260308_023704,experiments/runs/20260308_023704
seed49_mlp_baseline,49,mlp,baseline,completed,2026-03-08 02:37:04,,2026-03-08 03:00:59,"{""mr_results"": [{""missing_rate"": 0.0, ""test_mae"": 0.0172}, {""missing_rate"": 0.1, ""test_mae"": 0.0176}, {""missing_rate"": 0.2, ""test_mae"": 0.0187}, {""missing_rate"": 0.3, ""test_mae"": 0.0205}, {""missing_rate"": 0.4, ""test_mae"": 0.0232}, {""missing_rate"": 0.5, ""test_mae"": 0.0253}, {""missing_rate"": 0.6, ""test_mae"": 0.0284}, {""missing_rate"": 0.7, ""test_mae"": 0.0312}, {""missing_rate"": 0.8, ""test_mae"": 0.0342}, {""missing_rate"": 0.9, ""test_mae"": 0.0382}], ""test_mae_mean"": 0.02545, ""test_mae_max"": 0.0382, ""test_mae_min"": 0.0172, ""test_mae"": 0.0382, ""missing_rate"": 0.9}",experiments/logs/seed49_mlp_baseline.log,,,21.60831117630005,"0.0,0.1,0.2,0.3,0.4,0.5,0.6,0.7,0.8,0.9","0.0,0.1,0.2,0.3,0.4,0.5,0.6,0.7,0.8,0.9",20260308_023704,experiments/runs/20260308_023704
seed49_mlp_mim,49,mlp,mim,completed,2026-03-08 02:37:04,,2026-03-08 03:01:39,"{""mr_results"": [{""missing_rate"": 0.0, ""test_mae"": 0.0066}, {""missing_rate"": 0.1, ""test_mae"": 0.0067}, {""missing_rate"": 0.2, ""test_mae"": 0.007}, {""missing_rate"": 0.3, ""test_mae"": 0.007}, {""missing_rate"": 0.4, ""test_mae"": 0.0075}, {""missing_rate"": 0.5, ""test_mae"": 0.0082}, {""missing_rate"": 0.6, ""test_mae"": 0.0095}, {""missing_rate"": 0.7, ""test_mae"": 0.0112}, {""missing_rate"": 0.8, ""test_mae"": 0.0141}, {""missing_rate"": 0.9, ""test_mae"": 0.0224}], ""test_mae_mean"": 0.01002, ""test_mae_max"": 0.0224, ""test_mae_min"": 0.0066, ""test_mae"": 0.0224, ""missing_rate"": 0.9}",experiments/logs/seed49_mlp_mim.log,,,61.754802942276,"0.0,0.1,0.2,0.3,0.4,0.5,0.6,0.7,0.8,0.9","0.0,0.1,0.2,0.3,0.4,0.5,0.6,0.7,0.8,0.9",20260308_023704,experiments/runs/20260308_023704
seed49_lstm_baseline,49,lstm,baseline,completed,2026-03-08 02:37:04,,2026-03-08 03:01:04,"{""mr_results"": [{""missing_rate"": 0.0, ""test_mae"": 0.009}, {""missing_rate"": 0.1, ""test_mae"": 0.0089}, {""missing_rate"": 0.2, ""test_mae"": 0.0089}, {""missing_rate"": 0.3, ""test_mae"": 0.0096}, {""missing_rate"": 0.4, ""test_mae"": 0.0129}, {""missing_rate"": 0.5, ""test_mae"": 0.0207}, {""missing_rate"": 0.6, ""test_mae"": 0.033}, {""missing_rate"": 0.7, ""test_mae"": 0.0487}, {""missing_rate"": 0.8, ""test_mae"": 0.0646}, {""missing_rate"": 0.9, ""test_mae"": 0.0795}], ""test_mae_mean"": 0.029580000000000002, ""test_mae_max"": 0.0795, ""test_mae_min"": 0.0089, ""test_mae"": 0.0795, ""missing_rate"": 0.9}",experiments/logs/seed49_lstm_baseline.log,,,26.936821937561035,"0.0,0.1,0.2,0.3,0.4,0.5,0.6,0.7,0.8,0.9","0.0,0.1,0.2,0.3,0.4,0.5,0.6,0.7,0.8,0.9",20260308_023704,experiments/runs/20260308_023704
seed49_lstm_mim,49,lstm,mim,completed,2026-03-08 02:37:04,,2026-03-08 03:01:52,"{""mr_results"": [{""missing_rate"": 0.0, ""test_mae"": 0.0058}, {""missing_rate"": 0.1, ""test_mae"": 0.0059}, {""missing_rate"": 0.2, ""test_mae"": 0.0061}, {""missing_rate"": 0.3, ""test_mae"": 0.0062}, {""missing_rate"": 0.4, ""test_mae"": 0.0066}, {""missing_rate"": 0.5, ""test_mae"": 0.0072}, {""missing_rate"": 0.6, ""test_mae"": 0.0079}, {""missing_rate"": 0.7, ""test_mae"": 0.0096}, {""missing_rate"": 0.8, ""test_mae"": 0.0131}, {""missing_rate"": 0.9, ""test_mae"": 0.0219}], ""test_mae_mean"": 0.00903, ""test_mae_max"": 0.0219, ""test_mae_min"": 0.0058, ""test_mae"": 0.0219, ""missing_rate"": 0.9}",experiments/logs/seed49_lstm_mim.log,,,74.28203082084656,"0.0,0.1,0.2,0.3,0.4,0.5,0.6,0.7,0.8,0.9","0.0,0.1,0.2,0.3,0.4,0.5,0.6,0.7,0.8,0.9",20260308_023704,experiments/runs/20260308_023704
seed49_gru_baseline,49,gru,baseline,completed,2026-03-08 02:37:04,,2026-03-08 03:02:11,"{""mr_results"": [{""missing_rate"": 0.0, ""test_mae"": 0.0084}, {""missing_rate"": 0.1, ""test_mae"": 0.0091}, {""missing_rate"": 0.2, ""test_mae"": 0.0109}, {""missing_rate"": 0.3, ""test_mae"": 0.0133}, {""missing_rate"": 0.4, ""test_mae"": 0.016}, {""missing_rate"": 0.5, ""test_mae"": 0.0193}, {""missing_rate"": 0.6, ""test_mae"": 0.0229}, {""missing_rate"": 0.7, ""test_mae"": 0.0267}, {""missing_rate"": 0.8, ""test_mae"": 0.0307}, {""missing_rate"": 0.9, ""test_mae"": 0.0343}], ""test_mae_mean"": 0.01916, ""test_mae_max"": 0.0343, ""test_mae_min"": 0.0084, ""test_mae"": 0.0343, ""missing_rate"": 0.9}",experiments/logs/seed49_gru_baseline.log,,,16.68877935409546,"0.0,0.1,0.2,0.3,0.4,0.5,0.6,0.7,0.8,0.9","0.0,0.1,0.2,0.3,0.4,0.5,0.6,0.7,0.8,0.9",20260308_023704,experiments/runs/20260308_023704
seed49_gru_mim,49,gru,mim,completed,2026-03-08 02:37:04,,2026-03-08 03:02:46,"{""mr_results"": [{""missing_rate"": 0.0, ""test_mae"": 0.0076}, {""missing_rate"": 0.1, ""test_mae"": 0.0073}, {""missing_rate"": 0.2, ""test_mae"": 0.0071}, {""missing_rate"": 0.3, ""test_mae"": 0.007}, {""missing_rate"": 0.4, ""test_mae"": 0.0068}, {""missing_rate"": 0.5, ""test_mae"": 0.0069}, {""missing_rate"": 0.6, ""test_mae"": 0.0071}, {""missing_rate"": 0.7, ""test_mae"": 0.0081}, {""missing_rate"": 0.8, ""test_mae"": 0.0109}, {""missing_rate"": 0.9, ""test_mae"": 0.0199}], ""test_mae_mean"": 0.00887, ""test_mae_max"": 0.0199, ""test_mae_min"": 0.0068, ""test_mae"": 0.0199, ""missing_rate"": 0.9}",experiments/logs/seed49_gru_mim.log,,,52.6219847202301,"0.0,0.1,0.2,0.3,0.4,0.5,0.6,0.7,0.8,0.9","0.0,0.1,0.2,0.3,0.4,0.5,0.6,0.7,0.8,0.9",20260308_023704,experiments/runs/20260308_023704
seed49_cnn1d_baseline,49,cnn1d,baseline,completed,2026-03-08 02:37:04,,2026-03-08 03:02:16,"{""mr_results"": [{""missing_rate"": 0.0, ""test_mae"": 0.0353}, {""missing_rate"": 0.1, ""test_mae"": 0.0452}, {""missing_rate"": 0.2, ""test_mae"": 0.0544}, {""missing_rate"": 0.3, ""test_mae"": 0.0592}, {""missing_rate"": 0.4, ""test_mae"": 0.0614}, {""missing_rate"": 0.5, ""test_mae"": 0.0658}, {""missing_rate"": 0.6, ""test_mae"": 0.0702}, {""missing_rate"": 0.7, ""test_mae"": 0.0759}, {""missing_rate"": 0.8, ""test_mae"": 0.0823}, {""missing_rate"": 0.9, ""test_mae"": 0.0965}], ""test_mae_mean"": 0.06462, ""test_mae_max"": 0.0965, ""test_mae_min"": 0.0353, ""test_mae"": 0.0965, ""missing_rate"": 0.9}",experiments/logs/seed49_cnn1d_baseline.log,,,22.517274379730225,"0.0,0.1,0.2,0.3,0.4,0.5,0.6,0.7,0.8,0.9","0.0,0.1,0.2,0.3,0.4,0.5,0.6,0.7,0.8,0.9",20260308_023704,experiments/runs/20260308_023704
seed49_cnn1d_mim,49,cnn1d,mim,completed,2026-03-08 02:37:04,,2026-03-08 03:03:31,"{""mr_results"": [{""missing_rate"": 0.0, ""test_mae"": 0.0116}, {""missing_rate"": 0.1, ""test_mae"": 0.0116}, {""missing_rate"": 0.2, ""test_mae"": 0.0117}, {""missing_rate"": 0.3, ""test_mae"": 0.012}, {""missing_rate"": 0.4, ""test_mae"": 0.0119}, {""missing_rate"": 0.5, ""test_mae"": 0.0124}, {""missing_rate"": 0.6, ""test_mae"": 0.0127}, {""missing_rate"": 0.7, ""test_mae"": 0.0134}, {""missing_rate"": 0.8, ""test_mae"": 0.0161}, {""missing_rate"": 0.9, ""test_mae"": 0.0221}], ""test_mae_mean"": 0.013550000000000001, ""test_mae_max"": 0.0221, ""test_mae_min"": 0.0116, ""test_mae"": 0.0221, ""missing_rate"": 0.9}",experiments/logs/seed49_cnn1d_mim.log,Process exited with code 1,,38.30581259727478,"0.0,0.1,0.2,0.3,0.4,0.5,0.6,0.7,0.8,0.9","0.0,0.1,0.2,0.3,0.4,0.5,0.6,0.7,0.8,0.9",20260308_023704,experiments/runs/20260308_023704
seed50_mlp_baseline,50,mlp,baseline,completed,2026-03-08 02:37:04,,2026-03-08 03:03:54,"{""mr_results"": [{""missing_rate"": 0.0, ""test_mae"": 0.0119}, {""missing_rate"": 0.1, ""test_mae"": 0.0134}, {""missing_rate"": 0.2, ""test_mae"": 0.0151}, {""missing_rate"": 0.3, ""test_mae"": 0.0174}, {""missing_rate"": 0.4, ""test_mae"": 0.02}, {""missing_rate"": 0.5, ""test_mae"": 0.0227}, {""missing_rate"": 0.6, ""test_mae"": 0.0256}, {""missing_rate"": 0.7, ""test_mae"": 0.0288}, {""missing_rate"": 0.8, ""test_mae"": 0.0313}, {""missing_rate"": 0.9, ""test_mae"": 0.0349}], ""test_mae_mean"": 0.02211, ""test_mae_max"": 0.0349, ""test_mae_min"": 0.0119, ""test_mae"": 0.0349, ""missing_rate"": 0.9}",experiments/logs/seed50_mlp_baseline.log,,,21.099320888519287,"0.0,0.1,0.2,0.3,0.4,0.5,0.6,0.7,0.8,0.9","0.0,0.1,0.2,0.3,0.4,0.5,0.6,0.7,0.8,0.9",20260308_023704,experiments/runs/20260308_023704
seed50_mlp_mim,50,mlp,mim,completed,2026-03-08 02:37:04,,2026-03-08 03:04:26,"{""mr_results"": [{""missing_rate"": 0.0, ""test_mae"": 0.0063}, {""missing_rate"": 0.1, ""test_mae"": 0.0066}, {""missing_rate"": 0.2, ""test_mae"": 0.0069}, {""missing_rate"": 0.3, ""test_mae"": 0.0072}, {""missing_rate"": 0.4, ""test_mae"": 0.0077}, {""missing_rate"": 0.5, ""test_mae"": 0.0087}, {""missing_rate"": 0.6, ""test_mae"": 0.01}, {""missing_rate"": 0.7, ""test_mae"": 0.0116}, {""missing_rate"": 0.8, ""test_mae"": 0.0139}, {""missing_rate"": 0.9, ""test_mae"": 0.0231}], ""test_mae_mean"": 0.010199999999999999, ""test_mae_max"": 0.0231, ""test_mae_min"": 0.0063, ""test_mae"": 0.0231, ""missing_rate"": 0.9}",experiments/logs/seed50_mlp_mim.log,,,52.99421167373657,"0.0,0.1,0.2,0.3,0.4,0.5,0.6,0.7,0.8,0.9","0.0,0.1,0.2,0.3,0.4,0.5,0.6,0.7,0.8,0.9",20260308_023704,experiments/runs/20260308_023704
seed50_lstm_baseline,50,lstm,baseline,completed,2026-03-08 02:37:04,,2026-03-08 03:03:55,"{""mr_results"": [{""missing_rate"": 0.0, ""test_mae"": 0.0067}, {""missing_rate"": 0.1, ""test_mae"": 0.0073}, {""missing_rate"": 0.2, ""test_mae"": 0.0081}, {""missing_rate"": 0.3, ""test_mae"": 0.0093}, {""missing_rate"": 0.4, ""test_mae"": 0.0112}, {""missing_rate"": 0.5, ""test_mae"": 0.0142}, {""missing_rate"": 0.6, ""test_mae"": 0.0183}, {""missing_rate"": 0.7, ""test_mae"": 0.0235}, {""missing_rate"": 0.8, ""test_mae"": 0.0293}, {""missing_rate"": 0.9, ""test_mae"": 0.0382}], ""test_mae_mean"": 0.01661, ""test_mae_max"": 0.0382, ""test_mae_min"": 0.0067, ""test_mae"": 0.0382, ""missing_rate"": 0.9}",experiments/logs/seed50_lstm_baseline.log,,,22.466097593307495,"0.0,0.1,0.2,0.3,0.4,0.5,0.6,0.7,0.8,0.9","0.0,0.1,0.2,0.3,0.4,0.5,0.6,0.7,0.8,0.9",20260308_023704,experiments/runs/20260308_023704
seed50_lstm_mim,50,lstm,mim,completed,2026-03-08 02:37:04,,2026-03-08 03:04:43,"{""mr_results"": [{""missing_rate"": 0.0, ""test_mae"": 0.0056}, {""missing_rate"": 0.1, ""test_mae"": 0.0055}, {""missing_rate"": 0.2, ""test_mae"": 0.0055}, {""missing_rate"": 0.3, ""test_mae"": 0.0057}, {""missing_rate"": 0.4, ""test_mae"": 0.0061}, {""missing_rate"": 0.5, ""test_mae"": 0.0069}, {""missing_rate"": 0.6, ""test_mae"": 0.0077}, {""missing_rate"": 0.7, ""test_mae"": 0.0092}, {""missing_rate"": 0.8, ""test_mae"": 0.013}, {""missing_rate"": 0.9, ""test_mae"": 0.0229}], ""test_mae_mean"": 0.00881, ""test_mae_max"": 0.0229, ""test_mae_min"": 0.0055, ""test_mae"": 0.0229, ""missing_rate"": 0.9}",experiments/logs/seed50_lstm_mim.log,,,70.61471438407898,"0.0,0.1,0.2,0.3,0.4,0.5,0.6,0.7,0.8,0.9","0.0,0.1,0.2,0.3,0.4,0.5,0.6,0.7,0.8,0.9",20260308_023704,experiments/runs/20260308_023704
seed50_gru_baseline,50,gru,baseline,completed,2026-03-08 02:37:04,,2026-03-08 03:05:02,"{""mr_results"": [{""missing_rate"": 0.0, ""test_mae"": 0.0082}, {""missing_rate"": 0.1, ""test_mae"": 0.0099}, {""missing_rate"": 0.2, ""test_mae"": 0.0119}, {""missing_rate"": 0.3, ""test_mae"": 0.0139}, {""missing_rate"": 0.4, ""test_mae"": 0.0166}, {""missing_rate"": 0.5, ""test_mae"": 0.0192}, {""missing_rate"": 0.6, ""test_mae"": 0.0225}, {""missing_rate"": 0.7, ""test_mae"": 0.026}, {""missing_rate"": 0.8, ""test_mae"": 0.0296}, {""missing_rate"": 0.9, ""test_mae"": 0.0328}], ""test_mae_mean"": 0.01906, ""test_mae_max"": 0.0328, ""test_mae_min"": 0.0082, ""test_mae"": 0.0328, ""missing_rate"": 0.9}",experiments/logs/seed50_gru_baseline.log,,,16.751997470855713,"0.0,0.1,0.2,0.3,0.4,0.5,0.6,0.7,0.8,0.9","0.0,0.1,0.2,0.3,0.4,0.5,0.6,0.7,0.8,0.9",20260308_023704,experiments/runs/20260308_023704
seed50_gru_mim,50,gru,mim,completed,2026-03-08 02:37:04,,2026-03-08 03:05:42,"{""mr_results"": [{""missing_rate"": 0.0, ""test_mae"": 0.0093}, {""missing_rate"": 0.1, ""test_mae"": 0.0089}, {""missing_rate"": 0.2, ""test_mae"": 0.0086}, {""missing_rate"": 0.3, ""test_mae"": 0.0084}, {""missing_rate"": 0.4, ""test_mae"": 0.0082}, {""missing_rate"": 0.5, ""test_mae"": 0.0083}, {""missing_rate"": 0.6, ""test_mae"": 0.0084}, {""missing_rate"": 0.7, ""test_mae"": 0.0093}, {""missing_rate"": 0.8, ""test_mae"": 0.0123}, {""missing_rate"": 0.9, ""test_mae"": 0.0218}], ""test_mae_mean"": 0.01035, ""test_mae_max"": 0.0218, ""test_mae_min"": 0.0082, ""test_mae"": 0.0218, ""missing_rate"": 0.9}",experiments/logs/seed50_gru_mim.log,,,56.489651918411255,"0.0,0.1,0.2,0.3,0.4,0.5,0.6,0.7,0.8,0.9","0.0,0.1,0.2,0.3,0.4,0.5,0.6,0.7,0.8,0.9",20260308_023704,experiments/runs/20260308_023704
seed50_cnn1d_baseline,50,cnn1d,baseline,completed,2026-03-08 02:37:04,,2026-03-08 03:05:10,"{""mr_results"": [{""missing_rate"": 0.0, ""test_mae"": 0.0161}, {""missing_rate"": 0.1, ""test_mae"": 0.031}, {""missing_rate"": 0.2, ""test_mae"": 0.0409}, {""missing_rate"": 0.3, ""test_mae"": 0.047}, {""missing_rate"": 0.4, ""test_mae"": 0.0517}, {""missing_rate"": 0.5, ""test_mae"": 0.0567}, {""missing_rate"": 0.6, ""test_mae"": 0.0612}, {""missing_rate"": 0.7, ""test_mae"": 0.0659}, {""missing_rate"": 0.8, ""test_mae"": 0.0694}, {""missing_rate"": 0.9, ""test_mae"": 0.0777}], ""test_mae_mean"": 0.05176000000000001, ""test_mae_max"": 0.0777, ""test_mae_min"": 0.0161, ""test_mae"": 0.0777, ""missing_rate"": 0.9}",experiments/logs/seed50_cnn1d_baseline.log,,,24.104435443878174,"0.0,0.1,0.2,0.3,0.4,0.5,0.6,0.7,0.8,0.9","0.0,0.1,0.2,0.3,0.4,0.5,0.6,0.7,0.8,0.9",20260308_023704,experiments/runs/20260308_023704
seed50_cnn1d_mim,50,cnn1d,mim,completed,2026-03-08 02:37:04,,2026-03-08 03:05:44,"{""mr_results"": [{""missing_rate"": 0.0, ""test_mae"": 0.0075}, {""missing_rate"": 0.1, ""test_mae"": 0.0075}, {""missing_rate"": 0.2, ""test_mae"": 0.0074}, {""missing_rate"": 0.3, ""test_mae"": 0.0076}, {""missing_rate"": 0.4, ""test_mae"": 0.008}, {""missing_rate"": 0.5, ""test_mae"": 0.0084}, {""missing_rate"": 0.6, ""test_mae"": 0.0093}, {""missing_rate"": 0.7, ""test_mae"": 0.0103}, {""missing_rate"": 0.8, ""test_mae"": 0.0131}, {""missing_rate"": 0.9, ""test_mae"": 0.0199}], ""test_mae_mean"": 0.0099, ""test_mae_max"": 0.0199, ""test_mae_min"": 0.0074, ""test_mae"": 0.0199, ""missing_rate"": 0.9}",experiments/logs/seed50_cnn1d_mim.log,,,58.679301500320435,"0.0,0.1,0.2,0.3,0.4,0.5,0.6,0.7,0.8,0.9","0.0,0.1,0.2,0.3,0.4,0.5,0.6,0.7,0.8,0.9",20260308_023704,experiments/runs/20260308_023704
seed51_mlp_baseline,51,mlp,baseline,completed,2026-03-08 02:37:04,,2026-03-08 03:06:05,"{""mr_results"": [{""missing_rate"": 0.0, ""test_mae"": 0.0199}, {""missing_rate"": 0.1, ""test_mae"": 0.0212}, {""missing_rate"": 0.2, ""test_mae"": 0.0225}, {""missing_rate"": 0.3, ""test_mae"": 0.0241}, {""missing_rate"": 0.4, ""test_mae"": 0.0264}, {""missing_rate"": 0.5, ""test_mae"": 0.0285}, {""missing_rate"": 0.6, ""test_mae"": 0.031}, {""missing_rate"": 0.7, ""test_mae"": 0.0333}, {""missing_rate"": 0.8, ""test_mae"": 0.035}, {""missing_rate"": 0.9, ""test_mae"": 0.0374}], ""test_mae_mean"": 0.02793, ""test_mae_max"": 0.0374, ""test_mae_min"": 0.0199, ""test_mae"": 0.0374, ""missing_rate"": 0.9}",experiments/logs/seed51_mlp_baseline.log,,,18.380488395690918,"0.0,0.1,0.2,0.3,0.4,0.5,0.6,0.7,0.8,0.9","0.0,0.1,0.2,0.3,0.4,0.5,0.6,0.7,0.8,0.9",20260308_023704,experiments/runs/20260308_023704
seed51_mlp_mim,51,mlp,mim,completed,2026-03-08 02:37:04,,2026-03-08 03:06:44,"{""mr_results"": [{""missing_rate"": 0.0, ""test_mae"": 0.006}, {""missing_rate"": 0.1, ""test_mae"": 0.0064}, {""missing_rate"": 0.2, ""test_mae"": 0.0068}, {""missing_rate"": 0.3, ""test_mae"": 0.007}, {""missing_rate"": 0.4, ""test_mae"": 0.0076}, {""missing_rate"": 0.5, ""test_mae"": 0.0084}, {""missing_rate"": 0.6, ""test_mae"": 0.0097}, {""missing_rate"": 0.7, ""test_mae"": 0.0114}, {""missing_rate"": 0.8, ""test_mae"": 0.0139}, {""missing_rate"": 0.9, ""test_mae"": 0.0229}], ""test_mae_mean"": 0.01001, ""test_mae_max"": 0.0229, ""test_mae_min"": 0.006, ""test_mae"": 0.0229, ""missing_rate"": 0.9}",experiments/logs/seed51_mlp_mim.log,,,58.067758560180664,"0.0,0.1,0.2,0.3,0.4,0.5,0.6,0.7,0.8,0.9","0.0,0.1,0.2,0.3,0.4,0.5,0.6,0.7,0.8,0.9",20260308_023704,experiments/runs/20260308_023704
seed51_lstm_baseline,51,lstm,baseline,completed,2026-03-08 02:37:04,,2026-03-08 03:06:10,"{""mr_results"": [{""missing_rate"": 0.0, ""test_mae"": 0.006}, {""missing_rate"": 0.1, ""test_mae"": 0.0067}, {""missing_rate"": 0.2, ""test_mae"": 0.0077}, {""missing_rate"": 0.3, ""test_mae"": 0.0091}, {""missing_rate"": 0.4, ""test_mae"": 0.0121}, {""missing_rate"": 0.5, ""test_mae"": 0.0174}, {""missing_rate"": 0.6, ""test_mae"": 0.0255}, {""missing_rate"": 0.7, ""test_mae"": 0.0339}, {""missing_rate"": 0.8, ""test_mae"": 0.0447}, {""missing_rate"": 0.9, ""test_mae"": 0.0557}], ""test_mae_mean"": 0.02188, ""test_mae_max"": 0.0557, ""test_mae_min"": 0.006, ""test_mae"": 0.0557, ""missing_rate"": 0.9}",experiments/logs/seed51_lstm_baseline.log,,,23.437841176986694,"0.0,0.1,0.2,0.3,0.4,0.5,0.6,0.7,0.8,0.9","0.0,0.1,0.2,0.3,0.4,0.5,0.6,0.7,0.8,0.9",20260308_023704,experiments/runs/20260308_023704
seed51_lstm_mim,51,lstm,mim,completed,2026-03-08 02:37:04,,2026-03-08 03:06:29,"{""mr_results"": [{""missing_rate"": 0.0, ""test_mae"": 0.0094}, {""missing_rate"": 0.1, ""test_mae"": 0.0094}, {""missing_rate"": 0.2, ""test_mae"": 0.0094}, {""missing_rate"": 0.3, ""test_mae"": 0.0093}, {""missing_rate"": 0.4, ""test_mae"": 0.0094}, {""missing_rate"": 0.5, ""test_mae"": 0.0096}, {""missing_rate"": 0.6, ""test_mae"": 0.0098}, {""missing_rate"": 0.7, ""test_mae"": 0.0111}, {""missing_rate"": 0.8, ""test_mae"": 0.014}, {""missing_rate"": 0.9, ""test_mae"": 0.0226}], ""test_mae_mean"": 0.0114, ""test_mae_max"": 0.0226, ""test_mae_min"": 0.0093, ""test_mae"": 0.0226, ""missing_rate"": 0.9}",experiments/logs/seed51_lstm_mim.log,,,42.8436222076416,"0.0,0.1,0.2,0.3,0.4,0.5,0.6,0.7,0.8,0.9","0.0,0.1,0.2,0.3,0.4,0.5,0.6,0.7,0.8,0.9",20260308_023704,experiments/runs/20260308_023704
seed51_gru_baseline,51,gru,baseline,completed,2026-03-08 02:37:04,,2026-03-08 03:07:02,"{""mr_results"": [{""missing_rate"": 0.0, ""test_mae"": 0.0085}, {""missing_rate"": 0.1, ""test_mae"": 0.0101}, {""missing_rate"": 0.2, ""test_mae"": 0.0116}, {""missing_rate"": 0.3, ""test_mae"": 0.0137}, {""missing_rate"": 0.4, ""test_mae"": 0.0163}, {""missing_rate"": 0.5, ""test_mae"": 0.0195}, {""missing_rate"": 0.6, ""test_mae"": 0.0231}, {""missing_rate"": 0.7, ""test_mae"": 0.0261}, {""missing_rate"": 0.8, ""test_mae"": 0.0301}, {""missing_rate"": 0.9, ""test_mae"": 0.0343}], ""test_mae_mean"": 0.01933, ""test_mae_max"": 0.0343, ""test_mae_min"": 0.0085, ""test_mae"": 0.0343, ""missing_rate"": 0.9}",experiments/logs/seed51_gru_baseline.log,,,15.564308166503906,"0.0,0.1,0.2,0.3,0.4,0.5,0.6,0.7,0.8,0.9","0.0,0.1,0.2,0.3,0.4,0.5,0.6,0.7,0.8,0.9",20260308_023704,experiments/runs/20260308_023704
seed51_gru_mim,51,gru,mim,completed,2026-03-08 02:37:04,,2026-03-08 03:07:20,"{""mr_results"": [{""missing_rate"": 0.0, ""test_mae"": 0.0097}, {""missing_rate"": 0.1, ""test_mae"": 0.0098}, {""missing_rate"": 0.2, ""test_mae"": 0.0098}, {""missing_rate"": 0.3, ""test_mae"": 0.0098}, {""missing_rate"": 0.4, ""test_mae"": 0.0099}, {""missing_rate"": 0.5, ""test_mae"": 0.0098}, {""missing_rate"": 0.6, ""test_mae"": 0.0104}, {""missing_rate"": 0.7, ""test_mae"": 0.012}, {""missing_rate"": 0.8, ""test_mae"": 0.0158}, {""missing_rate"": 0.9, ""test_mae"": 0.0247}], ""test_mae_mean"": 0.01217, ""test_mae_max"": 0.0247, ""test_mae_min"": 0.0097, ""test_mae"": 0.0247, ""missing_rate"": 0.9}",experiments/logs/seed51_gru_mim.log,,,34.16025376319885,"0.0,0.1,0.2,0.3,0.4,0.5,0.6,0.7,0.8,0.9","0.0,0.1,0.2,0.3,0.4,0.5,0.6,0.7,0.8,0.9",20260308_023704,experiments/runs/20260308_023704
seed51_cnn1d_baseline,51,cnn1d,baseline,completed,2026-03-08 02:37:04,,2026-03-08 03:07:10,"{""mr_results"": [{""missing_rate"": 0.0, ""test_mae"": 0.0412}, {""missing_rate"": 0.1, ""test_mae"": 0.053}, {""missing_rate"": 0.2, ""test_mae"": 0.0628}, {""missing_rate"": 0.3, ""test_mae"": 0.0682}, {""missing_rate"": 0.4, ""test_mae"": 0.0709}, {""missing_rate"": 0.5, ""test_mae"": 0.0765}, {""missing_rate"": 0.6, ""test_mae"": 0.0801}, {""missing_rate"": 0.7, ""test_mae"": 0.0857}, {""missing_rate"": 0.8, ""test_mae"": 0.0907}, {""missing_rate"": 0.9, ""test_mae"": 0.1064}], ""test_mae_mean"": 0.07355, ""test_mae_max"": 0.1064, ""test_mae_min"": 0.0412, ""test_mae"": 0.1064, ""missing_rate"": 0.9}",experiments/logs/seed51_cnn1d_baseline.log,,,23.81558108329773,"0.0,0.1,0.2,0.3,0.4,0.5,0.6,0.7,0.8,0.9","0.0,0.1,0.2,0.3,0.4,0.5,0.6,0.7,0.8,0.9",20260308_023704,experiments/runs/20260308_023704
seed51_cnn1d_mim,51,cnn1d,mim,completed,2026-03-08 02:37:04,,2026-03-08 03:07:59,"{""mr_results"": [{""missing_rate"": 0.0, ""test_mae"": 0.0057}, {""missing_rate"": 0.1, ""test_mae"": 0.0058}, {""missing_rate"": 0.2, ""test_mae"": 0.006}, {""missing_rate"": 0.3, ""test_mae"": 0.0065}, {""missing_rate"": 0.4, ""test_mae"": 0.0071}, {""missing_rate"": 0.5, ""test_mae"": 0.0078}, {""missing_rate"": 0.6, ""test_mae"": 0.0088}, {""missing_rate"": 0.7, ""test_mae"": 0.0104}, {""missing_rate"": 0.8, ""test_mae"": 0.0137}, {""missing_rate"": 0.9, ""test_mae"": 0.0222}], ""test_mae_mean"": 0.0094, ""test_mae_max"": 0.0222, ""test_mae_min"": 0.0057, ""test_mae"": 0.0222, ""missing_rate"": 0.9}",experiments/logs/seed51_cnn1d_mim.log,,,72.2316906452179,"0.0,0.1,0.2,0.3,0.4,0.5,0.6,0.7,0.8,0.9","0.0,0.1,0.2,0.3,0.4,0.5,0.6,0.7,0.8,0.9",20260308_023704,experiments/runs/20260308_023704
seed52_mlp_baseline,52,mlp,baseline,completed,2026-03-08 02:37:04,,2026-03-08 03:08:25,"{""mr_results"": [{""missing_rate"": 0.0, ""test_mae"": 0.0204}, {""missing_rate"": 0.1, ""test_mae"": 0.0213}, {""missing_rate"": 0.2, ""test_mae"": 0.0223}, {""missing_rate"": 0.3, ""test_mae"": 0.0242}, {""missing_rate"": 0.4, ""test_mae"": 0.0261}, {""missing_rate"": 0.5, ""test_mae"": 0.0275}, {""missing_rate"": 0.6, ""test_mae"": 0.0298}, {""missing_rate"": 0.7, ""test_mae"": 0.0317}, {""missing_rate"": 0.8, ""test_mae"": 0.0336}, {""missing_rate"": 0.9, ""test_mae"": 0.0373}], ""test_mae_mean"": 0.02742, ""test_mae_max"": 0.0373, ""test_mae_min"": 0.0204, ""test_mae"": 0.0373, ""missing_rate"": 0.9}",experiments/logs/seed52_mlp_baseline.log,,,25.025087118148804,"0.0,0.1,0.2,0.3,0.4,0.5,0.6,0.7,0.8,0.9","0.0,0.1,0.2,0.3,0.4,0.5,0.6,0.7,0.8,0.9",20260308_023704,experiments/runs/20260308_023704
seed52_mlp_mim,52,mlp,mim,completed,2026-03-08 02:37:04,,2026-03-08 03:09:01,"{""mr_results"": [{""missing_rate"": 0.0, ""test_mae"": 0.006}, {""missing_rate"": 0.1, ""test_mae"": 0.0063}, {""missing_rate"": 0.2, ""test_mae"": 0.0065}, {""missing_rate"": 0.3, ""test_mae"": 0.0066}, {""missing_rate"": 0.4, ""test_mae"": 0.0071}, {""missing_rate"": 0.5, ""test_mae"": 0.0077}, {""missing_rate"": 0.6, ""test_mae"": 0.0087}, {""missing_rate"": 0.7, ""test_mae"": 0.0107}, {""missing_rate"": 0.8, ""test_mae"": 0.0131}, {""missing_rate"": 0.9, ""test_mae"": 0.0219}], ""test_mae_mean"": 0.00946, ""test_mae_max"": 0.0219, ""test_mae_min"": 0.006, ""test_mae"": 0.0219, ""missing_rate"": 0.9}",experiments/logs/seed52_mlp_mim.log,,,61.474239110946655,"0.0,0.1,0.2,0.3,0.4,0.5,0.6,0.7,0.8,0.9","0.0,0.1,0.2,0.3,0.4,0.5,0.6,0.7,0.8,0.9",20260308_023704,experiments/runs/20260308_023704
seed52_lstm_baseline,52,lstm,baseline,completed,2026-03-08 02:37:04,,2026-03-08 03:08:27,"{""mr_results"": [{""missing_rate"": 0.0, ""test_mae"": 0.0073}, {""missing_rate"": 0.1, ""test_mae"": 0.0081}, {""missing_rate"": 0.2, ""test_mae"": 0.0091}, {""missing_rate"": 0.3, ""test_mae"": 0.01}, {""missing_rate"": 0.4, ""test_mae"": 0.0117}, {""missing_rate"": 0.5, ""test_mae"": 0.0146}, {""missing_rate"": 0.6, ""test_mae"": 0.0192}, {""missing_rate"": 0.7, ""test_mae"": 0.0247}, {""missing_rate"": 0.8, ""test_mae"": 0.0329}, {""missing_rate"": 0.9, ""test_mae"": 0.0422}], ""test_mae_mean"": 0.01798, ""test_mae_max"": 0.0422, ""test_mae_min"": 0.0073, ""test_mae"": 0.0422, ""missing_rate"": 0.9}",experiments/logs/seed52_lstm_baseline.log,,,27.419974088668823,"0.0,0.1,0.2,0.3,0.4,0.5,0.6,0.7,0.8,0.9","0.0,0.1,0.2,0.3,0.4,0.5,0.6,0.7,0.8,0.9",20260308_023704,experiments/runs/20260308_023704
seed52_lstm_mim,52,lstm,mim,completed,2026-03-08 02:37:04,,2026-03-08 03:09:14,"{""mr_results"": [{""missing_rate"": 0.0, ""test_mae"": 0.0055}, {""missing_rate"": 0.1, ""test_mae"": 0.0056}, {""missing_rate"": 0.2, ""test_mae"": 0.006}, {""missing_rate"": 0.3, ""test_mae"": 0.0061}, {""missing_rate"": 0.4, ""test_mae"": 0.0065}, {""missing_rate"": 0.5, ""test_mae"": 0.0071}, {""missing_rate"": 0.6, ""test_mae"": 0.0078}, {""missing_rate"": 0.7, ""test_mae"": 0.0094}, {""missing_rate"": 0.8, ""test_mae"": 0.013}, {""missing_rate"": 0.9, ""test_mae"": 0.0224}], ""test_mae_mean"": 0.00894, ""test_mae_max"": 0.0224, ""test_mae_min"": 0.0055, ""test_mae"": 0.0224, ""missing_rate"": 0.9}",experiments/logs/seed52_lstm_mim.log,,,73.796959400177,"0.0,0.1,0.2,0.3,0.4,0.5,0.6,0.7,0.8,0.9","0.0,0.1,0.2,0.3,0.4,0.5,0.6,0.7,0.8,0.9",20260308_023704,experiments/runs/20260308_023704
seed52_gru_baseline,52,gru,baseline,completed,2026-03-08 02:37:04,,2026-03-08 03:09:35,"{""mr_results"": [{""missing_rate"": 0.0, ""test_mae"": 0.0063}, {""missing_rate"": 0.1, ""test_mae"": 0.0083}, {""missing_rate"": 0.2, ""test_mae"": 0.0101}, {""missing_rate"": 0.3, ""test_mae"": 0.0125}, {""missing_rate"": 0.4, ""test_mae"": 0.0153}, {""missing_rate"": 0.5, ""test_mae"": 0.0183}, {""missing_rate"": 0.6, ""test_mae"": 0.022}, {""missing_rate"": 0.7, ""test_mae"": 0.0257}, {""missing_rate"": 0.8, ""test_mae"": 0.0298}, {""missing_rate"": 0.9, ""test_mae"": 0.0341}], ""test_mae_mean"": 0.01824, ""test_mae_max"": 0.0341, ""test_mae_min"": 0.0063, ""test_mae"": 0.0341, ""missing_rate"": 0.9}",experiments/logs/seed52_gru_baseline.log,,,19.247011184692383,"0.0,0.1,0.2,0.3,0.4,0.5,0.6,0.7,0.8,0.9","0.0,0.1,0.2,0.3,0.4,0.5,0.6,0.7,0.8,0.9",20260308_023704,experiments/runs/20260308_023704
seed52_gru_mim,52,gru,mim,completed,2026-03-08 02:37:04,,2026-03-08 03:09:57,"{""mr_results"": [{""missing_rate"": 0.0, ""test_mae"": 0.007}, {""missing_rate"": 0.1, ""test_mae"": 0.0074}, {""missing_rate"": 0.2, ""test_mae"": 0.0078}, {""missing_rate"": 0.3, ""test_mae"": 0.0082}, {""missing_rate"": 0.4, ""test_mae"": 0.0086}, {""missing_rate"": 0.5, ""test_mae"": 0.0091}, {""missing_rate"": 0.6, ""test_mae"": 0.01}, {""missing_rate"": 0.7, ""test_mae"": 0.0122}, {""missing_rate"": 0.8, ""test_mae"": 0.0174}, {""missing_rate"": 0.9, ""test_mae"": 0.0271}], ""test_mae_mean"": 0.01148, ""test_mae_max"": 0.0271, ""test_mae_min"": 0.007, ""test_mae"": 0.0271, ""missing_rate"": 0.9}",experiments/logs/seed52_gru_mim.log,,,41.18602752685547,"0.0,0.1,0.2,0.3,0.4,0.5,0.6,0.7,0.8,0.9","0.0,0.1,0.2,0.3,0.4,0.5,0.6,0.7,0.8,0.9",20260308_023704,experiments/runs/20260308_023704
seed52_cnn1d_baseline,52,cnn1d,baseline,completed,2026-03-08 02:37:04,,2026-03-08 03:09:40,"{""mr_results"": [{""missing_rate"": 0.0, ""test_mae"": 0.0208}, {""missing_rate"": 0.1, ""test_mae"": 0.0334}, {""missing_rate"": 0.2, ""test_mae"": 0.0435}, {""missing_rate"": 0.3, ""test_mae"": 0.0488}, {""missing_rate"": 0.4, ""test_mae"": 0.0545}, {""missing_rate"": 0.5, ""test_mae"": 0.0611}, {""missing_rate"": 0.6, ""test_mae"": 0.0689}, {""missing_rate"": 0.7, ""test_mae"": 0.0769}, {""missing_rate"": 0.8, ""test_mae"": 0.0832}, {""missing_rate"": 0.9, ""test_mae"": 0.0956}], ""test_mae_mean"": 0.05867, ""test_mae_max"": 0.0956, ""test_mae_min"": 0.0208, ""test_mae"": 0.0956, ""missing_rate"": 0.9}",experiments/logs/seed52_cnn1d_baseline.log,,,24.160595893859863,"0.0,0.1,0.2,0.3,0.4,0.5,0.6,0.7,0.8,0.9","0.0,0.1,0.2,0.3,0.4,0.5,0.6,0.7,0.8,0.9",20260308_023704,experiments/runs/20260308_023704
seed52_cnn1d_mim,52,cnn1d,mim,completed,2026-03-08 02:37:04,,2026-03-08 03:10:28,"{""mr_results"": [{""missing_rate"": 0.0, ""test_mae"": 0.0058}, {""missing_rate"": 0.1, ""test_mae"": 0.0061}, {""missing_rate"": 0.2, ""test_mae"": 0.0064}, {""missing_rate"": 0.3, ""test_mae"": 0.0068}, {""missing_rate"": 0.4, ""test_mae"": 0.0073}, {""missing_rate"": 0.5, ""test_mae"": 0.0079}, {""missing_rate"": 0.6, ""test_mae"": 0.0087}, {""missing_rate"": 0.7, ""test_mae"": 0.0102}, {""missing_rate"": 0.8, ""test_mae"": 0.0133}, {""missing_rate"": 0.9, ""test_mae"": 0.0214}], ""test_mae_mean"": 0.009389999999999999, ""test_mae_max"": 0.0214, ""test_mae_min"": 0.0058, ""test_mae"": 0.0214, ""missing_rate"": 0.9}",experiments/logs/seed52_cnn1d_mim.log,,,72.72129845619202,"0.0,0.1,0.2,0.3,0.4,0.5,0.6,0.7,0.8,0.9","0.0,0.1,0.2,0.3,0.4,0.5,0.6,0.7,0.8,0.9",20260308_023704,experiments/runs/20260308_023704
seed53_mlp_baseline,53,mlp,baseline,completed,2026-03-08 02:37:04,,2026-03-08 03:10:47,"{""mr_results"": [{""missing_rate"": 0.0, ""test_mae"": 0.018}, {""missing_rate"": 0.1, ""test_mae"": 0.02}, {""missing_rate"": 0.2, ""test_mae"": 0.0221}, {""missing_rate"": 0.3, ""test_mae"": 0.0245}, {""missing_rate"": 0.4, ""test_mae"": 0.0273}, {""missing_rate"": 0.5, ""test_mae"": 0.0305}, {""missing_rate"": 0.6, ""test_mae"": 0.0338}, {""missing_rate"": 0.7, ""test_mae"": 0.0364}, {""missing_rate"": 0.8, ""test_mae"": 0.038}, {""missing_rate"": 0.9, ""test_mae"": 0.0395}], ""test_mae_mean"": 0.02901, ""test_mae_max"": 0.0395, ""test_mae_min"": 0.018, ""test_mae"": 0.0395, ""missing_rate"": 0.9}",experiments/logs/seed53_mlp_baseline.log,,,16.2361958026886,"0.0,0.1,0.2,0.3,0.4,0.5,0.6,0.7,0.8,0.9","0.0,0.1,0.2,0.3,0.4,0.5,0.6,0.7,0.8,0.9",20260308_023704,experiments/runs/20260308_023704
seed53_mlp_mim,53,mlp,mim,completed,2026-03-08 02:37:04,,2026-03-08 03:11:27,"{""mr_results"": [{""missing_rate"": 0.0, ""test_mae"": 0.0054}, {""missing_rate"": 0.1, ""test_mae"": 0.0057}, {""missing_rate"": 0.2, ""test_mae"": 0.0061}, {""missing_rate"": 0.3, ""test_mae"": 0.0063}, {""missing_rate"": 0.4, ""test_mae"": 0.0068}, {""missing_rate"": 0.5, ""test_mae"": 0.0076}, {""missing_rate"": 0.6, ""test_mae"": 0.0085}, {""missing_rate"": 0.7, ""test_mae"": 0.0105}, {""missing_rate"": 0.8, ""test_mae"": 0.0132}, {""missing_rate"": 0.9, ""test_mae"": 0.022}], ""test_mae_mean"": 0.00921, ""test_mae_max"": 0.022, ""test_mae_min"": 0.0054, ""test_mae"": 0.022, ""missing_rate"": 0.9}",experiments/logs/seed53_mlp_mim.log,,,56.657466411590576,"0.0,0.1,0.2,0.3,0.4,0.5,0.6,0.7,0.8,0.9","0.0,0.1,0.2,0.3,0.4,0.5,0.6,0.7,0.8,0.9",20260308_023704,experiments/runs/20260308_023704
seed53_lstm_baseline,53,lstm,baseline,completed,2026-03-08 02:37:04,,2026-03-08 03:10:54,"{""mr_results"": [{""missing_rate"": 0.0, ""test_mae"": 0.0069}, {""missing_rate"": 0.1, ""test_mae"": 0.0084}, {""missing_rate"": 0.2, ""test_mae"": 0.0101}, {""missing_rate"": 0.3, ""test_mae"": 0.0116}, {""missing_rate"": 0.4, ""test_mae"": 0.0136}, {""missing_rate"": 0.5, ""test_mae"": 0.0157}, {""missing_rate"": 0.6, ""test_mae"": 0.0196}, {""missing_rate"": 0.7, ""test_mae"": 0.026}, {""missing_rate"": 0.8, ""test_mae"": 0.034}, {""missing_rate"": 0.9, ""test_mae"": 0.0444}], ""test_mae_mean"": 0.01903, ""test_mae_max"": 0.0444, ""test_mae_min"": 0.0069, ""test_mae"": 0.0444, ""missing_rate"": 0.9}",experiments/logs/seed53_lstm_baseline.log,,,24.079508543014526,"0.0,0.1,0.2,0.3,0.4,0.5,0.6,0.7,0.8,0.9","0.0,0.1,0.2,0.3,0.4,0.5,0.6,0.7,0.8,0.9",20260308_023704,experiments/runs/20260308_023704
seed53_lstm_mim,53,lstm,mim,completed,2026-03-08 02:37:04,,2026-03-08 03:11:42,"{""mr_results"": [{""missing_rate"": 0.0, ""test_mae"": 0.0061}, {""missing_rate"": 0.1, ""test_mae"": 0.0062}, {""missing_rate"": 0.2, ""test_mae"": 0.0064}, {""missing_rate"": 0.3, ""test_mae"": 0.0066}, {""missing_rate"": 0.4, ""test_mae"": 0.0069}, {""missing_rate"": 0.5, ""test_mae"": 0.0076}, {""missing_rate"": 0.6, ""test_mae"": 0.0082}, {""missing_rate"": 0.7, ""test_mae"": 0.0094}, {""missing_rate"": 0.8, ""test_mae"": 0.0125}, {""missing_rate"": 0.9, ""test_mae"": 0.0205}], ""test_mae_mean"": 0.009040000000000001, ""test_mae_max"": 0.0205, ""test_mae_min"": 0.0061, ""test_mae"": 0.0205, ""missing_rate"": 0.9}",experiments/logs/seed53_lstm_mim.log,,,71.26667642593384,"0.0,0.1,0.2,0.3,0.4,0.5,0.6,0.7,0.8,0.9","0.0,0.1,0.2,0.3,0.4,0.5,0.6,0.7,0.8,0.9",20260308_023704,experiments/runs/20260308_023704
seed53_gru_baseline,53,gru,baseline,completed,2026-03-08 02:37:04,,2026-03-08 03:12:01,"{""mr_results"": [{""missing_rate"": 0.0, ""test_mae"": 0.0056}, {""missing_rate"": 0.1, ""test_mae"": 0.0092}, {""missing_rate"": 0.2, ""test_mae"": 0.0124}, {""missing_rate"": 0.3, ""test_mae"": 0.0157}, {""missing_rate"": 0.4, ""test_mae"": 0.0188}, {""missing_rate"": 0.5, ""test_mae"": 0.0215}, {""missing_rate"": 0.6, ""test_mae"": 0.0252}, {""missing_rate"": 0.7, ""test_mae"": 0.0279}, {""missing_rate"": 0.8, ""test_mae"": 0.0314}, {""missing_rate"": 0.9, ""test_mae"": 0.0355}], ""test_mae_mean"": 0.020319999999999998, ""test_mae_max"": 0.0355, ""test_mae_min"": 0.0056, ""test_mae"": 0.0355, ""missing_rate"": 0.9}",experiments/logs/seed53_gru_baseline.log,,,17.327693700790405,"0.0,0.1,0.2,0.3,0.4,0.5,0.6,0.7,0.8,0.9","0.0,0.1,0.2,0.3,0.4,0.5,0.6,0.7,0.8,0.9",20260308_023704,experiments/runs/20260308_023704
seed53_gru_mim,53,gru,mim,completed,2026-03-08 02:37:04,,2026-03-08 03:12:17,"{""mr_results"": [{""missing_rate"": 0.0, ""test_mae"": 0.0074}, {""missing_rate"": 0.1, ""test_mae"": 0.0076}, {""missing_rate"": 0.2, ""test_mae"": 0.0081}, {""missing_rate"": 0.3, ""test_mae"": 0.0083}, {""missing_rate"": 0.4, ""test_mae"": 0.0088}, {""missing_rate"": 0.5, ""test_mae"": 0.0095}, {""missing_rate"": 0.6, ""test_mae"": 0.0104}, {""missing_rate"": 0.7, ""test_mae"": 0.0121}, {""missing_rate"": 0.8, ""test_mae"": 0.0167}, {""missing_rate"": 0.9, ""test_mae"": 0.0245}], ""test_mae_mean"": 0.01134, ""test_mae_max"": 0.0245, ""test_mae_min"": 0.0074, ""test_mae"": 0.0245, ""missing_rate"": 0.9}",experiments/logs/seed53_gru_mim.log,,,33.35241913795471,"0.0,0.1,0.2,0.3,0.4,0.5,0.6,0.7,0.8,0.9","0.0,0.1,0.2,0.3,0.4,0.5,0.6,0.7,0.8,0.9",20260308_023704,experiments/runs/20260308_023704
seed53_cnn1d_baseline,53,cnn1d,baseline,completed,2026-03-08 02:37:04,,2026-03-08 03:12:05,"{""mr_results"": [{""missing_rate"": 0.0, ""test_mae"": 0.0439}, {""missing_rate"": 0.1, ""test_mae"": 0.0636}, {""missing_rate"": 0.2, ""test_mae"": 0.0768}, {""missing_rate"": 0.3, ""test_mae"": 0.0843}, {""missing_rate"": 0.4, ""test_mae"": 0.086}, {""missing_rate"": 0.5, ""test_mae"": 0.0921}, {""missing_rate"": 0.6, ""test_mae"": 0.0968}, {""missing_rate"": 0.7, ""test_mae"": 0.1017}, {""missing_rate"": 0.8, ""test_mae"": 0.1139}, {""missing_rate"": 0.9, ""test_mae"": 0.1329}], ""test_mae_mean"": 0.0892, ""test_mae_max"": 0.1329, ""test_mae_min"": 0.0439, ""test_mae"": 0.1329, ""missing_rate"": 0.9}",experiments/logs/seed53_cnn1d_baseline.log,,,21.133440256118774,"0.0,0.1,0.2,0.3,0.4,0.5,0.6,0.7,0.8,0.9","0.0,0.1,0.2,0.3,0.4,0.5,0.6,0.7,0.8,0.9",20260308_023704,experiments/runs/20260308_023704
seed53_cnn1d_mim,53,cnn1d,mim,completed,2026-03-08 02:37:04,,2026-03-08 03:13:09,"{""mr_results"": [{""missing_rate"": 0.0, ""test_mae"": 0.0072}, {""missing_rate"": 0.1, ""test_mae"": 0.0073}, {""missing_rate"": 0.2, ""test_mae"": 0.0074}, {""missing_rate"": 0.3, ""test_mae"": 0.0075}, {""missing_rate"": 0.4, ""test_mae"": 0.0076}, {""missing_rate"": 0.5, ""test_mae"": 0.0082}, {""missing_rate"": 0.6, ""test_mae"": 0.0089}, {""missing_rate"": 0.7, ""test_mae"": 0.0107}, {""missing_rate"": 0.8, ""test_mae"": 0.0147}, {""missing_rate"": 0.9, ""test_mae"": 0.0237}], ""test_mae_mean"": 0.01032, ""test_mae_max"": 0.0237, ""test_mae_min"": 0.0072, ""test_mae"": 0.0237, ""missing_rate"": 0.9}",experiments/logs/seed53_cnn1d_mim.log,,,85.7743227481842,"0.0,0.1,0.2,0.3,0.4,0.5,0.6,0.7,0.8,0.9","0.0,0.1,0.2,0.3,0.4,0.5,0.6,0.7,0.8,0.9",20260308_023704,experiments/runs/20260308_023704
seed54_mlp_baseline,54,mlp,baseline,completed,2026-03-08 02:37:04,,2026-03-08 03:13:26,"{""mr_results"": [{""missing_rate"": 0.0, ""test_mae"": 0.009}, {""missing_rate"": 0.1, ""test_mae"": 0.0106}, {""missing_rate"": 0.2, ""test_mae"": 0.013}, {""missing_rate"": 0.3, ""test_mae"": 0.0158}, {""missing_rate"": 0.4, ""test_mae"": 0.0192}, {""missing_rate"": 0.5, ""test_mae"": 0.0223}, {""missing_rate"": 0.6, ""test_mae"": 0.0265}, {""missing_rate"": 0.7, ""test_mae"": 0.0299}, {""missing_rate"": 0.8, ""test_mae"": 0.0321}, {""missing_rate"": 0.9, ""test_mae"": 0.0357}], ""test_mae_mean"": 0.02141, ""test_mae_max"": 0.0357, ""test_mae_min"": 0.009, ""test_mae"": 0.0357, ""missing_rate"": 0.9}",experiments/logs/seed54_mlp_baseline.log,,,14.24734902381897,"0.0,0.1,0.2,0.3,0.4,0.5,0.6,0.7,0.8,0.9","0.0,0.1,0.2,0.3,0.4,0.5,0.6,0.7,0.8,0.9",20260308_023704,experiments/runs/20260308_023704
seed54_mlp_mim,54,mlp,mim,completed,2026-03-08 02:37:04,,2026-03-08 03:15:25,"{""mr_results"": [{""missing_rate"": 0.0, ""test_mae"": 0.0064}, {""missing_rate"": 0.1, ""test_mae"": 0.0065}, {""missing_rate"": 0.2, ""test_mae"": 0.0068}, {""missing_rate"": 0.3, ""test_mae"": 0.007}, {""missing_rate"": 0.4, ""test_mae"": 0.0073}, {""missing_rate"": 0.5, ""test_mae"": 0.0079}, {""missing_rate"": 0.6, ""test_mae"": 0.0088}, {""missing_rate"": 0.7, ""test_mae"": 0.0105}, {""missing_rate"": 0.8, ""test_mae"": 0.0131}, {""missing_rate"": 0.9, ""test_mae"": 0.0222}], ""test_mae_mean"": 0.00965, ""test_mae_max"": 0.0222, ""test_mae_min"": 0.0064, ""test_mae"": 0.0222, ""missing_rate"": 0.9}",experiments/logs/seed54_mlp_mim.log,Process exited with code 1,,63.733535051345825,"0.0,0.1,0.2,0.3,0.4,0.5,0.6,0.7,0.8,0.9","0.0,0.1,0.2,0.3,0.4,0.5,0.6,0.7,0.8,0.9",20260308_023704,experiments/runs/20260308_023704
seed54_lstm_baseline,54,lstm,baseline,completed,2026-03-08 02:37:04,,2026-03-08 03:14:38,"{""mr_results"": [{""missing_rate"": 0.0, ""test_mae"": 0.0075}, {""missing_rate"": 0.1, ""test_mae"": 0.0078}, {""missing_rate"": 0.2, ""test_mae"": 0.0089}, {""missing_rate"": 0.3, ""test_mae"": 0.0103}, {""missing_rate"": 0.4, ""test_mae"": 0.0122}, {""missing_rate"": 0.5, ""test_mae"": 0.0149}, {""missing_rate"": 0.6, ""test_mae"": 0.018}, {""missing_rate"": 0.7, ""test_mae"": 0.0223}, {""missing_rate"": 0.8, ""test_mae"": 0.0274}, {""missing_rate"": 0.9, ""test_mae"": 0.0343}], ""test_mae_mean"": 0.01636, ""test_mae_max"": 0.0343, ""test_mae_min"": 0.0075, ""test_mae"": 0.0343, ""missing_rate"": 0.9}",experiments/logs/seed54_lstm_baseline.log,Process exited with code 1,,17.126096487045288,"0.0,0.1,0.2,0.3,0.4,0.5,0.6,0.7,0.8,0.9","0.0,0.1,0.2,0.3,0.4,0.5,0.6,0.7,0.8,0.9",20260308_023704,experiments/runs/20260308_023704
seed54_lstm_mim,54,lstm,mim,completed,2026-03-08 02:37:04,,2026-03-08 03:14:16,"{""mr_results"": [{""missing_rate"": 0.0, ""test_mae"": 0.0068}, {""missing_rate"": 0.1, ""test_mae"": 0.0067}, {""missing_rate"": 0.2, ""test_mae"": 0.0067}, {""missing_rate"": 0.3, ""test_mae"": 0.0068}, {""missing_rate"": 0.4, ""test_mae"": 0.0072}, {""missing_rate"": 0.5, ""test_mae"": 0.0079}, {""missing_rate"": 0.6, ""test_mae"": 0.0087}, {""missing_rate"": 0.7, ""test_mae"": 0.0105}, {""missing_rate"": 0.8, ""test_mae"": 0.0152}, {""missing_rate"": 0.9, ""test_mae"": 0.0258}], ""test_mae_mean"": 0.01023, ""test_mae_max"": 0.0258, ""test_mae_min"": 0.0067, ""test_mae"": 0.0258, ""missing_rate"": 0.9}",experiments/logs/seed54_lstm_mim.log,,,64.59075331687927,"0.0,0.1,0.2,0.3,0.4,0.5,0.6,0.7,0.8,0.9","0.0,0.1,0.2,0.3,0.4,0.5,0.6,0.7,0.8,0.9",20260308_023704,experiments/runs/20260308_023704
seed54_gru_baseline,54,gru,baseline,completed,2026-03-08 02:37:04,,2026-03-08 03:17:06,"{""mr_results"": [{""missing_rate"": 0.0, ""test_mae"": 0.0068}, {""missing_rate"": 0.1, ""test_mae"": 0.0083}, {""missing_rate"": 0.2, ""test_mae"": 0.0106}, {""missing_rate"": 0.3, ""test_mae"": 0.0134}, {""missing_rate"": 0.4, ""test_mae"": 0.0167}, {""missing_rate"": 0.5, ""test_mae"": 0.02}, {""missing_rate"": 0.6, ""test_mae"": 0.0238}, {""missing_rate"": 0.7, ""test_mae"": 0.0273}, {""missing_rate"": 0.8, ""test_mae"": 0.0309}, {""missing_rate"": 0.9, ""test_mae"": 0.0344}], ""test_mae_mean"": 0.01922, ""test_mae_max"": 0.0344, ""test_mae_min"": 0.0068, ""test_mae"": 0.0344, ""missing_rate"": 0.9}",experiments/logs/seed54_gru_baseline.log,Process exited with code 1,,14.297699451446533,"0.0,0.1,0.2,0.3,0.4,0.5,0.6,0.7,0.8,0.9","0.0,0.1,0.2,0.3,0.4,0.5,0.6,0.7,0.8,0.9",20260308_023704,experiments/runs/20260308_023704
seed54_gru_mim,54,gru,mim,completed,2026-03-08 02:37:04,,2026-03-08 03:17:22,"{""mr_results"": [{""missing_rate"": 0.0, ""test_mae"": 0.0101}, {""missing_rate"": 0.1, ""test_mae"": 0.0102}, {""missing_rate"": 0.2, ""test_mae"": 0.0103}, {""missing_rate"": 0.3, ""test_mae"": 0.0106}, {""missing_rate"": 0.4, ""test_mae"": 0.0112}, {""missing_rate"": 0.5, ""test_mae"": 0.012}, {""missing_rate"": 0.6, ""test_mae"": 0.0134}, {""missing_rate"": 0.7, ""test_mae"": 0.016}, {""missing_rate"": 0.8, ""test_mae"": 0.021}, {""missing_rate"": 0.9, ""test_mae"": 0.0322}], ""test_mae_mean"": 0.0147, ""test_mae_max"": 0.0322, ""test_mae_min"": 0.0101, ""test_mae"": 0.0322, ""missing_rate"": 0.9}",experiments/logs/seed54_gru_mim.log,Process exited with code 1,,29.565964698791504,"0.0,0.1,0.2,0.3,0.4,0.5,0.6,0.7,0.8,0.9","0.0,0.1,0.2,0.3,0.4,0.5,0.6,0.7,0.8,0.9",20260308_023704,experiments/runs/20260308_023704
seed54_cnn1d_baseline,54,cnn1d,baseline,completed,2026-03-08 02:37:04,,2026-03-08 03:15:44,"{""mr_results"": [{""missing_rate"": 0.0, ""test_mae"": 0.0367}, {""missing_rate"": 0.1, ""test_mae"": 0.0561}, {""missing_rate"": 0.2, ""test_mae"": 0.0687}, {""missing_rate"": 0.3, ""test_mae"": 0.0753}, {""missing_rate"": 0.4, ""test_mae"": 0.0822}, {""missing_rate"": 0.5, ""test_mae"": 0.0887}, {""missing_rate"": 0.6, ""test_mae"": 0.0965}, {""missing_rate"": 0.7, ""test_mae"": 0.1046}, {""missing_rate"": 0.8, ""test_mae"": 0.114}, {""missing_rate"": 0.9, ""test_mae"": 0.1245}], ""test_mae_mean"": 0.08473, ""test_mae_max"": 0.1245, ""test_mae_min"": 0.0367, ""test_mae"": 0.1245, ""missing_rate"": 0.9}",experiments/logs/seed54_cnn1d_baseline.log,,,17.464791774749756,"0.0,0.1,0.2,0.3,0.4,0.5,0.6,0.7,0.8,0.9","0.0,0.1,0.2,0.3,0.4,0.5,0.6,0.7,0.8,0.9",20260308_023704,experiments/runs/20260308_023704
seed54_cnn1d_mim,54,cnn1d,mim,completed,2026-03-08 02:37:04,,2026-03-08 03:16:46,"{""mr_results"": [{""missing_rate"": 0.0, ""test_mae"": 0.0063}, {""missing_rate"": 0.1, ""test_mae"": 0.0064}, {""missing_rate"": 0.2, ""test_mae"": 0.0065}, {""missing_rate"": 0.3, ""test_mae"": 0.0065}, {""missing_rate"": 0.4, ""test_mae"": 0.0067}, {""missing_rate"": 0.5, ""test_mae"": 0.0071}, {""missing_rate"": 0.6, ""test_mae"": 0.0077}, {""missing_rate"": 0.7, ""test_mae"": 0.0091}, {""missing_rate"": 0.8, ""test_mae"": 0.0114}, {""missing_rate"": 0.9, ""test_mae"": 0.0186}], ""test_mae_mean"": 0.00863, ""test_mae_max"": 0.0186, ""test_mae_min"": 0.0063, ""test_mae"": 0.0186, ""missing_rate"": 0.9}",experiments/logs/seed54_cnn1d_mim.log,,,79.00228428840637,"0.0,0.1,0.2,0.3,0.4,0.5,0.6,0.7,0.8,0.9","0.0,0.1,0.2,0.3,0.4,0.5,0.6,0.7,0.8,0.9",20260308_023704,experiments/runs/20260308_023704
seed55_mlp_baseline,55,mlp,baseline,completed,2026-03-08 02:37:04,,2026-03-08 03:17:41,"{""mr_results"": [{""missing_rate"": 0.0, ""test_mae"": 0.0125}, {""missing_rate"": 0.1, ""test_mae"": 0.0132}, {""missing_rate"": 0.2, ""test_mae"": 0.0145}, {""missing_rate"": 0.3, ""test_mae"": 0.0164}, {""missing_rate"": 0.4, ""test_mae"": 0.0186}, {""missing_rate"": 0.5, ""test_mae"": 0.0217}, {""missing_rate"": 0.6, ""test_mae"": 0.0248}, {""missing_rate"": 0.7, ""test_mae"": 0.0275}, {""missing_rate"": 0.8, ""test_mae"": 0.03}, {""missing_rate"": 0.9, ""test_mae"": 0.0337}], ""test_mae_mean"": 0.02129, ""test_mae_max"": 0.0337, ""test_mae_min"": 0.0125, ""test_mae"": 0.0337, ""missing_rate"": 0.9}",experiments/logs/seed55_mlp_baseline.log,,,17.746415376663208,"0.0,0.1,0.2,0.3,0.4,0.5,0.6,0.7,0.8,0.9","0.0,0.1,0.2,0.3,0.4,0.5,0.6,0.7,0.8,0.9",20260308_023704,experiments/runs/20260308_023704
seed55_mlp_mim,55,mlp,mim,completed,2026-03-08 02:37:04,,2026-03-08 03:18:22,"{""mr_results"": [{""missing_rate"": 0.0, ""test_mae"": 0.0064}, {""missing_rate"": 0.1, ""test_mae"": 0.0067}, {""missing_rate"": 0.2, ""test_mae"": 0.007}, {""missing_rate"": 0.3, ""test_mae"": 0.0074}, {""missing_rate"": 0.4, ""test_mae"": 0.0078}, {""missing_rate"": 0.5, ""test_mae"": 0.0087}, {""missing_rate"": 0.6, ""test_mae"": 0.0099}, {""missing_rate"": 0.7, ""test_mae"": 0.0122}, {""missing_rate"": 0.8, ""test_mae"": 0.0143}, {""missing_rate"": 0.9, ""test_mae"": 0.0229}], ""test_mae_mean"": 0.01033, ""test_mae_max"": 0.0229, ""test_mae_min"": 0.0064, ""test_mae"": 0.0229, ""missing_rate"": 0.9}",experiments/logs/seed55_mlp_mim.log,,,58.197386503219604,"0.0,0.1,0.2,0.3,0.4,0.5,0.6,0.7,0.8,0.9","0.0,0.1,0.2,0.3,0.4,0.5,0.6,0.7,0.8,0.9",20260308_023704,experiments/runs/20260308_023704
seed55_lstm_baseline,55,lstm,baseline,completed,2026-03-08 02:37:04,,2026-03-08 03:17:47,"{""mr_results"": [{""missing_rate"": 0.0, ""test_mae"": 0.0067}, {""missing_rate"": 0.1, ""test_mae"": 0.0075}, {""missing_rate"": 0.2, ""test_mae"": 0.0089}, {""missing_rate"": 0.3, ""test_mae"": 0.0108}, {""missing_rate"": 0.4, ""test_mae"": 0.0138}, {""missing_rate"": 0.5, ""test_mae"": 0.0189}, {""missing_rate"": 0.6, ""test_mae"": 0.026}, {""missing_rate"": 0.7, ""test_mae"": 0.0341}, {""missing_rate"": 0.8, ""test_mae"": 0.0427}, {""missing_rate"": 0.9, ""test_mae"": 0.0544}], ""test_mae_mean"": 0.02238, ""test_mae_max"": 0.0544, ""test_mae_min"": 0.0067, ""test_mae"": 0.0544, ""missing_rate"": 0.9}",experiments/logs/seed55_lstm_baseline.log,,,22.90098237991333,"0.0,0.1,0.2,0.3,0.4,0.5,0.6,0.7,0.8,0.9","0.0,0.1,0.2,0.3,0.4,0.5,0.6,0.7,0.8,0.9",20260308_023704,experiments/runs/20260308_023704
seed55_lstm_mim,55,lstm,mim,completed,2026-03-08 02:37:04,,2026-03-08 03:18:14,"{""mr_results"": [{""missing_rate"": 0.0, ""test_mae"": 0.0069}, {""missing_rate"": 0.1, ""test_mae"": 0.007}, {""missing_rate"": 0.2, ""test_mae"": 0.007}, {""missing_rate"": 0.3, ""test_mae"": 0.007}, {""missing_rate"": 0.4, ""test_mae"": 0.0072}, {""missing_rate"": 0.5, ""test_mae"": 0.0076}, {""missing_rate"": 0.6, ""test_mae"": 0.0081}, {""missing_rate"": 0.7, ""test_mae"": 0.0094}, {""missing_rate"": 0.8, ""test_mae"": 0.0125}, {""missing_rate"": 0.9, ""test_mae"": 0.0215}], ""test_mae_mean"": 0.009420000000000001, ""test_mae_max"": 0.0215, ""test_mae_min"": 0.0069, ""test_mae"": 0.0215, ""missing_rate"": 0.9}",experiments/logs/seed55_lstm_mim.log,,,50.66606855392456,"0.0,0.1,0.2,0.3,0.4,0.5,0.6,0.7,0.8,0.9","0.0,0.1,0.2,0.3,0.4,0.5,0.6,0.7,0.8,0.9",20260308_023704,experiments/runs/20260308_023704
seed55_gru_baseline,55,gru,baseline,completed,2026-03-08 02:37:04,,2026-03-08 03:18:42,"{""mr_results"": [{""missing_rate"": 0.0, ""test_mae"": 0.0067}, {""missing_rate"": 0.1, ""test_mae"": 0.0104}, {""missing_rate"": 0.2, ""test_mae"": 0.0136}, {""missing_rate"": 0.3, ""test_mae"": 0.0162}, {""missing_rate"": 0.4, ""test_mae"": 0.0194}, {""missing_rate"": 0.5, ""test_mae"": 0.0224}, {""missing_rate"": 0.6, ""test_mae"": 0.0262}, {""missing_rate"": 0.7, ""test_mae"": 0.0291}, {""missing_rate"": 0.8, ""test_mae"": 0.0325}, {""missing_rate"": 0.9, ""test_mae"": 0.0364}], ""test_mae_mean"": 0.02129, ""test_mae_max"": 0.0364, ""test_mae_min"": 0.0067, ""test_mae"": 0.0364, ""missing_rate"": 0.9}",experiments/logs/seed55_gru_baseline.log,,,17.628994941711426,"0.0,0.1,0.2,0.3,0.4,0.5,0.6,0.7,0.8,0.9","0.0,0.1,0.2,0.3,0.4,0.5,0.6,0.7,0.8,0.9",20260308_023704,experiments/runs/20260308_023704
seed55_gru_mim,55,gru,mim,completed,2026-03-08 02:37:04,,2026-03-08 03:19:26,"{""mr_results"": [{""missing_rate"": 0.0, ""test_mae"": 0.0091}, {""missing_rate"": 0.1, ""test_mae"": 0.0087}, {""missing_rate"": 0.2, ""test_mae"": 0.0084}, {""missing_rate"": 0.3, ""test_mae"": 0.0082}, {""missing_rate"": 0.4, ""test_mae"": 0.0082}, {""missing_rate"": 0.5, ""test_mae"": 0.0079}, {""missing_rate"": 0.6, ""test_mae"": 0.0082}, {""missing_rate"": 0.7, ""test_mae"": 0.0087}, {""missing_rate"": 0.8, ""test_mae"": 0.0108}, {""missing_rate"": 0.9, ""test_mae"": 0.0178}], ""test_mae_mean"": 0.009600000000000001, ""test_mae_max"": 0.0178, ""test_mae_min"": 0.0079, ""test_mae"": 0.0178, ""missing_rate"": 0.9}",experiments/logs/seed55_gru_mim.log,,,61.80748105049133,"0.0,0.1,0.2,0.3,0.4,0.5,0.6,0.7,0.8,0.9","0.0,0.1,0.2,0.3,0.4,0.5,0.6,0.7,0.8,0.9",20260308_023704,experiments/runs/20260308_023704
seed55_cnn1d_baseline,55,cnn1d,baseline,completed,2026-03-08 02:37:04,,2026-03-08 03:18:48,"{""mr_results"": [{""missing_rate"": 0.0, ""test_mae"": 0.018}, {""missing_rate"": 0.1, ""test_mae"": 0.0294}, {""missing_rate"": 0.2, ""test_mae"": 0.038}, {""missing_rate"": 0.3, ""test_mae"": 0.0424}, {""missing_rate"": 0.4, ""test_mae"": 0.0461}, {""missing_rate"": 0.5, ""test_mae"": 0.051}, {""missing_rate"": 0.6, ""test_mae"": 0.0577}, {""missing_rate"": 0.7, ""test_mae"": 0.0633}, {""missing_rate"": 0.8, ""test_mae"": 0.0684}, {""missing_rate"": 0.9, ""test_mae"": 0.0792}], ""test_mae_mean"": 0.04935, ""test_mae_max"": 0.0792, ""test_mae_min"": 0.018, ""test_mae"": 0.0792, ""missing_rate"": 0.9}",experiments/logs/seed55_cnn1d_baseline.log,,,24.12547492980957,"0.0,0.1,0.2,0.3,0.4,0.5,0.6,0.7,0.8,0.9","0.0,0.1,0.2,0.3,0.4,0.5,0.6,0.7,0.8,0.9",20260308_023704,experiments/runs/20260308_023704
seed55_cnn1d_mim,55,cnn1d,mim,completed,2026-03-08 02:37:04,,2026-03-08 03:19:22,"{""mr_results"": [{""missing_rate"": 0.0, ""test_mae"": 0.0058}, {""missing_rate"": 0.1, ""test_mae"": 0.0064}, {""missing_rate"": 0.2, ""test_mae"": 0.0071}, {""missing_rate"": 0.3, ""test_mae"": 0.0079}, {""missing_rate"": 0.4, ""test_mae"": 0.0087}, {""missing_rate"": 0.5, ""test_mae"": 0.0097}, {""missing_rate"": 0.6, ""test_mae"": 0.0109}, {""missing_rate"": 0.7, ""test_mae"": 0.013}, {""missing_rate"": 0.8, ""test_mae"": 0.0178}, {""missing_rate"": 0.9, ""test_mae"": 0.0274}], ""test_mae_mean"": 0.01147, ""test_mae_max"": 0.0274, ""test_mae_min"": 0.0058, ""test_mae"": 0.0274, ""missing_rate"": 0.9}",experiments/logs/seed55_cnn1d_mim.log,,,57.98497152328491,"0.0,0.1,0.2,0.3,0.4,0.5,0.6,0.7,0.8,0.9","0.0,0.1,0.2,0.3,0.4,0.5,0.6,0.7,0.8,0.9",20260308_023704,experiments/runs/20260308_023704
seed56_mlp_baseline,56,mlp,baseline,completed,2026-03-08 02:37:04,,2026-03-08 03:19:51,"{""mr_results"": [{""missing_rate"": 0.0, ""test_mae"": 0.018}, {""missing_rate"": 0.1, ""test_mae"": 0.0189}, {""missing_rate"": 0.2, ""test_mae"": 0.0199}, {""missing_rate"": 0.3, ""test_mae"": 0.0214}, {""missing_rate"": 0.4, ""test_mae"": 0.0236}, {""missing_rate"": 0.5, ""test_mae"": 0.0259}, {""missing_rate"": 0.6, ""test_mae"": 0.0288}, {""missing_rate"": 0.7, ""test_mae"": 0.0314}, {""missing_rate"": 0.8, ""test_mae"": 0.0332}, {""missing_rate"": 0.9, ""test_mae"": 0.0367}], ""test_mae_mean"": 0.025779999999999997, ""test_mae_max"": 0.0367, ""test_mae_min"": 0.018, ""test_mae"": 0.0367, ""missing_rate"": 0.9}",experiments/logs/seed56_mlp_baseline.log,,,22.76873278617859,"0.0,0.1,0.2,0.3,0.4,0.5,0.6,0.7,0.8,0.9","0.0,0.1,0.2,0.3,0.4,0.5,0.6,0.7,0.8,0.9",20260308_023704,experiments/runs/20260308_023704
seed56_mlp_mim,56,mlp,mim,completed,2026-03-08 02:37:04,,2026-03-08 03:20:31,"{""mr_results"": [{""missing_rate"": 0.0, ""test_mae"": 0.0056}, {""missing_rate"": 0.1, ""test_mae"": 0.006}, {""missing_rate"": 0.2, ""test_mae"": 0.0064}, {""missing_rate"": 0.3, ""test_mae"": 0.0066}, {""missing_rate"": 0.4, ""test_mae"": 0.007}, {""missing_rate"": 0.5, ""test_mae"": 0.0078}, {""missing_rate"": 0.6, ""test_mae"": 0.0087}, {""missing_rate"": 0.7, ""test_mae"": 0.0105}, {""missing_rate"": 0.8, ""test_mae"": 0.0137}, {""missing_rate"": 0.9, ""test_mae"": 0.0223}], ""test_mae_mean"": 0.00946, ""test_mae_max"": 0.0223, ""test_mae_min"": 0.0056, ""test_mae"": 0.0223, ""missing_rate"": 0.9}",experiments/logs/seed56_mlp_mim.log,,,62.838167905807495,"0.0,0.1,0.2,0.3,0.4,0.5,0.6,0.7,0.8,0.9","0.0,0.1,0.2,0.3,0.4,0.5,0.6,0.7,0.8,0.9",20260308_023704,experiments/runs/20260308_023704
seed56_lstm_baseline,56,lstm,baseline,completed,2026-03-08 02:37:04,,2026-03-08 03:19:50,"{""mr_results"": [{""missing_rate"": 0.0, ""test_mae"": 0.0064}, {""missing_rate"": 0.1, ""test_mae"": 0.0063}, {""missing_rate"": 0.2, ""test_mae"": 0.0071}, {""missing_rate"": 0.3, ""test_mae"": 0.0088}, {""missing_rate"": 0.4, ""test_mae"": 0.0129}, {""missing_rate"": 0.5, ""test_mae"": 0.0199}, {""missing_rate"": 0.6, ""test_mae"": 0.0303}, {""missing_rate"": 0.7, ""test_mae"": 0.0428}, {""missing_rate"": 0.8, ""test_mae"": 0.0585}, {""missing_rate"": 0.9, ""test_mae"": 0.0789}], ""test_mae_mean"": 0.02719, ""test_mae_max"": 0.0789, ""test_mae_min"": 0.0063, ""test_mae"": 0.0789, ""missing_rate"": 0.9}",experiments/logs/seed56_lstm_baseline.log,,,21.916643857955933,"0.0,0.1,0.2,0.3,0.4,0.5,0.6,0.7,0.8,0.9","0.0,0.1,0.2,0.3,0.4,0.5,0.6,0.7,0.8,0.9",20260308_023704,experiments/runs/20260308_023704
seed56_lstm_mim,56,lstm,mim,completed,2026-03-08 02:37:04,,2026-03-08 03:20:20,"{""mr_results"": [{""missing_rate"": 0.0, ""test_mae"": 0.0085}, {""missing_rate"": 0.1, ""test_mae"": 0.0083}, {""missing_rate"": 0.2, ""test_mae"": 0.0082}, {""missing_rate"": 0.3, ""test_mae"": 0.0082}, {""missing_rate"": 0.4, ""test_mae"": 0.0083}, {""missing_rate"": 0.5, ""test_mae"": 0.0088}, {""missing_rate"": 0.6, ""test_mae"": 0.0094}, {""missing_rate"": 0.7, ""test_mae"": 0.0108}, {""missing_rate"": 0.8, ""test_mae"": 0.0142}, {""missing_rate"": 0.9, ""test_mae"": 0.0231}], ""test_mae_mean"": 0.010780000000000001, ""test_mae_max"": 0.0231, ""test_mae_min"": 0.0082, ""test_mae"": 0.0231, ""missing_rate"": 0.9}",experiments/logs/seed56_lstm_mim.log,,,52.0929172039032,"0.0,0.1,0.2,0.3,0.4,0.5,0.6,0.7,0.8,0.9","0.0,0.1,0.2,0.3,0.4,0.5,0.6,0.7,0.8,0.9",20260308_023704,experiments/runs/20260308_023704
seed56_gru_baseline,56,gru,baseline,completed,2026-03-08 02:37:04,,2026-03-08 03:21:47,"{""mr_results"": [{""missing_rate"": 0.0, ""test_mae"": 0.0106}, {""missing_rate"": 0.1, ""test_mae"": 0.0131}, {""missing_rate"": 0.2, ""test_mae"": 0.0157}, {""missing_rate"": 0.3, ""test_mae"": 0.0182}, {""missing_rate"": 0.4, ""test_mae"": 0.0212}, {""missing_rate"": 0.5, ""test_mae"": 0.0235}, {""missing_rate"": 0.6, ""test_mae"": 0.0262}, {""missing_rate"": 0.7, ""test_mae"": 0.0291}, {""missing_rate"": 0.8, ""test_mae"": 0.0325}, {""missing_rate"": 0.9, ""test_mae"": 0.0365}], ""test_mae_mean"": 0.02266, ""test_mae_max"": 0.0365, ""test_mae_min"": 0.0106, ""test_mae"": 0.0365, ""missing_rate"": 0.9}",experiments/logs/seed56_gru_baseline.log,Process exited with code 1,,11.14604377746582,"0.0,0.1,0.2,0.3,0.4,0.5,0.6,0.7,0.8,0.9","0.0,0.1,0.2,0.3,0.4,0.5,0.6,0.7,0.8,0.9",20260308_023704,experiments/runs/20260308_023704
seed56_gru_mim,56,gru,mim,completed,2026-03-08 02:37:04,,2026-03-08 03:22:03,"{""mr_results"": [{""missing_rate"": 0.0, ""test_mae"": 0.0073}, {""missing_rate"": 0.1, ""test_mae"": 0.0074}, {""missing_rate"": 0.2, ""test_mae"": 0.0073}, {""missing_rate"": 0.3, ""test_mae"": 0.0074}, {""missing_rate"": 0.4, ""test_mae"": 0.0075}, {""missing_rate"": 0.5, ""test_mae"": 0.0076}, {""missing_rate"": 0.6, ""test_mae"": 0.0081}, {""missing_rate"": 0.7, ""test_mae"": 0.0094}, {""missing_rate"": 0.8, ""test_mae"": 0.0128}, {""missing_rate"": 0.9, ""test_mae"": 0.0214}], ""test_mae_mean"": 0.00962, ""test_mae_max"": 0.0214, ""test_mae_min"": 0.0073, ""test_mae"": 0.0214, ""missing_rate"": 0.9}",experiments/logs/seed56_gru_mim.log,Process exited with code 1,,27.682639122009277,"0.0,0.1,0.2,0.3,0.4,0.5,0.6,0.7,0.8,0.9","0.0,0.1,0.2,0.3,0.4,0.5,0.6,0.7,0.8,0.9",20260308_023704,experiments/runs/20260308_023704
seed56_cnn1d_baseline,56,cnn1d,baseline,completed,2026-03-08 02:37:04,,2026-03-08 03:20:55,"{""mr_results"": [{""missing_rate"": 0.0, ""test_mae"": 0.0293}, {""missing_rate"": 0.1, ""test_mae"": 0.0442}, {""missing_rate"": 0.2, ""test_mae"": 0.0559}, {""missing_rate"": 0.3, ""test_mae"": 0.0621}, {""missing_rate"": 0.4, ""test_mae"": 0.0657}, {""missing_rate"": 0.5, ""test_mae"": 0.0723}, {""missing_rate"": 0.6, ""test_mae"": 0.0779}, {""missing_rate"": 0.7, ""test_mae"": 0.0826}, {""missing_rate"": 0.8, ""test_mae"": 0.0869}, {""missing_rate"": 0.9, ""test_mae"": 0.1009}], ""test_mae_mean"": 0.06777999999999999, ""test_mae_max"": 0.1009, ""test_mae_min"": 0.0293, ""test_mae"": 0.1009, ""missing_rate"": 0.9}",experiments/logs/seed56_cnn1d_baseline.log,,,21.962634086608887,"0.0,0.1,0.2,0.3,0.4,0.5,0.6,0.7,0.8,0.9","0.0,0.1,0.2,0.3,0.4,0.5,0.6,0.7,0.8,0.9",20260308_023704,experiments/runs/20260308_023704
seed56_cnn1d_mim,56,cnn1d,mim,completed,2026-03-08 02:37:04,,2026-03-08 03:21:29,"{""mr_results"": [{""missing_rate"": 0.0, ""test_mae"": 0.0065}, {""missing_rate"": 0.1, ""test_mae"": 0.0068}, {""missing_rate"": 0.2, ""test_mae"": 0.0074}, {""missing_rate"": 0.3, ""test_mae"": 0.008}, {""missing_rate"": 0.4, ""test_mae"": 0.0087}, {""missing_rate"": 0.5, ""test_mae"": 0.0089}, {""missing_rate"": 0.6, ""test_mae"": 0.0095}, {""missing_rate"": 0.7, ""test_mae"": 0.0109}, {""missing_rate"": 0.8, ""test_mae"": 0.0152}, {""missing_rate"": 0.9, ""test_mae"": 0.0244}], ""test_mae_mean"": 0.01063, ""test_mae_max"": 0.0244, ""test_mae_min"": 0.0065, ""test_mae"": 0.0244, ""missing_rate"": 0.9}",experiments/logs/seed56_cnn1d_mim.log,,,56.84092402458191,"0.0,0.1,0.2,0.3,0.4,0.5,0.6,0.7,0.8,0.9","0.0,0.1,0.2,0.3,0.4,0.5,0.6,0.7,0.8,0.9",20260308_023704,experiments/runs/20260308_023704
seed57_mlp_baseline,57,mlp,baseline,completed,2026-03-08 02:37:04,,2026-03-08 03:22:26,"{""mr_results"": [{""missing_rate"": 0.0, ""test_mae"": 0.0094}, {""missing_rate"": 0.1, ""test_mae"": 0.0107}, {""missing_rate"": 0.2, ""test_mae"": 0.0121}, {""missing_rate"": 0.3, ""test_mae"": 0.0145}, {""missing_rate"": 0.4, ""test_mae"": 0.0172}, {""missing_rate"": 0.5, ""test_mae"": 0.0198}, {""missing_rate"": 0.6, ""test_mae"": 0.0227}, {""missing_rate"": 0.7, ""test_mae"": 0.026}, {""missing_rate"": 0.8, ""test_mae"": 0.0292}, {""missing_rate"": 0.9, ""test_mae"": 0.0337}], ""test_mae_mean"": 0.01953, ""test_mae_max"": 0.0337, ""test_mae_min"": 0.0094, ""test_mae"": 0.0337, ""missing_rate"": 0.9}",experiments/logs/seed57_mlp_baseline.log,,,21.18473720550537,"0.0,0.1,0.2,0.3,0.4,0.5,0.6,0.7,0.8,0.9","0.0,0.1,0.2,0.3,0.4,0.5,0.6,0.7,0.8,0.9",20260308_023704,experiments/runs/20260308_023704
seed57_mlp_mim,57,mlp,mim,completed,2026-03-08 02:37:04,,2026-03-08 03:23:03,"{""mr_results"": [{""missing_rate"": 0.0, ""test_mae"": 0.0065}, {""missing_rate"": 0.1, ""test_mae"": 0.0068}, {""missing_rate"": 0.2, ""test_mae"": 0.0071}, {""missing_rate"": 0.3, ""test_mae"": 0.0073}, {""missing_rate"": 0.4, ""test_mae"": 0.0079}, {""missing_rate"": 0.5, ""test_mae"": 0.0088}, {""missing_rate"": 0.6, ""test_mae"": 0.0099}, {""missing_rate"": 0.7, ""test_mae"": 0.0114}, {""missing_rate"": 0.8, ""test_mae"": 0.0142}, {""missing_rate"": 0.9, ""test_mae"": 0.0228}], ""test_mae_mean"": 0.01027, ""test_mae_max"": 0.0228, ""test_mae_min"": 0.0065, ""test_mae"": 0.0228, ""missing_rate"": 0.9}",experiments/logs/seed57_mlp_mim.log,,,58.00411033630371,"0.0,0.1,0.2,0.3,0.4,0.5,0.6,0.7,0.8,0.9","0.0,0.1,0.2,0.3,0.4,0.5,0.6,0.7,0.8,0.9",20260308_023704,experiments/runs/20260308_023704
seed57_lstm_baseline,57,lstm,baseline,completed,2026-03-08 02:37:04,,2026-03-08 03:22:27,"{""mr_results"": [{""missing_rate"": 0.0, ""test_mae"": 0.0069}, {""missing_rate"": 0.1, ""test_mae"": 0.0077}, {""missing_rate"": 0.2, ""test_mae"": 0.0084}, {""missing_rate"": 0.3, ""test_mae"": 0.0096}, {""missing_rate"": 0.4, ""test_mae"": 0.0134}, {""missing_rate"": 0.5, ""test_mae"": 0.0205}, {""missing_rate"": 0.6, ""test_mae"": 0.0324}, {""missing_rate"": 0.7, ""test_mae"": 0.0473}, {""missing_rate"": 0.8, ""test_mae"": 0.0614}, {""missing_rate"": 0.9, ""test_mae"": 0.0763}], ""test_mae_mean"": 0.02839, ""test_mae_max"": 0.0763, ""test_mae_min"": 0.0069, ""test_mae"": 0.0763, ""missing_rate"": 0.9}",experiments/logs/seed57_lstm_baseline.log,,,21.616324186325073,"0.0,0.1,0.2,0.3,0.4,0.5,0.6,0.7,0.8,0.9","0.0,0.1,0.2,0.3,0.4,0.5,0.6,0.7,0.8,0.9",20260308_023704,experiments/runs/20260308_023704
seed57_lstm_mim,57,lstm,mim,completed,2026-03-08 02:37:04,,2026-03-08 03:22:56,"{""mr_results"": [{""missing_rate"": 0.0, ""test_mae"": 0.007}, {""missing_rate"": 0.1, ""test_mae"": 0.007}, {""missing_rate"": 0.2, ""test_mae"": 0.007}, {""missing_rate"": 0.3, ""test_mae"": 0.0071}, {""missing_rate"": 0.4, ""test_mae"": 0.0075}, {""missing_rate"": 0.5, ""test_mae"": 0.008}, {""missing_rate"": 0.6, ""test_mae"": 0.0086}, {""missing_rate"": 0.7, ""test_mae"": 0.0102}, {""missing_rate"": 0.8, ""test_mae"": 0.0138}, {""missing_rate"": 0.9, ""test_mae"": 0.0233}], ""test_mae_mean"": 0.00995, ""test_mae_max"": 0.0233, ""test_mae_min"": 0.007, ""test_mae"": 0.0233, ""missing_rate"": 0.9}",experiments/logs/seed57_lstm_mim.log,,,51.317710161209106,"0.0,0.1,0.2,0.3,0.4,0.5,0.6,0.7,0.8,0.9","0.0,0.1,0.2,0.3,0.4,0.5,0.6,0.7,0.8,0.9",20260308_023704,experiments/runs/20260308_023704
seed57_gru_baseline,57,gru,baseline,completed,2026-03-08 02:37:04,,2026-03-08 03:24:19,"{""mr_results"": [{""missing_rate"": 0.0, ""test_mae"": 0.0082}, {""missing_rate"": 0.1, ""test_mae"": 0.0093}, {""missing_rate"": 0.2, ""test_mae"": 0.0116}, {""missing_rate"": 0.3, ""test_mae"": 0.0142}, {""missing_rate"": 0.4, ""test_mae"": 0.0166}, {""missing_rate"": 0.5, ""test_mae"": 0.0193}, {""missing_rate"": 0.6, ""test_mae"": 0.0226}, {""missing_rate"": 0.7, ""test_mae"": 0.0267}, {""missing_rate"": 0.8, ""test_mae"": 0.0301}, {""missing_rate"": 0.9, ""test_mae"": 0.0331}], ""test_mae_mean"": 0.01917, ""test_mae_max"": 0.0331, ""test_mae_min"": 0.0082, ""test_mae"": 0.0331, ""missing_rate"": 0.9}",experiments/logs/seed57_gru_baseline.log,Process exited with code 1,,11.053691148757935,"0.0,0.1,0.2,0.3,0.4,0.5,0.6,0.7,0.8,0.9","0.0,0.1,0.2,0.3,0.4,0.5,0.6,0.7,0.8,0.9",20260308_023704,experiments/runs/20260308_023704
seed57_gru_mim,57,gru,mim,completed,2026-03-08 02:37:04,,2026-03-08 03:24:53,"{""mr_results"": [{""missing_rate"": 0.0, ""test_mae"": 0.0076}, {""missing_rate"": 0.1, ""test_mae"": 0.0077}, {""missing_rate"": 0.2, ""test_mae"": 0.0079}, {""missing_rate"": 0.3, ""test_mae"": 0.0081}, {""missing_rate"": 0.4, ""test_mae"": 0.0083}, {""missing_rate"": 0.5, ""test_mae"": 0.0085}, {""missing_rate"": 0.6, ""test_mae"": 0.0089}, {""missing_rate"": 0.7, ""test_mae"": 0.01}, {""missing_rate"": 0.8, ""test_mae"": 0.0143}, {""missing_rate"": 0.9, ""test_mae"": 0.0243}], ""test_mae_mean"": 0.01056, ""test_mae_max"": 0.0243, ""test_mae_min"": 0.0076, ""test_mae"": 0.0243, ""missing_rate"": 0.9}",experiments/logs/seed57_gru_mim.log,Process exited with code 1,,44.58051252365112,"0.0,0.1,0.2,0.3,0.4,0.5,0.6,0.7,0.8,0.9","0.0,0.1,0.2,0.3,0.4,0.5,0.6,0.7,0.8,0.9",20260308_023704,experiments/runs/20260308_023704
seed57_cnn1d_baseline,57,cnn1d,baseline,completed,2026-03-08 02:37:04,,2026-03-08 03:23:26,"{""mr_results"": [{""missing_rate"": 0.0, ""test_mae"": 0.0272}, {""missing_rate"": 0.1, ""test_mae"": 0.0422}, {""missing_rate"": 0.2, ""test_mae"": 0.0544}, {""missing_rate"": 0.3, ""test_mae"": 0.0613}, {""missing_rate"": 0.4, ""test_mae"": 0.067}, {""missing_rate"": 0.5, ""test_mae"": 0.0732}, {""missing_rate"": 0.6, ""test_mae"": 0.0839}, {""missing_rate"": 0.7, ""test_mae"": 0.0965}, {""missing_rate"": 0.8, ""test_mae"": 0.1076}, {""missing_rate"": 0.9, ""test_mae"": 0.1247}], ""test_mae_mean"": 0.0738, ""test_mae_max"": 0.1247, ""test_mae_min"": 0.0272, ""test_mae"": 0.1247, ""missing_rate"": 0.9}",experiments/logs/seed57_cnn1d_baseline.log,,,21.105905055999756,"0.0,0.1,0.2,0.3,0.4,0.5,0.6,0.7,0.8,0.9","0.0,0.1,0.2,0.3,0.4,0.5,0.6,0.7,0.8,0.9",20260308_023704,experiments/runs/20260308_023704
seed57_cnn1d_mim,57,cnn1d,mim,completed,2026-03-08 02:37:04,,2026-03-08 03:24:02,"{""mr_results"": [{""missing_rate"": 0.0, ""test_mae"": 0.007}, {""missing_rate"": 0.1, ""test_mae"": 0.0069}, {""missing_rate"": 0.2, ""test_mae"": 0.007}, {""missing_rate"": 0.3, ""test_mae"": 0.0072}, {""missing_rate"": 0.4, ""test_mae"": 0.0076}, {""missing_rate"": 0.5, ""test_mae"": 0.0079}, {""missing_rate"": 0.6, ""test_mae"": 0.0084}, {""missing_rate"": 0.7, ""test_mae"": 0.0099}, {""missing_rate"": 0.8, ""test_mae"": 0.0123}, {""missing_rate"": 0.9, ""test_mae"": 0.0189}], ""test_mae_mean"": 0.00931, ""test_mae_max"": 0.0189, ""test_mae_min"": 0.0069, ""test_mae"": 0.0189, ""missing_rate"": 0.9}",experiments/logs/seed57_cnn1d_mim.log,,,56.65459203720093,"0.0,0.1,0.2,0.3,0.4,0.5,0.6,0.7,0.8,0.9","0.0,0.1,0.2,0.3,0.4,0.5,0.6,0.7,0.8,0.9",20260308_023704,experiments/runs/20260308_023704
seed58_mlp_baseline,58,mlp,baseline,completed,2026-03-08 02:37:04,,2026-03-08 03:26:11,"{""mr_results"": [{""missing_rate"": 0.0, ""test_mae"": 0.0121}, {""missing_rate"": 0.1, ""test_mae"": 0.0133}, {""missing_rate"": 0.2, ""test_mae"": 0.0143}, {""missing_rate"": 0.3, ""test_mae"": 0.0159}, {""missing_rate"": 0.4, ""test_mae"": 0.018}, {""missing_rate"": 0.5, ""test_mae"": 0.0201}, {""missing_rate"": 0.6, ""test_mae"": 0.0234}, {""missing_rate"": 0.7, ""test_mae"": 0.0264}, {""missing_rate"": 0.8, ""test_mae"": 0.0291}, {""missing_rate"": 0.9, ""test_mae"": 0.0335}], ""test_mae_mean"": 0.02061, ""test_mae_max"": 0.0335, ""test_mae_min"": 0.0121, ""test_mae"": 0.0335, ""missing_rate"": 0.9}",experiments/logs/seed58_mlp_baseline.log,Process exited with code 1,,15.820565700531006,"0.0,0.1,0.2,0.3,0.4,0.5,0.6,0.7,0.8,0.9","0.0,0.1,0.2,0.3,0.4,0.5,0.6,0.7,0.8,0.9",20260308_023704,experiments/runs/20260308_023704
seed58_mlp_mim,58,mlp,mim,completed,2026-03-08 02:37:04,,2026-03-08 03:25:49,"{""mr_results"": [{""missing_rate"": 0.0, ""test_mae"": 0.0066}, {""missing_rate"": 0.1, ""test_mae"": 0.0067}, {""missing_rate"": 0.2, ""test_mae"": 0.0067}, {""missing_rate"": 0.3, ""test_mae"": 0.0068}, {""missing_rate"": 0.4, ""test_mae"": 0.0071}, {""missing_rate"": 0.5, ""test_mae"": 0.0078}, {""missing_rate"": 0.6, ""test_mae"": 0.0088}, {""missing_rate"": 0.7, ""test_mae"": 0.0104}, {""missing_rate"": 0.8, ""test_mae"": 0.0131}, {""missing_rate"": 0.9, ""test_mae"": 0.022}], ""test_mae_mean"": 0.009600000000000001, ""test_mae_max"": 0.022, ""test_mae_min"": 0.0066, ""test_mae"": 0.022, ""missing_rate"": 0.9}",experiments/logs/seed58_mlp_mim.log,,,54.93631410598755,"0.0,0.1,0.2,0.3,0.4,0.5,0.6,0.7,0.8,0.9","0.0,0.1,0.2,0.3,0.4,0.5,0.6,0.7,0.8,0.9",20260308_023704,experiments/runs/20260308_023704
seed58_lstm_baseline,58,lstm,baseline,completed,2026-03-08 02:37:04,,2026-03-08 03:25:15,"{""mr_results"": [{""missing_rate"": 0.0, ""test_mae"": 0.0072}, {""missing_rate"": 0.1, ""test_mae"": 0.0075}, {""missing_rate"": 0.2, ""test_mae"": 0.0077}, {""missing_rate"": 0.3, ""test_mae"": 0.0083}, {""missing_rate"": 0.4, ""test_mae"": 0.0111}, {""missing_rate"": 0.5, ""test_mae"": 0.0166}, {""missing_rate"": 0.6, ""test_mae"": 0.0262}, {""missing_rate"": 0.7, ""test_mae"": 0.0372}, {""missing_rate"": 0.8, ""test_mae"": 0.0529}, {""missing_rate"": 0.9, ""test_mae"": 0.0709}], ""test_mae_mean"": 0.024560000000000002, ""test_mae_max"": 0.0709, ""test_mae_min"": 0.0072, ""test_mae"": 0.0709, ""missing_rate"": 0.9}",experiments/logs/seed58_lstm_baseline.log,,,20.48053526878357,"0.0,0.1,0.2,0.3,0.4,0.5,0.6,0.7,0.8,0.9","0.0,0.1,0.2,0.3,0.4,0.5,0.6,0.7,0.8,0.9",20260308_023704,experiments/runs/20260308_023704
seed58_lstm_mim,58,lstm,mim,completed,2026-03-08 02:37:04,,2026-03-08 03:27:11,"{""mr_results"": [{""missing_rate"": 0.0, ""test_mae"": 0.0088}, {""missing_rate"": 0.1, ""test_mae"": 0.0089}, {""missing_rate"": 0.2, ""test_mae"": 0.0089}, {""missing_rate"": 0.3, ""test_mae"": 0.009}, {""missing_rate"": 0.4, ""test_mae"": 0.0092}, {""missing_rate"": 0.5, ""test_mae"": 0.0096}, {""missing_rate"": 0.6, ""test_mae"": 0.0099}, {""missing_rate"": 0.7, ""test_mae"": 0.0109}, {""missing_rate"": 0.8, ""test_mae"": 0.0137}, {""missing_rate"": 0.9, ""test_mae"": 0.0212}], ""test_mae_mean"": 0.01101, ""test_mae_max"": 0.0212, ""test_mae_min"": 0.0088, ""test_mae"": 0.0212, ""missing_rate"": 0.9}",experiments/logs/seed58_lstm_mim.log,Process exited with code 1,,75.73623871803284,"0.0,0.1,0.2,0.3,0.4,0.5,0.6,0.7,0.8,0.9","0.0,0.1,0.2,0.3,0.4,0.5,0.6,0.7,0.8,0.9",20260308_023704,experiments/runs/20260308_023704
seed58_gru_baseline,58,gru,baseline,completed,2026-03-08 02:37:04,,2026-03-08 03:28:56,"{""mr_results"": [{""missing_rate"": 0.0, ""test_mae"": 0.007}, {""missing_rate"": 0.1, ""test_mae"": 0.0085}, {""missing_rate"": 0.2, ""test_mae"": 0.0104}, {""missing_rate"": 0.3, ""test_mae"": 0.0129}, {""missing_rate"": 0.4, ""test_mae"": 0.0157}, {""missing_rate"": 0.5, ""test_mae"": 0.0189}, {""missing_rate"": 0.6, ""test_mae"": 0.0224}, {""missing_rate"": 0.7, ""test_mae"": 0.0261}, {""missing_rate"": 0.8, ""test_mae"": 0.0303}, {""missing_rate"": 0.9, ""test_mae"": 0.0338}], ""test_mae_mean"": 0.0186, ""test_mae_max"": 0.0338, ""test_mae_min"": 0.007, ""test_mae"": 0.0338, ""missing_rate"": 0.9}",experiments/logs/seed58_gru_baseline.log,Process exited with code 1,,18.010826587677002,"0.0,0.1,0.2,0.3,0.4,0.5,0.6,0.7,0.8,0.9","0.0,0.1,0.2,0.3,0.4,0.5,0.6,0.7,0.8,0.9",20260308_023704,experiments/runs/20260308_023704
seed58_gru_mim,58,gru,mim,completed,2026-03-08 02:37:04,,2026-03-08 03:29:08,"{""mr_results"": [{""missing_rate"": 0.0, ""test_mae"": 0.0041}, {""missing_rate"": 0.1, ""test_mae"": 0.0048}, {""missing_rate"": 0.2, ""test_mae"": 0.0054}, {""missing_rate"": 0.3, ""test_mae"": 0.0059}, {""missing_rate"": 0.4, ""test_mae"": 0.0065}, {""missing_rate"": 0.5, ""test_mae"": 0.0071}, {""missing_rate"": 0.6, ""test_mae"": 0.0077}, {""missing_rate"": 0.7, ""test_mae"": 0.0094}, {""missing_rate"": 0.8, ""test_mae"": 0.0133}, {""missing_rate"": 0.9, ""test_mae"": 0.0231}], ""test_mae_mean"": 0.00873, ""test_mae_max"": 0.0231, ""test_mae_min"": 0.0041, ""test_mae"": 0.0231, ""missing_rate"": 0.9}",experiments/logs/seed58_gru_mim.log,Process exited with code 1,,29.990883827209473,"0.0,0.1,0.2,0.3,0.4,0.5,0.6,0.7,0.8,0.9","0.0,0.1,0.2,0.3,0.4,0.5,0.6,0.7,0.8,0.9",20260308_023704,experiments/runs/20260308_023704
seed58_cnn1d_baseline,58,cnn1d,baseline,completed,2026-03-08 02:37:04,,2026-03-08 03:27:35,"{""mr_results"": [{""missing_rate"": 0.0, ""test_mae"": 0.0291}, {""missing_rate"": 0.1, ""test_mae"": 0.0482}, {""missing_rate"": 0.2, ""test_mae"": 0.0622}, {""missing_rate"": 0.3, ""test_mae"": 0.0692}, {""missing_rate"": 0.4, ""test_mae"": 0.0725}, {""missing_rate"": 0.5, ""test_mae"": 0.0786}, {""missing_rate"": 0.6, ""test_mae"": 0.0857}, {""missing_rate"": 0.7, ""test_mae"": 0.092}, {""missing_rate"": 0.8, ""test_mae"": 0.0975}, {""missing_rate"": 0.9, ""test_mae"": 0.1127}], ""test_mae_mean"": 0.07477, ""test_mae_max"": 0.1127, ""test_mae_min"": 0.0291, ""test_mae"": 0.1127, ""missing_rate"": 0.9}",experiments/logs/seed58_cnn1d_baseline.log,,,21.48151445388794,"0.0,0.1,0.2,0.3,0.4,0.5,0.6,0.7,0.8,0.9","0.0,0.1,0.2,0.3,0.4,0.5,0.6,0.7,0.8,0.9",20260308_023704,experiments/runs/20260308_023704
seed58_cnn1d_mim,58,cnn1d,mim,completed,2026-03-08 02:37:04,,2026-03-08 03:28:32,"{""mr_results"": [{""missing_rate"": 0.0, ""test_mae"": 0.0073}, {""missing_rate"": 0.1, ""test_mae"": 0.0078}, {""missing_rate"": 0.2, ""test_mae"": 0.0077}, {""missing_rate"": 0.3, ""test_mae"": 0.0078}, {""missing_rate"": 0.4, ""test_mae"": 0.008}, {""missing_rate"": 0.5, ""test_mae"": 0.0082}, {""missing_rate"": 0.6, ""test_mae"": 0.0086}, {""missing_rate"": 0.7, ""test_mae"": 0.0101}, {""missing_rate"": 0.8, ""test_mae"": 0.0138}, {""missing_rate"": 0.9, ""test_mae"": 0.0223}], ""test_mae_mean"": 0.010159999999999999, ""test_mae_max"": 0.0223, ""test_mae_min"": 0.0073, ""test_mae"": 0.0223, ""missing_rate"": 0.9}",experiments/logs/seed58_cnn1d_mim.log,,,78.97859525680542,"0.0,0.1,0.2,0.3,0.4,0.5,0.6,0.7,0.8,0.9","0.0,0.1,0.2,0.3,0.4,0.5,0.6,0.7,0.8,0.9",20260308_023704,experiments/runs/20260308_023704
seed59_mlp_baseline,59,mlp,baseline,completed,2026-03-08 02:37:04,,2026-03-08 03:29:28,"{""mr_results"": [{""missing_rate"": 0.0, ""test_mae"": 0.0174}, {""missing_rate"": 0.1, ""test_mae"": 0.0177}, {""missing_rate"": 0.2, ""test_mae"": 0.0185}, {""missing_rate"": 0.3, ""test_mae"": 0.0196}, {""missing_rate"": 0.4, ""test_mae"": 0.0218}, {""missing_rate"": 0.5, ""test_mae"": 0.0239}, {""missing_rate"": 0.6, ""test_mae"": 0.0268}, {""missing_rate"": 0.7, ""test_mae"": 0.029}, {""missing_rate"": 0.8, ""test_mae"": 0.0313}, {""missing_rate"": 0.9, ""test_mae"": 0.035}], ""test_mae_mean"": 0.0241, ""test_mae_max"": 0.035, ""test_mae_min"": 0.0174, ""test_mae"": 0.035, ""missing_rate"": 0.9}",experiments/logs/seed59_mlp_baseline.log,,,18.13932728767395,"0.0,0.1,0.2,0.3,0.4,0.5,0.6,0.7,0.8,0.9","0.0,0.1,0.2,0.3,0.4,0.5,0.6,0.7,0.8,0.9",20260308_023704,experiments/runs/20260308_023704
seed59_mlp_mim,59,mlp,mim,completed,2026-03-08 02:37:04,,2026-03-08 03:30:08,"{""mr_results"": [{""missing_rate"": 0.0, ""test_mae"": 0.007}, {""missing_rate"": 0.1, ""test_mae"": 0.0071}, {""missing_rate"": 0.2, ""test_mae"": 0.0073}, {""missing_rate"": 0.3, ""test_mae"": 0.0076}, {""missing_rate"": 0.4, ""test_mae"": 0.0082}, {""missing_rate"": 0.5, ""test_mae"": 0.0092}, {""missing_rate"": 0.6, ""test_mae"": 0.0103}, {""missing_rate"": 0.7, ""test_mae"": 0.0117}, {""missing_rate"": 0.8, ""test_mae"": 0.0147}, {""missing_rate"": 0.9, ""test_mae"": 0.0232}], ""test_mae_mean"": 0.01063, ""test_mae_max"": 0.0232, ""test_mae_min"": 0.007, ""test_mae"": 0.0232, ""missing_rate"": 0.9}",experiments/logs/seed59_mlp_mim.log,,,58.1887264251709,"0.0,0.1,0.2,0.3,0.4,0.5,0.6,0.7,0.8,0.9","0.0,0.1,0.2,0.3,0.4,0.5,0.6,0.7,0.8,0.9",20260308_023704,experiments/runs/20260308_023704
seed59_lstm_baseline,59,lstm,baseline,completed,2026-03-08 02:37:04,,2026-03-08 03:29:31,"{""mr_results"": [{""missing_rate"": 0.0, ""test_mae"": 0.0065}, {""missing_rate"": 0.1, ""test_mae"": 0.0073}, {""missing_rate"": 0.2, ""test_mae"": 0.0085}, {""missing_rate"": 0.3, ""test_mae"": 0.0098}, {""missing_rate"": 0.4, ""test_mae"": 0.0121}, {""missing_rate"": 0.5, ""test_mae"": 0.0144}, {""missing_rate"": 0.6, ""test_mae"": 0.0176}, {""missing_rate"": 0.7, ""test_mae"": 0.0216}, {""missing_rate"": 0.8, ""test_mae"": 0.0273}, {""missing_rate"": 0.9, ""test_mae"": 0.036}], ""test_mae_mean"": 0.01611, ""test_mae_max"": 0.036, ""test_mae_min"": 0.0065, ""test_mae"": 0.036, ""missing_rate"": 0.9}",experiments/logs/seed59_lstm_baseline.log,,,21.17738699913025,"0.0,0.1,0.2,0.3,0.4,0.5,0.6,0.7,0.8,0.9","0.0,0.1,0.2,0.3,0.4,0.5,0.6,0.7,0.8,0.9",20260308_023704,experiments/runs/20260308_023704
seed59_lstm_mim,59,lstm,mim,completed,2026-03-08 02:37:04,,2026-03-08 03:29:58,"{""mr_results"": [{""missing_rate"": 0.0, ""test_mae"": 0.0061}, {""missing_rate"": 0.1, ""test_mae"": 0.0063}, {""missing_rate"": 0.2, ""test_mae"": 0.0065}, {""missing_rate"": 0.3, ""test_mae"": 0.0068}, {""missing_rate"": 0.4, ""test_mae"": 0.0072}, {""missing_rate"": 0.5, ""test_mae"": 0.0076}, {""missing_rate"": 0.6, ""test_mae"": 0.0081}, {""missing_rate"": 0.7, ""test_mae"": 0.0094}, {""missing_rate"": 0.8, ""test_mae"": 0.012}, {""missing_rate"": 0.9, ""test_mae"": 0.0203}], ""test_mae_mean"": 0.00903, ""test_mae_max"": 0.0203, ""test_mae_min"": 0.0061, ""test_mae"": 0.0203, ""missing_rate"": 0.9}",experiments/logs/seed59_lstm_mim.log,,,48.41484975814819,"0.0,0.1,0.2,0.3,0.4,0.5,0.6,0.7,0.8,0.9","0.0,0.1,0.2,0.3,0.4,0.5,0.6,0.7,0.8,0.9",20260308_023704,experiments/runs/20260308_023704
seed59_gru_baseline,59,gru,baseline,completed,2026-03-08 02:37:04,,2026-03-08 03:30:27,"{""mr_results"": [{""missing_rate"": 0.0, ""test_mae"": 0.0076}, {""missing_rate"": 0.1, ""test_mae"": 0.0096}, {""missing_rate"": 0.2, ""test_mae"": 0.0124}, {""missing_rate"": 0.3, ""test_mae"": 0.0153}, {""missing_rate"": 0.4, ""test_mae"": 0.0186}, {""missing_rate"": 0.5, ""test_mae"": 0.0216}, {""missing_rate"": 0.6, ""test_mae"": 0.0251}, {""missing_rate"": 0.7, ""test_mae"": 0.0284}, {""missing_rate"": 0.8, ""test_mae"": 0.0319}, {""missing_rate"": 0.9, ""test_mae"": 0.0353}], ""test_mae_mean"": 0.020579999999999998, ""test_mae_max"": 0.0353, ""test_mae_min"": 0.0076, ""test_mae"": 0.0353, ""missing_rate"": 0.9}",experiments/logs/seed59_gru_baseline.log,,,16.953314065933228,"0.0,0.1,0.2,0.3,0.4,0.5,0.6,0.7,0.8,0.9","0.0,0.1,0.2,0.3,0.4,0.5,0.6,0.7,0.8,0.9",20260308_023704,experiments/runs/20260308_023704
seed59_gru_mim,59,gru,mim,completed,2026-03-08 02:37:04,,2026-03-08 03:30:43,"{""mr_results"": [{""missing_rate"": 0.0, ""test_mae"": 0.0105}, {""missing_rate"": 0.1, ""test_mae"": 0.0104}, {""missing_rate"": 0.2, ""test_mae"": 0.0104}, {""missing_rate"": 0.3, ""test_mae"": 0.0103}, {""missing_rate"": 0.4, ""test_mae"": 0.0104}, {""missing_rate"": 0.5, ""test_mae"": 0.0109}, {""missing_rate"": 0.6, ""test_mae"": 0.0117}, {""missing_rate"": 0.7, ""test_mae"": 0.0137}, {""missing_rate"": 0.8, ""test_mae"": 0.0187}, {""missing_rate"": 0.9, ""test_mae"": 0.0296}], ""test_mae_mean"": 0.01366, ""test_mae_max"": 0.0296, ""test_mae_min"": 0.0103, ""test_mae"": 0.0296, ""missing_rate"": 0.9}",experiments/logs/seed59_gru_mim.log,,,32.592697620391846,"0.0,0.1,0.2,0.3,0.4,0.5,0.6,0.7,0.8,0.9","0.0,0.1,0.2,0.3,0.4,0.5,0.6,0.7,0.8,0.9",20260308_023704,experiments/runs/20260308_023704
seed59_cnn1d_baseline,59,cnn1d,baseline,completed,2026-03-08 02:37:04,,2026-03-08 03:30:32,"{""mr_results"": [{""missing_rate"": 0.0, ""test_mae"": 0.0332}, {""missing_rate"": 0.1, ""test_mae"": 0.0465}, {""missing_rate"": 0.2, ""test_mae"": 0.0557}, {""missing_rate"": 0.3, ""test_mae"": 0.0602}, {""missing_rate"": 0.4, ""test_mae"": 0.0623}, {""missing_rate"": 0.5, ""test_mae"": 0.0672}, {""missing_rate"": 0.6, ""test_mae"": 0.0701}, {""missing_rate"": 0.7, ""test_mae"": 0.0734}, {""missing_rate"": 0.8, ""test_mae"": 0.0774}, {""missing_rate"": 0.9, ""test_mae"": 0.0885}], ""test_mae_mean"": 0.06344999999999999, ""test_mae_max"": 0.0885, ""test_mae_min"": 0.0332, ""test_mae"": 0.0885, ""missing_rate"": 0.9}",experiments/logs/seed59_cnn1d_baseline.log,,,22.018812656402588,"0.0,0.1,0.2,0.3,0.4,0.5,0.6,0.7,0.8,0.9","0.0,0.1,0.2,0.3,0.4,0.5,0.6,0.7,0.8,0.9",20260308_023704,experiments/runs/20260308_023704
seed59_cnn1d_mim,59,cnn1d,mim,completed,2026-03-08 02:37:04,,2026-03-08 03:31:48,"{""mr_results"": [{""missing_rate"": 0.0, ""test_mae"": 0.0073}, {""missing_rate"": 0.1, ""test_mae"": 0.0074}, {""missing_rate"": 0.2, ""test_mae"": 0.0073}, {""missing_rate"": 0.3, ""test_mae"": 0.0072}, {""missing_rate"": 0.4, ""test_mae"": 0.0073}, {""missing_rate"": 0.5, ""test_mae"": 0.0075}, {""missing_rate"": 0.6, ""test_mae"": 0.008}, {""missing_rate"": 0.7, ""test_mae"": 0.0093}, {""missing_rate"": 0.8, ""test_mae"": 0.0123}, {""missing_rate"": 0.9, ""test_mae"": 0.0204}], ""test_mae_mean"": 0.0094, ""test_mae_max"": 0.0204, ""test_mae_min"": 0.0072, ""test_mae"": 0.0204, ""missing_rate"": 0.9}",experiments/logs/seed59_cnn1d_mim.log,Process exited with code 1,,58.814624071121216,"0.0,0.1,0.2,0.3,0.4,0.5,0.6,0.7,0.8,0.9","0.0,0.1,0.2,0.3,0.4,0.5,0.6,0.7,0.8,0.9",20260308_023704,experiments/runs/20260308_023704
seed60_mlp_baseline,60,mlp,baseline,completed,2026-03-08 02:37:04,,2026-03-08 03:32:07,"{""mr_results"": [{""missing_rate"": 0.0, ""test_mae"": 0.0176}, {""missing_rate"": 0.1, ""test_mae"": 0.0181}, {""missing_rate"": 0.2, ""test_mae"": 0.0191}, {""missing_rate"": 0.3, ""test_mae"": 0.0207}, {""missing_rate"": 0.4, ""test_mae"": 0.0235}, {""missing_rate"": 0.5, ""test_mae"": 0.0259}, {""missing_rate"": 0.6, ""test_mae"": 0.0287}, {""missing_rate"": 0.7, ""test_mae"": 0.0304}, {""missing_rate"": 0.8, ""test_mae"": 0.0319}, {""missing_rate"": 0.9, ""test_mae"": 0.0355}], ""test_mae_mean"": 0.025140000000000003, ""test_mae_max"": 0.0355, ""test_mae_min"": 0.0176, ""test_mae"": 0.0355, ""missing_rate"": 0.9}",experiments/logs/seed60_mlp_baseline.log,,,16.91448450088501,"0.0,0.1,0.2,0.3,0.4,0.5,0.6,0.7,0.8,0.9","0.0,0.1,0.2,0.3,0.4,0.5,0.6,0.7,0.8,0.9",20260308_023704,experiments/runs/20260308_023704
seed60_mlp_mim,60,mlp,mim,completed,2026-03-08 02:37:04,,2026-03-08 03:32:48,"{""mr_results"": [{""missing_rate"": 0.0, ""test_mae"": 0.0059}, {""missing_rate"": 0.1, ""test_mae"": 0.0062}, {""missing_rate"": 0.2, ""test_mae"": 0.0064}, {""missing_rate"": 0.3, ""test_mae"": 0.0065}, {""missing_rate"": 0.4, ""test_mae"": 0.0071}, {""missing_rate"": 0.5, ""test_mae"": 0.0078}, {""missing_rate"": 0.6, ""test_mae"": 0.0089}, {""missing_rate"": 0.7, ""test_mae"": 0.0109}, {""missing_rate"": 0.8, ""test_mae"": 0.0135}, {""missing_rate"": 0.9, ""test_mae"": 0.0226}], ""test_mae_mean"": 0.00958, ""test_mae_max"": 0.0226, ""test_mae_min"": 0.0059, ""test_mae"": 0.0226, ""missing_rate"": 0.9}",experiments/logs/seed60_mlp_mim.log,,,58.57930326461792,"0.0,0.1,0.2,0.3,0.4,0.5,0.6,0.7,0.8,0.9","0.0,0.1,0.2,0.3,0.4,0.5,0.6,0.7,0.8,0.9",20260308_023704,experiments/runs/20260308_023704
seed60_lstm_baseline,60,lstm,baseline,completed,2026-03-08 02:37:04,,2026-03-08 03:32:11,"{""mr_results"": [{""missing_rate"": 0.0, ""test_mae"": 0.0061}, {""missing_rate"": 0.1, ""test_mae"": 0.0066}, {""missing_rate"": 0.2, ""test_mae"": 0.0078}, {""missing_rate"": 0.3, ""test_mae"": 0.0099}, {""missing_rate"": 0.4, ""test_mae"": 0.0133}, {""missing_rate"": 0.5, ""test_mae"": 0.0188}, {""missing_rate"": 0.6, ""test_mae"": 0.0267}, {""missing_rate"": 0.7, ""test_mae"": 0.035}, {""missing_rate"": 0.8, ""test_mae"": 0.042}, {""missing_rate"": 0.9, ""test_mae"": 0.0534}], ""test_mae_mean"": 0.02196, ""test_mae_max"": 0.0534, ""test_mae_min"": 0.0061, ""test_mae"": 0.0534, ""missing_rate"": 0.9}",experiments/logs/seed60_lstm_baseline.log,,,21.774505138397217,"0.0,0.1,0.2,0.3,0.4,0.5,0.6,0.7,0.8,0.9","0.0,0.1,0.2,0.3,0.4,0.5,0.6,0.7,0.8,0.9",20260308_023704,experiments/runs/20260308_023704
seed60_lstm_mim,60,lstm,mim,completed,2026-03-08 02:37:04,,2026-03-08 03:33:02,"{""mr_results"": [{""missing_rate"": 0.0, ""test_mae"": 0.0067}, {""missing_rate"": 0.1, ""test_mae"": 0.0064}, {""missing_rate"": 0.2, ""test_mae"": 0.0062}, {""missing_rate"": 0.3, ""test_mae"": 0.0062}, {""missing_rate"": 0.4, ""test_mae"": 0.0065}, {""missing_rate"": 0.5, ""test_mae"": 0.007}, {""missing_rate"": 0.6, ""test_mae"": 0.0076}, {""missing_rate"": 0.7, ""test_mae"": 0.0092}, {""missing_rate"": 0.8, ""test_mae"": 0.0127}, {""missing_rate"": 0.9, ""test_mae"": 0.0227}], ""test_mae_mean"": 0.00912, ""test_mae_max"": 0.0227, ""test_mae_min"": 0.0062, ""test_mae"": 0.0227, ""missing_rate"": 0.9}",experiments/logs/seed60_lstm_mim.log,,,72.30752301216125,"0.0,0.1,0.2,0.3,0.4,0.5,0.6,0.7,0.8,0.9","0.0,0.1,0.2,0.3,0.4,0.5,0.6,0.7,0.8,0.9",20260308_023704,experiments/runs/20260308_023704
seed60_gru_baseline,60,gru,baseline,completed,2026-03-08 02:37:04,,2026-03-08 03:33:51,"{""mr_results"": [{""missing_rate"": 0.0, ""test_mae"": 0.0052}, {""missing_rate"": 0.1, ""test_mae"": 0.0097}, {""missing_rate"": 0.2, ""test_mae"": 0.0131}, {""missing_rate"": 0.3, ""test_mae"": 0.0167}, {""missing_rate"": 0.4, ""test_mae"": 0.0201}, {""missing_rate"": 0.5, ""test_mae"": 0.023}, {""missing_rate"": 0.6, ""test_mae"": 0.0264}, {""missing_rate"": 0.7, ""test_mae"": 0.0282}, {""missing_rate"": 0.8, ""test_mae"": 0.0315}, {""missing_rate"": 0.9, ""test_mae"": 0.0351}], ""test_mae_mean"": 0.0209, ""test_mae_max"": 0.0351, ""test_mae_min"": 0.0052, ""test_mae"": 0.0351, ""missing_rate"": 0.9}",experiments/logs/seed60_gru_baseline.log,Process exited with code 1,,11.903863668441772,"0.0,0.1,0.2,0.3,0.4,0.5,0.6,0.7,0.8,0.9","0.0,0.1,0.2,0.3,0.4,0.5,0.6,0.7,0.8,0.9",20260308_023704,experiments/runs/20260308_023704
seed60_gru_mim,60,gru,mim,completed,2026-03-08 02:37:04,,2026-03-08 03:33:33,"{""mr_results"": [{""missing_rate"": 0.0, ""test_mae"": 0.0065}, {""missing_rate"": 0.1, ""test_mae"": 0.0069}, {""missing_rate"": 0.2, ""test_mae"": 0.0073}, {""missing_rate"": 0.3, ""test_mae"": 0.0077}, {""missing_rate"": 0.4, ""test_mae"": 0.0081}, {""missing_rate"": 0.5, ""test_mae"": 0.0085}, {""missing_rate"": 0.6, ""test_mae"": 0.0091}, {""missing_rate"": 0.7, ""test_mae"": 0.0106}, {""missing_rate"": 0.8, ""test_mae"": 0.0144}, {""missing_rate"": 0.9, ""test_mae"": 0.023}], ""test_mae_mean"": 0.01021, ""test_mae_max"": 0.023, ""test_mae_min"": 0.0065, ""test_mae"": 0.023, ""missing_rate"": 0.9}",experiments/logs/seed60_gru_mim.log,,,29.173231840133667,"0.0,0.1,0.2,0.3,0.4,0.5,0.6,0.7,0.8,0.9","0.0,0.1,0.2,0.3,0.4,0.5,0.6,0.7,0.8,0.9",20260308_023704,experiments/runs/20260308_023704
seed60_cnn1d_baseline,60,cnn1d,baseline,completed,2026-03-08 02:37:04,,2026-03-08 03:33:25,"{""mr_results"": [{""missing_rate"": 0.0, ""test_mae"": 0.0183}, {""missing_rate"": 0.1, ""test_mae"": 0.0328}, {""missing_rate"": 0.2, ""test_mae"": 0.0421}, {""missing_rate"": 0.3, ""test_mae"": 0.0461}, {""missing_rate"": 0.4, ""test_mae"": 0.0504}, {""missing_rate"": 0.5, ""test_mae"": 0.0559}, {""missing_rate"": 0.6, ""test_mae"": 0.0632}, {""missing_rate"": 0.7, ""test_mae"": 0.0699}, {""missing_rate"": 0.8, ""test_mae"": 0.0747}, {""missing_rate"": 0.9, ""test_mae"": 0.0875}], ""test_mae_mean"": 0.054090000000000006, ""test_mae_max"": 0.0875, ""test_mae_min"": 0.0183, ""test_mae"": 0.0875, ""missing_rate"": 0.9}",experiments/logs/seed60_cnn1d_baseline.log,,,20.638609647750854,"0.0,0.1,0.2,0.3,0.4,0.5,0.6,0.7,0.8,0.9","0.0,0.1,0.2,0.3,0.4,0.5,0.6,0.7,0.8,0.9",20260308_023704,experiments/runs/20260308_023704
seed60_cnn1d_mim,60,cnn1d,mim,completed,2026-03-08 02:37:04,,2026-03-08 03:35:12,"{""mr_results"": [{""missing_rate"": 0.0, ""test_mae"": 0.006}, {""missing_rate"": 0.1, ""test_mae"": 0.0062}, {""missing_rate"": 0.2, ""test_mae"": 0.0062}, {""missing_rate"": 0.3, ""test_mae"": 0.0065}, {""missing_rate"": 0.4, ""test_mae"": 0.0068}, {""missing_rate"": 0.5, ""test_mae"": 0.0075}, {""missing_rate"": 0.6, ""test_mae"": 0.0084}, {""missing_rate"": 0.7, ""test_mae"": 0.0096}, {""missing_rate"": 0.8, ""test_mae"": 0.0129}, {""missing_rate"": 0.9, ""test_mae"": 0.0219}], ""test_mae_mean"": 0.0092, ""test_mae_max"": 0.0219, ""test_mae_min"": 0.006, ""test_mae"": 0.0219, ""missing_rate"": 0.9}",experiments/logs/seed60_cnn1d_mim.log,Process exited with code 1,,92.76401901245117,"0.0,0.1,0.2,0.3,0.4,0.5,0.6,0.7,0.8,0.9","0.0,0.1,0.2,0.3,0.4,0.5,0.6,0.7,0.8,0.9",20260308_023704,experiments/runs/20260308_023704
seed61_mlp_baseline,61,mlp,baseline,completed,2026-03-08 02:37:04,,2026-03-08 03:35:35,"{""mr_results"": [{""missing_rate"": 0.0, ""test_mae"": 0.0094}, {""missing_rate"": 0.1, ""test_mae"": 0.0112}, {""missing_rate"": 0.2, ""test_mae"": 0.013}, {""missing_rate"": 0.3, ""test_mae"": 0.015}, {""missing_rate"": 0.4, ""test_mae"": 0.0174}, {""missing_rate"": 0.5, ""test_mae"": 0.0198}, {""missing_rate"": 0.6, ""test_mae"": 0.0227}, {""missing_rate"": 0.7, ""test_mae"": 0.0261}, {""missing_rate"": 0.8, ""test_mae"": 0.0292}, {""missing_rate"": 0.9, ""test_mae"": 0.0338}], ""test_mae_mean"": 0.01976, ""test_mae_max"": 0.0338, ""test_mae_min"": 0.0094, ""test_mae"": 0.0338, ""missing_rate"": 0.9}",experiments/logs/seed61_mlp_baseline.log,,,20.656498193740845,"0.0,0.1,0.2,0.3,0.4,0.5,0.6,0.7,0.8,0.9","0.0,0.1,0.2,0.3,0.4,0.5,0.6,0.7,0.8,0.9",20260308_023704,experiments/runs/20260308_023704
seed61_mlp_mim,61,mlp,mim,completed,2026-03-08 02:37:04,,2026-03-08 03:36:07,"{""mr_results"": [{""missing_rate"": 0.0, ""test_mae"": 0.0056}, {""missing_rate"": 0.1, ""test_mae"": 0.0062}, {""missing_rate"": 0.2, ""test_mae"": 0.0066}, {""missing_rate"": 0.3, ""test_mae"": 0.007}, {""missing_rate"": 0.4, ""test_mae"": 0.0075}, {""missing_rate"": 0.5, ""test_mae"": 0.0085}, {""missing_rate"": 0.6, ""test_mae"": 0.0098}, {""missing_rate"": 0.7, ""test_mae"": 0.0113}, {""missing_rate"": 0.8, ""test_mae"": 0.014}, {""missing_rate"": 0.9, ""test_mae"": 0.0225}], ""test_mae_mean"": 0.0099, ""test_mae_max"": 0.0225, ""test_mae_min"": 0.0056, ""test_mae"": 0.0225, ""missing_rate"": 0.9}",experiments/logs/seed61_mlp_mim.log,,,53.23048686981201,"0.0,0.1,0.2,0.3,0.4,0.5,0.6,0.7,0.8,0.9","0.0,0.1,0.2,0.3,0.4,0.5,0.6,0.7,0.8,0.9",20260308_023704,experiments/runs/20260308_023704
seed61_lstm_baseline,61,lstm,baseline,completed,2026-03-08 02:37:04,,2026-03-08 03:36:28,"{""mr_results"": [{""missing_rate"": 0.0, ""test_mae"": 0.0084}, {""missing_rate"": 0.1, ""test_mae"": 0.0086}, {""missing_rate"": 0.2, ""test_mae"": 0.01}, {""missing_rate"": 0.3, ""test_mae"": 0.0124}, {""missing_rate"": 0.4, ""test_mae"": 0.0169}, {""missing_rate"": 0.5, ""test_mae"": 0.0241}, {""missing_rate"": 0.6, ""test_mae"": 0.033}, {""missing_rate"": 0.7, ""test_mae"": 0.0405}, {""missing_rate"": 0.8, ""test_mae"": 0.0481}, {""missing_rate"": 0.9, ""test_mae"": 0.0583}], ""test_mae_mean"": 0.026029999999999998, ""test_mae_max"": 0.0583, ""test_mae_min"": 0.0084, ""test_mae"": 0.0583, ""missing_rate"": 0.9}",experiments/logs/seed61_lstm_baseline.log,Process exited with code 1,,14.969074487686157,"0.0,0.1,0.2,0.3,0.4,0.5,0.6,0.7,0.8,0.9","0.0,0.1,0.2,0.3,0.4,0.5,0.6,0.7,0.8,0.9",20260308_023704,experiments/runs/20260308_023704
seed61_lstm_mim,61,lstm,mim,completed,2026-03-08 02:37:04,,2026-03-08 03:37:16,"{""mr_results"": [{""missing_rate"": 0.0, ""test_mae"": 0.0059}, {""missing_rate"": 0.1, ""test_mae"": 0.0058}, {""missing_rate"": 0.2, ""test_mae"": 0.0058}, {""missing_rate"": 0.3, ""test_mae"": 0.006}, {""missing_rate"": 0.4, ""test_mae"": 0.0064}, {""missing_rate"": 0.5, ""test_mae"": 0.0071}, {""missing_rate"": 0.6, ""test_mae"": 0.0078}, {""missing_rate"": 0.7, ""test_mae"": 0.0095}, {""missing_rate"": 0.8, ""test_mae"": 0.0131}, {""missing_rate"": 0.9, ""test_mae"": 0.0217}], ""test_mae_mean"": 0.00891, ""test_mae_max"": 0.0217, ""test_mae_min"": 0.0058, ""test_mae"": 0.0217, ""missing_rate"": 0.9}",experiments/logs/seed61_lstm_mim.log,Process exited with code 1,,63.14102482795715,"0.0,0.1,0.2,0.3,0.4,0.5,0.6,0.7,0.8,0.9","0.0,0.1,0.2,0.3,0.4,0.5,0.6,0.7,0.8,0.9",20260308_023704,experiments/runs/20260308_023704
seed61_gru_baseline,61,gru,baseline,completed,2026-03-08 02:37:04,,2026-03-08 03:37:31,"{""mr_results"": [{""missing_rate"": 0.0, ""test_mae"": 0.0081}, {""missing_rate"": 0.1, ""test_mae"": 0.01}, {""missing_rate"": 0.2, ""test_mae"": 0.0113}, {""missing_rate"": 0.3, ""test_mae"": 0.0137}, {""missing_rate"": 0.4, ""test_mae"": 0.0164}, {""missing_rate"": 0.5, ""test_mae"": 0.0191}, {""missing_rate"": 0.6, ""test_mae"": 0.0223}, {""missing_rate"": 0.7, ""test_mae"": 0.0253}, {""missing_rate"": 0.8, ""test_mae"": 0.0291}, {""missing_rate"": 0.9, ""test_mae"": 0.0329}], ""test_mae_mean"": 0.01882, ""test_mae_max"": 0.0329, ""test_mae_min"": 0.0081, ""test_mae"": 0.0329, ""missing_rate"": 0.9}",experiments/logs/seed61_gru_baseline.log,,,12.641065120697021,"0.0,0.1,0.2,0.3,0.4,0.5,0.6,0.7,0.8,0.9","0.0,0.1,0.2,0.3,0.4,0.5,0.6,0.7,0.8,0.9",20260308_023704,experiments/runs/20260308_023704
seed61_gru_mim,61,gru,mim,completed,2026-03-08 02:37:04,,2026-03-08 03:38:57,"{""mr_results"": [{""missing_rate"": 0.0, ""test_mae"": 0.0055}, {""missing_rate"": 0.1, ""test_mae"": 0.0058}, {""missing_rate"": 0.2, ""test_mae"": 0.006}, {""missing_rate"": 0.3, ""test_mae"": 0.0062}, {""missing_rate"": 0.4, ""test_mae"": 0.0065}, {""missing_rate"": 0.5, ""test_mae"": 0.0067}, {""missing_rate"": 0.6, ""test_mae"": 0.0069}, {""missing_rate"": 0.7, ""test_mae"": 0.008}, {""missing_rate"": 0.8, ""test_mae"": 0.0113}, {""missing_rate"": 0.9, ""test_mae"": 0.0199}], ""test_mae_mean"": 0.00828, ""test_mae_max"": 0.0199, ""test_mae_min"": 0.0055, ""test_mae"": 0.0199, ""missing_rate"": 0.9}",experiments/logs/seed61_gru_mim.log,Process exited with code 1,,36.823986768722534,"0.0,0.1,0.2,0.3,0.4,0.5,0.6,0.7,0.8,0.9","0.0,0.1,0.2,0.3,0.4,0.5,0.6,0.7,0.8,0.9",20260308_023704,experiments/runs/20260308_023704
seed61_cnn1d_baseline,61,cnn1d,baseline,completed,2026-03-08 02:37:04,,2026-03-08 03:38:39,"{""mr_results"": [{""missing_rate"": 0.0, ""test_mae"": 0.0287}, {""missing_rate"": 0.1, ""test_mae"": 0.0377}, {""missing_rate"": 0.2, ""test_mae"": 0.0469}, {""missing_rate"": 0.3, ""test_mae"": 0.0512}, {""missing_rate"": 0.4, ""test_mae"": 0.0551}, {""missing_rate"": 0.5, ""test_mae"": 0.0616}, {""missing_rate"": 0.6, ""test_mae"": 0.0667}, {""missing_rate"": 0.7, ""test_mae"": 0.0724}, {""missing_rate"": 0.8, ""test_mae"": 0.0764}, {""missing_rate"": 0.9, ""test_mae"": 0.0869}], ""test_mae_mean"": 0.05836, ""test_mae_max"": 0.0869, ""test_mae_min"": 0.0287, ""test_mae"": 0.0869, ""missing_rate"": 0.9}",experiments/logs/seed61_cnn1d_baseline.log,Process exited with code 1,,19.084906816482544,"0.0,0.1,0.2,0.3,0.4,0.5,0.6,0.7,0.8,0.9","0.0,0.1,0.2,0.3,0.4,0.5,0.6,0.7,0.8,0.9",20260308_023704,experiments/runs/20260308_023704
seed61_cnn1d_mim,61,cnn1d,mim,completed,2026-03-08 02:37:04,,2026-03-08 03:38:14,"{""mr_results"": [{""missing_rate"": 0.0, ""test_mae"": 0.0064}, {""missing_rate"": 0.1, ""test_mae"": 0.0066}, {""missing_rate"": 0.2, ""test_mae"": 0.0069}, {""missing_rate"": 0.3, ""test_mae"": 0.0073}, {""missing_rate"": 0.4, ""test_mae"": 0.0076}, {""missing_rate"": 0.5, ""test_mae"": 0.0085}, {""missing_rate"": 0.6, ""test_mae"": 0.0093}, {""missing_rate"": 0.7, ""test_mae"": 0.0106}, {""missing_rate"": 0.8, ""test_mae"": 0.0143}, {""missing_rate"": 0.9, ""test_mae"": 0.0227}], ""test_mae_mean"": 0.01002, ""test_mae_max"": 0.0227, ""test_mae_min"": 0.0064, ""test_mae"": 0.0227, ""missing_rate"": 0.9}",experiments/logs/seed61_cnn1d_mim.log,,,55.77191424369812,"0.0,0.1,0.2,0.3,0.4,0.5,0.6,0.7,0.8,0.9","0.0,0.1,0.2,0.3,0.4,0.5,0.6,0.7,0.8,0.9",20260308_023704,experiments/runs/20260308_023704
seed62_mlp_baseline,62,mlp,baseline,completed,2026-03-08 02:37:04,,2026-03-08 03:39:18,"{""mr_results"": [{""missing_rate"": 0.0, ""test_mae"": 0.0131}, {""missing_rate"": 0.1, ""test_mae"": 0.0137}, {""missing_rate"": 0.2, ""test_mae"": 0.0148}, {""missing_rate"": 0.3, ""test_mae"": 0.0163}, {""missing_rate"": 0.4, ""test_mae"": 0.0183}, {""missing_rate"": 0.5, ""test_mae"": 0.0205}, {""missing_rate"": 0.6, ""test_mae"": 0.024}, {""missing_rate"": 0.7, ""test_mae"": 0.027}, {""missing_rate"": 0.8, ""test_mae"": 0.03}, {""missing_rate"": 0.9, ""test_mae"": 0.0345}], ""test_mae_mean"": 0.02122, ""test_mae_max"": 0.0345, ""test_mae_min"": 0.0131, ""test_mae"": 0.0345, ""missing_rate"": 0.9}",experiments/logs/seed62_mlp_baseline.log,,,18.81230854988098,"0.0,0.1,0.2,0.3,0.4,0.5,0.6,0.7,0.8,0.9","0.0,0.1,0.2,0.3,0.4,0.5,0.6,0.7,0.8,0.9",20260308_023704,experiments/runs/20260308_023704
seed62_mlp_mim,62,mlp,mim,completed,2026-03-08 02:37:04,,2026-03-08 03:39:52,"{""mr_results"": [{""missing_rate"": 0.0, ""test_mae"": 0.0061}, {""missing_rate"": 0.1, ""test_mae"": 0.0064}, {""missing_rate"": 0.2, ""test_mae"": 0.0068}, {""missing_rate"": 0.3, ""test_mae"": 0.007}, {""missing_rate"": 0.4, ""test_mae"": 0.0078}, {""missing_rate"": 0.5, ""test_mae"": 0.0088}, {""missing_rate"": 0.6, ""test_mae"": 0.0102}, {""missing_rate"": 0.7, ""test_mae"": 0.0118}, {""missing_rate"": 0.8, ""test_mae"": 0.0148}, {""missing_rate"": 0.9, ""test_mae"": 0.0236}], ""test_mae_mean"": 0.01033, ""test_mae_max"": 0.0236, ""test_mae_min"": 0.0061, ""test_mae"": 0.0236, ""missing_rate"": 0.9}",experiments/logs/seed62_mlp_mim.log,,,53.5672562122345,"0.0,0.1,0.2,0.3,0.4,0.5,0.6,0.7,0.8,0.9","0.0,0.1,0.2,0.3,0.4,0.5,0.6,0.7,0.8,0.9",20260308_023704,experiments/runs/20260308_023704
seed62_lstm_baseline,62,lstm,baseline,completed,2026-03-08 02:37:04,,2026-03-08 03:39:26,"{""mr_results"": [{""missing_rate"": 0.0, ""test_mae"": 0.0077}, {""missing_rate"": 0.1, ""test_mae"": 0.0087}, {""missing_rate"": 0.2, ""test_mae"": 0.0097}, {""missing_rate"": 0.3, ""test_mae"": 0.0112}, {""missing_rate"": 0.4, ""test_mae"": 0.0146}, {""missing_rate"": 0.5, ""test_mae"": 0.0209}, {""missing_rate"": 0.6, ""test_mae"": 0.0306}, {""missing_rate"": 0.7, ""test_mae"": 0.0409}, {""missing_rate"": 0.8, ""test_mae"": 0.0514}, {""missing_rate"": 0.9, ""test_mae"": 0.0646}], ""test_mae_mean"": 0.026029999999999998, ""test_mae_max"": 0.0646, ""test_mae_min"": 0.0077, ""test_mae"": 0.0646, ""missing_rate"": 0.9}",experiments/logs/seed62_lstm_baseline.log,,,26.922991275787354,"0.0,0.1,0.2,0.3,0.4,0.5,0.6,0.7,0.8,0.9","0.0,0.1,0.2,0.3,0.4,0.5,0.6,0.7,0.8,0.9",20260308_023704,experiments/runs/20260308_023704
seed62_lstm_mim,62,lstm,mim,completed,2026-03-08 02:37:04,,2026-03-08 03:39:43,"{""mr_results"": [{""missing_rate"": 0.0, ""test_mae"": 0.0065}, {""missing_rate"": 0.1, ""test_mae"": 0.0065}, {""missing_rate"": 0.2, ""test_mae"": 0.0065}, {""missing_rate"": 0.3, ""test_mae"": 0.0066}, {""missing_rate"": 0.4, ""test_mae"": 0.0068}, {""missing_rate"": 0.5, ""test_mae"": 0.007}, {""missing_rate"": 0.6, ""test_mae"": 0.0073}, {""missing_rate"": 0.7, ""test_mae"": 0.0085}, {""missing_rate"": 0.8, ""test_mae"": 0.0116}, {""missing_rate"": 0.9, ""test_mae"": 0.0213}], ""test_mae_mean"": 0.00886, ""test_mae_max"": 0.0213, ""test_mae_min"": 0.0065, ""test_mae"": 0.0213, ""missing_rate"": 0.9}",experiments/logs/seed62_lstm_mim.log,,,44.03374886512756,"0.0,0.1,0.2,0.3,0.4,0.5,0.6,0.7,0.8,0.9","0.0,0.1,0.2,0.3,0.4,0.5,0.6,0.7,0.8,0.9",20260308_023704,experiments/runs/20260308_023704
seed62_gru_baseline,62,gru,baseline,completed,2026-03-08 02:37:04,,2026-03-08 03:40:08,"{""mr_results"": [{""missing_rate"": 0.0, ""test_mae"": 0.0079}, {""missing_rate"": 0.1, ""test_mae"": 0.0094}, {""missing_rate"": 0.2, ""test_mae"": 0.0111}, {""missing_rate"": 0.3, ""test_mae"": 0.0135}, {""missing_rate"": 0.4, ""test_mae"": 0.0163}, {""missing_rate"": 0.5, ""test_mae"": 0.0197}, {""missing_rate"": 0.6, ""test_mae"": 0.0228}, {""missing_rate"": 0.7, ""test_mae"": 0.0262}, {""missing_rate"": 0.8, ""test_mae"": 0.0299}, {""missing_rate"": 0.9, ""test_mae"": 0.0334}], ""test_mae_mean"": 0.019020000000000002, ""test_mae_max"": 0.0334, ""test_mae_min"": 0.0079, ""test_mae"": 0.0334, ""missing_rate"": 0.9}",experiments/logs/seed62_gru_baseline.log,,,13.817826986312866,"0.0,0.1,0.2,0.3,0.4,0.5,0.6,0.7,0.8,0.9","0.0,0.1,0.2,0.3,0.4,0.5,0.6,0.7,0.8,0.9",20260308_023704,experiments/runs/20260308_023704
seed62_gru_mim,62,gru,mim,completed,2026-03-08 02:37:04,,2026-03-08 03:41:35,"{""mr_results"": [{""missing_rate"": 0.0, ""test_mae"": 0.007}, {""missing_rate"": 0.1, ""test_mae"": 0.007}, {""missing_rate"": 0.2, ""test_mae"": 0.0073}, {""missing_rate"": 0.3, ""test_mae"": 0.0075}, {""missing_rate"": 0.4, ""test_mae"": 0.0077}, {""missing_rate"": 0.5, ""test_mae"": 0.0082}, {""missing_rate"": 0.6, ""test_mae"": 0.0087}, {""missing_rate"": 0.7, ""test_mae"": 0.01}, {""missing_rate"": 0.8, ""test_mae"": 0.0139}, {""missing_rate"": 0.9, ""test_mae"": 0.023}], ""test_mae_mean"": 0.01003, ""test_mae_max"": 0.023, ""test_mae_min"": 0.007, ""test_mae"": 0.023, ""missing_rate"": 0.9}",experiments/logs/seed62_gru_mim.log,Process exited with code 1,,29.526544094085693,"0.0,0.1,0.2,0.3,0.4,0.5,0.6,0.7,0.8,0.9","0.0,0.1,0.2,0.3,0.4,0.5,0.6,0.7,0.8,0.9",20260308_023704,experiments/runs/20260308_023704
seed62_cnn1d_baseline,62,cnn1d,baseline,completed,2026-03-08 02:37:04,,2026-03-08 03:40:17,"{""mr_results"": [{""missing_rate"": 0.0, ""test_mae"": 0.0213}, {""missing_rate"": 0.1, ""test_mae"": 0.0356}, {""missing_rate"": 0.2, ""test_mae"": 0.0461}, {""missing_rate"": 0.3, ""test_mae"": 0.0512}, {""missing_rate"": 0.4, ""test_mae"": 0.0555}, {""missing_rate"": 0.5, ""test_mae"": 0.0601}, {""missing_rate"": 0.6, ""test_mae"": 0.0644}, {""missing_rate"": 0.7, ""test_mae"": 0.07}, {""missing_rate"": 0.8, ""test_mae"": 0.0747}, {""missing_rate"": 0.9, ""test_mae"": 0.0853}], ""test_mae_mean"": 0.056420000000000005, ""test_mae_max"": 0.0853, ""test_mae_min"": 0.0213, ""test_mae"": 0.0853, ""missing_rate"": 0.9}",experiments/logs/seed62_cnn1d_baseline.log,,,22.431536197662354,"0.0,0.1,0.2,0.3,0.4,0.5,0.6,0.7,0.8,0.9","0.0,0.1,0.2,0.3,0.4,0.5,0.6,0.7,0.8,0.9",20260308_023704,experiments/runs/20260308_023704
seed62_cnn1d_mim,62,cnn1d,mim,completed,2026-03-08 02:37:04,,2026-03-08 03:42:08,"{""mr_results"": [{""missing_rate"": 0.0, ""test_mae"": 0.0066}, {""missing_rate"": 0.1, ""test_mae"": 0.0066}, {""missing_rate"": 0.2, ""test_mae"": 0.0067}, {""missing_rate"": 0.3, ""test_mae"": 0.0068}, {""missing_rate"": 0.4, ""test_mae"": 0.0072}, {""missing_rate"": 0.5, ""test_mae"": 0.0077}, {""missing_rate"": 0.6, ""test_mae"": 0.0085}, {""missing_rate"": 0.7, ""test_mae"": 0.0096}, {""missing_rate"": 0.8, ""test_mae"": 0.0124}, {""missing_rate"": 0.9, ""test_mae"": 0.0197}], ""test_mae_mean"": 0.009179999999999999, ""test_mae_max"": 0.0197, ""test_mae_min"": 0.0066, ""test_mae"": 0.0197, ""missing_rate"": 0.9}",experiments/logs/seed62_cnn1d_mim.log,Process exited with code 1,,63.292744636535645,"0.0,0.1,0.2,0.3,0.4,0.5,0.6,0.7,0.8,0.9","0.0,0.1,0.2,0.3,0.4,0.5,0.6,0.7,0.8,0.9",20260308_023704,experiments/runs/20260308_023704
seed63_mlp_baseline,63,mlp,baseline,completed,2026-03-08 02:37:04,,2026-03-08 03:43:36,"{""mr_results"": [{""missing_rate"": 0.0, ""test_mae"": 0.0135}, {""missing_rate"": 0.1, ""test_mae"": 0.0145}, {""missing_rate"": 0.2, ""test_mae"": 0.0158}, {""missing_rate"": 0.3, ""test_mae"": 0.0175}, {""missing_rate"": 0.4, ""test_mae"": 0.02}, {""missing_rate"": 0.5, ""test_mae"": 0.0222}, {""missing_rate"": 0.6, ""test_mae"": 0.0253}, {""missing_rate"": 0.7, ""test_mae"": 0.0277}, {""missing_rate"": 0.8, ""test_mae"": 0.0304}, {""missing_rate"": 0.9, ""test_mae"": 0.034}], ""test_mae_mean"": 0.022090000000000002, ""test_mae_max"": 0.034, ""test_mae_min"": 0.0135, ""test_mae"": 0.034, ""missing_rate"": 0.9}",experiments/logs/seed63_mlp_baseline.log,Process exited with code 1,,14.027292251586914,"0.0,0.1,0.2,0.3,0.4,0.5,0.6,0.7,0.8,0.9","0.0,0.1,0.2,0.3,0.4,0.5,0.6,0.7,0.8,0.9",20260308_023704,experiments/runs/20260308_023704
seed63_mlp_mim,63,mlp,mim,completed,2026-03-08 02:37:04,,2026-03-08 03:43:16,"{""mr_results"": [{""missing_rate"": 0.0, ""test_mae"": 0.0066}, {""missing_rate"": 0.1, ""test_mae"": 0.0066}, {""missing_rate"": 0.2, ""test_mae"": 0.0068}, {""missing_rate"": 0.3, ""test_mae"": 0.0068}, {""missing_rate"": 0.4, ""test_mae"": 0.0072}, {""missing_rate"": 0.5, ""test_mae"": 0.0077}, {""missing_rate"": 0.6, ""test_mae"": 0.0082}, {""missing_rate"": 0.7, ""test_mae"": 0.0101}, {""missing_rate"": 0.8, ""test_mae"": 0.0126}, {""missing_rate"": 0.9, ""test_mae"": 0.0212}], ""test_mae_mean"": 0.00938, ""test_mae_max"": 0.0212, ""test_mae_min"": 0.0066, ""test_mae"": 0.0212, ""missing_rate"": 0.9}",experiments/logs/seed63_mlp_mim.log,,,65.47867751121521,"0.0,0.1,0.2,0.3,0.4,0.5,0.6,0.7,0.8,0.9","0.0,0.1,0.2,0.3,0.4,0.5,0.6,0.7,0.8,0.9",20260308_023704,experiments/runs/20260308_023704
seed63_lstm_baseline,63,lstm,baseline,completed,2026-03-08 02:37:04,,2026-03-08 03:42:27,"{""mr_results"": [{""missing_rate"": 0.0, ""test_mae"": 0.0094}, {""missing_rate"": 0.1, ""test_mae"": 0.0096}, {""missing_rate"": 0.2, ""test_mae"": 0.01}, {""missing_rate"": 0.3, ""test_mae"": 0.0108}, {""missing_rate"": 0.4, ""test_mae"": 0.012}, {""missing_rate"": 0.5, ""test_mae"": 0.014}, {""missing_rate"": 0.6, ""test_mae"": 0.0168}, {""missing_rate"": 0.7, ""test_mae"": 0.0204}, {""missing_rate"": 0.8, ""test_mae"": 0.0246}, {""missing_rate"": 0.9, ""test_mae"": 0.0322}], ""test_mae_mean"": 0.01598, ""test_mae_max"": 0.0322, ""test_mae_min"": 0.0094, ""test_mae"": 0.0322, ""missing_rate"": 0.9}",experiments/logs/seed63_lstm_baseline.log,,,16.491790533065796,"0.0,0.1,0.2,0.3,0.4,0.5,0.6,0.7,0.8,0.9","0.0,0.1,0.2,0.3,0.4,0.5,0.6,0.7,0.8,0.9",20260308_023704,experiments/runs/20260308_023704
seed63_lstm_mim,63,lstm,mim,completed,2026-03-08 02:37:04,,2026-03-08 03:44:05,"{""mr_results"": [{""missing_rate"": 0.0, ""test_mae"": 0.0073}, {""missing_rate"": 0.1, ""test_mae"": 0.0072}, {""missing_rate"": 0.2, ""test_mae"": 0.0072}, {""missing_rate"": 0.3, ""test_mae"": 0.0071}, {""missing_rate"": 0.4, ""test_mae"": 0.0073}, {""missing_rate"": 0.5, ""test_mae"": 0.0077}, {""missing_rate"": 0.6, ""test_mae"": 0.0081}, {""missing_rate"": 0.7, ""test_mae"": 0.0092}, {""missing_rate"": 0.8, ""test_mae"": 0.0123}, {""missing_rate"": 0.9, ""test_mae"": 0.0214}], ""test_mae_mean"": 0.009479999999999999, ""test_mae_max"": 0.0214, ""test_mae_min"": 0.0071, ""test_mae"": 0.0214, ""missing_rate"": 0.9}",experiments/logs/seed63_lstm_mim.log,Process exited with code 1,,43.248419523239136,"0.0,0.1,0.2,0.3,0.4,0.5,0.6,0.7,0.8,0.9","0.0,0.1,0.2,0.3,0.4,0.5,0.6,0.7,0.8,0.9",20260308_023704,experiments/runs/20260308_023704
seed63_gru_baseline,63,gru,baseline,completed,2026-03-08 02:37:04,,2026-03-08 03:44:22,"{""mr_results"": [{""missing_rate"": 0.0, ""test_mae"": 0.0076}, {""missing_rate"": 0.1, ""test_mae"": 0.0102}, {""missing_rate"": 0.2, ""test_mae"": 0.0132}, {""missing_rate"": 0.3, ""test_mae"": 0.0159}, {""missing_rate"": 0.4, ""test_mae"": 0.0181}, {""missing_rate"": 0.5, ""test_mae"": 0.0209}, {""missing_rate"": 0.6, ""test_mae"": 0.0244}, {""missing_rate"": 0.7, ""test_mae"": 0.0279}, {""missing_rate"": 0.8, ""test_mae"": 0.0311}, {""missing_rate"": 0.9, ""test_mae"": 0.0345}], ""test_mae_mean"": 0.020380000000000002, ""test_mae_max"": 0.0345, ""test_mae_min"": 0.0076, ""test_mae"": 0.0345, ""missing_rate"": 0.9}",experiments/logs/seed63_gru_baseline.log,,,15.35932993888855,"0.0,0.1,0.2,0.3,0.4,0.5,0.6,0.7,0.8,0.9","0.0,0.1,0.2,0.3,0.4,0.5,0.6,0.7,0.8,0.9",20260308_023704,experiments/runs/20260308_023704
seed63_gru_mim,63,gru,mim,completed,2026-03-08 02:37:04,,2026-03-08 03:44:44,"{""mr_results"": [{""missing_rate"": 0.0, ""test_mae"": 0.0136}, {""missing_rate"": 0.1, ""test_mae"": 0.0134}, {""missing_rate"": 0.2, ""test_mae"": 0.0134}, {""missing_rate"": 0.3, ""test_mae"": 0.0136}, {""missing_rate"": 0.4, ""test_mae"": 0.0141}, {""missing_rate"": 0.5, ""test_mae"": 0.0149}, {""missing_rate"": 0.6, ""test_mae"": 0.0159}, {""missing_rate"": 0.7, ""test_mae"": 0.0175}, {""missing_rate"": 0.8, ""test_mae"": 0.0211}, {""missing_rate"": 0.9, ""test_mae"": 0.0278}], ""test_mae_mean"": 0.01653, ""test_mae_max"": 0.0278, ""test_mae_min"": 0.0134, ""test_mae"": 0.0278, ""missing_rate"": 0.9}",experiments/logs/seed63_gru_mim.log,,,36.549622535705566,"0.0,0.1,0.2,0.3,0.4,0.5,0.6,0.7,0.8,0.9","0.0,0.1,0.2,0.3,0.4,0.5,0.6,0.7,0.8,0.9",20260308_023704,experiments/runs/20260308_023704
seed63_cnn1d_baseline,63,cnn1d,baseline,completed,2026-03-08 02:37:04,,2026-03-08 03:44:31,"{""mr_results"": [{""missing_rate"": 0.0, ""test_mae"": 0.0225}, {""missing_rate"": 0.1, ""test_mae"": 0.0331}, {""missing_rate"": 0.2, ""test_mae"": 0.0407}, {""missing_rate"": 0.3, ""test_mae"": 0.0457}, {""missing_rate"": 0.4, ""test_mae"": 0.0506}, {""missing_rate"": 0.5, ""test_mae"": 0.0561}, {""missing_rate"": 0.6, ""test_mae"": 0.0622}, {""missing_rate"": 0.7, ""test_mae"": 0.0683}, {""missing_rate"": 0.8, ""test_mae"": 0.0727}, {""missing_rate"": 0.9, ""test_mae"": 0.0824}], ""test_mae_mean"": 0.05343, ""test_mae_max"": 0.0824, ""test_mae_min"": 0.0225, ""test_mae"": 0.0824, ""missing_rate"": 0.9}",experiments/logs/seed63_cnn1d_baseline.log,,,23.797054529190063,"0.0,0.1,0.2,0.3,0.4,0.5,0.6,0.7,0.8,0.9","0.0,0.1,0.2,0.3,0.4,0.5,0.6,0.7,0.8,0.9",20260308_023704,experiments/runs/20260308_023704
seed63_cnn1d_mim,63,cnn1d,mim,completed,2026-03-08 02:37:04,,2026-03-08 03:45:12,"{""mr_results"": [{""missing_rate"": 0.0, ""test_mae"": 0.0072}, {""missing_rate"": 0.1, ""test_mae"": 0.0073}, {""missing_rate"": 0.2, ""test_mae"": 0.0074}, {""missing_rate"": 0.3, ""test_mae"": 0.0074}, {""missing_rate"": 0.4, ""test_mae"": 0.0078}, {""missing_rate"": 0.5, ""test_mae"": 0.0085}, {""missing_rate"": 0.6, ""test_mae"": 0.0096}, {""missing_rate"": 0.7, ""test_mae"": 0.011}, {""missing_rate"": 0.8, ""test_mae"": 0.0131}, {""missing_rate"": 0.9, ""test_mae"": 0.0186}], ""test_mae_mean"": 0.00979, ""test_mae_max"": 0.0186, ""test_mae_min"": 0.0072, ""test_mae"": 0.0186, ""missing_rate"": 0.9}",experiments/logs/seed63_cnn1d_mim.log,,,64.76943373680115,"0.0,0.1,0.2,0.3,0.4,0.5,0.6,0.7,0.8,0.9","0.0,0.1,0.2,0.3,0.4,0.5,0.6,0.7,0.8,0.9",20260308_023704,experiments/runs/20260308_023704
seed64_mlp_baseline,64,mlp,baseline,completed,2026-03-08 02:37:04,,2026-03-08 03:46:42,"{""mr_results"": [{""missing_rate"": 0.0, ""test_mae"": 0.0171}, {""missing_rate"": 0.1, ""test_mae"": 0.019}, {""missing_rate"": 0.2, ""test_mae"": 0.0209}, {""missing_rate"": 0.3, ""test_mae"": 0.0232}, {""missing_rate"": 0.4, ""test_mae"": 0.0258}, {""missing_rate"": 0.5, ""test_mae"": 0.028}, {""missing_rate"": 0.6, ""test_mae"": 0.0303}, {""missing_rate"": 0.7, ""test_mae"": 0.0326}, {""missing_rate"": 0.8, ""test_mae"": 0.0345}, {""missing_rate"": 0.9, ""test_mae"": 0.0375}], ""test_mae_mean"": 0.026889999999999997, ""test_mae_max"": 0.0375, ""test_mae_min"": 0.0171, ""test_mae"": 0.0375, ""missing_rate"": 0.9}",experiments/logs/seed64_mlp_baseline.log,Process exited with code 1,,14.516379356384277,"0.0,0.1,0.2,0.3,0.4,0.5,0.6,0.7,0.8,0.9","0.0,0.1,0.2,0.3,0.4,0.5,0.6,0.7,0.8,0.9",20260308_023704,experiments/runs/20260308_023704
seed64_mlp_mim,64,mlp,mim,completed,2026-03-08 02:37:04,,2026-03-08 03:47:15,"{""mr_results"": [{""missing_rate"": 0.0, ""test_mae"": 0.0064}, {""missing_rate"": 0.1, ""test_mae"": 0.0067}, {""missing_rate"": 0.2, ""test_mae"": 0.007}, {""missing_rate"": 0.3, ""test_mae"": 0.0074}, {""missing_rate"": 0.4, ""test_mae"": 0.0081}, {""missing_rate"": 0.5, ""test_mae"": 0.0091}, {""missing_rate"": 0.6, ""test_mae"": 0.0105}, {""missing_rate"": 0.7, ""test_mae"": 0.012}, {""missing_rate"": 0.8, ""test_mae"": 0.0148}, {""missing_rate"": 0.9, ""test_mae"": 0.0236}], ""test_mae_mean"": 0.01056, ""test_mae_max"": 0.0236, ""test_mae_min"": 0.0064, ""test_mae"": 0.0236, ""missing_rate"": 0.9}",experiments/logs/seed64_mlp_mim.log,Process exited with code 1,,46.67176866531372,"0.0,0.1,0.2,0.3,0.4,0.5,0.6,0.7,0.8,0.9","0.0,0.1,0.2,0.3,0.4,0.5,0.6,0.7,0.8,0.9",20260308_023704,experiments/runs/20260308_023704
seed64_lstm_baseline,64,lstm,baseline,completed,2026-03-08 02:37:04,,2026-03-08 03:45:33,"{""mr_results"": [{""missing_rate"": 0.0, ""test_mae"": 0.0076}, {""missing_rate"": 0.1, ""test_mae"": 0.0075}, {""missing_rate"": 0.2, ""test_mae"": 0.0081}, {""missing_rate"": 0.3, ""test_mae"": 0.0092}, {""missing_rate"": 0.4, ""test_mae"": 0.0112}, {""missing_rate"": 0.5, ""test_mae"": 0.0134}, {""missing_rate"": 0.6, ""test_mae"": 0.0167}, {""missing_rate"": 0.7, ""test_mae"": 0.0207}, {""missing_rate"": 0.8, ""test_mae"": 0.0253}, {""missing_rate"": 0.9, ""test_mae"": 0.0318}], ""test_mae_mean"": 0.01515, ""test_mae_max"": 0.0318, ""test_mae_min"": 0.0075, ""test_mae"": 0.0318, ""missing_rate"": 0.9}",experiments/logs/seed64_lstm_baseline.log,,,18.79858708381653,"0.0,0.1,0.2,0.3,0.4,0.5,0.6,0.7,0.8,0.9","0.0,0.1,0.2,0.3,0.4,0.5,0.6,0.7,0.8,0.9",20260308_023704,experiments/runs/20260308_023704
seed64_lstm_mim,64,lstm,mim,completed,2026-03-08 02:37:04,,2026-03-08 03:46:22,"{""mr_results"": [{""missing_rate"": 0.0, ""test_mae"": 0.0069}, {""missing_rate"": 0.1, ""test_mae"": 0.0069}, {""missing_rate"": 0.2, ""test_mae"": 0.0071}, {""missing_rate"": 0.3, ""test_mae"": 0.0071}, {""missing_rate"": 0.4, ""test_mae"": 0.0074}, {""missing_rate"": 0.5, ""test_mae"": 0.0079}, {""missing_rate"": 0.6, ""test_mae"": 0.0085}, {""missing_rate"": 0.7, ""test_mae"": 0.01}, {""missing_rate"": 0.8, ""test_mae"": 0.0129}, {""missing_rate"": 0.9, ""test_mae"": 0.0208}], ""test_mae_mean"": 0.00955, ""test_mae_max"": 0.0208, ""test_mae_min"": 0.0069, ""test_mae"": 0.0208, ""missing_rate"": 0.9}",experiments/logs/seed64_lstm_mim.log,,,67.90020728111267,"0.0,0.1,0.2,0.3,0.4,0.5,0.6,0.7,0.8,0.9","0.0,0.1,0.2,0.3,0.4,0.5,0.6,0.7,0.8,0.9",20260308_023704,experiments/runs/20260308_023704
seed64_gru_baseline,64,gru,baseline,completed,2026-03-08 02:37:04,,2026-03-08 03:47:32,"{""mr_results"": [{""missing_rate"": 0.0, ""test_mae"": 0.0071}, {""missing_rate"": 0.1, ""test_mae"": 0.0089}, {""missing_rate"": 0.2, ""test_mae"": 0.0111}, {""missing_rate"": 0.3, ""test_mae"": 0.0137}, {""missing_rate"": 0.4, ""test_mae"": 0.0166}, {""missing_rate"": 0.5, ""test_mae"": 0.0196}, {""missing_rate"": 0.6, ""test_mae"": 0.0233}, {""missing_rate"": 0.7, ""test_mae"": 0.0266}, {""missing_rate"": 0.8, ""test_mae"": 0.0305}, {""missing_rate"": 0.9, ""test_mae"": 0.0348}], ""test_mae_mean"": 0.01922, ""test_mae_max"": 0.0348, ""test_mae_min"": 0.0071, ""test_mae"": 0.0348, ""missing_rate"": 0.9}",experiments/logs/seed64_gru_baseline.log,,,15.87443470954895,"0.0,0.1,0.2,0.3,0.4,0.5,0.6,0.7,0.8,0.9","0.0,0.1,0.2,0.3,0.4,0.5,0.6,0.7,0.8,0.9",20260308_023704,experiments/runs/20260308_023704
seed64_gru_mim,64,gru,mim,completed,2026-03-08 02:37:04,,2026-03-08 03:48:12,"{""mr_results"": [{""missing_rate"": 0.0, ""test_mae"": 0.0071}, {""missing_rate"": 0.1, ""test_mae"": 0.0073}, {""missing_rate"": 0.2, ""test_mae"": 0.0075}, {""missing_rate"": 0.3, ""test_mae"": 0.0076}, {""missing_rate"": 0.4, ""test_mae"": 0.0078}, {""missing_rate"": 0.5, ""test_mae"": 0.008}, {""missing_rate"": 0.6, ""test_mae"": 0.0083}, {""missing_rate"": 0.7, ""test_mae"": 0.0093}, {""missing_rate"": 0.8, ""test_mae"": 0.0127}, {""missing_rate"": 0.9, ""test_mae"": 0.0219}], ""test_mae_mean"": 0.00975, ""test_mae_max"": 0.0219, ""test_mae_min"": 0.0071, ""test_mae"": 0.0219, ""missing_rate"": 0.9}",experiments/logs/seed64_gru_mim.log,,,55.423279762268066,"0.0,0.1,0.2,0.3,0.4,0.5,0.6,0.7,0.8,0.9","0.0,0.1,0.2,0.3,0.4,0.5,0.6,0.7,0.8,0.9",20260308_023704,experiments/runs/20260308_023704
seed64_cnn1d_baseline,64,cnn1d,baseline,completed,2026-03-08 02:37:04,,2026-03-08 03:47:41,"{""mr_results"": [{""missing_rate"": 0.0, ""test_mae"": 0.0244}, {""missing_rate"": 0.1, ""test_mae"": 0.0402}, {""missing_rate"": 0.2, ""test_mae"": 0.0492}, {""missing_rate"": 0.3, ""test_mae"": 0.0544}, {""missing_rate"": 0.4, ""test_mae"": 0.0572}, {""missing_rate"": 0.5, ""test_mae"": 0.0615}, {""missing_rate"": 0.6, ""test_mae"": 0.0672}, {""missing_rate"": 0.7, ""test_mae"": 0.0717}, {""missing_rate"": 0.8, ""test_mae"": 0.076}, {""missing_rate"": 0.9, ""test_mae"": 0.0859}], ""test_mae_mean"": 0.05877, ""test_mae_max"": 0.0859, ""test_mae_min"": 0.0244, ""test_mae"": 0.0859, ""missing_rate"": 0.9}",experiments/logs/seed64_cnn1d_baseline.log,,,24.0447359085083,"0.0,0.1,0.2,0.3,0.4,0.5,0.6,0.7,0.8,0.9","0.0,0.1,0.2,0.3,0.4,0.5,0.6,0.7,0.8,0.9",20260308_023704,experiments/runs/20260308_023704
seed64_cnn1d_mim,64,cnn1d,mim,completed,2026-03-08 02:37:04,,2026-03-08 03:48:23,"{""mr_results"": [{""missing_rate"": 0.0, ""test_mae"": 0.0062}, {""missing_rate"": 0.1, ""test_mae"": 0.0065}, {""missing_rate"": 0.2, ""test_mae"": 0.0067}, {""missing_rate"": 0.3, ""test_mae"": 0.0068}, {""missing_rate"": 0.4, ""test_mae"": 0.0071}, {""missing_rate"": 0.5, ""test_mae"": 0.0077}, {""missing_rate"": 0.6, ""test_mae"": 0.0085}, {""missing_rate"": 0.7, ""test_mae"": 0.0098}, {""missing_rate"": 0.8, ""test_mae"": 0.0128}, {""missing_rate"": 0.9, ""test_mae"": 0.0209}], ""test_mae_mean"": 0.0093, ""test_mae_max"": 0.0209, ""test_mae_min"": 0.0062, ""test_mae"": 0.0209, ""missing_rate"": 0.9}",experiments/logs/seed64_cnn1d_mim.log,,,66.6739251613617,"0.0,0.1,0.2,0.3,0.4,0.5,0.6,0.7,0.8,0.9","0.0,0.1,0.2,0.3,0.4,0.5,0.6,0.7,0.8,0.9",20260308_023704,experiments/runs/20260308_023704
seed65_mlp_baseline,65,mlp,baseline,completed,2026-03-08 02:37:04,,2026-03-08 03:48:44,"{""mr_results"": [{""missing_rate"": 0.0, ""test_mae"": 0.0108}, {""missing_rate"": 0.1, ""test_mae"": 0.0122}, {""missing_rate"": 0.2, ""test_mae"": 0.0134}, {""missing_rate"": 0.3, ""test_mae"": 0.0152}, {""missing_rate"": 0.4, ""test_mae"": 0.0176}, {""missing_rate"": 0.5, ""test_mae"": 0.0204}, {""missing_rate"": 0.6, ""test_mae"": 0.0236}, {""missing_rate"": 0.7, ""test_mae"": 0.0263}, {""missing_rate"": 0.8, ""test_mae"": 0.0289}, {""missing_rate"": 0.9, ""test_mae"": 0.0331}], ""test_mae_mean"": 0.02015, ""test_mae_max"": 0.0331, ""test_mae_min"": 0.0108, ""test_mae"": 0.0331, ""missing_rate"": 0.9}",experiments/logs/seed65_mlp_baseline.log,,,18.428781986236572,"0.0,0.1,0.2,0.3,0.4,0.5,0.6,0.7,0.8,0.9","0.0,0.1,0.2,0.3,0.4,0.5,0.6,0.7,0.8,0.9",20260308_023704,experiments/runs/20260308_023704
seed65_mlp_mim,65,mlp,mim,completed,2026-03-08 02:37:04,,2026-03-08 03:50:41,"{""mr_results"": [{""missing_rate"": 0.0, ""test_mae"": 0.0069}, {""missing_rate"": 0.1, ""test_mae"": 0.0072}, {""missing_rate"": 0.2, ""test_mae"": 0.0074}, {""missing_rate"": 0.3, ""test_mae"": 0.0076}, {""missing_rate"": 0.4, ""test_mae"": 0.0078}, {""missing_rate"": 0.5, ""test_mae"": 0.0083}, {""missing_rate"": 0.6, ""test_mae"": 0.0093}, {""missing_rate"": 0.7, ""test_mae"": 0.0108}, {""missing_rate"": 0.8, ""test_mae"": 0.0133}, {""missing_rate"": 0.9, ""test_mae"": 0.0224}], ""test_mae_mean"": 0.0101, ""test_mae_max"": 0.0224, ""test_mae_min"": 0.0069, ""test_mae"": 0.0224, ""missing_rate"": 0.9}",experiments/logs/seed65_mlp_mim.log,Process exited with code 1,,64.33266520500183,"0.0,0.1,0.2,0.3,0.4,0.5,0.6,0.7,0.8,0.9","0.0,0.1,0.2,0.3,0.4,0.5,0.6,0.7,0.8,0.9",20260308_023704,experiments/runs/20260308_023704
seed65_lstm_baseline,65,lstm,baseline,completed,2026-03-08 02:37:04,,2026-03-08 03:48:50,"{""mr_results"": [{""missing_rate"": 0.0, ""test_mae"": 0.0072}, {""missing_rate"": 0.1, ""test_mae"": 0.0074}, {""missing_rate"": 0.2, ""test_mae"": 0.0087}, {""missing_rate"": 0.3, ""test_mae"": 0.0108}, {""missing_rate"": 0.4, ""test_mae"": 0.0148}, {""missing_rate"": 0.5, ""test_mae"": 0.0217}, {""missing_rate"": 0.6, ""test_mae"": 0.0338}, {""missing_rate"": 0.7, ""test_mae"": 0.0506}, {""missing_rate"": 0.8, ""test_mae"": 0.0688}, {""missing_rate"": 0.9, ""test_mae"": 0.0884}], ""test_mae_mean"": 0.031219999999999998, ""test_mae_max"": 0.0884, ""test_mae_min"": 0.0072, ""test_mae"": 0.0884, ""missing_rate"": 0.9}",experiments/logs/seed65_lstm_baseline.log,,,25.265761613845825,"0.0,0.1,0.2,0.3,0.4,0.5,0.6,0.7,0.8,0.9","0.0,0.1,0.2,0.3,0.4,0.5,0.6,0.7,0.8,0.9",20260308_023704,experiments/runs/20260308_023704
seed65_lstm_mim,65,lstm,mim,completed,2026-03-08 02:37:04,,2026-03-08 03:50:39,"{""mr_results"": [{""missing_rate"": 0.0, ""test_mae"": 0.0066}, {""missing_rate"": 0.1, ""test_mae"": 0.0067}, {""missing_rate"": 0.2, ""test_mae"": 0.0069}, {""missing_rate"": 0.3, ""test_mae"": 0.007}, {""missing_rate"": 0.4, ""test_mae"": 0.0075}, {""missing_rate"": 0.5, ""test_mae"": 0.008}, {""missing_rate"": 0.6, ""test_mae"": 0.0086}, {""missing_rate"": 0.7, ""test_mae"": 0.0102}, {""missing_rate"": 0.8, ""test_mae"": 0.0143}, {""missing_rate"": 0.9, ""test_mae"": 0.0236}], ""test_mae_mean"": 0.009940000000000001, ""test_mae_max"": 0.0236, ""test_mae_min"": 0.0066, ""test_mae"": 0.0236, ""missing_rate"": 0.9}",experiments/logs/seed65_lstm_mim.log,Process exited with code 1,,62.687415599823,"0.0,0.1,0.2,0.3,0.4,0.5,0.6,0.7,0.8,0.9","0.0,0.1,0.2,0.3,0.4,0.5,0.6,0.7,0.8,0.9",20260308_023704,experiments/runs/20260308_023704
seed65_gru_baseline,65,gru,baseline,completed,2026-03-08 02:37:04,,2026-03-08 03:51:02,"{""mr_results"": [{""missing_rate"": 0.0, ""test_mae"": 0.0084}, {""missing_rate"": 0.1, ""test_mae"": 0.0092}, {""missing_rate"": 0.2, ""test_mae"": 0.0106}, {""missing_rate"": 0.3, ""test_mae"": 0.0125}, {""missing_rate"": 0.4, ""test_mae"": 0.0151}, {""missing_rate"": 0.5, ""test_mae"": 0.0179}, {""missing_rate"": 0.6, ""test_mae"": 0.0212}, {""missing_rate"": 0.7, ""test_mae"": 0.0252}, {""missing_rate"": 0.8, ""test_mae"": 0.0291}, {""missing_rate"": 0.9, ""test_mae"": 0.0328}], ""test_mae_mean"": 0.0182, ""test_mae_max"": 0.0328, ""test_mae_min"": 0.0084, ""test_mae"": 0.0328, ""missing_rate"": 0.9}",experiments/logs/seed65_gru_baseline.log,,,18.96432900428772,"0.0,0.1,0.2,0.3,0.4,0.5,0.6,0.7,0.8,0.9","0.0,0.1,0.2,0.3,0.4,0.5,0.6,0.7,0.8,0.9",20260308_023704,experiments/runs/20260308_023704
seed65_gru_mim,65,gru,mim,completed,2026-03-08 02:37:04,,2026-03-08 03:51:37,"{""mr_results"": [{""missing_rate"": 0.0, ""test_mae"": 0.0099}, {""missing_rate"": 0.1, ""test_mae"": 0.0097}, {""missing_rate"": 0.2, ""test_mae"": 0.0097}, {""missing_rate"": 0.3, ""test_mae"": 0.0097}, {""missing_rate"": 0.4, ""test_mae"": 0.0097}, {""missing_rate"": 0.5, ""test_mae"": 0.0099}, {""missing_rate"": 0.6, ""test_mae"": 0.0105}, {""missing_rate"": 0.7, ""test_mae"": 0.0118}, {""missing_rate"": 0.8, ""test_mae"": 0.0154}, {""missing_rate"": 0.9, ""test_mae"": 0.0247}], ""test_mae_mean"": 0.0121, ""test_mae_max"": 0.0247, ""test_mae_min"": 0.0097, ""test_mae"": 0.0247, ""missing_rate"": 0.9}",experiments/logs/seed65_gru_mim.log,,,54.1798996925354,"0.0,0.1,0.2,0.3,0.4,0.5,0.6,0.7,0.8,0.9","0.0,0.1,0.2,0.3,0.4,0.5,0.6,0.7,0.8,0.9",20260308_023704,experiments/runs/20260308_023704
seed65_cnn1d_baseline,65,cnn1d,baseline,completed,2026-03-08 02:37:04,,2026-03-08 03:51:02,"{""mr_results"": [{""missing_rate"": 0.0, ""test_mae"": 0.0435}, {""missing_rate"": 0.1, ""test_mae"": 0.0603}, {""missing_rate"": 0.2, ""test_mae"": 0.0731}, {""missing_rate"": 0.3, ""test_mae"": 0.0806}, {""missing_rate"": 0.4, ""test_mae"": 0.0856}, {""missing_rate"": 0.5, ""test_mae"": 0.0918}, {""missing_rate"": 0.6, ""test_mae"": 0.102}, {""missing_rate"": 0.7, ""test_mae"": 0.1097}, {""missing_rate"": 0.8, ""test_mae"": 0.1266}, {""missing_rate"": 0.9, ""test_mae"": 0.1535}], ""test_mae_mean"": 0.09267, ""test_mae_max"": 0.1535, ""test_mae_min"": 0.0435, ""test_mae"": 0.1535, ""missing_rate"": 0.9}",experiments/logs/seed65_cnn1d_baseline.log,,,19.515690088272095,"0.0,0.1,0.2,0.3,0.4,0.5,0.6,0.7,0.8,0.9","0.0,0.1,0.2,0.3,0.4,0.5,0.6,0.7,0.8,0.9",20260308_023704,experiments/runs/20260308_023704
seed65_cnn1d_mim,65,cnn1d,mim,completed,2026-03-08 02:37:04,,2026-03-08 03:51:53,"{""mr_results"": [{""missing_rate"": 0.0, ""test_mae"": 0.0055}, {""missing_rate"": 0.1, ""test_mae"": 0.0058}, {""missing_rate"": 0.2, ""test_mae"": 0.006}, {""missing_rate"": 0.3, ""test_mae"": 0.0064}, {""missing_rate"": 0.4, ""test_mae"": 0.007}, {""missing_rate"": 0.5, ""test_mae"": 0.0076}, {""missing_rate"": 0.6, ""test_mae"": 0.0083}, {""missing_rate"": 0.7, ""test_mae"": 0.0095}, {""missing_rate"": 0.8, ""test_mae"": 0.0118}, {""missing_rate"": 0.9, ""test_mae"": 0.0191}], ""test_mae_mean"": 0.0087, ""test_mae_max"": 0.0191, ""test_mae_min"": 0.0055, ""test_mae"": 0.0191, ""missing_rate"": 0.9}",experiments/logs/seed65_cnn1d_mim.log,,,69.90528559684753,"0.0,0.1,0.2,0.3,0.4,0.5,0.6,0.7,0.8,0.9","0.0,0.1,0.2,0.3,0.4,0.5,0.6,0.7,0.8,0.9",20260308_023704,experiments/runs/20260308_023704
seed66_mlp_baseline,66,mlp,baseline,completed,2026-03-08 02:37:04,,2026-03-08 03:52:11,"{""mr_results"": [{""missing_rate"": 0.0, ""test_mae"": 0.0108}, {""missing_rate"": 0.1, ""test_mae"": 0.0118}, {""missing_rate"": 0.2, ""test_mae"": 0.0132}, {""missing_rate"": 0.3, ""test_mae"": 0.0153}, {""missing_rate"": 0.4, ""test_mae"": 0.0182}, {""missing_rate"": 0.5, ""test_mae"": 0.0212}, {""missing_rate"": 0.6, ""test_mae"": 0.0249}, {""missing_rate"": 0.7, ""test_mae"": 0.0279}, {""missing_rate"": 0.8, ""test_mae"": 0.0306}, {""missing_rate"": 0.9, ""test_mae"": 0.0345}], ""test_mae_mean"": 0.02084, ""test_mae_max"": 0.0345, ""test_mae_min"": 0.0108, ""test_mae"": 0.0345, ""missing_rate"": 0.9}",experiments/logs/seed66_mlp_baseline.log,,,16.552214860916138,"0.0,0.1,0.2,0.3,0.4,0.5,0.6,0.7,0.8,0.9","0.0,0.1,0.2,0.3,0.4,0.5,0.6,0.7,0.8,0.9",20260308_023704,experiments/runs/20260308_023704
seed66_mlp_mim,66,mlp,mim,completed,2026-03-08 02:37:04,,2026-03-08 03:53:46,"{""mr_results"": [{""missing_rate"": 0.0, ""test_mae"": 0.0057}, {""missing_rate"": 0.1, ""test_mae"": 0.006}, {""missing_rate"": 0.2, ""test_mae"": 0.0063}, {""missing_rate"": 0.3, ""test_mae"": 0.0065}, {""missing_rate"": 0.4, ""test_mae"": 0.007}, {""missing_rate"": 0.5, ""test_mae"": 0.0078}, {""missing_rate"": 0.6, ""test_mae"": 0.0087}, {""missing_rate"": 0.7, ""test_mae"": 0.0109}, {""missing_rate"": 0.8, ""test_mae"": 0.0139}, {""missing_rate"": 0.9, ""test_mae"": 0.0219}], ""test_mae_mean"": 0.00947, ""test_mae_max"": 0.0219, ""test_mae_min"": 0.0057, ""test_mae"": 0.0219, ""missing_rate"": 0.9}",experiments/logs/seed66_mlp_mim.log,Process exited with code 1,,58.506290435791016,"0.0,0.1,0.2,0.3,0.4,0.5,0.6,0.7,0.8,0.9","0.0,0.1,0.2,0.3,0.4,0.5,0.6,0.7,0.8,0.9",20260308_023704,experiments/runs/20260308_023704
seed66_lstm_baseline,66,lstm,baseline,completed,2026-03-08 02:37:04,,2026-03-08 03:53:04,"{""mr_results"": [{""missing_rate"": 0.0, ""test_mae"": 0.0085}, {""missing_rate"": 0.1, ""test_mae"": 0.0078}, {""missing_rate"": 0.2, ""test_mae"": 0.008}, {""missing_rate"": 0.3, ""test_mae"": 0.0091}, {""missing_rate"": 0.4, ""test_mae"": 0.0117}, {""missing_rate"": 0.5, ""test_mae"": 0.0153}, {""missing_rate"": 0.6, ""test_mae"": 0.0215}, {""missing_rate"": 0.7, ""test_mae"": 0.0272}, {""missing_rate"": 0.8, ""test_mae"": 0.0344}, {""missing_rate"": 0.9, ""test_mae"": 0.0454}], ""test_mae_mean"": 0.01889, ""test_mae_max"": 0.0454, ""test_mae_min"": 0.0078, ""test_mae"": 0.0454, ""missing_rate"": 0.9}",experiments/logs/seed66_lstm_baseline.log,Process exited with code 1,,16.73343563079834,"0.0,0.1,0.2,0.3,0.4,0.5,0.6,0.7,0.8,0.9","0.0,0.1,0.2,0.3,0.4,0.5,0.6,0.7,0.8,0.9",20260308_023704,experiments/runs/20260308_023704
seed66_lstm_mim,66,lstm,mim,completed,2026-03-08 02:37:04,,2026-03-08 03:52:41,"{""mr_results"": [{""missing_rate"": 0.0, ""test_mae"": 0.0084}, {""missing_rate"": 0.1, ""test_mae"": 0.0086}, {""missing_rate"": 0.2, ""test_mae"": 0.0088}, {""missing_rate"": 0.3, ""test_mae"": 0.0089}, {""missing_rate"": 0.4, ""test_mae"": 0.0092}, {""missing_rate"": 0.5, ""test_mae"": 0.0097}, {""missing_rate"": 0.6, ""test_mae"": 0.0101}, {""missing_rate"": 0.7, ""test_mae"": 0.0114}, {""missing_rate"": 0.8, ""test_mae"": 0.0148}, {""missing_rate"": 0.9, ""test_mae"": 0.0233}], ""test_mae_mean"": 0.01132, ""test_mae_max"": 0.0233, ""test_mae_min"": 0.0084, ""test_mae"": 0.0233, ""missing_rate"": 0.9}",experiments/logs/seed66_lstm_mim.log,,,46.79265904426575,"0.0,0.1,0.2,0.3,0.4,0.5,0.6,0.7,0.8,0.9","0.0,0.1,0.2,0.3,0.4,0.5,0.6,0.7,0.8,0.9",20260308_023704,experiments/runs/20260308_023704
seed66_gru_baseline,66,gru,baseline,completed,2026-03-08 02:37:04,,2026-03-08 03:54:08,"{""mr_results"": [{""missing_rate"": 0.0, ""test_mae"": 0.0072}, {""missing_rate"": 0.1, ""test_mae"": 0.0088}, {""missing_rate"": 0.2, ""test_mae"": 0.0111}, {""missing_rate"": 0.3, ""test_mae"": 0.014}, {""missing_rate"": 0.4, ""test_mae"": 0.0173}, {""missing_rate"": 0.5, ""test_mae"": 0.0208}, {""missing_rate"": 0.6, ""test_mae"": 0.0244}, {""missing_rate"": 0.7, ""test_mae"": 0.0278}, {""missing_rate"": 0.8, ""test_mae"": 0.0314}, {""missing_rate"": 0.9, ""test_mae"": 0.0348}], ""test_mae_mean"": 0.01976, ""test_mae_max"": 0.0348, ""test_mae_min"": 0.0072, ""test_mae"": 0.0348, ""missing_rate"": 0.9}",experiments/logs/seed66_gru_baseline.log,,,19.631445169448853,"0.0,0.1,0.2,0.3,0.4,0.5,0.6,0.7,0.8,0.9","0.0,0.1,0.2,0.3,0.4,0.5,0.6,0.7,0.8,0.9",20260308_023704,experiments/runs/20260308_023704
seed66_gru_mim,66,gru,mim,completed,2026-03-08 02:37:04,,2026-03-08 03:54:43,"{""mr_results"": [{""missing_rate"": 0.0, ""test_mae"": 0.0065}, {""missing_rate"": 0.1, ""test_mae"": 0.0066}, {""missing_rate"": 0.2, ""test_mae"": 0.0066}, {""missing_rate"": 0.3, ""test_mae"": 0.0068}, {""missing_rate"": 0.4, ""test_mae"": 0.0071}, {""missing_rate"": 0.5, ""test_mae"": 0.0074}, {""missing_rate"": 0.6, ""test_mae"": 0.0079}, {""missing_rate"": 0.7, ""test_mae"": 0.009}, {""missing_rate"": 0.8, ""test_mae"": 0.0125}, {""missing_rate"": 0.9, ""test_mae"": 0.0222}], ""test_mae_mean"": 0.009260000000000001, ""test_mae_max"": 0.0222, ""test_mae_min"": 0.0065, ""test_mae"": 0.0222, ""missing_rate"": 0.9}",experiments/logs/seed66_gru_mim.log,,,55.22602081298828,"0.0,0.1,0.2,0.3,0.4,0.5,0.6,0.7,0.8,0.9","0.0,0.1,0.2,0.3,0.4,0.5,0.6,0.7,0.8,0.9",20260308_023704,experiments/runs/20260308_023704
seed66_cnn1d_baseline,66,cnn1d,baseline,completed,2026-03-08 02:37:04,,2026-03-08 03:54:13,"{""mr_results"": [{""missing_rate"": 0.0, ""test_mae"": 0.027}, {""missing_rate"": 0.1, ""test_mae"": 0.0473}, {""missing_rate"": 0.2, ""test_mae"": 0.0614}, {""missing_rate"": 0.3, ""test_mae"": 0.0684}, {""missing_rate"": 0.4, ""test_mae"": 0.0745}, {""missing_rate"": 0.5, ""test_mae"": 0.0803}, {""missing_rate"": 0.6, ""test_mae"": 0.0892}, {""missing_rate"": 0.7, ""test_mae"": 0.0974}, {""missing_rate"": 0.8, ""test_mae"": 0.1053}, {""missing_rate"": 0.9, ""test_mae"": 0.1234}], ""test_mae_mean"": 0.07742, ""test_mae_max"": 0.1234, ""test_mae_min"": 0.027, ""test_mae"": 0.1234, ""missing_rate"": 0.9}",experiments/logs/seed66_cnn1d_baseline.log,,,24.771779537200928,"0.0,0.1,0.2,0.3,0.4,0.5,0.6,0.7,0.8,0.9","0.0,0.1,0.2,0.3,0.4,0.5,0.6,0.7,0.8,0.9",20260308_023704,experiments/runs/20260308_023704
seed66_cnn1d_mim,66,cnn1d,mim,completed,2026-03-08 02:37:04,,2026-03-08 03:54:53,"{""mr_results"": [{""missing_rate"": 0.0, ""test_mae"": 0.0082}, {""missing_rate"": 0.1, ""test_mae"": 0.0082}, {""missing_rate"": 0.2, ""test_mae"": 0.0079}, {""missing_rate"": 0.3, ""test_mae"": 0.0078}, {""missing_rate"": 0.4, ""test_mae"": 0.0078}, {""missing_rate"": 0.5, ""test_mae"": 0.0081}, {""missing_rate"": 0.6, ""test_mae"": 0.0088}, {""missing_rate"": 0.7, ""test_mae"": 0.0098}, {""missing_rate"": 0.8, ""test_mae"": 0.0121}, {""missing_rate"": 0.9, ""test_mae"": 0.0177}], ""test_mae_mean"": 0.00964, ""test_mae_max"": 0.0177, ""test_mae_min"": 0.0078, ""test_mae"": 0.0177, ""missing_rate"": 0.9}",experiments/logs/seed66_cnn1d_mim.log,,,65.1231153011322,"0.0,0.1,0.2,0.3,0.4,0.5,0.6,0.7,0.8,0.9","0.0,0.1,0.2,0.3,0.4,0.5,0.6,0.7,0.8,0.9",20260308_023704,experiments/runs/20260308_023704
seed67_mlp_baseline,67,mlp,baseline,completed,2026-03-08 02:37:04,,2026-03-08 03:55:16,"{""mr_results"": [{""missing_rate"": 0.0, ""test_mae"": 0.0092}, {""missing_rate"": 0.1, ""test_mae"": 0.0107}, {""missing_rate"": 0.2, ""test_mae"": 0.0121}, {""missing_rate"": 0.3, ""test_mae"": 0.014}, {""missing_rate"": 0.4, ""test_mae"": 0.0164}, {""missing_rate"": 0.5, ""test_mae"": 0.0189}, {""missing_rate"": 0.6, ""test_mae"": 0.0215}, {""missing_rate"": 0.7, ""test_mae"": 0.0247}, {""missing_rate"": 0.8, ""test_mae"": 0.0283}, {""missing_rate"": 0.9, ""test_mae"": 0.0326}], ""test_mae_mean"": 0.01884, ""test_mae_max"": 0.0326, ""test_mae_min"": 0.0092, ""test_mae"": 0.0326, ""missing_rate"": 0.9}",experiments/logs/seed67_mlp_baseline.log,,,21.204508304595947,"0.0,0.1,0.2,0.3,0.4,0.5,0.6,0.7,0.8,0.9","0.0,0.1,0.2,0.3,0.4,0.5,0.6,0.7,0.8,0.9",20260308_023704,experiments/runs/20260308_023704
seed67_mlp_mim,67,mlp,mim,completed,2026-03-08 02:37:04,,2026-03-08 03:56:06,"{""mr_results"": [{""missing_rate"": 0.0, ""test_mae"": 0.0082}, {""missing_rate"": 0.1, ""test_mae"": 0.0083}, {""missing_rate"": 0.2, ""test_mae"": 0.0084}, {""missing_rate"": 0.3, ""test_mae"": 0.0085}, {""missing_rate"": 0.4, ""test_mae"": 0.0086}, {""missing_rate"": 0.5, ""test_mae"": 0.009}, {""missing_rate"": 0.6, ""test_mae"": 0.0096}, {""missing_rate"": 0.7, ""test_mae"": 0.011}, {""missing_rate"": 0.8, ""test_mae"": 0.013}, {""missing_rate"": 0.9, ""test_mae"": 0.0218}], ""test_mae_mean"": 0.01064, ""test_mae_max"": 0.0218, ""test_mae_min"": 0.0082, ""test_mae"": 0.0218, ""missing_rate"": 0.9}",experiments/logs/seed67_mlp_mim.log,,,71.08230185508728,"0.0,0.1,0.2,0.3,0.4,0.5,0.6,0.7,0.8,0.9","0.0,0.1,0.2,0.3,0.4,0.5,0.6,0.7,0.8,0.9",20260308_023704,experiments/runs/20260308_023704
seed67_lstm_baseline,67,lstm,baseline,completed,2026-03-08 02:37:04,,2026-03-08 03:55:18,"{""mr_results"": [{""missing_rate"": 0.0, ""test_mae"": 0.0068}, {""missing_rate"": 0.1, ""test_mae"": 0.0072}, {""missing_rate"": 0.2, ""test_mae"": 0.0081}, {""missing_rate"": 0.3, ""test_mae"": 0.0091}, {""missing_rate"": 0.4, ""test_mae"": 0.0114}, {""missing_rate"": 0.5, ""test_mae"": 0.0152}, {""missing_rate"": 0.6, ""test_mae"": 0.0211}, {""missing_rate"": 0.7, ""test_mae"": 0.0264}, {""missing_rate"": 0.8, ""test_mae"": 0.0339}, {""missing_rate"": 0.9, ""test_mae"": 0.0444}], ""test_mae_mean"": 0.01836, ""test_mae_max"": 0.0444, ""test_mae_min"": 0.0068, ""test_mae"": 0.0444, ""missing_rate"": 0.9}",experiments/logs/seed67_lstm_baseline.log,,,23.22005844116211,"0.0,0.1,0.2,0.3,0.4,0.5,0.6,0.7,0.8,0.9","0.0,0.1,0.2,0.3,0.4,0.5,0.6,0.7,0.8,0.9",20260308_023704,experiments/runs/20260308_023704
seed67_lstm_mim,67,lstm,mim,completed,2026-03-08 02:37:04,,2026-03-08 03:56:04,"{""mr_results"": [{""missing_rate"": 0.0, ""test_mae"": 0.0069}, {""missing_rate"": 0.1, ""test_mae"": 0.0067}, {""missing_rate"": 0.2, ""test_mae"": 0.0068}, {""missing_rate"": 0.3, ""test_mae"": 0.0069}, {""missing_rate"": 0.4, ""test_mae"": 0.0071}, {""missing_rate"": 0.5, ""test_mae"": 0.0077}, {""missing_rate"": 0.6, ""test_mae"": 0.0085}, {""missing_rate"": 0.7, ""test_mae"": 0.01}, {""missing_rate"": 0.8, ""test_mae"": 0.0141}, {""missing_rate"": 0.9, ""test_mae"": 0.0237}], ""test_mae_mean"": 0.00984, ""test_mae_max"": 0.0237, ""test_mae_min"": 0.0067, ""test_mae"": 0.0237, ""missing_rate"": 0.9}",experiments/logs/seed67_lstm_mim.log,,,68.77423667907715,"0.0,0.1,0.2,0.3,0.4,0.5,0.6,0.7,0.8,0.9","0.0,0.1,0.2,0.3,0.4,0.5,0.6,0.7,0.8,0.9",20260308_023704,experiments/runs/20260308_023704
seed67_gru_baseline,67,gru,baseline,completed,2026-03-08 02:37:04,,2026-03-08 03:56:23,"{""mr_results"": [{""missing_rate"": 0.0, ""test_mae"": 0.0082}, {""missing_rate"": 0.1, ""test_mae"": 0.0098}, {""missing_rate"": 0.2, ""test_mae"": 0.0117}, {""missing_rate"": 0.3, ""test_mae"": 0.0144}, {""missing_rate"": 0.4, ""test_mae"": 0.0176}, {""missing_rate"": 0.5, ""test_mae"": 0.0208}, {""missing_rate"": 0.6, ""test_mae"": 0.0242}, {""missing_rate"": 0.7, ""test_mae"": 0.0267}, {""missing_rate"": 0.8, ""test_mae"": 0.0304}, {""missing_rate"": 0.9, ""test_mae"": 0.0345}], ""test_mae_mean"": 0.01983, ""test_mae_max"": 0.0345, ""test_mae_min"": 0.0082, ""test_mae"": 0.0345, ""missing_rate"": 0.9}",experiments/logs/seed67_gru_baseline.log,,,14.439139604568481,"0.0,0.1,0.2,0.3,0.4,0.5,0.6,0.7,0.8,0.9","0.0,0.1,0.2,0.3,0.4,0.5,0.6,0.7,0.8,0.9",20260308_023704,experiments/runs/20260308_023704
seed67_gru_mim,67,gru,mim,completed,2026-03-08 02:37:04,,2026-03-08 03:56:52,"{""mr_results"": [{""missing_rate"": 0.0, ""test_mae"": 0.0082}, {""missing_rate"": 0.1, ""test_mae"": 0.0085}, {""missing_rate"": 0.2, ""test_mae"": 0.0089}, {""missing_rate"": 0.3, ""test_mae"": 0.0091}, {""missing_rate"": 0.4, ""test_mae"": 0.0093}, {""missing_rate"": 0.5, ""test_mae"": 0.0095}, {""missing_rate"": 0.6, ""test_mae"": 0.0095}, {""missing_rate"": 0.7, ""test_mae"": 0.0101}, {""missing_rate"": 0.8, ""test_mae"": 0.0127}, {""missing_rate"": 0.9, ""test_mae"": 0.0205}], ""test_mae_mean"": 0.01063, ""test_mae_max"": 0.0205, ""test_mae_min"": 0.0082, ""test_mae"": 0.0205, ""missing_rate"": 0.9}",experiments/logs/seed67_gru_mim.log,,,43.87644410133362,"0.0,0.1,0.2,0.3,0.4,0.5,0.6,0.7,0.8,0.9","0.0,0.1,0.2,0.3,0.4,0.5,0.6,0.7,0.8,0.9",20260308_023704,experiments/runs/20260308_023704
seed67_cnn1d_baseline,67,cnn1d,baseline,completed,2026-03-08 02:37:04,,2026-03-08 03:56:31,"{""mr_results"": [{""missing_rate"": 0.0, ""test_mae"": 0.0212}, {""missing_rate"": 0.1, ""test_mae"": 0.0348}, {""missing_rate"": 0.2, ""test_mae"": 0.0438}, {""missing_rate"": 0.3, ""test_mae"": 0.0483}, {""missing_rate"": 0.4, ""test_mae"": 0.0516}, {""missing_rate"": 0.5, ""test_mae"": 0.0564}, {""missing_rate"": 0.6, ""test_mae"": 0.0606}, {""missing_rate"": 0.7, ""test_mae"": 0.0652}, {""missing_rate"": 0.8, ""test_mae"": 0.0706}, {""missing_rate"": 0.9, ""test_mae"": 0.0815}], ""test_mae_mean"": 0.0534, ""test_mae_max"": 0.0815, ""test_mae_min"": 0.0212, ""test_mae"": 0.0815, ""missing_rate"": 0.9}",experiments/logs/seed67_cnn1d_baseline.log,,,22.47009778022766,"0.0,0.1,0.2,0.3,0.4,0.5,0.6,0.7,0.8,0.9","0.0,0.1,0.2,0.3,0.4,0.5,0.6,0.7,0.8,0.9",20260308_023704,experiments/runs/20260308_023704
seed67_cnn1d_mim,67,cnn1d,mim,completed,2026-03-08 02:37:04,,2026-03-08 03:58:04,"{""mr_results"": [{""missing_rate"": 0.0, ""test_mae"": 0.0065}, {""missing_rate"": 0.1, ""test_mae"": 0.0063}, {""missing_rate"": 0.2, ""test_mae"": 0.0065}, {""missing_rate"": 0.3, ""test_mae"": 0.0068}, {""missing_rate"": 0.4, ""test_mae"": 0.0071}, {""missing_rate"": 0.5, ""test_mae"": 0.0078}, {""missing_rate"": 0.6, ""test_mae"": 0.0086}, {""missing_rate"": 0.7, ""test_mae"": 0.0099}, {""missing_rate"": 0.8, ""test_mae"": 0.0124}, {""missing_rate"": 0.9, ""test_mae"": 0.0195}], ""test_mae_mean"": 0.009139999999999999, ""test_mae_max"": 0.0195, ""test_mae_min"": 0.0063, ""test_mae"": 0.0195, ""missing_rate"": 0.9}",experiments/logs/seed67_cnn1d_mim.log,Process exited with code 1,,65.49133253097534,"0.0,0.1,0.2,0.3,0.4,0.5,0.6,0.7,0.8,0.9","0.0,0.1,0.2,0.3,0.4,0.5,0.6,0.7,0.8,0.9",20260308_023704,experiments/runs/20260308_023704
seed68_mlp_baseline,68,mlp,baseline,completed,2026-03-08 02:37:04,,2026-03-08 03:58:30,"{""mr_results"": [{""missing_rate"": 0.0, ""test_mae"": 0.0097}, {""missing_rate"": 0.1, ""test_mae"": 0.0111}, {""missing_rate"": 0.2, ""test_mae"": 0.0132}, {""missing_rate"": 0.3, ""test_mae"": 0.0154}, {""missing_rate"": 0.4, ""test_mae"": 0.0183}, {""missing_rate"": 0.5, ""test_mae"": 0.0218}, {""missing_rate"": 0.6, ""test_mae"": 0.0255}, {""missing_rate"": 0.7, ""test_mae"": 0.0289}, {""missing_rate"": 0.8, ""test_mae"": 0.0315}, {""missing_rate"": 0.9, ""test_mae"": 0.0349}], ""test_mae_mean"": 0.02103, ""test_mae_max"": 0.0349, ""test_mae_min"": 0.0097, ""test_mae"": 0.0349, ""missing_rate"": 0.9}",experiments/logs/seed68_mlp_baseline.log,,,24.442212104797363,"0.0,0.1,0.2,0.3,0.4,0.5,0.6,0.7,0.8,0.9","0.0,0.1,0.2,0.3,0.4,0.5,0.6,0.7,0.8,0.9",20260308_023704,experiments/runs/20260308_023704
seed68_mlp_mim,68,mlp,mim,completed,2026-03-08 02:37:04,,2026-03-08 03:59:00,"{""mr_results"": [{""missing_rate"": 0.0, ""test_mae"": 0.0072}, {""missing_rate"": 0.1, ""test_mae"": 0.0073}, {""missing_rate"": 0.2, ""test_mae"": 0.0075}, {""missing_rate"": 0.3, ""test_mae"": 0.0076}, {""missing_rate"": 0.4, ""test_mae"": 0.008}, {""missing_rate"": 0.5, ""test_mae"": 0.0088}, {""missing_rate"": 0.6, ""test_mae"": 0.0099}, {""missing_rate"": 0.7, ""test_mae"": 0.0115}, {""missing_rate"": 0.8, ""test_mae"": 0.014}, {""missing_rate"": 0.9, ""test_mae"": 0.0232}], ""test_mae_mean"": 0.010499999999999999, ""test_mae_max"": 0.0232, ""test_mae_min"": 0.0072, ""test_mae"": 0.0232, ""missing_rate"": 0.9}",experiments/logs/seed68_mlp_mim.log,,,54.01175832748413,"0.0,0.1,0.2,0.3,0.4,0.5,0.6,0.7,0.8,0.9","0.0,0.1,0.2,0.3,0.4,0.5,0.6,0.7,0.8,0.9",20260308_023704,experiments/runs/20260308_023704
seed68_lstm_baseline,68,lstm,baseline,completed,2026-03-08 02:37:04,,2026-03-08 03:58:26,"{""mr_results"": [{""missing_rate"": 0.0, ""test_mae"": 0.0074}, {""missing_rate"": 0.1, ""test_mae"": 0.0074}, {""missing_rate"": 0.2, ""test_mae"": 0.0079}, {""missing_rate"": 0.3, ""test_mae"": 0.009}, {""missing_rate"": 0.4, ""test_mae"": 0.0113}, {""missing_rate"": 0.5, ""test_mae"": 0.0144}, {""missing_rate"": 0.6, ""test_mae"": 0.0195}, {""missing_rate"": 0.7, ""test_mae"": 0.0249}, {""missing_rate"": 0.8, ""test_mae"": 0.0319}, {""missing_rate"": 0.9, ""test_mae"": 0.0434}], ""test_mae_mean"": 0.01771, ""test_mae_max"": 0.0434, ""test_mae_min"": 0.0074, ""test_mae"": 0.0434, ""missing_rate"": 0.9}",experiments/logs/seed68_lstm_baseline.log,,,20.31432294845581,"0.0,0.1,0.2,0.3,0.4,0.5,0.6,0.7,0.8,0.9","0.0,0.1,0.2,0.3,0.4,0.5,0.6,0.7,0.8,0.9",20260308_023704,experiments/runs/20260308_023704
seed68_lstm_mim,68,lstm,mim,completed,2026-03-08 02:37:04,,2026-03-08 03:59:18,"{""mr_results"": [{""missing_rate"": 0.0, ""test_mae"": 0.0056}, {""missing_rate"": 0.1, ""test_mae"": 0.0057}, {""missing_rate"": 0.2, ""test_mae"": 0.0058}, {""missing_rate"": 0.3, ""test_mae"": 0.006}, {""missing_rate"": 0.4, ""test_mae"": 0.0065}, {""missing_rate"": 0.5, ""test_mae"": 0.0072}, {""missing_rate"": 0.6, ""test_mae"": 0.008}, {""missing_rate"": 0.7, ""test_mae"": 0.0095}, {""missing_rate"": 0.8, ""test_mae"": 0.0128}, {""missing_rate"": 0.9, ""test_mae"": 0.0213}], ""test_mae_mean"": 0.00884, ""test_mae_max"": 0.0213, ""test_mae_min"": 0.0056, ""test_mae"": 0.0213, ""missing_rate"": 0.9}",experiments/logs/seed68_lstm_mim.log,,,72.71481156349182,"0.0,0.1,0.2,0.3,0.4,0.5,0.6,0.7,0.8,0.9","0.0,0.1,0.2,0.3,0.4,0.5,0.6,0.7,0.8,0.9",20260308_023704,experiments/runs/20260308_023704
seed68_gru_baseline,68,gru,baseline,completed,2026-03-08 02:37:04,,2026-03-08 03:59:41,"{""mr_results"": [{""missing_rate"": 0.0, ""test_mae"": 0.0068}, {""missing_rate"": 0.1, ""test_mae"": 0.0085}, {""missing_rate"": 0.2, ""test_mae"": 0.0108}, {""missing_rate"": 0.3, ""test_mae"": 0.0134}, {""missing_rate"": 0.4, ""test_mae"": 0.0164}, {""missing_rate"": 0.5, ""test_mae"": 0.0197}, {""missing_rate"": 0.6, ""test_mae"": 0.0229}, {""missing_rate"": 0.7, ""test_mae"": 0.0264}, {""missing_rate"": 0.8, ""test_mae"": 0.0302}, {""missing_rate"": 0.9, ""test_mae"": 0.0337}], ""test_mae_mean"": 0.01888, ""test_mae_max"": 0.0337, ""test_mae_min"": 0.0068, ""test_mae"": 0.0337, ""missing_rate"": 0.9}",experiments/logs/seed68_gru_baseline.log,,,20.362570762634277,"0.0,0.1,0.2,0.3,0.4,0.5,0.6,0.7,0.8,0.9","0.0,0.1,0.2,0.3,0.4,0.5,0.6,0.7,0.8,0.9",20260308_023704,experiments/runs/20260308_023704
seed68_gru_mim,68,gru,mim,completed,2026-03-08 02:37:04,,2026-03-08 03:59:56,"{""mr_results"": [{""missing_rate"": 0.0, ""test_mae"": 0.0051}, {""missing_rate"": 0.1, ""test_mae"": 0.0056}, {""missing_rate"": 0.2, ""test_mae"": 0.0059}, {""missing_rate"": 0.3, ""test_mae"": 0.0065}, {""missing_rate"": 0.4, ""test_mae"": 0.0069}, {""missing_rate"": 0.5, ""test_mae"": 0.0075}, {""missing_rate"": 0.6, ""test_mae"": 0.0081}, {""missing_rate"": 0.7, ""test_mae"": 0.0098}, {""missing_rate"": 0.8, ""test_mae"": 0.014}, {""missing_rate"": 0.9, ""test_mae"": 0.0243}], ""test_mae_mean"": 0.00937, ""test_mae_max"": 0.0243, ""test_mae_min"": 0.0051, ""test_mae"": 0.0243, ""missing_rate"": 0.9}",experiments/logs/seed68_gru_mim.log,,,36.149083852767944,"0.0,0.1,0.2,0.3,0.4,0.5,0.6,0.7,0.8,0.9","0.0,0.1,0.2,0.3,0.4,0.5,0.6,0.7,0.8,0.9",20260308_023704,experiments/runs/20260308_023704
seed68_cnn1d_baseline,68,cnn1d,baseline,completed,2026-03-08 02:37:04,,2026-03-08 03:59:45,"{""mr_results"": [{""missing_rate"": 0.0, ""test_mae"": 0.0224}, {""missing_rate"": 0.1, ""test_mae"": 0.0401}, {""missing_rate"": 0.2, ""test_mae"": 0.0512}, {""missing_rate"": 0.3, ""test_mae"": 0.056}, {""missing_rate"": 0.4, ""test_mae"": 0.0603}, {""missing_rate"": 0.5, ""test_mae"": 0.0647}, {""missing_rate"": 0.6, ""test_mae"": 0.0688}, {""missing_rate"": 0.7, ""test_mae"": 0.0729}, {""missing_rate"": 0.8, ""test_mae"": 0.076}, {""missing_rate"": 0.9, ""test_mae"": 0.0857}], ""test_mae_mean"": 0.059809999999999995, ""test_mae_max"": 0.0857, ""test_mae_min"": 0.0224, ""test_mae"": 0.0857, ""missing_rate"": 0.9}",experiments/logs/seed68_cnn1d_baseline.log,,,24.455495834350586,"0.0,0.1,0.2,0.3,0.4,0.5,0.6,0.7,0.8,0.9","0.0,0.1,0.2,0.3,0.4,0.5,0.6,0.7,0.8,0.9",20260308_023704,experiments/runs/20260308_023704
seed68_cnn1d_mim,68,cnn1d,mim,completed,2026-03-08 02:37:04,,2026-03-08 04:00:42,"{""mr_results"": [{""missing_rate"": 0.0, ""test_mae"": 0.006}, {""missing_rate"": 0.1, ""test_mae"": 0.0061}, {""missing_rate"": 0.2, ""test_mae"": 0.0064}, {""missing_rate"": 0.3, ""test_mae"": 0.0067}, {""missing_rate"": 0.4, ""test_mae"": 0.007}, {""missing_rate"": 0.5, ""test_mae"": 0.0074}, {""missing_rate"": 0.6, ""test_mae"": 0.0081}, {""missing_rate"": 0.7, ""test_mae"": 0.0091}, {""missing_rate"": 0.8, ""test_mae"": 0.0109}, {""missing_rate"": 0.9, ""test_mae"": 0.0181}], ""test_mae_mean"": 0.00858, ""test_mae_max"": 0.0181, ""test_mae_min"": 0.006, ""test_mae"": 0.0181, ""missing_rate"": 0.9}",experiments/logs/seed68_cnn1d_mim.log,,,81.4666759967804,"0.0,0.1,0.2,0.3,0.4,0.5,0.6,0.7,0.8,0.9","0.0,0.1,0.2,0.3,0.4,0.5,0.6,0.7,0.8,0.9",20260308_023704,experiments/runs/20260308_023704
seed69_mlp_baseline,69,mlp,baseline,completed,2026-03-08 02:37:04,,2026-03-08 04:01:03,"{""mr_results"": [{""missing_rate"": 0.0, ""test_mae"": 0.0112}, {""missing_rate"": 0.1, ""test_mae"": 0.0124}, {""missing_rate"": 0.2, ""test_mae"": 0.0143}, {""missing_rate"": 0.3, ""test_mae"": 0.0164}, {""missing_rate"": 0.4, ""test_mae"": 0.0193}, {""missing_rate"": 0.5, ""test_mae"": 0.0223}, {""missing_rate"": 0.6, ""test_mae"": 0.0256}, {""missing_rate"": 0.7, ""test_mae"": 0.0288}, {""missing_rate"": 0.8, ""test_mae"": 0.0314}, {""missing_rate"": 0.9, ""test_mae"": 0.0351}], ""test_mae_mean"": 0.021679999999999998, ""test_mae_max"": 0.0351, ""test_mae_min"": 0.0112, ""test_mae"": 0.0351, ""missing_rate"": 0.9}",experiments/logs/seed69_mlp_baseline.log,,,18.620917797088623,"0.0,0.1,0.2,0.3,0.4,0.5,0.6,0.7,0.8,0.9","0.0,0.1,0.2,0.3,0.4,0.5,0.6,0.7,0.8,0.9",20260308_023704,experiments/runs/20260308_023704
seed69_mlp_mim,69,mlp,mim,completed,2026-03-08 02:37:04,,2026-03-08 04:01:49,"{""mr_results"": [{""missing_rate"": 0.0, ""test_mae"": 0.0051}, {""missing_rate"": 0.1, ""test_mae"": 0.0054}, {""missing_rate"": 0.2, ""test_mae"": 0.0057}, {""missing_rate"": 0.3, ""test_mae"": 0.006}, {""missing_rate"": 0.4, ""test_mae"": 0.0065}, {""missing_rate"": 0.5, ""test_mae"": 0.0076}, {""missing_rate"": 0.6, ""test_mae"": 0.009}, {""missing_rate"": 0.7, ""test_mae"": 0.0112}, {""missing_rate"": 0.8, ""test_mae"": 0.0138}, {""missing_rate"": 0.9, ""test_mae"": 0.0223}], ""test_mae_mean"": 0.009260000000000001, ""test_mae_max"": 0.0223, ""test_mae_min"": 0.0051, ""test_mae"": 0.0223, ""missing_rate"": 0.9}",experiments/logs/seed69_mlp_mim.log,,,64.81614804267883,"0.0,0.1,0.2,0.3,0.4,0.5,0.6,0.7,0.8,0.9","0.0,0.1,0.2,0.3,0.4,0.5,0.6,0.7,0.8,0.9",20260308_023704,experiments/runs/20260308_023704
seed69_lstm_baseline,69,lstm,baseline,completed,2026-03-08 02:37:04,,2026-03-08 04:01:11,"{""mr_results"": [{""missing_rate"": 0.0, ""test_mae"": 0.0077}, {""missing_rate"": 0.1, ""test_mae"": 0.0088}, {""missing_rate"": 0.2, ""test_mae"": 0.0099}, {""missing_rate"": 0.3, ""test_mae"": 0.0109}, {""missing_rate"": 0.4, ""test_mae"": 0.0132}, {""missing_rate"": 0.5, ""test_mae"": 0.0174}, {""missing_rate"": 0.6, ""test_mae"": 0.024}, {""missing_rate"": 0.7, ""test_mae"": 0.0317}, {""missing_rate"": 0.8, ""test_mae"": 0.038}, {""missing_rate"": 0.9, ""test_mae"": 0.049}], ""test_mae_mean"": 0.021060000000000002, ""test_mae_max"": 0.049, ""test_mae_min"": 0.0077, ""test_mae"": 0.049, ""missing_rate"": 0.9}",experiments/logs/seed69_lstm_baseline.log,,,26.81761622428894,"0.0,0.1,0.2,0.3,0.4,0.5,0.6,0.7,0.8,0.9","0.0,0.1,0.2,0.3,0.4,0.5,0.6,0.7,0.8,0.9",20260308_023704,experiments/runs/20260308_023704
seed69_lstm_mim,69,lstm,mim,completed,2026-03-08 02:37:04,,2026-03-08 04:01:45,"{""mr_results"": [{""missing_rate"": 0.0, ""test_mae"": 0.0053}, {""missing_rate"": 0.1, ""test_mae"": 0.0051}, {""missing_rate"": 0.2, ""test_mae"": 0.0051}, {""missing_rate"": 0.3, ""test_mae"": 0.0052}, {""missing_rate"": 0.4, ""test_mae"": 0.0055}, {""missing_rate"": 0.5, ""test_mae"": 0.0059}, {""missing_rate"": 0.6, ""test_mae"": 0.0065}, {""missing_rate"": 0.7, ""test_mae"": 0.008}, {""missing_rate"": 0.8, ""test_mae"": 0.0113}, {""missing_rate"": 0.9, ""test_mae"": 0.0202}], ""test_mae_mean"": 0.00781, ""test_mae_max"": 0.0202, ""test_mae_min"": 0.0051, ""test_mae"": 0.0202, ""missing_rate"": 0.9}",experiments/logs/seed69_lstm_mim.log,,,61.093743085861206,"0.0,0.1,0.2,0.3,0.4,0.5,0.6,0.7,0.8,0.9","0.0,0.1,0.2,0.3,0.4,0.5,0.6,0.7,0.8,0.9",20260308_023704,experiments/runs/20260308_023704
seed69_gru_baseline,69,gru,baseline,completed,2026-03-08 02:37:04,,2026-03-08 04:02:53,"{""mr_results"": [{""missing_rate"": 0.0, ""test_mae"": 0.0081}, {""missing_rate"": 0.1, ""test_mae"": 0.0091}, {""missing_rate"": 0.2, ""test_mae"": 0.0108}, {""missing_rate"": 0.3, ""test_mae"": 0.0131}, {""missing_rate"": 0.4, ""test_mae"": 0.0162}, {""missing_rate"": 0.5, ""test_mae"": 0.0193}, {""missing_rate"": 0.6, ""test_mae"": 0.0231}, {""missing_rate"": 0.7, ""test_mae"": 0.0268}, {""missing_rate"": 0.8, ""test_mae"": 0.0307}, {""missing_rate"": 0.9, ""test_mae"": 0.0347}], ""test_mae_mean"": 0.019190000000000002, ""test_mae_max"": 0.0347, ""test_mae_min"": 0.0081, ""test_mae"": 0.0347, ""missing_rate"": 0.9}",experiments/logs/seed69_gru_baseline.log,Process exited with code 1,,13.086153507232666,"0.0,0.1,0.2,0.3,0.4,0.5,0.6,0.7,0.8,0.9","0.0,0.1,0.2,0.3,0.4,0.5,0.6,0.7,0.8,0.9",20260308_023704,experiments/runs/20260308_023704
seed69_gru_mim,69,gru,mim,completed,2026-03-08 02:37:04,,2026-03-08 04:02:34,"{""mr_results"": [{""missing_rate"": 0.0, ""test_mae"": 0.0073}, {""missing_rate"": 0.1, ""test_mae"": 0.0079}, {""missing_rate"": 0.2, ""test_mae"": 0.0085}, {""missing_rate"": 0.3, ""test_mae"": 0.0088}, {""missing_rate"": 0.4, ""test_mae"": 0.0091}, {""missing_rate"": 0.5, ""test_mae"": 0.0095}, {""missing_rate"": 0.6, ""test_mae"": 0.0101}, {""missing_rate"": 0.7, ""test_mae"": 0.0113}, {""missing_rate"": 0.8, ""test_mae"": 0.0151}, {""missing_rate"": 0.9, ""test_mae"": 0.024}], ""test_mae_mean"": 0.01116, ""test_mae_max"": 0.024, ""test_mae_min"": 0.0073, ""test_mae"": 0.024, ""missing_rate"": 0.9}",experiments/logs/seed69_gru_mim.log,,,43.359336853027344,"0.0,0.1,0.2,0.3,0.4,0.5,0.6,0.7,0.8,0.9","0.0,0.1,0.2,0.3,0.4,0.5,0.6,0.7,0.8,0.9",20260308_023704,experiments/runs/20260308_023704
seed69_cnn1d_baseline,69,cnn1d,baseline,completed,2026-03-08 02:37:04,,2026-03-08 04:02:12,"{""mr_results"": [{""missing_rate"": 0.0, ""test_mae"": 0.0269}, {""missing_rate"": 0.1, ""test_mae"": 0.0427}, {""missing_rate"": 0.2, ""test_mae"": 0.0541}, {""missing_rate"": 0.3, ""test_mae"": 0.0603}, {""missing_rate"": 0.4, ""test_mae"": 0.0643}, {""missing_rate"": 0.5, ""test_mae"": 0.0694}, {""missing_rate"": 0.6, ""test_mae"": 0.0734}, {""missing_rate"": 0.7, ""test_mae"": 0.079}, {""missing_rate"": 0.8, ""test_mae"": 0.0828}, {""missing_rate"": 0.9, ""test_mae"": 0.0951}], ""test_mae_mean"": 0.0648, ""test_mae_max"": 0.0951, ""test_mae_min"": 0.0269, ""test_mae"": 0.0951, ""missing_rate"": 0.9}",experiments/logs/seed69_cnn1d_baseline.log,,,21.591960430145264,"0.0,0.1,0.2,0.3,0.4,0.5,0.6,0.7,0.8,0.9","0.0,0.1,0.2,0.3,0.4,0.5,0.6,0.7,0.8,0.9",20260308_023704,experiments/runs/20260308_023704
seed69_cnn1d_mim,69,cnn1d,mim,completed,2026-03-08 02:37:04,,2026-03-08 04:03:39,"{""mr_results"": [{""missing_rate"": 0.0, ""test_mae"": 0.0075}, {""missing_rate"": 0.1, ""test_mae"": 0.0075}, {""missing_rate"": 0.2, ""test_mae"": 0.0076}, {""missing_rate"": 0.3, ""test_mae"": 0.0077}, {""missing_rate"": 0.4, ""test_mae"": 0.0078}, {""missing_rate"": 0.5, ""test_mae"": 0.0078}, {""missing_rate"": 0.6, ""test_mae"": 0.0082}, {""missing_rate"": 0.7, ""test_mae"": 0.0088}, {""missing_rate"": 0.8, ""test_mae"": 0.0102}, {""missing_rate"": 0.9, ""test_mae"": 0.0154}], ""test_mae_mean"": 0.00885, ""test_mae_max"": 0.0154, ""test_mae_min"": 0.0075, ""test_mae"": 0.0154, ""missing_rate"": 0.9}",experiments/logs/seed69_cnn1d_mim.log,Process exited with code 1,,59.122626543045044,"0.0,0.1,0.2,0.3,0.4,0.5,0.6,0.7,0.8,0.9","0.0,0.1,0.2,0.3,0.4,0.5,0.6,0.7,0.8,0.9",20260308_023704,experiments/runs/20260308_023704
seed70_mlp_baseline,70,mlp,baseline,completed,2026-03-08 02:37:04,,2026-03-08 04:03:57,"{""mr_results"": [{""missing_rate"": 0.0, ""test_mae"": 0.0121}, {""missing_rate"": 0.1, ""test_mae"": 0.0136}, {""missing_rate"": 0.2, ""test_mae"": 0.0154}, {""missing_rate"": 0.3, ""test_mae"": 0.0179}, {""missing_rate"": 0.4, ""test_mae"": 0.0213}, {""missing_rate"": 0.5, ""test_mae"": 0.0242}, {""missing_rate"": 0.6, ""test_mae"": 0.0274}, {""missing_rate"": 0.7, ""test_mae"": 0.0305}, {""missing_rate"": 0.8, ""test_mae"": 0.0335}, {""missing_rate"": 0.9, ""test_mae"": 0.0371}], ""test_mae_mean"": 0.0233, ""test_mae_max"": 0.0371, ""test_mae_min"": 0.0121, ""test_mae"": 0.0371, ""missing_rate"": 0.9}",experiments/logs/seed70_mlp_baseline.log,,,16.10812473297119,"0.0,0.1,0.2,0.3,0.4,0.5,0.6,0.7,0.8,0.9","0.0,0.1,0.2,0.3,0.4,0.5,0.6,0.7,0.8,0.9",20260308_023704,experiments/runs/20260308_023704
seed70_mlp_mim,70,mlp,mim,completed,2026-03-08 02:37:04,,2026-03-08 04:04:38,"{""mr_results"": [{""missing_rate"": 0.0, ""test_mae"": 0.0065}, {""missing_rate"": 0.1, ""test_mae"": 0.0067}, {""missing_rate"": 0.2, ""test_mae"": 0.007}, {""missing_rate"": 0.3, ""test_mae"": 0.0073}, {""missing_rate"": 0.4, ""test_mae"": 0.0077}, {""missing_rate"": 0.5, ""test_mae"": 0.0086}, {""missing_rate"": 0.6, ""test_mae"": 0.0094}, {""missing_rate"": 0.7, ""test_mae"": 0.0114}, {""missing_rate"": 0.8, ""test_mae"": 0.0139}, {""missing_rate"": 0.9, ""test_mae"": 0.0222}], ""test_mae_mean"": 0.010069999999999999, ""test_mae_max"": 0.0222, ""test_mae_min"": 0.0065, ""test_mae"": 0.0222, ""missing_rate"": 0.9}",experiments/logs/seed70_mlp_mim.log,,,57.03692150115967,"0.0,0.1,0.2,0.3,0.4,0.5,0.6,0.7,0.8,0.9","0.0,0.1,0.2,0.3,0.4,0.5,0.6,0.7,0.8,0.9",20260308_023704,experiments/runs/20260308_023704
seed70_lstm_baseline,70,lstm,baseline,completed,2026-03-08 02:37:04,,2026-03-08 04:04:02,"{""mr_results"": [{""missing_rate"": 0.0, ""test_mae"": 0.0084}, {""missing_rate"": 0.1, ""test_mae"": 0.0084}, {""missing_rate"": 0.2, ""test_mae"": 0.0094}, {""missing_rate"": 0.3, ""test_mae"": 0.0104}, {""missing_rate"": 0.4, ""test_mae"": 0.0136}, {""missing_rate"": 0.5, ""test_mae"": 0.0183}, {""missing_rate"": 0.6, ""test_mae"": 0.0264}, {""missing_rate"": 0.7, ""test_mae"": 0.0361}, {""missing_rate"": 0.8, ""test_mae"": 0.0439}, {""missing_rate"": 0.9, ""test_mae"": 0.0562}], ""test_mae_mean"": 0.02311, ""test_mae_max"": 0.0562, ""test_mae_min"": 0.0084, ""test_mae"": 0.0562, ""missing_rate"": 0.9}",experiments/logs/seed70_lstm_baseline.log,,,20.634190797805786,"0.0,0.1,0.2,0.3,0.4,0.5,0.6,0.7,0.8,0.9","0.0,0.1,0.2,0.3,0.4,0.5,0.6,0.7,0.8,0.9",20260308_023704,experiments/runs/20260308_023704
seed70_lstm_mim,70,lstm,mim,completed,2026-03-08 02:37:04,,2026-03-08 04:04:49,"{""mr_results"": [{""missing_rate"": 0.0, ""test_mae"": 0.006}, {""missing_rate"": 0.1, ""test_mae"": 0.0062}, {""missing_rate"": 0.2, ""test_mae"": 0.0063}, {""missing_rate"": 0.3, ""test_mae"": 0.0066}, {""missing_rate"": 0.4, ""test_mae"": 0.007}, {""missing_rate"": 0.5, ""test_mae"": 0.0077}, {""missing_rate"": 0.6, ""test_mae"": 0.0086}, {""missing_rate"": 0.7, ""test_mae"": 0.0106}, {""missing_rate"": 0.8, ""test_mae"": 0.015}, {""missing_rate"": 0.9, ""test_mae"": 0.0249}], ""test_mae_mean"": 0.00989, ""test_mae_max"": 0.0249, ""test_mae_min"": 0.006, ""test_mae"": 0.0249, ""missing_rate"": 0.9}",experiments/logs/seed70_lstm_mim.log,,,68.17927980422974,"0.0,0.1,0.2,0.3,0.4,0.5,0.6,0.7,0.8,0.9","0.0,0.1,0.2,0.3,0.4,0.5,0.6,0.7,0.8,0.9",20260308_023704,experiments/runs/20260308_023704
seed70_gru_baseline,70,gru,baseline,completed,2026-03-08 02:37:04,,2026-03-08 04:05:16,"{""mr_results"": [{""missing_rate"": 0.0, ""test_mae"": 0.0065}, {""missing_rate"": 0.1, ""test_mae"": 0.0072}, {""missing_rate"": 0.2, ""test_mae"": 0.0084}, {""missing_rate"": 0.3, ""test_mae"": 0.0106}, {""missing_rate"": 0.4, ""test_mae"": 0.0138}, {""missing_rate"": 0.5, ""test_mae"": 0.0169}, {""missing_rate"": 0.6, ""test_mae"": 0.021}, {""missing_rate"": 0.7, ""test_mae"": 0.0251}, {""missing_rate"": 0.8, ""test_mae"": 0.0295}, {""missing_rate"": 0.9, ""test_mae"": 0.0333}], ""test_mae_mean"": 0.017230000000000002, ""test_mae_max"": 0.0333, ""test_mae_min"": 0.0065, ""test_mae"": 0.0333, ""missing_rate"": 0.9}",experiments/logs/seed70_gru_baseline.log,,,24.88695192337036,"0.0,0.1,0.2,0.3,0.4,0.5,0.6,0.7,0.8,0.9","0.0,0.1,0.2,0.3,0.4,0.5,0.6,0.7,0.8,0.9",20260308_023704,experiments/runs/20260308_023704
seed70_gru_mim,70,gru,mim,completed,2026-03-08 02:37:04,,2026-03-08 04:05:36,"{""mr_results"": [{""missing_rate"": 0.0, ""test_mae"": 0.0051}, {""missing_rate"": 0.1, ""test_mae"": 0.0055}, {""missing_rate"": 0.2, ""test_mae"": 0.0057}, {""missing_rate"": 0.3, ""test_mae"": 0.0062}, {""missing_rate"": 0.4, ""test_mae"": 0.0066}, {""missing_rate"": 0.5, ""test_mae"": 0.0069}, {""missing_rate"": 0.6, ""test_mae"": 0.0074}, {""missing_rate"": 0.7, ""test_mae"": 0.0084}, {""missing_rate"": 0.8, ""test_mae"": 0.0111}, {""missing_rate"": 0.9, ""test_mae"": 0.0199}], ""test_mae_mean"": 0.00828, ""test_mae_max"": 0.0199, ""test_mae_min"": 0.0051, ""test_mae"": 0.0199, ""missing_rate"": 0.9}",experiments/logs/seed70_gru_mim.log,,,44.327906370162964,"0.0,0.1,0.2,0.3,0.4,0.5,0.6,0.7,0.8,0.9","0.0,0.1,0.2,0.3,0.4,0.5,0.6,0.7,0.8,0.9",20260308_023704,experiments/runs/20260308_023704
seed70_cnn1d_baseline,70,cnn1d,baseline,completed,2026-03-08 02:37:04,,2026-03-08 04:05:17,"{""mr_results"": [{""missing_rate"": 0.0, ""test_mae"": 0.0327}, {""missing_rate"": 0.1, ""test_mae"": 0.0442}, {""missing_rate"": 0.2, ""test_mae"": 0.0537}, {""missing_rate"": 0.3, ""test_mae"": 0.0583}, {""missing_rate"": 0.4, ""test_mae"": 0.0609}, {""missing_rate"": 0.5, ""test_mae"": 0.0652}, {""missing_rate"": 0.6, ""test_mae"": 0.0686}, {""missing_rate"": 0.7, ""test_mae"": 0.0718}, {""missing_rate"": 0.8, ""test_mae"": 0.0756}, {""missing_rate"": 0.9, ""test_mae"": 0.0872}], ""test_mae_mean"": 0.06182, ""test_mae_max"": 0.0872, ""test_mae_min"": 0.0327, ""test_mae"": 0.0872, ""missing_rate"": 0.9}",experiments/logs/seed70_cnn1d_baseline.log,,,25.069400310516357,"0.0,0.1,0.2,0.3,0.4,0.5,0.6,0.7,0.8,0.9","0.0,0.1,0.2,0.3,0.4,0.5,0.6,0.7,0.8,0.9",20260308_023704,experiments/runs/20260308_023704
seed70_cnn1d_mim,70,cnn1d,mim,completed,2026-03-08 02:37:04,,2026-03-08 04:05:53,"{""mr_results"": [{""missing_rate"": 0.0, ""test_mae"": 0.0079}, {""missing_rate"": 0.1, ""test_mae"": 0.0078}, {""missing_rate"": 0.2, ""test_mae"": 0.0079}, {""missing_rate"": 0.3, ""test_mae"": 0.008}, {""missing_rate"": 0.4, ""test_mae"": 0.0081}, {""missing_rate"": 0.5, ""test_mae"": 0.0086}, {""missing_rate"": 0.6, ""test_mae"": 0.0091}, {""missing_rate"": 0.7, ""test_mae"": 0.0103}, {""missing_rate"": 0.8, ""test_mae"": 0.014}, {""missing_rate"": 0.9, ""test_mae"": 0.0224}], ""test_mae_mean"": 0.010409999999999999, ""test_mae_max"": 0.0224, ""test_mae_min"": 0.0078, ""test_mae"": 0.0224, ""missing_rate"": 0.9}",experiments/logs/seed70_cnn1d_mim.log,,,61.881014347076416,"0.0,0.1,0.2,0.3,0.4,0.5,0.6,0.7,0.8,0.9","0.0,0.1,0.2,0.3,0.4,0.5,0.6,0.7,0.8,0.9",20260308_023704,experiments/runs/20260308_023704
seed71_mlp_baseline,71,mlp,baseline,completed,2026-03-08 02:37:04,,2026-03-08 04:06:13,"{""mr_results"": [{""missing_rate"": 0.0, ""test_mae"": 0.0081}, {""missing_rate"": 0.1, ""test_mae"": 0.0095}, {""missing_rate"": 0.2, ""test_mae"": 0.0107}, {""missing_rate"": 0.3, ""test_mae"": 0.0126}, {""missing_rate"": 0.4, ""test_mae"": 0.0148}, {""missing_rate"": 0.5, ""test_mae"": 0.0175}, {""missing_rate"": 0.6, ""test_mae"": 0.0209}, {""missing_rate"": 0.7, ""test_mae"": 0.0243}, {""missing_rate"": 0.8, ""test_mae"": 0.0277}, {""missing_rate"": 0.9, ""test_mae"": 0.0328}], ""test_mae_mean"": 0.01789, ""test_mae_max"": 0.0328, ""test_mae_min"": 0.0081, ""test_mae"": 0.0328, ""missing_rate"": 0.9}",experiments/logs/seed71_mlp_baseline.log,,,17.48110294342041,"0.0,0.1,0.2,0.3,0.4,0.5,0.6,0.7,0.8,0.9","0.0,0.1,0.2,0.3,0.4,0.5,0.6,0.7,0.8,0.9",20260308_023704,experiments/runs/20260308_023704
seed71_mlp_mim,71,mlp,mim,completed,2026-03-08 02:37:04,,2026-03-08 04:08:06,"{""mr_results"": [{""missing_rate"": 0.0, ""test_mae"": 0.0054}, {""missing_rate"": 0.1, ""test_mae"": 0.0055}, {""missing_rate"": 0.2, ""test_mae"": 0.006}, {""missing_rate"": 0.3, ""test_mae"": 0.0063}, {""missing_rate"": 0.4, ""test_mae"": 0.0067}, {""missing_rate"": 0.5, ""test_mae"": 0.0079}, {""missing_rate"": 0.6, ""test_mae"": 0.0097}, {""missing_rate"": 0.7, ""test_mae"": 0.0117}, {""missing_rate"": 0.8, ""test_mae"": 0.0147}, {""missing_rate"": 0.9, ""test_mae"": 0.0234}], ""test_mae_mean"": 0.009729999999999999, ""test_mae_max"": 0.0234, ""test_mae_min"": 0.0054, ""test_mae"": 0.0234, ""missing_rate"": 0.9}",experiments/logs/seed71_mlp_mim.log,Process exited with code 1,,60.77324604988098,"0.0,0.1,0.2,0.3,0.4,0.5,0.6,0.7,0.8,0.9","0.0,0.1,0.2,0.3,0.4,0.5,0.6,0.7,0.8,0.9",20260308_023704,experiments/runs/20260308_023704
seed71_lstm_baseline,71,lstm,baseline,completed,2026-03-08 02:37:04,,2026-03-08 04:07:23,"{""mr_results"": [{""missing_rate"": 0.0, ""test_mae"": 0.0067}, {""missing_rate"": 0.1, ""test_mae"": 0.0079}, {""missing_rate"": 0.2, ""test_mae"": 0.0092}, {""missing_rate"": 0.3, ""test_mae"": 0.0105}, {""missing_rate"": 0.4, ""test_mae"": 0.0128}, {""missing_rate"": 0.5, ""test_mae"": 0.0159}, {""missing_rate"": 0.6, ""test_mae"": 0.0208}, {""missing_rate"": 0.7, ""test_mae"": 0.0251}, {""missing_rate"": 0.8, ""test_mae"": 0.0314}, {""missing_rate"": 0.9, ""test_mae"": 0.0369}], ""test_mae_mean"": 0.01772, ""test_mae_max"": 0.0369, ""test_mae_min"": 0.0067, ""test_mae"": 0.0369, ""missing_rate"": 0.9}",experiments/logs/seed71_lstm_baseline.log,Process exited with code 1,,17.602633237838745,"0.0,0.1,0.2,0.3,0.4,0.5,0.6,0.7,0.8,0.9","0.0,0.1,0.2,0.3,0.4,0.5,0.6,0.7,0.8,0.9",20260308_023704,experiments/runs/20260308_023704
seed71_lstm_mim,71,lstm,mim,completed,2026-03-08 02:37:04,,2026-03-08 04:06:59,"{""mr_results"": [{""missing_rate"": 0.0, ""test_mae"": 0.0049}, {""missing_rate"": 0.1, ""test_mae"": 0.005}, {""missing_rate"": 0.2, ""test_mae"": 0.0052}, {""missing_rate"": 0.3, ""test_mae"": 0.0056}, {""missing_rate"": 0.4, ""test_mae"": 0.006}, {""missing_rate"": 0.5, ""test_mae"": 0.0068}, {""missing_rate"": 0.6, ""test_mae"": 0.0076}, {""missing_rate"": 0.7, ""test_mae"": 0.0095}, {""missing_rate"": 0.8, ""test_mae"": 0.0147}, {""missing_rate"": 0.9, ""test_mae"": 0.0267}], ""test_mae_mean"": 0.0092, ""test_mae_max"": 0.0267, ""test_mae_min"": 0.0049, ""test_mae"": 0.0267, ""missing_rate"": 0.9}",experiments/logs/seed71_lstm_mim.log,,,63.661508321762085,"0.0,0.1,0.2,0.3,0.4,0.5,0.6,0.7,0.8,0.9","0.0,0.1,0.2,0.3,0.4,0.5,0.6,0.7,0.8,0.9",20260308_023704,experiments/runs/20260308_023704
seed71_gru_baseline,71,gru,baseline,completed,2026-03-08 02:37:04,,2026-03-08 04:08:26,"{""mr_results"": [{""missing_rate"": 0.0, ""test_mae"": 0.0068}, {""missing_rate"": 0.1, ""test_mae"": 0.0083}, {""missing_rate"": 0.2, ""test_mae"": 0.0103}, {""missing_rate"": 0.3, ""test_mae"": 0.0127}, {""missing_rate"": 0.4, ""test_mae"": 0.0159}, {""missing_rate"": 0.5, ""test_mae"": 0.0192}, {""missing_rate"": 0.6, ""test_mae"": 0.0227}, {""missing_rate"": 0.7, ""test_mae"": 0.0265}, {""missing_rate"": 0.8, ""test_mae"": 0.0302}, {""missing_rate"": 0.9, ""test_mae"": 0.0338}], ""test_mae_mean"": 0.01864, ""test_mae_max"": 0.0338, ""test_mae_min"": 0.0068, ""test_mae"": 0.0338, ""missing_rate"": 0.9}",experiments/logs/seed71_gru_baseline.log,,,17.996623039245605,"0.0,0.1,0.2,0.3,0.4,0.5,0.6,0.7,0.8,0.9","0.0,0.1,0.2,0.3,0.4,0.5,0.6,0.7,0.8,0.9",20260308_023704,experiments/runs/20260308_023704
seed71_gru_mim,71,gru,mim,completed,2026-03-08 02:37:04,,2026-03-08 04:08:49,"{""mr_results"": [{""missing_rate"": 0.0, ""test_mae"": 0.0104}, {""missing_rate"": 0.1, ""test_mae"": 0.0105}, {""missing_rate"": 0.2, ""test_mae"": 0.0103}, {""missing_rate"": 0.3, ""test_mae"": 0.0104}, {""missing_rate"": 0.4, ""test_mae"": 0.0104}, {""missing_rate"": 0.5, ""test_mae"": 0.0107}, {""missing_rate"": 0.6, ""test_mae"": 0.0114}, {""missing_rate"": 0.7, ""test_mae"": 0.0128}, {""missing_rate"": 0.8, ""test_mae"": 0.0171}, {""missing_rate"": 0.9, ""test_mae"": 0.0273}], ""test_mae_mean"": 0.01313, ""test_mae_max"": 0.0273, ""test_mae_min"": 0.0103, ""test_mae"": 0.0273, ""missing_rate"": 0.9}",experiments/logs/seed71_gru_mim.log,,,41.66243290901184,"0.0,0.1,0.2,0.3,0.4,0.5,0.6,0.7,0.8,0.9","0.0,0.1,0.2,0.3,0.4,0.5,0.6,0.7,0.8,0.9",20260308_023704,experiments/runs/20260308_023704
seed71_cnn1d_baseline,71,cnn1d,baseline,completed,2026-03-08 02:37:04,,2026-03-08 04:08:33,"{""mr_results"": [{""missing_rate"": 0.0, ""test_mae"": 0.021}, {""missing_rate"": 0.1, ""test_mae"": 0.037}, {""missing_rate"": 0.2, ""test_mae"": 0.0502}, {""missing_rate"": 0.3, ""test_mae"": 0.0588}, {""missing_rate"": 0.4, ""test_mae"": 0.0643}, {""missing_rate"": 0.5, ""test_mae"": 0.0707}, {""missing_rate"": 0.6, ""test_mae"": 0.08}, {""missing_rate"": 0.7, ""test_mae"": 0.0875}, {""missing_rate"": 0.8, ""test_mae"": 0.0975}, {""missing_rate"": 0.9, ""test_mae"": 0.114}], ""test_mae_mean"": 0.06810000000000001, ""test_mae_max"": 0.114, ""test_mae_min"": 0.021, ""test_mae"": 0.114, ""missing_rate"": 0.9}",experiments/logs/seed71_cnn1d_baseline.log,,,25.37990713119507,"0.0,0.1,0.2,0.3,0.4,0.5,0.6,0.7,0.8,0.9","0.0,0.1,0.2,0.3,0.4,0.5,0.6,0.7,0.8,0.9",20260308_023704,experiments/runs/20260308_023704
seed71_cnn1d_mim,71,cnn1d,mim,completed,2026-03-08 02:37:04,,2026-03-08 04:09:00,"{""mr_results"": [{""missing_rate"": 0.0, ""test_mae"": 0.0083}, {""missing_rate"": 0.1, ""test_mae"": 0.0079}, {""missing_rate"": 0.2, ""test_mae"": 0.0075}, {""missing_rate"": 0.3, ""test_mae"": 0.0073}, {""missing_rate"": 0.4, ""test_mae"": 0.0073}, {""missing_rate"": 0.5, ""test_mae"": 0.0071}, {""missing_rate"": 0.6, ""test_mae"": 0.0075}, {""missing_rate"": 0.7, ""test_mae"": 0.0083}, {""missing_rate"": 0.8, ""test_mae"": 0.0098}, {""missing_rate"": 0.9, ""test_mae"": 0.0148}], ""test_mae_mean"": 0.00858, ""test_mae_max"": 0.0148, ""test_mae_min"": 0.0071, ""test_mae"": 0.0148, ""missing_rate"": 0.9}",experiments/logs/seed71_cnn1d_mim.log,,,51.81924223899841,"0.0,0.1,0.2,0.3,0.4,0.5,0.6,0.7,0.8,0.9","0.0,0.1,0.2,0.3,0.4,0.5,0.6,0.7,0.8,0.9",20260308_023704,experiments/runs/20260308_023704
seed72_mlp_baseline,72,mlp,baseline,completed,2026-03-08 02:37:04,,2026-03-08 04:10:34,"{""mr_results"": [{""missing_rate"": 0.0, ""test_mae"": 0.0093}, {""missing_rate"": 0.1, ""test_mae"": 0.0105}, {""missing_rate"": 0.2, ""test_mae"": 0.012}, {""missing_rate"": 0.3, ""test_mae"": 0.0144}, {""missing_rate"": 0.4, ""test_mae"": 0.0174}, {""missing_rate"": 0.5, ""test_mae"": 0.0204}, {""missing_rate"": 0.6, ""test_mae"": 0.0237}, {""missing_rate"": 0.7, ""test_mae"": 0.0274}, {""missing_rate"": 0.8, ""test_mae"": 0.0304}, {""missing_rate"": 0.9, ""test_mae"": 0.0343}], ""test_mae_mean"": 0.01998, ""test_mae_max"": 0.0343, ""test_mae_min"": 0.0093, ""test_mae"": 0.0343, ""missing_rate"": 0.9}",experiments/logs/seed72_mlp_baseline.log,Process exited with code 1,,15.693642616271973,"0.0,0.1,0.2,0.3,0.4,0.5,0.6,0.7,0.8,0.9","0.0,0.1,0.2,0.3,0.4,0.5,0.6,0.7,0.8,0.9",20260308_023704,experiments/runs/20260308_023704
seed72_mlp_mim,72,mlp,mim,completed,2026-03-08 02:37:04,,2026-03-08 04:10:12,"{""mr_results"": [{""missing_rate"": 0.0, ""test_mae"": 0.0058}, {""missing_rate"": 0.1, ""test_mae"": 0.0061}, {""missing_rate"": 0.2, ""test_mae"": 0.0065}, {""missing_rate"": 0.3, ""test_mae"": 0.0067}, {""missing_rate"": 0.4, ""test_mae"": 0.0071}, {""missing_rate"": 0.5, ""test_mae"": 0.008}, {""missing_rate"": 0.6, ""test_mae"": 0.0093}, {""missing_rate"": 0.7, ""test_mae"": 0.0112}, {""missing_rate"": 0.8, ""test_mae"": 0.014}, {""missing_rate"": 0.9, ""test_mae"": 0.0228}], ""test_mae_mean"": 0.00975, ""test_mae_max"": 0.0228, ""test_mae_min"": 0.0058, ""test_mae"": 0.0228, ""missing_rate"": 0.9}",experiments/logs/seed72_mlp_mim.log,,,70.56941390037537,"0.0,0.1,0.2,0.3,0.4,0.5,0.6,0.7,0.8,0.9","0.0,0.1,0.2,0.3,0.4,0.5,0.6,0.7,0.8,0.9",20260308_023704,experiments/runs/20260308_023704
seed72_lstm_baseline,72,lstm,baseline,completed,2026-03-08 02:37:04,,2026-03-08 04:09:19,"{""mr_results"": [{""missing_rate"": 0.0, ""test_mae"": 0.0091}, {""missing_rate"": 0.1, ""test_mae"": 0.0089}, {""missing_rate"": 0.2, ""test_mae"": 0.0093}, {""missing_rate"": 0.3, ""test_mae"": 0.0103}, {""missing_rate"": 0.4, ""test_mae"": 0.0129}, {""missing_rate"": 0.5, ""test_mae"": 0.0178}, {""missing_rate"": 0.6, ""test_mae"": 0.0264}, {""missing_rate"": 0.7, ""test_mae"": 0.0374}, {""missing_rate"": 0.8, ""test_mae"": 0.0493}, {""missing_rate"": 0.9, ""test_mae"": 0.06}], ""test_mae_mean"": 0.02414, ""test_mae_max"": 0.06, ""test_mae_min"": 0.0089, ""test_mae"": 0.06, ""missing_rate"": 0.9}",experiments/logs/seed72_lstm_baseline.log,,,17.279475688934326,"0.0,0.1,0.2,0.3,0.4,0.5,0.6,0.7,0.8,0.9","0.0,0.1,0.2,0.3,0.4,0.5,0.6,0.7,0.8,0.9",20260308_023704,experiments/runs/20260308_023704
seed72_lstm_mim,72,lstm,mim,completed,2026-03-08 02:37:04,,2026-03-08 04:11:28,"{""mr_results"": [{""missing_rate"": 0.0, ""test_mae"": 0.0063}, {""missing_rate"": 0.1, ""test_mae"": 0.0062}, {""missing_rate"": 0.2, ""test_mae"": 0.0062}, {""missing_rate"": 0.3, ""test_mae"": 0.0063}, {""missing_rate"": 0.4, ""test_mae"": 0.0065}, {""missing_rate"": 0.5, ""test_mae"": 0.0068}, {""missing_rate"": 0.6, ""test_mae"": 0.0074}, {""missing_rate"": 0.7, ""test_mae"": 0.0086}, {""missing_rate"": 0.8, ""test_mae"": 0.0117}, {""missing_rate"": 0.9, ""test_mae"": 0.0212}], ""test_mae_mean"": 0.00872, ""test_mae_max"": 0.0212, ""test_mae_min"": 0.0062, ""test_mae"": 0.0212, ""missing_rate"": 0.9}",experiments/logs/seed72_lstm_mim.log,Process exited with code 1,,69.93945145606995,"0.0,0.1,0.2,0.3,0.4,0.5,0.6,0.7,0.8,0.9","0.0,0.1,0.2,0.3,0.4,0.5,0.6,0.7,0.8,0.9",20260308_023704,experiments/runs/20260308_023704
seed72_gru_baseline,72,gru,baseline,completed,2026-03-08 02:37:04,,2026-03-08 04:11:53,"{""mr_results"": [{""missing_rate"": 0.0, ""test_mae"": 0.0068}, {""missing_rate"": 0.1, ""test_mae"": 0.0084}, {""missing_rate"": 0.2, ""test_mae"": 0.01}, {""missing_rate"": 0.3, ""test_mae"": 0.012}, {""missing_rate"": 0.4, ""test_mae"": 0.0145}, {""missing_rate"": 0.5, ""test_mae"": 0.0175}, {""missing_rate"": 0.6, ""test_mae"": 0.021}, {""missing_rate"": 0.7, ""test_mae"": 0.0247}, {""missing_rate"": 0.8, ""test_mae"": 0.0289}, {""missing_rate"": 0.9, ""test_mae"": 0.0331}], ""test_mae_mean"": 0.01769, ""test_mae_max"": 0.0331, ""test_mae_min"": 0.0068, ""test_mae"": 0.0331, ""missing_rate"": 0.9}",experiments/logs/seed72_gru_baseline.log,,,22.95838475227356,"0.0,0.1,0.2,0.3,0.4,0.5,0.6,0.7,0.8,0.9","0.0,0.1,0.2,0.3,0.4,0.5,0.6,0.7,0.8,0.9",20260308_023704,experiments/runs/20260308_023704
seed72_gru_mim,72,gru,mim,completed,2026-03-08 02:37:04,,2026-03-08 04:12:14,"{""mr_results"": [{""missing_rate"": 0.0, ""test_mae"": 0.0042}, {""missing_rate"": 0.1, ""test_mae"": 0.0047}, {""missing_rate"": 0.2, ""test_mae"": 0.0052}, {""missing_rate"": 0.3, ""test_mae"": 0.0057}, {""missing_rate"": 0.4, ""test_mae"": 0.0062}, {""missing_rate"": 0.5, ""test_mae"": 0.0063}, {""missing_rate"": 0.6, ""test_mae"": 0.0068}, {""missing_rate"": 0.7, ""test_mae"": 0.0078}, {""missing_rate"": 0.8, ""test_mae"": 0.0108}, {""missing_rate"": 0.9, ""test_mae"": 0.0202}], ""test_mae_mean"": 0.00779, ""test_mae_max"": 0.0202, ""test_mae_min"": 0.0042, ""test_mae"": 0.0202, ""missing_rate"": 0.9}",experiments/logs/seed72_gru_mim.log,,,43.88253307342529,"0.0,0.1,0.2,0.3,0.4,0.5,0.6,0.7,0.8,0.9","0.0,0.1,0.2,0.3,0.4,0.5,0.6,0.7,0.8,0.9",20260308_023704,experiments/runs/20260308_023704
seed72_cnn1d_baseline,72,cnn1d,baseline,completed,2026-03-08 02:37:04,,2026-03-08 04:11:52,"{""mr_results"": [{""missing_rate"": 0.0, ""test_mae"": 0.0249}, {""missing_rate"": 0.1, ""test_mae"": 0.0485}, {""missing_rate"": 0.2, ""test_mae"": 0.0621}, {""missing_rate"": 0.3, ""test_mae"": 0.0709}, {""missing_rate"": 0.4, ""test_mae"": 0.0792}, {""missing_rate"": 0.5, ""test_mae"": 0.0867}, {""missing_rate"": 0.6, ""test_mae"": 0.0997}, {""missing_rate"": 0.7, ""test_mae"": 0.1128}, {""missing_rate"": 0.8, ""test_mae"": 0.1271}, {""missing_rate"": 0.9, ""test_mae"": 0.1503}], ""test_mae_mean"": 0.08621999999999999, ""test_mae_max"": 0.1503, ""test_mae_min"": 0.0249, ""test_mae"": 0.1503, ""missing_rate"": 0.9}",experiments/logs/seed72_cnn1d_baseline.log,,,21.386343240737915,"0.0,0.1,0.2,0.3,0.4,0.5,0.6,0.7,0.8,0.9","0.0,0.1,0.2,0.3,0.4,0.5,0.6,0.7,0.8,0.9",20260308_023704,experiments/runs/20260308_023704
seed72_cnn1d_mim,72,cnn1d,mim,completed,2026-03-08 02:37:04,,2026-03-08 04:12:44,"{""mr_results"": [{""missing_rate"": 0.0, ""test_mae"": 0.0076}, {""missing_rate"": 0.1, ""test_mae"": 0.0076}, {""missing_rate"": 0.2, ""test_mae"": 0.0075}, {""missing_rate"": 0.3, ""test_mae"": 0.0076}, {""missing_rate"": 0.4, ""test_mae"": 0.0078}, {""missing_rate"": 0.5, ""test_mae"": 0.008}, {""missing_rate"": 0.6, ""test_mae"": 0.0088}, {""missing_rate"": 0.7, ""test_mae"": 0.0102}, {""missing_rate"": 0.8, ""test_mae"": 0.0124}, {""missing_rate"": 0.9, ""test_mae"": 0.0185}], ""test_mae_mean"": 0.009600000000000001, ""test_mae_max"": 0.0185, ""test_mae_min"": 0.0075, ""test_mae"": 0.0185, ""missing_rate"": 0.9}",experiments/logs/seed72_cnn1d_mim.log,,,74.08390831947327,"0.0,0.1,0.2,0.3,0.4,0.5,0.6,0.7,0.8,0.9","0.0,0.1,0.2,0.3,0.4,0.5,0.6,0.7,0.8,0.9",20260308_023704,experiments/runs/20260308_023704
seed73_mlp_baseline,73,mlp,baseline,completed,2026-03-08 02:37:04,,2026-03-08 04:13:03,"{""mr_results"": [{""missing_rate"": 0.0, ""test_mae"": 0.0139}, {""missing_rate"": 0.1, ""test_mae"": 0.0137}, {""missing_rate"": 0.2, ""test_mae"": 0.0138}, {""missing_rate"": 0.3, ""test_mae"": 0.0151}, {""missing_rate"": 0.4, ""test_mae"": 0.0173}, {""missing_rate"": 0.5, ""test_mae"": 0.0199}, {""missing_rate"": 0.6, ""test_mae"": 0.0233}, {""missing_rate"": 0.7, ""test_mae"": 0.0263}, {""missing_rate"": 0.8, ""test_mae"": 0.0294}, {""missing_rate"": 0.9, ""test_mae"": 0.034}], ""test_mae_mean"": 0.02067, ""test_mae_max"": 0.034, ""test_mae_min"": 0.0137, ""test_mae"": 0.034, ""missing_rate"": 0.9}",experiments/logs/seed73_mlp_baseline.log,,,17.143346548080444,"0.0,0.1,0.2,0.3,0.4,0.5,0.6,0.7,0.8,0.9","0.0,0.1,0.2,0.3,0.4,0.5,0.6,0.7,0.8,0.9",20260308_023704,experiments/runs/20260308_023704
seed73_mlp_mim,73,mlp,mim,completed,2026-03-08 02:37:04,,2026-03-08 04:14:13,"{""mr_results"": [{""missing_rate"": 0.0, ""test_mae"": 0.0061}, {""missing_rate"": 0.1, ""test_mae"": 0.0063}, {""missing_rate"": 0.2, ""test_mae"": 0.0067}, {""missing_rate"": 0.3, ""test_mae"": 0.0069}, {""missing_rate"": 0.4, ""test_mae"": 0.0073}, {""missing_rate"": 0.5, ""test_mae"": 0.008}, {""missing_rate"": 0.6, ""test_mae"": 0.009}, {""missing_rate"": 0.7, ""test_mae"": 0.0111}, {""missing_rate"": 0.8, ""test_mae"": 0.0136}, {""missing_rate"": 0.9, ""test_mae"": 0.0223}], ""test_mae_mean"": 0.009729999999999999, ""test_mae_max"": 0.0223, ""test_mae_min"": 0.0061, ""test_mae"": 0.0223, ""missing_rate"": 0.9}",experiments/logs/seed73_mlp_mim.log,Process exited with code 1,,61.62023115158081,"0.0,0.1,0.2,0.3,0.4,0.5,0.6,0.7,0.8,0.9","0.0,0.1,0.2,0.3,0.4,0.5,0.6,0.7,0.8,0.9",20260308_023704,experiments/runs/20260308_023704
seed73_lstm_baseline,73,lstm,baseline,completed,2026-03-08 02:37:04,,2026-03-08 04:13:35,"{""mr_results"": [{""missing_rate"": 0.0, ""test_mae"": 0.0055}, {""missing_rate"": 0.1, ""test_mae"": 0.0065}, {""missing_rate"": 0.2, ""test_mae"": 0.0081}, {""missing_rate"": 0.3, ""test_mae"": 0.0101}, {""missing_rate"": 0.4, ""test_mae"": 0.0126}, {""missing_rate"": 0.5, ""test_mae"": 0.016}, {""missing_rate"": 0.6, ""test_mae"": 0.0202}, {""missing_rate"": 0.7, ""test_mae"": 0.0261}, {""missing_rate"": 0.8, ""test_mae"": 0.0329}, {""missing_rate"": 0.9, ""test_mae"": 0.0425}], ""test_mae_mean"": 0.01805, ""test_mae_max"": 0.0425, ""test_mae_min"": 0.0055, ""test_mae"": 0.0425, ""missing_rate"": 0.9}",experiments/logs/seed73_lstm_baseline.log,Process exited with code 1,,22.83460235595703,"0.0,0.1,0.2,0.3,0.4,0.5,0.6,0.7,0.8,0.9","0.0,0.1,0.2,0.3,0.4,0.5,0.6,0.7,0.8,0.9",20260308_023704,experiments/runs/20260308_023704
seed73_lstm_mim,73,lstm,mim,completed,2026-03-08 02:37:04,,2026-03-08 04:14:17,"{""mr_results"": [{""missing_rate"": 0.0, ""test_mae"": 0.0064}, {""missing_rate"": 0.1, ""test_mae"": 0.0065}, {""missing_rate"": 0.2, ""test_mae"": 0.0066}, {""missing_rate"": 0.3, ""test_mae"": 0.0067}, {""missing_rate"": 0.4, ""test_mae"": 0.007}, {""missing_rate"": 0.5, ""test_mae"": 0.0076}, {""missing_rate"": 0.6, ""test_mae"": 0.0082}, {""missing_rate"": 0.7, ""test_mae"": 0.0096}, {""missing_rate"": 0.8, ""test_mae"": 0.013}, {""missing_rate"": 0.9, ""test_mae"": 0.0227}], ""test_mae_mean"": 0.00943, ""test_mae_max"": 0.0227, ""test_mae_min"": 0.0064, ""test_mae"": 0.0227, ""missing_rate"": 0.9}",experiments/logs/seed73_lstm_mim.log,Process exited with code 1,,65.03734397888184,"0.0,0.1,0.2,0.3,0.4,0.5,0.6,0.7,0.8,0.9","0.0,0.1,0.2,0.3,0.4,0.5,0.6,0.7,0.8,0.9",20260308_023704,experiments/runs/20260308_023704
seed73_gru_baseline,73,gru,baseline,completed,2026-03-08 02:37:04,,2026-03-08 04:14:38,"{""mr_results"": [{""missing_rate"": 0.0, ""test_mae"": 0.0058}, {""missing_rate"": 0.1, ""test_mae"": 0.0094}, {""missing_rate"": 0.2, ""test_mae"": 0.0123}, {""missing_rate"": 0.3, ""test_mae"": 0.015}, {""missing_rate"": 0.4, ""test_mae"": 0.0187}, {""missing_rate"": 0.5, ""test_mae"": 0.0218}, {""missing_rate"": 0.6, ""test_mae"": 0.0253}, {""missing_rate"": 0.7, ""test_mae"": 0.028}, {""missing_rate"": 0.8, ""test_mae"": 0.0313}, {""missing_rate"": 0.9, ""test_mae"": 0.0346}], ""test_mae_mean"": 0.02022, ""test_mae_max"": 0.0346, ""test_mae_min"": 0.0058, ""test_mae"": 0.0346, ""missing_rate"": 0.9}",experiments/logs/seed73_gru_baseline.log,,,19.017196655273438,"0.0,0.1,0.2,0.3,0.4,0.5,0.6,0.7,0.8,0.9","0.0,0.1,0.2,0.3,0.4,0.5,0.6,0.7,0.8,0.9",20260308_023704,experiments/runs/20260308_023704
seed73_gru_mim,73,gru,mim,completed,2026-03-08 02:37:04,,2026-03-08 04:15:03,"{""mr_results"": [{""missing_rate"": 0.0, ""test_mae"": 0.0047}, {""missing_rate"": 0.1, ""test_mae"": 0.0049}, {""missing_rate"": 0.2, ""test_mae"": 0.0051}, {""missing_rate"": 0.3, ""test_mae"": 0.0054}, {""missing_rate"": 0.4, ""test_mae"": 0.0059}, {""missing_rate"": 0.5, ""test_mae"": 0.0063}, {""missing_rate"": 0.6, ""test_mae"": 0.0068}, {""missing_rate"": 0.7, ""test_mae"": 0.0081}, {""missing_rate"": 0.8, ""test_mae"": 0.0113}, {""missing_rate"": 0.9, ""test_mae"": 0.0205}], ""test_mae_mean"": 0.0079, ""test_mae_max"": 0.0205, ""test_mae_min"": 0.0047, ""test_mae"": 0.0205, ""missing_rate"": 0.9}",experiments/logs/seed73_gru_mim.log,,,43.85599684715271,"0.0,0.1,0.2,0.3,0.4,0.5,0.6,0.7,0.8,0.9","0.0,0.1,0.2,0.3,0.4,0.5,0.6,0.7,0.8,0.9",20260308_023704,experiments/runs/20260308_023704
seed73_cnn1d_baseline,73,cnn1d,baseline,completed,2026-03-08 02:37:04,,2026-03-08 04:14:37,"{""mr_results"": [{""missing_rate"": 0.0, ""test_mae"": 0.0503}, {""missing_rate"": 0.1, ""test_mae"": 0.0604}, {""missing_rate"": 0.2, ""test_mae"": 0.0701}, {""missing_rate"": 0.3, ""test_mae"": 0.0762}, {""missing_rate"": 0.4, ""test_mae"": 0.0814}, {""missing_rate"": 0.5, ""test_mae"": 0.0907}, {""missing_rate"": 0.6, ""test_mae"": 0.109}, {""missing_rate"": 0.7, ""test_mae"": 0.126}, {""missing_rate"": 0.8, ""test_mae"": 0.1442}, {""missing_rate"": 0.9, ""test_mae"": 0.1734}], ""test_mae_mean"": 0.09817000000000001, ""test_mae_max"": 0.1734, ""test_mae_min"": 0.0503, ""test_mae"": 0.1734, ""missing_rate"": 0.9}",experiments/logs/seed73_cnn1d_baseline.log,,,18.29756450653076,"0.0,0.1,0.2,0.3,0.4,0.5,0.6,0.7,0.8,0.9","0.0,0.1,0.2,0.3,0.4,0.5,0.6,0.7,0.8,0.9",20260308_023704,experiments/runs/20260308_023704
seed73_cnn1d_mim,73,cnn1d,mim,completed,2026-03-08 02:37:04,,2026-03-08 04:15:33,"{""mr_results"": [{""missing_rate"": 0.0, ""test_mae"": 0.0066}, {""missing_rate"": 0.1, ""test_mae"": 0.0069}, {""missing_rate"": 0.2, ""test_mae"": 0.007}, {""missing_rate"": 0.3, ""test_mae"": 0.007}, {""missing_rate"": 0.4, ""test_mae"": 0.007}, {""missing_rate"": 0.5, ""test_mae"": 0.0071}, {""missing_rate"": 0.6, ""test_mae"": 0.0076}, {""missing_rate"": 0.7, ""test_mae"": 0.0085}, {""missing_rate"": 0.8, ""test_mae"": 0.0104}, {""missing_rate"": 0.9, ""test_mae"": 0.0171}], ""test_mae_mean"": 0.00852, ""test_mae_max"": 0.0171, ""test_mae_min"": 0.0066, ""test_mae"": 0.0171, ""missing_rate"": 0.9}",experiments/logs/seed73_cnn1d_mim.log,,,73.99020409584045,"0.0,0.1,0.2,0.3,0.4,0.5,0.6,0.7,0.8,0.9","0.0,0.1,0.2,0.3,0.4,0.5,0.6,0.7,0.8,0.9",20260308_023704,experiments/runs/20260308_023704
seed74_mlp_baseline,74,mlp,baseline,completed,2026-03-08 02:37:04,,2026-03-08 04:15:59,"{""mr_results"": [{""missing_rate"": 0.0, ""test_mae"": 0.0086}, {""missing_rate"": 0.1, ""test_mae"": 0.0098}, {""missing_rate"": 0.2, ""test_mae"": 0.0112}, {""missing_rate"": 0.3, ""test_mae"": 0.0138}, {""missing_rate"": 0.4, ""test_mae"": 0.0169}, {""missing_rate"": 0.5, ""test_mae"": 0.0199}, {""missing_rate"": 0.6, ""test_mae"": 0.023}, {""missing_rate"": 0.7, ""test_mae"": 0.0262}, {""missing_rate"": 0.8, ""test_mae"": 0.0297}, {""missing_rate"": 0.9, ""test_mae"": 0.0339}], ""test_mae_mean"": 0.0193, ""test_mae_max"": 0.0339, ""test_mae_min"": 0.0086, ""test_mae"": 0.0339, ""missing_rate"": 0.9}",experiments/logs/seed74_mlp_baseline.log,,,24.051360607147217,"0.0,0.1,0.2,0.3,0.4,0.5,0.6,0.7,0.8,0.9","0.0,0.1,0.2,0.3,0.4,0.5,0.6,0.7,0.8,0.9",20260308_023704,experiments/runs/20260308_023704
seed74_mlp_mim,74,mlp,mim,completed,2026-03-08 02:37:04,,2026-03-08 04:16:16,"{""mr_results"": [{""missing_rate"": 0.0, ""test_mae"": 0.006}, {""missing_rate"": 0.1, ""test_mae"": 0.0063}, {""missing_rate"": 0.2, ""test_mae"": 0.0066}, {""missing_rate"": 0.3, ""test_mae"": 0.0068}, {""missing_rate"": 0.4, ""test_mae"": 0.0071}, {""missing_rate"": 0.5, ""test_mae"": 0.0077}, {""missing_rate"": 0.6, ""test_mae"": 0.0088}, {""missing_rate"": 0.7, ""test_mae"": 0.0102}, {""missing_rate"": 0.8, ""test_mae"": 0.013}, {""missing_rate"": 0.9, ""test_mae"": 0.0214}], ""test_mae_mean"": 0.009389999999999999, ""test_mae_max"": 0.0214, ""test_mae_min"": 0.006, ""test_mae"": 0.0214, ""missing_rate"": 0.9}",experiments/logs/seed74_mlp_mim.log,,,41.72312021255493,"0.0,0.1,0.2,0.3,0.4,0.5,0.6,0.7,0.8,0.9","0.0,0.1,0.2,0.3,0.4,0.5,0.6,0.7,0.8,0.9",20260308_023704,experiments/runs/20260308_023704
seed74_lstm_baseline,74,lstm,baseline,completed,2026-03-08 02:37:04,,2026-03-08 04:15:59,"{""mr_results"": [{""missing_rate"": 0.0, ""test_mae"": 0.0082}, {""missing_rate"": 0.1, ""test_mae"": 0.009}, {""missing_rate"": 0.2, ""test_mae"": 0.0096}, {""missing_rate"": 0.3, ""test_mae"": 0.0102}, {""missing_rate"": 0.4, ""test_mae"": 0.0118}, {""missing_rate"": 0.5, ""test_mae"": 0.0149}, {""missing_rate"": 0.6, ""test_mae"": 0.0202}, {""missing_rate"": 0.7, ""test_mae"": 0.0258}, {""missing_rate"": 0.8, ""test_mae"": 0.0324}, {""missing_rate"": 0.9, ""test_mae"": 0.0429}], ""test_mae_mean"": 0.0185, ""test_mae_max"": 0.0429, ""test_mae_min"": 0.0082, ""test_mae"": 0.0429, ""missing_rate"": 0.9}",experiments/logs/seed74_lstm_baseline.log,,,24.054566860198975,"0.0,0.1,0.2,0.3,0.4,0.5,0.6,0.7,0.8,0.9","0.0,0.1,0.2,0.3,0.4,0.5,0.6,0.7,0.8,0.9",20260308_023704,experiments/runs/20260308_023704
seed74_lstm_mim,74,lstm,mim,completed,2026-03-08 02:37:04,,2026-03-08 04:16:49,"{""mr_results"": [{""missing_rate"": 0.0, ""test_mae"": 0.0064}, {""missing_rate"": 0.1, ""test_mae"": 0.0066}, {""missing_rate"": 0.2, ""test_mae"": 0.0068}, {""missing_rate"": 0.3, ""test_mae"": 0.0069}, {""missing_rate"": 0.4, ""test_mae"": 0.0072}, {""missing_rate"": 0.5, ""test_mae"": 0.0077}, {""missing_rate"": 0.6, ""test_mae"": 0.0082}, {""missing_rate"": 0.7, ""test_mae"": 0.0096}, {""missing_rate"": 0.8, ""test_mae"": 0.0127}, {""missing_rate"": 0.9, ""test_mae"": 0.0212}], ""test_mae_mean"": 0.00933, ""test_mae_max"": 0.0212, ""test_mae_min"": 0.0064, ""test_mae"": 0.0212, ""missing_rate"": 0.9}",experiments/logs/seed74_lstm_mim.log,,,74.0653293132782,"0.0,0.1,0.2,0.3,0.4,0.5,0.6,0.7,0.8,0.9","0.0,0.1,0.2,0.3,0.4,0.5,0.6,0.7,0.8,0.9",20260308_023704,experiments/runs/20260308_023704
seed74_gru_baseline,74,gru,baseline,completed,2026-03-08 02:37:04,,2026-03-08 04:17:05,"{""mr_results"": [{""missing_rate"": 0.0, ""test_mae"": 0.0064}, {""missing_rate"": 0.1, ""test_mae"": 0.0088}, {""missing_rate"": 0.2, ""test_mae"": 0.0116}, {""missing_rate"": 0.3, ""test_mae"": 0.0142}, {""missing_rate"": 0.4, ""test_mae"": 0.0171}, {""missing_rate"": 0.5, ""test_mae"": 0.0202}, {""missing_rate"": 0.6, ""test_mae"": 0.0241}, {""missing_rate"": 0.7, ""test_mae"": 0.0277}, {""missing_rate"": 0.8, ""test_mae"": 0.0315}, {""missing_rate"": 0.9, ""test_mae"": 0.0351}], ""test_mae_mean"": 0.01967, ""test_mae_max"": 0.0351, ""test_mae_min"": 0.0064, ""test_mae"": 0.0351, ""missing_rate"": 0.9}",experiments/logs/seed74_gru_baseline.log,,,14.548510074615479,"0.0,0.1,0.2,0.3,0.4,0.5,0.6,0.7,0.8,0.9","0.0,0.1,0.2,0.3,0.4,0.5,0.6,0.7,0.8,0.9",20260308_023704,experiments/runs/20260308_023704
seed74_gru_mim,74,gru,mim,completed,2026-03-08 02:37:04,,2026-03-08 04:19:07,"{""mr_results"": [{""missing_rate"": 0.0, ""test_mae"": 0.0065}, {""missing_rate"": 0.1, ""test_mae"": 0.0067}, {""missing_rate"": 0.2, ""test_mae"": 0.0067}, {""missing_rate"": 0.3, ""test_mae"": 0.0067}, {""missing_rate"": 0.4, ""test_mae"": 0.007}, {""missing_rate"": 0.5, ""test_mae"": 0.0069}, {""missing_rate"": 0.6, ""test_mae"": 0.0072}, {""missing_rate"": 0.7, ""test_mae"": 0.0082}, {""missing_rate"": 0.8, ""test_mae"": 0.0114}, {""missing_rate"": 0.9, ""test_mae"": 0.0204}], ""test_mae_mean"": 0.00877, ""test_mae_max"": 0.0204, ""test_mae_min"": 0.0065, ""test_mae"": 0.0204, ""missing_rate"": 0.9}",experiments/logs/seed74_gru_mim.log,Process exited with code 1,,37.05353808403015,"0.0,0.1,0.2,0.3,0.4,0.5,0.6,0.7,0.8,0.9","0.0,0.1,0.2,0.3,0.4,0.5,0.6,0.7,0.8,0.9",20260308_023704,experiments/runs/20260308_023704
seed74_cnn1d_baseline,74,cnn1d,baseline,completed,2026-03-08 02:37:04,,2026-03-08 04:18:50,"{""mr_results"": [{""missing_rate"": 0.0, ""test_mae"": 0.0238}, {""missing_rate"": 0.1, ""test_mae"": 0.0389}, {""missing_rate"": 0.2, ""test_mae"": 0.0489}, {""missing_rate"": 0.3, ""test_mae"": 0.0534}, {""missing_rate"": 0.4, ""test_mae"": 0.0567}, {""missing_rate"": 0.5, ""test_mae"": 0.0598}, {""missing_rate"": 0.6, ""test_mae"": 0.0642}, {""missing_rate"": 0.7, ""test_mae"": 0.0678}, {""missing_rate"": 0.8, ""test_mae"": 0.0736}, {""missing_rate"": 0.9, ""test_mae"": 0.0863}], ""test_mae_mean"": 0.05734, ""test_mae_max"": 0.0863, ""test_mae_min"": 0.0238, ""test_mae"": 0.0863, ""missing_rate"": 0.9}",experiments/logs/seed74_cnn1d_baseline.log,Process exited with code 1,,19.824952363967896,"0.0,0.1,0.2,0.3,0.4,0.5,0.6,0.7,0.8,0.9","0.0,0.1,0.2,0.3,0.4,0.5,0.6,0.7,0.8,0.9",20260308_023704,experiments/runs/20260308_023704
seed74_cnn1d_mim,74,cnn1d,mim,completed,2026-03-08 02:37:04,,2026-03-08 04:18:24,"{""mr_results"": [{""missing_rate"": 0.0, ""test_mae"": 0.0058}, {""missing_rate"": 0.1, ""test_mae"": 0.0057}, {""missing_rate"": 0.2, ""test_mae"": 0.0059}, {""missing_rate"": 0.3, ""test_mae"": 0.0063}, {""missing_rate"": 0.4, ""test_mae"": 0.0066}, {""missing_rate"": 0.5, ""test_mae"": 0.0072}, {""missing_rate"": 0.6, ""test_mae"": 0.008}, {""missing_rate"": 0.7, ""test_mae"": 0.0096}, {""missing_rate"": 0.8, ""test_mae"": 0.0136}, {""missing_rate"": 0.9, ""test_mae"": 0.022}], ""test_mae_mean"": 0.00907, ""test_mae_max"": 0.022, ""test_mae_min"": 0.0057, ""test_mae"": 0.022, ""missing_rate"": 0.9}",experiments/logs/seed74_cnn1d_mim.log,,,92.75150656700134,"0.0,0.1,0.2,0.3,0.4,0.5,0.6,0.7,0.8,0.9","0.0,0.1,0.2,0.3,0.4,0.5,0.6,0.7,0.8,0.9",20260308_023704,experiments/runs/20260308_023704
seed75_mlp_baseline,75,mlp,baseline,completed,2026-03-08 02:37:04,,2026-03-08 04:20:37,"{""mr_results"": [{""missing_rate"": 0.0, ""test_mae"": 0.0109}, {""missing_rate"": 0.1, ""test_mae"": 0.0115}, {""missing_rate"": 0.2, ""test_mae"": 0.0122}, {""missing_rate"": 0.3, ""test_mae"": 0.0135}, {""missing_rate"": 0.4, ""test_mae"": 0.0156}, {""missing_rate"": 0.5, ""test_mae"": 0.0181}, {""missing_rate"": 0.6, ""test_mae"": 0.0213}, {""missing_rate"": 0.7, ""test_mae"": 0.0255}, {""missing_rate"": 0.8, ""test_mae"": 0.0285}, {""missing_rate"": 0.9, ""test_mae"": 0.0329}], ""test_mae_mean"": 0.019, ""test_mae_max"": 0.0329, ""test_mae_min"": 0.0109, ""test_mae"": 0.0329, ""missing_rate"": 0.9}",experiments/logs/seed75_mlp_baseline.log,Process exited with code 1,,19.90522003173828,"0.0,0.1,0.2,0.3,0.4,0.5,0.6,0.7,0.8,0.9","0.0,0.1,0.2,0.3,0.4,0.5,0.6,0.7,0.8,0.9",20260308_023704,experiments/runs/20260308_023704
seed75_mlp_mim,75,mlp,mim,completed,2026-03-08 02:37:04,,2026-03-08 04:20:11,"{""mr_results"": [{""missing_rate"": 0.0, ""test_mae"": 0.0062}, {""missing_rate"": 0.1, ""test_mae"": 0.0064}, {""missing_rate"": 0.2, ""test_mae"": 0.0068}, {""missing_rate"": 0.3, ""test_mae"": 0.0071}, {""missing_rate"": 0.4, ""test_mae"": 0.0077}, {""missing_rate"": 0.5, ""test_mae"": 0.0084}, {""missing_rate"": 0.6, ""test_mae"": 0.0095}, {""missing_rate"": 0.7, ""test_mae"": 0.0112}, {""missing_rate"": 0.8, ""test_mae"": 0.0139}, {""missing_rate"": 0.9, ""test_mae"": 0.0225}], ""test_mae_mean"": 0.00997, ""test_mae_max"": 0.0225, ""test_mae_min"": 0.0062, ""test_mae"": 0.0225, ""missing_rate"": 0.9}",experiments/logs/seed75_mlp_mim.log,,,62.47354602813721,"0.0,0.1,0.2,0.3,0.4,0.5,0.6,0.7,0.8,0.9","0.0,0.1,0.2,0.3,0.4,0.5,0.6,0.7,0.8,0.9",20260308_023704,experiments/runs/20260308_023704
seed75_lstm_baseline,75,lstm,baseline,completed,2026-03-08 02:37:04,,2026-03-08 04:19:33,"{""mr_results"": [{""missing_rate"": 0.0, ""test_mae"": 0.0083}, {""missing_rate"": 0.1, ""test_mae"": 0.0085}, {""missing_rate"": 0.2, ""test_mae"": 0.0091}, {""missing_rate"": 0.3, ""test_mae"": 0.0098}, {""missing_rate"": 0.4, ""test_mae"": 0.0111}, {""missing_rate"": 0.5, ""test_mae"": 0.0137}, {""missing_rate"": 0.6, ""test_mae"": 0.0191}, {""missing_rate"": 0.7, ""test_mae"": 0.0255}, {""missing_rate"": 0.8, ""test_mae"": 0.0344}, {""missing_rate"": 0.9, ""test_mae"": 0.0473}], ""test_mae_mean"": 0.01868, ""test_mae_max"": 0.0473, ""test_mae_min"": 0.0083, ""test_mae"": 0.0473, ""missing_rate"": 0.9}",experiments/logs/seed75_lstm_baseline.log,,,24.687877416610718,"0.0,0.1,0.2,0.3,0.4,0.5,0.6,0.7,0.8,0.9","0.0,0.1,0.2,0.3,0.4,0.5,0.6,0.7,0.8,0.9",20260308_023704,experiments/runs/20260308_023704
seed75_lstm_mim,75,lstm,mim,completed,2026-03-08 02:37:04,,2026-03-08 04:21:24,"{""mr_results"": [{""missing_rate"": 0.0, ""test_mae"": 0.0057}, {""missing_rate"": 0.1, ""test_mae"": 0.0056}, {""missing_rate"": 0.2, ""test_mae"": 0.0056}, {""missing_rate"": 0.3, ""test_mae"": 0.0056}, {""missing_rate"": 0.4, ""test_mae"": 0.0058}, {""missing_rate"": 0.5, ""test_mae"": 0.0065}, {""missing_rate"": 0.6, ""test_mae"": 0.0073}, {""missing_rate"": 0.7, ""test_mae"": 0.0091}, {""missing_rate"": 0.8, ""test_mae"": 0.0127}, {""missing_rate"": 0.9, ""test_mae"": 0.0223}], ""test_mae_mean"": 0.00862, ""test_mae_max"": 0.0223, ""test_mae_min"": 0.0056, ""test_mae"": 0.0223, ""missing_rate"": 0.9}",experiments/logs/seed75_lstm_mim.log,Process exited with code 1,,66.36094236373901,"0.0,0.1,0.2,0.3,0.4,0.5,0.6,0.7,0.8,0.9","0.0,0.1,0.2,0.3,0.4,0.5,0.6,0.7,0.8,0.9",20260308_023704,experiments/runs/20260308_023704
seed75_gru_baseline,75,gru,baseline,completed,2026-03-08 02:37:04,,2026-03-08 04:21:42,"{""mr_results"": [{""missing_rate"": 0.0, ""test_mae"": 0.0066}, {""missing_rate"": 0.1, ""test_mae"": 0.0087}, {""missing_rate"": 0.2, ""test_mae"": 0.0109}, {""missing_rate"": 0.3, ""test_mae"": 0.0135}, {""missing_rate"": 0.4, ""test_mae"": 0.0164}, {""missing_rate"": 0.5, ""test_mae"": 0.0194}, {""missing_rate"": 0.6, ""test_mae"": 0.0232}, {""missing_rate"": 0.7, ""test_mae"": 0.0269}, {""missing_rate"": 0.8, ""test_mae"": 0.0306}, {""missing_rate"": 0.9, ""test_mae"": 0.0343}], ""test_mae_mean"": 0.01905, ""test_mae_max"": 0.0343, ""test_mae_min"": 0.0066, ""test_mae"": 0.0343, ""missing_rate"": 0.9}",experiments/logs/seed75_gru_baseline.log,,,16.92512536048889,"0.0,0.1,0.2,0.3,0.4,0.5,0.6,0.7,0.8,0.9","0.0,0.1,0.2,0.3,0.4,0.5,0.6,0.7,0.8,0.9",20260308_023704,experiments/runs/20260308_023704
seed75_gru_mim,75,gru,mim,completed,2026-03-08 02:37:04,,2026-03-08 04:22:17,"{""mr_results"": [{""missing_rate"": 0.0, ""test_mae"": 0.0072}, {""missing_rate"": 0.1, ""test_mae"": 0.0068}, {""missing_rate"": 0.2, ""test_mae"": 0.0066}, {""missing_rate"": 0.3, ""test_mae"": 0.0065}, {""missing_rate"": 0.4, ""test_mae"": 0.0065}, {""missing_rate"": 0.5, ""test_mae"": 0.0068}, {""missing_rate"": 0.6, ""test_mae"": 0.0072}, {""missing_rate"": 0.7, ""test_mae"": 0.0081}, {""missing_rate"": 0.8, ""test_mae"": 0.011}, {""missing_rate"": 0.9, ""test_mae"": 0.0196}], ""test_mae_mean"": 0.00863, ""test_mae_max"": 0.0196, ""test_mae_min"": 0.0065, ""test_mae"": 0.0196, ""missing_rate"": 0.9}",experiments/logs/seed75_gru_mim.log,,,51.07024693489075,"0.0,0.1,0.2,0.3,0.4,0.5,0.6,0.7,0.8,0.9","0.0,0.1,0.2,0.3,0.4,0.5,0.6,0.7,0.8,0.9",20260308_023704,experiments/runs/20260308_023704
seed75_cnn1d_baseline,75,cnn1d,baseline,completed,2026-03-08 02:37:04,,2026-03-08 04:22:44,"{""mr_results"": [{""missing_rate"": 0.0, ""test_mae"": 0.0221}, {""missing_rate"": 0.1, ""test_mae"": 0.0415}, {""missing_rate"": 0.2, ""test_mae"": 0.0555}, {""missing_rate"": 0.3, ""test_mae"": 0.0625}, {""missing_rate"": 0.4, ""test_mae"": 0.0659}, {""missing_rate"": 0.5, ""test_mae"": 0.0722}, {""missing_rate"": 0.6, ""test_mae"": 0.0754}, {""missing_rate"": 0.7, ""test_mae"": 0.0804}, {""missing_rate"": 0.8, ""test_mae"": 0.0848}, {""missing_rate"": 0.9, ""test_mae"": 0.0942}], ""test_mae_mean"": 0.06545, ""test_mae_max"": 0.0942, ""test_mae_min"": 0.0221, ""test_mae"": 0.0942, ""missing_rate"": 0.9}",experiments/logs/seed75_cnn1d_baseline.log,Process exited with code 1,,21.223011255264282,"0.0,0.1,0.2,0.3,0.4,0.5,0.6,0.7,0.8,0.9","0.0,0.1,0.2,0.3,0.4,0.5,0.6,0.7,0.8,0.9",20260308_023704,experiments/runs/20260308_023704
seed75_cnn1d_mim,75,cnn1d,mim,completed,2026-03-08 02:37:04,,2026-03-08 04:23:34,"{""mr_results"": [{""missing_rate"": 0.0, ""test_mae"": 0.007}, {""missing_rate"": 0.1, ""test_mae"": 0.0072}, {""missing_rate"": 0.2, ""test_mae"": 0.0072}, {""missing_rate"": 0.3, ""test_mae"": 0.0071}, {""missing_rate"": 0.4, ""test_mae"": 0.0074}, {""missing_rate"": 0.5, ""test_mae"": 0.0079}, {""missing_rate"": 0.6, ""test_mae"": 0.0086}, {""missing_rate"": 0.7, ""test_mae"": 0.0102}, {""missing_rate"": 0.8, ""test_mae"": 0.0137}, {""missing_rate"": 0.9, ""test_mae"": 0.0223}], ""test_mae_mean"": 0.00986, ""test_mae_max"": 0.0223, ""test_mae_min"": 0.007, ""test_mae"": 0.0223, ""missing_rate"": 0.9}",experiments/logs/seed75_cnn1d_mim.log,Process exited with code 1,,71.71875262260437,"0.0,0.1,0.2,0.3,0.4,0.5,0.6,0.7,0.8,0.9","0.0,0.1,0.2,0.3,0.4,0.5,0.6,0.7,0.8,0.9",20260308_023704,experiments/runs/20260308_023704
seed76_mlp_baseline,76,mlp,baseline,completed,2026-03-08 02:37:04,,2026-03-08 04:24:00,"{""mr_results"": [{""missing_rate"": 0.0, ""test_mae"": 0.0163}, {""missing_rate"": 0.1, ""test_mae"": 0.0166}, {""missing_rate"": 0.2, ""test_mae"": 0.0168}, {""missing_rate"": 0.3, ""test_mae"": 0.0175}, {""missing_rate"": 0.4, ""test_mae"": 0.0191}, {""missing_rate"": 0.5, ""test_mae"": 0.0208}, {""missing_rate"": 0.6, ""test_mae"": 0.0237}, {""missing_rate"": 0.7, ""test_mae"": 0.0265}, {""missing_rate"": 0.8, ""test_mae"": 0.0294}, {""missing_rate"": 0.9, ""test_mae"": 0.0349}], ""test_mae_mean"": 0.02216, ""test_mae_max"": 0.0349, ""test_mae_min"": 0.0163, ""test_mae"": 0.0349, ""missing_rate"": 0.9}",experiments/logs/seed76_mlp_baseline.log,,,23.292457342147827,"0.0,0.1,0.2,0.3,0.4,0.5,0.6,0.7,0.8,0.9","0.0,0.1,0.2,0.3,0.4,0.5,0.6,0.7,0.8,0.9",20260308_023704,experiments/runs/20260308_023704
seed76_mlp_mim,76,mlp,mim,completed,2026-03-08 02:37:04,,2026-03-08 04:24:41,"{""mr_results"": [{""missing_rate"": 0.0, ""test_mae"": 0.0056}, {""missing_rate"": 0.1, ""test_mae"": 0.0058}, {""missing_rate"": 0.2, ""test_mae"": 0.0061}, {""missing_rate"": 0.3, ""test_mae"": 0.0064}, {""missing_rate"": 0.4, ""test_mae"": 0.007}, {""missing_rate"": 0.5, ""test_mae"": 0.0082}, {""missing_rate"": 0.6, ""test_mae"": 0.0093}, {""missing_rate"": 0.7, ""test_mae"": 0.0111}, {""missing_rate"": 0.8, ""test_mae"": 0.014}, {""missing_rate"": 0.9, ""test_mae"": 0.0235}], ""test_mae_mean"": 0.0097, ""test_mae_max"": 0.0235, ""test_mae_min"": 0.0056, ""test_mae"": 0.0235, ""missing_rate"": 0.9}",experiments/logs/seed76_mlp_mim.log,,,64.79432678222656,"0.0,0.1,0.2,0.3,0.4,0.5,0.6,0.7,0.8,0.9","0.0,0.1,0.2,0.3,0.4,0.5,0.6,0.7,0.8,0.9",20260308_023704,experiments/runs/20260308_023704
seed76_lstm_baseline,76,lstm,baseline,completed,2026-03-08 02:37:04,,2026-03-08 04:24:02,"{""mr_results"": [{""missing_rate"": 0.0, ""test_mae"": 0.0067}, {""missing_rate"": 0.1, ""test_mae"": 0.0078}, {""missing_rate"": 0.2, ""test_mae"": 0.0096}, {""missing_rate"": 0.3, ""test_mae"": 0.0116}, {""missing_rate"": 0.4, ""test_mae"": 0.0144}, {""missing_rate"": 0.5, ""test_mae"": 0.0183}, {""missing_rate"": 0.6, ""test_mae"": 0.0236}, {""missing_rate"": 0.7, ""test_mae"": 0.0291}, {""missing_rate"": 0.8, ""test_mae"": 0.0374}, {""missing_rate"": 0.9, ""test_mae"": 0.0471}], ""test_mae_mean"": 0.020560000000000002, ""test_mae_max"": 0.0471, ""test_mae_min"": 0.0067, ""test_mae"": 0.0471, ""missing_rate"": 0.9}",experiments/logs/seed76_lstm_baseline.log,,,25.79911231994629,"0.0,0.1,0.2,0.3,0.4,0.5,0.6,0.7,0.8,0.9","0.0,0.1,0.2,0.3,0.4,0.5,0.6,0.7,0.8,0.9",20260308_023704,experiments/runs/20260308_023704
seed76_lstm_mim,76,lstm,mim,completed,2026-03-08 02:37:04,,2026-03-08 04:24:51,"{""mr_results"": [{""missing_rate"": 0.0, ""test_mae"": 0.0068}, {""missing_rate"": 0.1, ""test_mae"": 0.0069}, {""missing_rate"": 0.2, ""test_mae"": 0.007}, {""missing_rate"": 0.3, ""test_mae"": 0.0072}, {""missing_rate"": 0.4, ""test_mae"": 0.0075}, {""missing_rate"": 0.5, ""test_mae"": 0.008}, {""missing_rate"": 0.6, ""test_mae"": 0.0085}, {""missing_rate"": 0.7, ""test_mae"": 0.0099}, {""missing_rate"": 0.8, ""test_mae"": 0.0128}, {""missing_rate"": 0.9, ""test_mae"": 0.0209}], ""test_mae_mean"": 0.00955, ""test_mae_max"": 0.0209, ""test_mae_min"": 0.0068, ""test_mae"": 0.0209, ""missing_rate"": 0.9}",experiments/logs/seed76_lstm_mim.log,,,75.0139102935791,"0.0,0.1,0.2,0.3,0.4,0.5,0.6,0.7,0.8,0.9","0.0,0.1,0.2,0.3,0.4,0.5,0.6,0.7,0.8,0.9",20260308_023704,experiments/runs/20260308_023704
seed76_gru_baseline,76,gru,baseline,completed,2026-03-08 02:37:04,,2026-03-08 04:26:13,"{""mr_results"": [{""missing_rate"": 0.0, ""test_mae"": 0.0069}, {""missing_rate"": 0.1, ""test_mae"": 0.008}, {""missing_rate"": 0.2, ""test_mae"": 0.0095}, {""missing_rate"": 0.3, ""test_mae"": 0.0115}, {""missing_rate"": 0.4, ""test_mae"": 0.014}, {""missing_rate"": 0.5, ""test_mae"": 0.0172}, {""missing_rate"": 0.6, ""test_mae"": 0.0211}, {""missing_rate"": 0.7, ""test_mae"": 0.0252}, {""missing_rate"": 0.8, ""test_mae"": 0.0294}, {""missing_rate"": 0.9, ""test_mae"": 0.034}], ""test_mae_mean"": 0.01768, ""test_mae_max"": 0.034, ""test_mae_min"": 0.0069, ""test_mae"": 0.034, ""missing_rate"": 0.9}",experiments/logs/seed76_gru_baseline.log,Process exited with code 1,,14.357835531234741,"0.0,0.1,0.2,0.3,0.4,0.5,0.6,0.7,0.8,0.9","0.0,0.1,0.2,0.3,0.4,0.5,0.6,0.7,0.8,0.9",20260308_023704,experiments/runs/20260308_023704
seed76_gru_mim,76,gru,mim,completed,2026-03-08 02:37:04,,2026-03-08 04:25:53,"{""mr_results"": [{""missing_rate"": 0.0, ""test_mae"": 0.0075}, {""missing_rate"": 0.1, ""test_mae"": 0.0073}, {""missing_rate"": 0.2, ""test_mae"": 0.0073}, {""missing_rate"": 0.3, ""test_mae"": 0.0074}, {""missing_rate"": 0.4, ""test_mae"": 0.0078}, {""missing_rate"": 0.5, ""test_mae"": 0.0082}, {""missing_rate"": 0.6, ""test_mae"": 0.0087}, {""missing_rate"": 0.7, ""test_mae"": 0.0099}, {""missing_rate"": 0.8, ""test_mae"": 0.0126}, {""missing_rate"": 0.9, ""test_mae"": 0.0216}], ""test_mae_mean"": 0.00983, ""test_mae_max"": 0.0216, ""test_mae_min"": 0.0073, ""test_mae"": 0.0216, ""missing_rate"": 0.9}",experiments/logs/seed76_gru_mim.log,,,59.669331550598145,"0.0,0.1,0.2,0.3,0.4,0.5,0.6,0.7,0.8,0.9","0.0,0.1,0.2,0.3,0.4,0.5,0.6,0.7,0.8,0.9",20260308_023704,experiments/runs/20260308_023704
seed76_cnn1d_baseline,76,cnn1d,baseline,completed,2026-03-08 02:37:04,,2026-03-08 04:25:15,"{""mr_results"": [{""missing_rate"": 0.0, ""test_mae"": 0.0235}, {""missing_rate"": 0.1, ""test_mae"": 0.0366}, {""missing_rate"": 0.2, ""test_mae"": 0.0469}, {""missing_rate"": 0.3, ""test_mae"": 0.0523}, {""missing_rate"": 0.4, ""test_mae"": 0.0553}, {""missing_rate"": 0.5, ""test_mae"": 0.0593}, {""missing_rate"": 0.6, ""test_mae"": 0.0637}, {""missing_rate"": 0.7, ""test_mae"": 0.068}, {""missing_rate"": 0.8, ""test_mae"": 0.0729}, {""missing_rate"": 0.9, ""test_mae"": 0.0818}], ""test_mae_mean"": 0.05603, ""test_mae_max"": 0.0818, ""test_mae_min"": 0.0235, ""test_mae"": 0.0818, ""missing_rate"": 0.9}",experiments/logs/seed76_cnn1d_baseline.log,,,22.089665174484253,"0.0,0.1,0.2,0.3,0.4,0.5,0.6,0.7,0.8,0.9","0.0,0.1,0.2,0.3,0.4,0.5,0.6,0.7,0.8,0.9",20260308_023704,experiments/runs/20260308_023704
seed76_cnn1d_mim,76,cnn1d,mim,completed,2026-03-08 02:37:04,,2026-03-08 04:27:07,"{""mr_results"": [{""missing_rate"": 0.0, ""test_mae"": 0.0064}, {""missing_rate"": 0.1, ""test_mae"": 0.0061}, {""missing_rate"": 0.2, ""test_mae"": 0.0062}, {""missing_rate"": 0.3, ""test_mae"": 0.0065}, {""missing_rate"": 0.4, ""test_mae"": 0.0069}, {""missing_rate"": 0.5, ""test_mae"": 0.0071}, {""missing_rate"": 0.6, ""test_mae"": 0.0077}, {""missing_rate"": 0.7, ""test_mae"": 0.0087}, {""missing_rate"": 0.8, ""test_mae"": 0.0103}, {""missing_rate"": 0.9, ""test_mae"": 0.0168}], ""test_mae_mean"": 0.00827, ""test_mae_max"": 0.0168, ""test_mae_min"": 0.0061, ""test_mae"": 0.0168, ""missing_rate"": 0.9}",experiments/logs/seed76_cnn1d_mim.log,Process exited with code 1,,68.27691221237183,"0.0,0.1,0.2,0.3,0.4,0.5,0.6,0.7,0.8,0.9","0.0,0.1,0.2,0.3,0.4,0.5,0.6,0.7,0.8,0.9",20260308_023704,experiments/runs/20260308_023704
seed77_mlp_baseline,77,mlp,baseline,completed,2026-03-08 02:37:04,,2026-03-08 04:27:28,"{""mr_results"": [{""missing_rate"": 0.0, ""test_mae"": 0.0098}, {""missing_rate"": 0.1, ""test_mae"": 0.0118}, {""missing_rate"": 0.2, ""test_mae"": 0.0137}, {""missing_rate"": 0.3, ""test_mae"": 0.017}, {""missing_rate"": 0.4, ""test_mae"": 0.0205}, {""missing_rate"": 0.5, ""test_mae"": 0.0238}, {""missing_rate"": 0.6, ""test_mae"": 0.0276}, {""missing_rate"": 0.7, ""test_mae"": 0.0309}, {""missing_rate"": 0.8, ""test_mae"": 0.0329}, {""missing_rate"": 0.9, ""test_mae"": 0.0358}], ""test_mae_mean"": 0.02238, ""test_mae_max"": 0.0358, ""test_mae_min"": 0.0098, ""test_mae"": 0.0358, ""missing_rate"": 0.9}",experiments/logs/seed77_mlp_baseline.log,,,18.45699405670166,"0.0,0.1,0.2,0.3,0.4,0.5,0.6,0.7,0.8,0.9","0.0,0.1,0.2,0.3,0.4,0.5,0.6,0.7,0.8,0.9",20260308_023704,experiments/runs/20260308_023704
seed77_mlp_mim,77,mlp,mim,completed,2026-03-08 02:37:04,,2026-03-08 04:28:16,"{""mr_results"": [{""missing_rate"": 0.0, ""test_mae"": 0.0074}, {""missing_rate"": 0.1, ""test_mae"": 0.0076}, {""missing_rate"": 0.2, ""test_mae"": 0.008}, {""missing_rate"": 0.3, ""test_mae"": 0.0083}, {""missing_rate"": 0.4, ""test_mae"": 0.0087}, {""missing_rate"": 0.5, ""test_mae"": 0.0094}, {""missing_rate"": 0.6, ""test_mae"": 0.0109}, {""missing_rate"": 0.7, ""test_mae"": 0.0124}, {""missing_rate"": 0.8, ""test_mae"": 0.0151}, {""missing_rate"": 0.9, ""test_mae"": 0.0241}], ""test_mae_mean"": 0.01119, ""test_mae_max"": 0.0241, ""test_mae_min"": 0.0074, ""test_mae"": 0.0241, ""missing_rate"": 0.9}",experiments/logs/seed77_mlp_mim.log,,,66.38754963874817,"0.0,0.1,0.2,0.3,0.4,0.5,0.6,0.7,0.8,0.9","0.0,0.1,0.2,0.3,0.4,0.5,0.6,0.7,0.8,0.9",20260308_023704,experiments/runs/20260308_023704
seed77_lstm_baseline,77,lstm,baseline,completed,2026-03-08 02:37:04,,2026-03-08 04:27:36,"{""mr_results"": [{""missing_rate"": 0.0, ""test_mae"": 0.0066}, {""missing_rate"": 0.1, ""test_mae"": 0.0068}, {""missing_rate"": 0.2, ""test_mae"": 0.0079}, {""missing_rate"": 0.3, ""test_mae"": 0.0091}, {""missing_rate"": 0.4, ""test_mae"": 0.0114}, {""missing_rate"": 0.5, ""test_mae"": 0.0145}, {""missing_rate"": 0.6, ""test_mae"": 0.0194}, {""missing_rate"": 0.7, ""test_mae"": 0.0262}, {""missing_rate"": 0.8, ""test_mae"": 0.0327}, {""missing_rate"": 0.9, ""test_mae"": 0.0374}], ""test_mae_mean"": 0.0172, ""test_mae_max"": 0.0374, ""test_mae_min"": 0.0066, ""test_mae"": 0.0374, ""missing_rate"": 0.9}",experiments/logs/seed77_lstm_baseline.log,,,26.766218900680542,"0.0,0.1,0.2,0.3,0.4,0.5,0.6,0.7,0.8,0.9","0.0,0.1,0.2,0.3,0.4,0.5,0.6,0.7,0.8,0.9",20260308_023704,experiments/runs/20260308_023704
seed77_lstm_mim,77,lstm,mim,completed,2026-03-08 02:37:04,,2026-03-08 04:27:54,"{""mr_results"": [{""missing_rate"": 0.0, ""test_mae"": 0.0068}, {""missing_rate"": 0.1, ""test_mae"": 0.0069}, {""missing_rate"": 0.2, ""test_mae"": 0.0069}, {""missing_rate"": 0.3, ""test_mae"": 0.007}, {""missing_rate"": 0.4, ""test_mae"": 0.0072}, {""missing_rate"": 0.5, ""test_mae"": 0.0075}, {""missing_rate"": 0.6, ""test_mae"": 0.0079}, {""missing_rate"": 0.7, ""test_mae"": 0.0091}, {""missing_rate"": 0.8, ""test_mae"": 0.012}, {""missing_rate"": 0.9, ""test_mae"": 0.0209}], ""test_mae_mean"": 0.00922, ""test_mae_max"": 0.0209, ""test_mae_min"": 0.0068, ""test_mae"": 0.0209, ""missing_rate"": 0.9}",experiments/logs/seed77_lstm_mim.log,,,44.724183082580566,"0.0,0.1,0.2,0.3,0.4,0.5,0.6,0.7,0.8,0.9","0.0,0.1,0.2,0.3,0.4,0.5,0.6,0.7,0.8,0.9",20260308_023704,experiments/runs/20260308_023704
seed77_gru_baseline,77,gru,baseline,completed,2026-03-08 02:37:04,,2026-03-08 04:28:30,"{""mr_results"": [{""missing_rate"": 0.0, ""test_mae"": 0.0103}, {""missing_rate"": 0.1, ""test_mae"": 0.0119}, {""missing_rate"": 0.2, ""test_mae"": 0.0134}, {""missing_rate"": 0.3, ""test_mae"": 0.0152}, {""missing_rate"": 0.4, ""test_mae"": 0.0172}, {""missing_rate"": 0.5, ""test_mae"": 0.0202}, {""missing_rate"": 0.6, ""test_mae"": 0.0233}, {""missing_rate"": 0.7, ""test_mae"": 0.0266}, {""missing_rate"": 0.8, ""test_mae"": 0.0299}, {""missing_rate"": 0.9, ""test_mae"": 0.0339}], ""test_mae_mean"": 0.02019, ""test_mae_max"": 0.0339, ""test_mae_min"": 0.0103, ""test_mae"": 0.0339, ""missing_rate"": 0.9}",experiments/logs/seed77_gru_baseline.log,,,12.552909135818481,"0.0,0.1,0.2,0.3,0.4,0.5,0.6,0.7,0.8,0.9","0.0,0.1,0.2,0.3,0.4,0.5,0.6,0.7,0.8,0.9",20260308_023704,experiments/runs/20260308_023704
seed77_gru_mim,77,gru,mim,completed,2026-03-08 02:37:04,,2026-03-08 04:28:55,"{""mr_results"": [{""missing_rate"": 0.0, ""test_mae"": 0.0079}, {""missing_rate"": 0.1, ""test_mae"": 0.0084}, {""missing_rate"": 0.2, ""test_mae"": 0.0089}, {""missing_rate"": 0.3, ""test_mae"": 0.0094}, {""missing_rate"": 0.4, ""test_mae"": 0.0098}, {""missing_rate"": 0.5, ""test_mae"": 0.0103}, {""missing_rate"": 0.6, ""test_mae"": 0.011}, {""missing_rate"": 0.7, ""test_mae"": 0.0126}, {""missing_rate"": 0.8, ""test_mae"": 0.017}, {""missing_rate"": 0.9, ""test_mae"": 0.0283}], ""test_mae_mean"": 0.01236, ""test_mae_max"": 0.0283, ""test_mae_min"": 0.0079, ""test_mae"": 0.0283, ""missing_rate"": 0.9}",experiments/logs/seed77_gru_mim.log,,,36.91619372367859,"0.0,0.1,0.2,0.3,0.4,0.5,0.6,0.7,0.8,0.9","0.0,0.1,0.2,0.3,0.4,0.5,0.6,0.7,0.8,0.9",20260308_023704,experiments/runs/20260308_023704
seed77_cnn1d_baseline,77,cnn1d,baseline,completed,2026-03-08 02:37:04,,2026-03-08 04:29:20,"{""mr_results"": [{""missing_rate"": 0.0, ""test_mae"": 0.0218}, {""missing_rate"": 0.1, ""test_mae"": 0.0369}, {""missing_rate"": 0.2, ""test_mae"": 0.0484}, {""missing_rate"": 0.3, ""test_mae"": 0.0533}, {""missing_rate"": 0.4, ""test_mae"": 0.0577}, {""missing_rate"": 0.5, ""test_mae"": 0.0643}, {""missing_rate"": 0.6, ""test_mae"": 0.0724}, {""missing_rate"": 0.7, ""test_mae"": 0.0794}, {""missing_rate"": 0.8, ""test_mae"": 0.086}, {""missing_rate"": 0.9, ""test_mae"": 0.101}], ""test_mae_mean"": 0.062119999999999995, ""test_mae_max"": 0.101, ""test_mae_min"": 0.0218, ""test_mae"": 0.101, ""missing_rate"": 0.9}",experiments/logs/seed77_cnn1d_baseline.log,Process exited with code 1,,18.86739468574524,"0.0,0.1,0.2,0.3,0.4,0.5,0.6,0.7,0.8,0.9","0.0,0.1,0.2,0.3,0.4,0.5,0.6,0.7,0.8,0.9",20260308_023704,experiments/runs/20260308_023704
seed77_cnn1d_mim,77,cnn1d,mim,completed,2026-03-08 02:37:04,,2026-03-08 04:30:07,"{""mr_results"": [{""missing_rate"": 0.0, ""test_mae"": 0.0066}, {""missing_rate"": 0.1, ""test_mae"": 0.0066}, {""missing_rate"": 0.2, ""test_mae"": 0.0065}, {""missing_rate"": 0.3, ""test_mae"": 0.0067}, {""missing_rate"": 0.4, ""test_mae"": 0.0072}, {""missing_rate"": 0.5, ""test_mae"": 0.0078}, {""missing_rate"": 0.6, ""test_mae"": 0.0088}, {""missing_rate"": 0.7, ""test_mae"": 0.0105}, {""missing_rate"": 0.8, ""test_mae"": 0.0144}, {""missing_rate"": 0.9, ""test_mae"": 0.0235}], ""test_mae_mean"": 0.009859999999999999, ""test_mae_max"": 0.0235, ""test_mae_min"": 0.0065, ""test_mae"": 0.0235, ""missing_rate"": 0.9}",experiments/logs/seed77_cnn1d_mim.log,Process exited with code 1,,66.28981804847717,"0.0,0.1,0.2,0.3,0.4,0.5,0.6,0.7,0.8,0.9","0.0,0.1,0.2,0.3,0.4,0.5,0.6,0.7,0.8,0.9",20260308_023704,experiments/runs/20260308_023704
seed78_mlp_baseline,78,mlp,baseline,completed,2026-03-08 02:37:04,,2026-03-08 04:31:08,"{""mr_results"": [{""missing_rate"": 0.0, ""test_mae"": 0.0259}, {""missing_rate"": 0.1, ""test_mae"": 0.026}, {""missing_rate"": 0.2, ""test_mae"": 0.0266}, {""missing_rate"": 0.3, ""test_mae"": 0.028}, {""missing_rate"": 0.4, ""test_mae"": 0.0304}, {""missing_rate"": 0.5, ""test_mae"": 0.0328}, {""missing_rate"": 0.6, ""test_mae"": 0.0358}, {""missing_rate"": 0.7, ""test_mae"": 0.0386}, {""missing_rate"": 0.8, ""test_mae"": 0.0404}, {""missing_rate"": 0.9, ""test_mae"": 0.0426}], ""test_mae_mean"": 0.03271, ""test_mae_max"": 0.0426, ""test_mae_min"": 0.0259, ""test_mae"": 0.0426, ""missing_rate"": 0.9}",experiments/logs/seed78_mlp_baseline.log,Process exited with code 1,,12.637816190719604,"0.0,0.1,0.2,0.3,0.4,0.5,0.6,0.7,0.8,0.9","0.0,0.1,0.2,0.3,0.4,0.5,0.6,0.7,0.8,0.9",20260308_023704,experiments/runs/20260308_023704
seed78_mlp_mim,78,mlp,mim,completed,2026-03-08 02:37:04,,2026-03-08 04:31:39,"{""mr_results"": [{""missing_rate"": 0.0, ""test_mae"": 0.0062}, {""missing_rate"": 0.1, ""test_mae"": 0.0066}, {""missing_rate"": 0.2, ""test_mae"": 0.0068}, {""missing_rate"": 0.3, ""test_mae"": 0.007}, {""missing_rate"": 0.4, ""test_mae"": 0.0075}, {""missing_rate"": 0.5, ""test_mae"": 0.0083}, {""missing_rate"": 0.6, ""test_mae"": 0.0095}, {""missing_rate"": 0.7, ""test_mae"": 0.0113}, {""missing_rate"": 0.8, ""test_mae"": 0.014}, {""missing_rate"": 0.9, ""test_mae"": 0.0226}], ""test_mae_mean"": 0.00998, ""test_mae_max"": 0.0226, ""test_mae_min"": 0.0062, ""test_mae"": 0.0226, ""missing_rate"": 0.9}",experiments/logs/seed78_mlp_mim.log,Process exited with code 1,,44.14616894721985,"0.0,0.1,0.2,0.3,0.4,0.5,0.6,0.7,0.8,0.9","0.0,0.1,0.2,0.3,0.4,0.5,0.6,0.7,0.8,0.9",20260308_023704,experiments/runs/20260308_023704
seed78_lstm_baseline,78,lstm,baseline,completed,2026-03-08 02:37:04,,2026-03-08 04:30:33,"{""mr_results"": [{""missing_rate"": 0.0, ""test_mae"": 0.006}, {""missing_rate"": 0.1, ""test_mae"": 0.007}, {""missing_rate"": 0.2, ""test_mae"": 0.0082}, {""missing_rate"": 0.3, ""test_mae"": 0.0097}, {""missing_rate"": 0.4, ""test_mae"": 0.0122}, {""missing_rate"": 0.5, ""test_mae"": 0.017}, {""missing_rate"": 0.6, ""test_mae"": 0.0251}, {""missing_rate"": 0.7, ""test_mae"": 0.0347}, {""missing_rate"": 0.8, ""test_mae"": 0.044}, {""missing_rate"": 0.9, ""test_mae"": 0.055}], ""test_mae_mean"": 0.02189, ""test_mae_max"": 0.055, ""test_mae_min"": 0.006, ""test_mae"": 0.055, ""missing_rate"": 0.9}",experiments/logs/seed78_lstm_baseline.log,,,23.628102779388428,"0.0,0.1,0.2,0.3,0.4,0.5,0.6,0.7,0.8,0.9","0.0,0.1,0.2,0.3,0.4,0.5,0.6,0.7,0.8,0.9",20260308_023704,experiments/runs/20260308_023704
seed78_lstm_mim,78,lstm,mim,completed,2026-03-08 02:37:04,,2026-03-08 04:30:49,"{""mr_results"": [{""missing_rate"": 0.0, ""test_mae"": 0.0075}, {""missing_rate"": 0.1, ""test_mae"": 0.0073}, {""missing_rate"": 0.2, ""test_mae"": 0.0073}, {""missing_rate"": 0.3, ""test_mae"": 0.0074}, {""missing_rate"": 0.4, ""test_mae"": 0.0076}, {""missing_rate"": 0.5, ""test_mae"": 0.008}, {""missing_rate"": 0.6, ""test_mae"": 0.0085}, {""missing_rate"": 0.7, ""test_mae"": 0.0097}, {""missing_rate"": 0.8, ""test_mae"": 0.0126}, {""missing_rate"": 0.9, ""test_mae"": 0.021}], ""test_mae_mean"": 0.00969, ""test_mae_max"": 0.021, ""test_mae_min"": 0.0073, ""test_mae"": 0.021, ""missing_rate"": 0.9}",experiments/logs/seed78_lstm_mim.log,,,40.12348794937134,"0.0,0.1,0.2,0.3,0.4,0.5,0.6,0.7,0.8,0.9","0.0,0.1,0.2,0.3,0.4,0.5,0.6,0.7,0.8,0.9",20260308_023704,experiments/runs/20260308_023704
seed78_gru_baseline,78,gru,baseline,completed,2026-03-08 02:37:04,,2026-03-08 04:32:29,"{""mr_results"": [{""missing_rate"": 0.0, ""test_mae"": 0.008}, {""missing_rate"": 0.1, ""test_mae"": 0.01}, {""missing_rate"": 0.2, ""test_mae"": 0.012}, {""missing_rate"": 0.3, ""test_mae"": 0.0137}, {""missing_rate"": 0.4, ""test_mae"": 0.0157}, {""missing_rate"": 0.5, ""test_mae"": 0.0185}, {""missing_rate"": 0.6, ""test_mae"": 0.022}, {""missing_rate"": 0.7, ""test_mae"": 0.0253}, {""missing_rate"": 0.8, ""test_mae"": 0.0288}, {""missing_rate"": 0.9, ""test_mae"": 0.0326}], ""test_mae_mean"": 0.01866, ""test_mae_max"": 0.0326, ""test_mae_min"": 0.008, ""test_mae"": 0.0326, ""missing_rate"": 0.9}",experiments/logs/seed78_gru_baseline.log,Process exited with code 1,,10.893476009368896,"0.0,0.1,0.2,0.3,0.4,0.5,0.6,0.7,0.8,0.9","0.0,0.1,0.2,0.3,0.4,0.5,0.6,0.7,0.8,0.9",20260308_023704,experiments/runs/20260308_023704
seed78_gru_mim,78,gru,mim,completed,2026-03-08 02:37:04,,2026-03-08 04:32:12,"{""mr_results"": [{""missing_rate"": 0.0, ""test_mae"": 0.0061}, {""missing_rate"": 0.1, ""test_mae"": 0.0066}, {""missing_rate"": 0.2, ""test_mae"": 0.007}, {""missing_rate"": 0.3, ""test_mae"": 0.0074}, {""missing_rate"": 0.4, ""test_mae"": 0.0078}, {""missing_rate"": 0.5, ""test_mae"": 0.0083}, {""missing_rate"": 0.6, ""test_mae"": 0.009}, {""missing_rate"": 0.7, ""test_mae"": 0.0109}, {""missing_rate"": 0.8, ""test_mae"": 0.0156}, {""missing_rate"": 0.9, ""test_mae"": 0.0261}], ""test_mae_mean"": 0.01048, ""test_mae_max"": 0.0261, ""test_mae_min"": 0.0061, ""test_mae"": 0.0261, ""missing_rate"": 0.9}",experiments/logs/seed78_gru_mim.log,,,30.25664710998535,"0.0,0.1,0.2,0.3,0.4,0.5,0.6,0.7,0.8,0.9","0.0,0.1,0.2,0.3,0.4,0.5,0.6,0.7,0.8,0.9",20260308_023704,experiments/runs/20260308_023704
seed78_cnn1d_baseline,78,cnn1d,baseline,completed,2026-03-08 02:37:04,,2026-03-08 04:32:01,"{""mr_results"": [{""missing_rate"": 0.0, ""test_mae"": 0.0305}, {""missing_rate"": 0.1, ""test_mae"": 0.0479}, {""missing_rate"": 0.2, ""test_mae"": 0.061}, {""missing_rate"": 0.3, ""test_mae"": 0.0685}, {""missing_rate"": 0.4, ""test_mae"": 0.0741}, {""missing_rate"": 0.5, ""test_mae"": 0.0817}, {""missing_rate"": 0.6, ""test_mae"": 0.0875}, {""missing_rate"": 0.7, ""test_mae"": 0.0972}, {""missing_rate"": 0.8, ""test_mae"": 0.1072}, {""missing_rate"": 0.9, ""test_mae"": 0.124}], ""test_mae_mean"": 0.07796, ""test_mae_max"": 0.124, ""test_mae_min"": 0.0305, ""test_mae"": 0.124, ""missing_rate"": 0.9}",experiments/logs/seed78_cnn1d_baseline.log,,,19.742466926574707,"0.0,0.1,0.2,0.3,0.4,0.5,0.6,0.7,0.8,0.9","0.0,0.1,0.2,0.3,0.4,0.5,0.6,0.7,0.8,0.9",20260308_023704,experiments/runs/20260308_023704
seed78_cnn1d_mim,78,cnn1d,mim,completed,2026-03-08 02:37:04,,2026-03-08 04:33:10,"{""mr_results"": [{""missing_rate"": 0.0, ""test_mae"": 0.0077}, {""missing_rate"": 0.1, ""test_mae"": 0.008}, {""missing_rate"": 0.2, ""test_mae"": 0.0083}, {""missing_rate"": 0.3, ""test_mae"": 0.0086}, {""missing_rate"": 0.4, ""test_mae"": 0.0086}, {""missing_rate"": 0.5, ""test_mae"": 0.009}, {""missing_rate"": 0.6, ""test_mae"": 0.0094}, {""missing_rate"": 0.7, ""test_mae"": 0.0105}, {""missing_rate"": 0.8, ""test_mae"": 0.0139}, {""missing_rate"": 0.9, ""test_mae"": 0.0222}], ""test_mae_mean"": 0.010620000000000001, ""test_mae_max"": 0.0222, ""test_mae_min"": 0.0077, ""test_mae"": 0.0222, ""missing_rate"": 0.9}",experiments/logs/seed78_cnn1d_mim.log,Process exited with code 1,,51.86710453033447,"0.0,0.1,0.2,0.3,0.4,0.5,0.6,0.7,0.8,0.9","0.0,0.1,0.2,0.3,0.4,0.5,0.6,0.7,0.8,0.9",20260308_023704,experiments/runs/20260308_023704
seed79_mlp_baseline,79,mlp,baseline,completed,2026-03-08 02:37:04,,2026-03-08 04:33:32,"{""mr_results"": [{""missing_rate"": 0.0, ""test_mae"": 0.0083}, {""missing_rate"": 0.1, ""test_mae"": 0.0092}, {""missing_rate"": 0.2, ""test_mae"": 0.0106}, {""missing_rate"": 0.3, ""test_mae"": 0.0128}, {""missing_rate"": 0.4, ""test_mae"": 0.0158}, {""missing_rate"": 0.5, ""test_mae"": 0.0187}, {""missing_rate"": 0.6, ""test_mae"": 0.0224}, {""missing_rate"": 0.7, ""test_mae"": 0.0258}, {""missing_rate"": 0.8, ""test_mae"": 0.0287}, {""missing_rate"": 0.9, ""test_mae"": 0.0331}], ""test_mae_mean"": 0.01854, ""test_mae_max"": 0.0331, ""test_mae_min"": 0.0083, ""test_mae"": 0.0331, ""missing_rate"": 0.9}",experiments/logs/seed79_mlp_baseline.log,,,19.986144065856934,"0.0,0.1,0.2,0.3,0.4,0.5,0.6,0.7,0.8,0.9","0.0,0.1,0.2,0.3,0.4,0.5,0.6,0.7,0.8,0.9",20260308_023704,experiments/runs/20260308_023704
seed79_mlp_mim,79,mlp,mim,completed,2026-03-08 02:37:04,,2026-03-08 04:33:51,"{""mr_results"": [{""missing_rate"": 0.0, ""test_mae"": 0.0062}, {""missing_rate"": 0.1, ""test_mae"": 0.0063}, {""missing_rate"": 0.2, ""test_mae"": 0.0065}, {""missing_rate"": 0.3, ""test_mae"": 0.0066}, {""missing_rate"": 0.4, ""test_mae"": 0.0071}, {""missing_rate"": 0.5, ""test_mae"": 0.0078}, {""missing_rate"": 0.6, ""test_mae"": 0.0088}, {""missing_rate"": 0.7, ""test_mae"": 0.0105}, {""missing_rate"": 0.8, ""test_mae"": 0.0133}, {""missing_rate"": 0.9, ""test_mae"": 0.0222}], ""test_mae_mean"": 0.00953, ""test_mae_max"": 0.0222, ""test_mae_min"": 0.0062, ""test_mae"": 0.0222, ""missing_rate"": 0.9}",experiments/logs/seed79_mlp_mim.log,,,39.79012131690979,"0.0,0.1,0.2,0.3,0.4,0.5,0.6,0.7,0.8,0.9","0.0,0.1,0.2,0.3,0.4,0.5,0.6,0.7,0.8,0.9",20260308_023704,experiments/runs/20260308_023704
seed79_lstm_baseline,79,lstm,baseline,completed,2026-03-08 02:37:04,,2026-03-08 04:33:33,"{""mr_results"": [{""missing_rate"": 0.0, ""test_mae"": 0.0063}, {""missing_rate"": 0.1, ""test_mae"": 0.0072}, {""missing_rate"": 0.2, ""test_mae"": 0.0083}, {""missing_rate"": 0.3, ""test_mae"": 0.01}, {""missing_rate"": 0.4, ""test_mae"": 0.0126}, {""missing_rate"": 0.5, ""test_mae"": 0.018}, {""missing_rate"": 0.6, ""test_mae"": 0.0253}, {""missing_rate"": 0.7, ""test_mae"": 0.0352}, {""missing_rate"": 0.8, ""test_mae"": 0.0471}, {""missing_rate"": 0.9, ""test_mae"": 0.0601}], ""test_mae_mean"": 0.02301, ""test_mae_max"": 0.0601, ""test_mae_min"": 0.0063, ""test_mae"": 0.0601, ""missing_rate"": 0.9}",experiments/logs/seed79_lstm_baseline.log,,,21.002176761627197,"0.0,0.1,0.2,0.3,0.4,0.5,0.6,0.7,0.8,0.9","0.0,0.1,0.2,0.3,0.4,0.5,0.6,0.7,0.8,0.9",20260308_023704,experiments/runs/20260308_023704
seed79_lstm_mim,79,lstm,mim,completed,2026-03-08 02:37:04,,2026-03-08 04:34:20,"{""mr_results"": [{""missing_rate"": 0.0, ""test_mae"": 0.0063}, {""missing_rate"": 0.1, ""test_mae"": 0.0062}, {""missing_rate"": 0.2, ""test_mae"": 0.0064}, {""missing_rate"": 0.3, ""test_mae"": 0.0064}, {""missing_rate"": 0.4, ""test_mae"": 0.0067}, {""missing_rate"": 0.5, ""test_mae"": 0.0072}, {""missing_rate"": 0.6, ""test_mae"": 0.0079}, {""missing_rate"": 0.7, ""test_mae"": 0.0095}, {""missing_rate"": 0.8, ""test_mae"": 0.013}, {""missing_rate"": 0.9, ""test_mae"": 0.0222}], ""test_mae_mean"": 0.00918, ""test_mae_max"": 0.0222, ""test_mae_min"": 0.0062, ""test_mae"": 0.0222, ""missing_rate"": 0.9}",experiments/logs/seed79_lstm_mim.log,,,68.69330477714539,"0.0,0.1,0.2,0.3,0.4,0.5,0.6,0.7,0.8,0.9","0.0,0.1,0.2,0.3,0.4,0.5,0.6,0.7,0.8,0.9",20260308_023704,experiments/runs/20260308_023704
seed79_gru_baseline,79,gru,baseline,completed,2026-03-08 02:37:04,,2026-03-08 04:34:37,"{""mr_results"": [{""missing_rate"": 0.0, ""test_mae"": 0.0066}, {""missing_rate"": 0.1, ""test_mae"": 0.0129}, {""missing_rate"": 0.2, ""test_mae"": 0.0159}, {""missing_rate"": 0.3, ""test_mae"": 0.019}, {""missing_rate"": 0.4, ""test_mae"": 0.0211}, {""missing_rate"": 0.5, ""test_mae"": 0.0235}, {""missing_rate"": 0.6, ""test_mae"": 0.0268}, {""missing_rate"": 0.7, ""test_mae"": 0.0295}, {""missing_rate"": 0.8, ""test_mae"": 0.032}, {""missing_rate"": 0.9, ""test_mae"": 0.0351}], ""test_mae_mean"": 0.02224, ""test_mae_max"": 0.0351, ""test_mae_min"": 0.0066, ""test_mae"": 0.0351, ""missing_rate"": 0.9}",experiments/logs/seed79_gru_baseline.log,,,14.945235967636108,"0.0,0.1,0.2,0.3,0.4,0.5,0.6,0.7,0.8,0.9","0.0,0.1,0.2,0.3,0.4,0.5,0.6,0.7,0.8,0.9",20260308_023704,experiments/runs/20260308_023704
seed79_gru_mim,79,gru,mim,completed,2026-03-08 02:37:04,,2026-03-08 04:35:51,"{""mr_results"": [{""missing_rate"": 0.0, ""test_mae"": 0.0045}, {""missing_rate"": 0.1, ""test_mae"": 0.0052}, {""missing_rate"": 0.2, ""test_mae"": 0.0057}, {""missing_rate"": 0.3, ""test_mae"": 0.0061}, {""missing_rate"": 0.4, ""test_mae"": 0.0065}, {""missing_rate"": 0.5, ""test_mae"": 0.0069}, {""missing_rate"": 0.6, ""test_mae"": 0.0075}, {""missing_rate"": 0.7, ""test_mae"": 0.009}, {""missing_rate"": 0.8, ""test_mae"": 0.0125}, {""missing_rate"": 0.9, ""test_mae"": 0.0215}], ""test_mae_mean"": 0.00854, ""test_mae_max"": 0.0215, ""test_mae_min"": 0.0045, ""test_mae"": 0.0215, ""missing_rate"": 0.9}",experiments/logs/seed79_gru_mim.log,Process exited with code 1,,27.144801139831543,"0.0,0.1,0.2,0.3,0.4,0.5,0.6,0.7,0.8,0.9","0.0,0.1,0.2,0.3,0.4,0.5,0.6,0.7,0.8,0.9",20260308_023704,experiments/runs/20260308_023704
seed79_cnn1d_baseline,79,cnn1d,baseline,completed,2026-03-08 02:37:04,,2026-03-08 04:34:46,"{""mr_results"": [{""missing_rate"": 0.0, ""test_mae"": 0.0324}, {""missing_rate"": 0.1, ""test_mae"": 0.047}, {""missing_rate"": 0.2, ""test_mae"": 0.059}, {""missing_rate"": 0.3, ""test_mae"": 0.0647}, {""missing_rate"": 0.4, ""test_mae"": 0.066}, {""missing_rate"": 0.5, ""test_mae"": 0.0711}, {""missing_rate"": 0.6, ""test_mae"": 0.0738}, {""missing_rate"": 0.7, ""test_mae"": 0.08}, {""missing_rate"": 0.8, ""test_mae"": 0.0842}, {""missing_rate"": 0.9, ""test_mae"": 0.0961}], ""test_mae_mean"": 0.06743, ""test_mae_max"": 0.0961, ""test_mae_min"": 0.0324, ""test_mae"": 0.0961, ""missing_rate"": 0.9}",experiments/logs/seed79_cnn1d_baseline.log,,,23.606483459472656,"0.0,0.1,0.2,0.3,0.4,0.5,0.6,0.7,0.8,0.9","0.0,0.1,0.2,0.3,0.4,0.5,0.6,0.7,0.8,0.9",20260308_023704,experiments/runs/20260308_023704
seed79_cnn1d_mim,79,cnn1d,mim,completed,2026-03-08 02:37:04,,2026-03-08 04:35:19,"{""mr_results"": [{""missing_rate"": 0.0, ""test_mae"": 0.0069}, {""missing_rate"": 0.1, ""test_mae"": 0.007}, {""missing_rate"": 0.2, ""test_mae"": 0.0073}, {""missing_rate"": 0.3, ""test_mae"": 0.0076}, {""missing_rate"": 0.4, ""test_mae"": 0.0081}, {""missing_rate"": 0.5, ""test_mae"": 0.0084}, {""missing_rate"": 0.6, ""test_mae"": 0.0089}, {""missing_rate"": 0.7, ""test_mae"": 0.0102}, {""missing_rate"": 0.8, ""test_mae"": 0.0135}, {""missing_rate"": 0.9, ""test_mae"": 0.0211}], ""test_mae_mean"": 0.0099, ""test_mae_max"": 0.0211, ""test_mae_min"": 0.0069, ""test_mae"": 0.0211, ""missing_rate"": 0.9}",experiments/logs/seed79_cnn1d_mim.log,,,56.46231722831726,"0.0,0.1,0.2,0.3,0.4,0.5,0.6,0.7,0.8,0.9","0.0,0.1,0.2,0.3,0.4,0.5,0.6,0.7,0.8,0.9",20260308_023704,experiments/runs/20260308_023704
seed80_mlp_baseline,80,mlp,baseline,completed,2026-03-08 02:37:04,,2026-03-08 04:36:14,"{""mr_results"": [{""missing_rate"": 0.0, ""test_mae"": 0.0095}, {""missing_rate"": 0.1, ""test_mae"": 0.0104}, {""missing_rate"": 0.2, ""test_mae"": 0.0115}, {""missing_rate"": 0.3, ""test_mae"": 0.0145}, {""missing_rate"": 0.4, ""test_mae"": 0.0175}, {""missing_rate"": 0.5, ""test_mae"": 0.0211}, {""missing_rate"": 0.6, ""test_mae"": 0.0246}, {""missing_rate"": 0.7, ""test_mae"": 0.0279}, {""missing_rate"": 0.8, ""test_mae"": 0.0305}, {""missing_rate"": 0.9, ""test_mae"": 0.0342}], ""test_mae_mean"": 0.02017, ""test_mae_max"": 0.0342, ""test_mae_min"": 0.0095, ""test_mae"": 0.0342, ""missing_rate"": 0.9}",experiments/logs/seed80_mlp_baseline.log,,,21.01063823699951,"0.0,0.1,0.2,0.3,0.4,0.5,0.6,0.7,0.8,0.9","0.0,0.1,0.2,0.3,0.4,0.5,0.6,0.7,0.8,0.9",20260308_023704,experiments/runs/20260308_023704
seed80_mlp_mim,80,mlp,mim,completed,2026-03-08 02:37:04,,2026-03-08 04:36:51,"{""mr_results"": [{""missing_rate"": 0.0, ""test_mae"": 0.0066}, {""missing_rate"": 0.1, ""test_mae"": 0.007}, {""missing_rate"": 0.2, ""test_mae"": 0.0072}, {""missing_rate"": 0.3, ""test_mae"": 0.0077}, {""missing_rate"": 0.4, ""test_mae"": 0.0081}, {""missing_rate"": 0.5, ""test_mae"": 0.0087}, {""missing_rate"": 0.6, ""test_mae"": 0.0097}, {""missing_rate"": 0.7, ""test_mae"": 0.0115}, {""missing_rate"": 0.8, ""test_mae"": 0.0139}, {""missing_rate"": 0.9, ""test_mae"": 0.0221}], ""test_mae_mean"": 0.010249999999999999, ""test_mae_max"": 0.0221, ""test_mae_min"": 0.0066, ""test_mae"": 0.0221, ""missing_rate"": 0.9}",experiments/logs/seed80_mlp_mim.log,,,57.89869427680969,"0.0,0.1,0.2,0.3,0.4,0.5,0.6,0.7,0.8,0.9","0.0,0.1,0.2,0.3,0.4,0.5,0.6,0.7,0.8,0.9",20260308_023704,experiments/runs/20260308_023704
seed80_lstm_baseline,80,lstm,baseline,completed,2026-03-08 02:37:04,,2026-03-08 04:36:16,"{""mr_results"": [{""missing_rate"": 0.0, ""test_mae"": 0.0071}, {""missing_rate"": 0.1, ""test_mae"": 0.0074}, {""missing_rate"": 0.2, ""test_mae"": 0.0084}, {""missing_rate"": 0.3, ""test_mae"": 0.0102}, {""missing_rate"": 0.4, ""test_mae"": 0.0134}, {""missing_rate"": 0.5, ""test_mae"": 0.0197}, {""missing_rate"": 0.6, ""test_mae"": 0.0287}, {""missing_rate"": 0.7, ""test_mae"": 0.0407}, {""missing_rate"": 0.8, ""test_mae"": 0.0557}, {""missing_rate"": 0.9, ""test_mae"": 0.0709}], ""test_mae_mean"": 0.02622, ""test_mae_max"": 0.0709, ""test_mae_min"": 0.0071, ""test_mae"": 0.0709, ""missing_rate"": 0.9}",experiments/logs/seed80_lstm_baseline.log,,,22.88382625579834,"0.0,0.1,0.2,0.3,0.4,0.5,0.6,0.7,0.8,0.9","0.0,0.1,0.2,0.3,0.4,0.5,0.6,0.7,0.8,0.9",20260308_023704,experiments/runs/20260308_023704
seed80_lstm_mim,80,lstm,mim,completed,2026-03-08 02:37:04,,2026-03-08 04:37:03,"{""mr_results"": [{""missing_rate"": 0.0, ""test_mae"": 0.0056}, {""missing_rate"": 0.1, ""test_mae"": 0.0056}, {""missing_rate"": 0.2, ""test_mae"": 0.0058}, {""missing_rate"": 0.3, ""test_mae"": 0.006}, {""missing_rate"": 0.4, ""test_mae"": 0.0063}, {""missing_rate"": 0.5, ""test_mae"": 0.007}, {""missing_rate"": 0.6, ""test_mae"": 0.0078}, {""missing_rate"": 0.7, ""test_mae"": 0.0099}, {""missing_rate"": 0.8, ""test_mae"": 0.0138}, {""missing_rate"": 0.9, ""test_mae"": 0.0238}], ""test_mae_mean"": 0.00916, ""test_mae_max"": 0.0238, ""test_mae_min"": 0.0056, ""test_mae"": 0.0238, ""missing_rate"": 0.9}",experiments/logs/seed80_lstm_mim.log,,,69.56130194664001,"0.0,0.1,0.2,0.3,0.4,0.5,0.6,0.7,0.8,0.9","0.0,0.1,0.2,0.3,0.4,0.5,0.6,0.7,0.8,0.9",20260308_023704,experiments/runs/20260308_023704
seed80_gru_baseline,80,gru,baseline,completed,2026-03-08 02:37:04,,2026-03-08 04:37:26,"{""mr_results"": [{""missing_rate"": 0.0, ""test_mae"": 0.0077}, {""missing_rate"": 0.1, ""test_mae"": 0.009}, {""missing_rate"": 0.2, ""test_mae"": 0.0104}, {""missing_rate"": 0.3, ""test_mae"": 0.0126}, {""missing_rate"": 0.4, ""test_mae"": 0.0154}, {""missing_rate"": 0.5, ""test_mae"": 0.0185}, {""missing_rate"": 0.6, ""test_mae"": 0.0221}, {""missing_rate"": 0.7, ""test_mae"": 0.0258}, {""missing_rate"": 0.8, ""test_mae"": 0.0296}, {""missing_rate"": 0.9, ""test_mae"": 0.0333}], ""test_mae_mean"": 0.01844, ""test_mae_max"": 0.0333, ""test_mae_min"": 0.0077, ""test_mae"": 0.0333, ""missing_rate"": 0.9}",experiments/logs/seed80_gru_baseline.log,,,20.65181589126587,"0.0,0.1,0.2,0.3,0.4,0.5,0.6,0.7,0.8,0.9","0.0,0.1,0.2,0.3,0.4,0.5,0.6,0.7,0.8,0.9",20260308_023704,experiments/runs/20260308_023704
seed80_gru_mim,80,gru,mim,completed,2026-03-08 02:37:04,,2026-03-08 04:37:51,"{""mr_results"": [{""missing_rate"": 0.0, ""test_mae"": 0.0054}, {""missing_rate"": 0.1, ""test_mae"": 0.0055}, {""missing_rate"": 0.2, ""test_mae"": 0.0057}, {""missing_rate"": 0.3, ""test_mae"": 0.006}, {""missing_rate"": 0.4, ""test_mae"": 0.0065}, {""missing_rate"": 0.5, ""test_mae"": 0.007}, {""missing_rate"": 0.6, ""test_mae"": 0.0079}, {""missing_rate"": 0.7, ""test_mae"": 0.0096}, {""missing_rate"": 0.8, ""test_mae"": 0.0128}, {""missing_rate"": 0.9, ""test_mae"": 0.0212}], ""test_mae_mean"": 0.00876, ""test_mae_max"": 0.0212, ""test_mae_min"": 0.0054, ""test_mae"": 0.0212, ""missing_rate"": 0.9}",experiments/logs/seed80_gru_mim.log,,,45.765331745147705,"0.0,0.1,0.2,0.3,0.4,0.5,0.6,0.7,0.8,0.9","0.0,0.1,0.2,0.3,0.4,0.5,0.6,0.7,0.8,0.9",20260308_023704,experiments/runs/20260308_023704
seed80_cnn1d_baseline,80,cnn1d,baseline,completed,2026-03-08 02:37:04,,2026-03-08 04:37:30,"{""mr_results"": [{""missing_rate"": 0.0, ""test_mae"": 0.0165}, {""missing_rate"": 0.1, ""test_mae"": 0.034}, {""missing_rate"": 0.2, ""test_mae"": 0.0446}, {""missing_rate"": 0.3, ""test_mae"": 0.0509}, {""missing_rate"": 0.4, ""test_mae"": 0.0535}, {""missing_rate"": 0.5, ""test_mae"": 0.0577}, {""missing_rate"": 0.6, ""test_mae"": 0.0618}, {""missing_rate"": 0.7, ""test_mae"": 0.0653}, {""missing_rate"": 0.8, ""test_mae"": 0.0683}, {""missing_rate"": 0.9, ""test_mae"": 0.0792}], ""test_mae_mean"": 0.053180000000000005, ""test_mae_max"": 0.0792, ""test_mae_min"": 0.0165, ""test_mae"": 0.0792, ""missing_rate"": 0.9}",experiments/logs/seed80_cnn1d_baseline.log,,,25.485509157180786,"0.0,0.1,0.2,0.3,0.4,0.5,0.6,0.7,0.8,0.9","0.0,0.1,0.2,0.3,0.4,0.5,0.6,0.7,0.8,0.9",20260308_023704,experiments/runs/20260308_023704
seed80_cnn1d_mim,80,cnn1d,mim,completed,2026-03-08 02:37:04,,2026-03-08 04:38:04,"{""mr_results"": [{""missing_rate"": 0.0, ""test_mae"": 0.0064}, {""missing_rate"": 0.1, ""test_mae"": 0.0066}, {""missing_rate"": 0.2, ""test_mae"": 0.0067}, {""missing_rate"": 0.3, ""test_mae"": 0.007}, {""missing_rate"": 0.4, ""test_mae"": 0.0074}, {""missing_rate"": 0.5, ""test_mae"": 0.0077}, {""missing_rate"": 0.6, ""test_mae"": 0.0084}, {""missing_rate"": 0.7, ""test_mae"": 0.0098}, {""missing_rate"": 0.8, ""test_mae"": 0.0122}, {""missing_rate"": 0.9, ""test_mae"": 0.0196}], ""test_mae_mean"": 0.00918, ""test_mae_max"": 0.0196, ""test_mae_min"": 0.0064, ""test_mae"": 0.0196, ""missing_rate"": 0.9}",experiments/logs/seed80_cnn1d_mim.log,,,58.91392803192139,"0.0,0.1,0.2,0.3,0.4,0.5,0.6,0.7,0.8,0.9","0.0,0.1,0.2,0.3,0.4,0.5,0.6,0.7,0.8,0.9",20260308_023704,experiments/runs/20260308_023704
seed81_mlp_baseline,81,mlp,baseline,completed,2026-03-08 02:37:04,,2026-03-08 04:38:21,"{""mr_results"": [{""missing_rate"": 0.0, ""test_mae"": 0.0254}, {""missing_rate"": 0.1, ""test_mae"": 0.0262}, {""missing_rate"": 0.2, ""test_mae"": 0.0269}, {""missing_rate"": 0.3, ""test_mae"": 0.0277}, {""missing_rate"": 0.4, ""test_mae"": 0.0298}, {""missing_rate"": 0.5, ""test_mae"": 0.0316}, {""missing_rate"": 0.6, ""test_mae"": 0.0345}, {""missing_rate"": 0.7, ""test_mae"": 0.0363}, {""missing_rate"": 0.8, ""test_mae"": 0.0375}, {""missing_rate"": 0.9, ""test_mae"": 0.0418}], ""test_mae_mean"": 0.03177, ""test_mae_max"": 0.0418, ""test_mae_min"": 0.0254, ""test_mae"": 0.0418, ""missing_rate"": 0.9}",experiments/logs/seed81_mlp_baseline.log,,,15.536606550216675,"0.0,0.1,0.2,0.3,0.4,0.5,0.6,0.7,0.8,0.9","0.0,0.1,0.2,0.3,0.4,0.5,0.6,0.7,0.8,0.9",20260308_023704,experiments/runs/20260308_023704
seed81_mlp_mim,81,mlp,mim,completed,2026-03-08 02:37:04,,2026-03-08 04:39:52,"{""mr_results"": [{""missing_rate"": 0.0, ""test_mae"": 0.0064}, {""missing_rate"": 0.1, ""test_mae"": 0.0068}, {""missing_rate"": 0.2, ""test_mae"": 0.0069}, {""missing_rate"": 0.3, ""test_mae"": 0.0072}, {""missing_rate"": 0.4, ""test_mae"": 0.0076}, {""missing_rate"": 0.5, ""test_mae"": 0.0083}, {""missing_rate"": 0.6, ""test_mae"": 0.0094}, {""missing_rate"": 0.7, ""test_mae"": 0.0111}, {""missing_rate"": 0.8, ""test_mae"": 0.0135}, {""missing_rate"": 0.9, ""test_mae"": 0.0225}], ""test_mae_mean"": 0.00997, ""test_mae_max"": 0.0225, ""test_mae_min"": 0.0064, ""test_mae"": 0.0225, ""missing_rate"": 0.9}",experiments/logs/seed81_mlp_mim.log,Process exited with code 1,,52.323328256607056,"0.0,0.1,0.2,0.3,0.4,0.5,0.6,0.7,0.8,0.9","0.0,0.1,0.2,0.3,0.4,0.5,0.6,0.7,0.8,0.9",20260308_023704,experiments/runs/20260308_023704
seed81_lstm_baseline,81,lstm,baseline,completed,2026-03-08 02:37:04,,2026-03-08 04:39:16,"{""mr_results"": [{""missing_rate"": 0.0, ""test_mae"": 0.0078}, {""missing_rate"": 0.1, ""test_mae"": 0.0082}, {""missing_rate"": 0.2, ""test_mae"": 0.0086}, {""missing_rate"": 0.3, ""test_mae"": 0.0094}, {""missing_rate"": 0.4, ""test_mae"": 0.0121}, {""missing_rate"": 0.5, ""test_mae"": 0.018}, {""missing_rate"": 0.6, ""test_mae"": 0.0291}, {""missing_rate"": 0.7, ""test_mae"": 0.0448}, {""missing_rate"": 0.8, ""test_mae"": 0.0648}, {""missing_rate"": 0.9, ""test_mae"": 0.0834}], ""test_mae_mean"": 0.02862, ""test_mae_max"": 0.0834, ""test_mae_min"": 0.0078, ""test_mae"": 0.0834, ""missing_rate"": 0.9}",experiments/logs/seed81_lstm_baseline.log,Process exited with code 1,,16.520561695098877,"0.0,0.1,0.2,0.3,0.4,0.5,0.6,0.7,0.8,0.9","0.0,0.1,0.2,0.3,0.4,0.5,0.6,0.7,0.8,0.9",20260308_023704,experiments/runs/20260308_023704
seed81_lstm_mim,81,lstm,mim,completed,2026-03-08 02:37:04,,2026-03-08 04:38:53,"{""mr_results"": [{""missing_rate"": 0.0, ""test_mae"": 0.0074}, {""missing_rate"": 0.1, ""test_mae"": 0.0073}, {""missing_rate"": 0.2, ""test_mae"": 0.0073}, {""missing_rate"": 0.3, ""test_mae"": 0.0073}, {""missing_rate"": 0.4, ""test_mae"": 0.0074}, {""missing_rate"": 0.5, ""test_mae"": 0.0077}, {""missing_rate"": 0.6, ""test_mae"": 0.0081}, {""missing_rate"": 0.7, ""test_mae"": 0.0092}, {""missing_rate"": 0.8, ""test_mae"": 0.0123}, {""missing_rate"": 0.9, ""test_mae"": 0.0213}], ""test_mae_mean"": 0.00953, ""test_mae_max"": 0.0213, ""test_mae_min"": 0.0073, ""test_mae"": 0.0213, ""missing_rate"": 0.9}",experiments/logs/seed81_lstm_mim.log,,,47.32507371902466,"0.0,0.1,0.2,0.3,0.4,0.5,0.6,0.7,0.8,0.9","0.0,0.1,0.2,0.3,0.4,0.5,0.6,0.7,0.8,0.9",20260308_023704,experiments/runs/20260308_023704
seed81_gru_baseline,81,gru,baseline,completed,2026-03-08 02:37:04,,2026-03-08 04:40:45,"{""mr_results"": [{""missing_rate"": 0.0, ""test_mae"": 0.0064}, {""missing_rate"": 0.1, ""test_mae"": 0.0079}, {""missing_rate"": 0.2, ""test_mae"": 0.0096}, {""missing_rate"": 0.3, ""test_mae"": 0.012}, {""missing_rate"": 0.4, ""test_mae"": 0.0148}, {""missing_rate"": 0.5, ""test_mae"": 0.0179}, {""missing_rate"": 0.6, ""test_mae"": 0.0215}, {""missing_rate"": 0.7, ""test_mae"": 0.0256}, {""missing_rate"": 0.8, ""test_mae"": 0.0297}, {""missing_rate"": 0.9, ""test_mae"": 0.0339}], ""test_mae_mean"": 0.017929999999999998, ""test_mae_max"": 0.0339, ""test_mae_min"": 0.0064, ""test_mae"": 0.0339, ""missing_rate"": 0.9}",experiments/logs/seed81_gru_baseline.log,Process exited with code 1,,14.57164454460144,"0.0,0.1,0.2,0.3,0.4,0.5,0.6,0.7,0.8,0.9","0.0,0.1,0.2,0.3,0.4,0.5,0.6,0.7,0.8,0.9",20260308_023704,experiments/runs/20260308_023704
seed81_gru_mim,81,gru,mim,completed,2026-03-08 02:37:04,,2026-03-08 04:40:24,"{""mr_results"": [{""missing_rate"": 0.0, ""test_mae"": 0.0085}, {""missing_rate"": 0.1, ""test_mae"": 0.0089}, {""missing_rate"": 0.2, ""test_mae"": 0.0094}, {""missing_rate"": 0.3, ""test_mae"": 0.01}, {""missing_rate"": 0.4, ""test_mae"": 0.0104}, {""missing_rate"": 0.5, ""test_mae"": 0.0112}, {""missing_rate"": 0.6, ""test_mae"": 0.0122}, {""missing_rate"": 0.7, ""test_mae"": 0.0147}, {""missing_rate"": 0.8, ""test_mae"": 0.0202}, {""missing_rate"": 0.9, ""test_mae"": 0.03}], ""test_mae_mean"": 0.013550000000000001, ""test_mae_max"": 0.03, ""test_mae_min"": 0.0085, ""test_mae"": 0.03, ""missing_rate"": 0.9}",experiments/logs/seed81_gru_mim.log,,,30.719808101654053,"0.0,0.1,0.2,0.3,0.4,0.5,0.6,0.7,0.8,0.9","0.0,0.1,0.2,0.3,0.4,0.5,0.6,0.7,0.8,0.9",20260308_023704,experiments/runs/20260308_023704
seed81_cnn1d_baseline,81,cnn1d,baseline,completed,2026-03-08 02:37:04,,2026-03-08 04:40:13,"{""mr_results"": [{""missing_rate"": 0.0, ""test_mae"": 0.0325}, {""missing_rate"": 0.1, ""test_mae"": 0.0475}, {""missing_rate"": 0.2, ""test_mae"": 0.0584}, {""missing_rate"": 0.3, ""test_mae"": 0.0646}, {""missing_rate"": 0.4, ""test_mae"": 0.0674}, {""missing_rate"": 0.5, ""test_mae"": 0.0737}, {""missing_rate"": 0.6, ""test_mae"": 0.0799}, {""missing_rate"": 0.7, ""test_mae"": 0.0858}, {""missing_rate"": 0.8, ""test_mae"": 0.0915}, {""missing_rate"": 0.9, ""test_mae"": 0.1069}], ""test_mae_mean"": 0.07082000000000001, ""test_mae_max"": 0.1069, ""test_mae_min"": 0.0325, ""test_mae"": 0.1069, ""missing_rate"": 0.9}",experiments/logs/seed81_cnn1d_baseline.log,,,19.041375160217285,"0.0,0.1,0.2,0.3,0.4,0.5,0.6,0.7,0.8,0.9","0.0,0.1,0.2,0.3,0.4,0.5,0.6,0.7,0.8,0.9",20260308_023704,experiments/runs/20260308_023704
seed81_cnn1d_mim,81,cnn1d,mim,completed,2026-03-08 02:37:04,,2026-03-08 04:41:39,"{""mr_results"": [{""missing_rate"": 0.0, ""test_mae"": 0.0069}, {""missing_rate"": 0.1, ""test_mae"": 0.0067}, {""missing_rate"": 0.2, ""test_mae"": 0.0067}, {""missing_rate"": 0.3, ""test_mae"": 0.0069}, {""missing_rate"": 0.4, ""test_mae"": 0.0071}, {""missing_rate"": 0.5, ""test_mae"": 0.0073}, {""missing_rate"": 0.6, ""test_mae"": 0.0082}, {""missing_rate"": 0.7, ""test_mae"": 0.0097}, {""missing_rate"": 0.8, ""test_mae"": 0.012}, {""missing_rate"": 0.9, ""test_mae"": 0.0191}], ""test_mae_mean"": 0.00906, ""test_mae_max"": 0.0191, ""test_mae_min"": 0.0067, ""test_mae"": 0.0191, ""missing_rate"": 0.9}",experiments/logs/seed81_cnn1d_mim.log,Process exited with code 1,,68.40958142280579,"0.0,0.1,0.2,0.3,0.4,0.5,0.6,0.7,0.8,0.9","0.0,0.1,0.2,0.3,0.4,0.5,0.6,0.7,0.8,0.9",20260308_023704,experiments/runs/20260308_023704
seed82_mlp_baseline,82,mlp,baseline,completed,2026-03-08 02:37:04,,2026-03-08 04:41:59,"{""mr_results"": [{""missing_rate"": 0.0, ""test_mae"": 0.0121}, {""missing_rate"": 0.1, ""test_mae"": 0.0137}, {""missing_rate"": 0.2, ""test_mae"": 0.0155}, {""missing_rate"": 0.3, ""test_mae"": 0.0175}, {""missing_rate"": 0.4, ""test_mae"": 0.0198}, {""missing_rate"": 0.5, ""test_mae"": 0.0221}, {""missing_rate"": 0.6, ""test_mae"": 0.0249}, {""missing_rate"": 0.7, ""test_mae"": 0.0281}, {""missing_rate"": 0.8, ""test_mae"": 0.0306}, {""missing_rate"": 0.9, ""test_mae"": 0.0343}], ""test_mae_mean"": 0.021859999999999997, ""test_mae_max"": 0.0343, ""test_mae_min"": 0.0121, ""test_mae"": 0.0343, ""missing_rate"": 0.9}",experiments/logs/seed82_mlp_baseline.log,,,18.135395050048828,"0.0,0.1,0.2,0.3,0.4,0.5,0.6,0.7,0.8,0.9","0.0,0.1,0.2,0.3,0.4,0.5,0.6,0.7,0.8,0.9",20260308_023704,experiments/runs/20260308_023704
seed82_mlp_mim,82,mlp,mim,completed,2026-03-08 02:37:04,,2026-03-08 04:42:34,"{""mr_results"": [{""missing_rate"": 0.0, ""test_mae"": 0.0066}, {""missing_rate"": 0.1, ""test_mae"": 0.0068}, {""missing_rate"": 0.2, ""test_mae"": 0.0071}, {""missing_rate"": 0.3, ""test_mae"": 0.0074}, {""missing_rate"": 0.4, ""test_mae"": 0.0076}, {""missing_rate"": 0.5, ""test_mae"": 0.0084}, {""missing_rate"": 0.6, ""test_mae"": 0.0095}, {""missing_rate"": 0.7, ""test_mae"": 0.011}, {""missing_rate"": 0.8, ""test_mae"": 0.0133}, {""missing_rate"": 0.9, ""test_mae"": 0.022}], ""test_mae_mean"": 0.00997, ""test_mae_max"": 0.022, ""test_mae_min"": 0.0066, ""test_mae"": 0.022, ""missing_rate"": 0.9}",experiments/logs/seed82_mlp_mim.log,,,53.03579807281494,"0.0,0.1,0.2,0.3,0.4,0.5,0.6,0.7,0.8,0.9","0.0,0.1,0.2,0.3,0.4,0.5,0.6,0.7,0.8,0.9",20260308_023704,experiments/runs/20260308_023704
seed82_lstm_baseline,82,lstm,baseline,completed,2026-03-08 02:37:04,,2026-03-08 04:42:55,"{""mr_results"": [{""missing_rate"": 0.0, ""test_mae"": 0.0069}, {""missing_rate"": 0.1, ""test_mae"": 0.0075}, {""missing_rate"": 0.2, ""test_mae"": 0.0083}, {""missing_rate"": 0.3, ""test_mae"": 0.0091}, {""missing_rate"": 0.4, ""test_mae"": 0.0107}, {""missing_rate"": 0.5, ""test_mae"": 0.013}, {""missing_rate"": 0.6, ""test_mae"": 0.0161}, {""missing_rate"": 0.7, ""test_mae"": 0.0208}, {""missing_rate"": 0.8, ""test_mae"": 0.0262}, {""missing_rate"": 0.9, ""test_mae"": 0.0338}], ""test_mae_mean"": 0.01524, ""test_mae_max"": 0.0338, ""test_mae_min"": 0.0069, ""test_mae"": 0.0338, ""missing_rate"": 0.9}",experiments/logs/seed82_lstm_baseline.log,Process exited with code 1,,15.010923624038696,"0.0,0.1,0.2,0.3,0.4,0.5,0.6,0.7,0.8,0.9","0.0,0.1,0.2,0.3,0.4,0.5,0.6,0.7,0.8,0.9",20260308_023704,experiments/runs/20260308_023704
seed82_lstm_mim,82,lstm,mim,completed,2026-03-08 02:37:04,,2026-03-08 04:43:46,"{""mr_results"": [{""missing_rate"": 0.0, ""test_mae"": 0.0061}, {""missing_rate"": 0.1, ""test_mae"": 0.0061}, {""missing_rate"": 0.2, ""test_mae"": 0.0062}, {""missing_rate"": 0.3, ""test_mae"": 0.0065}, {""missing_rate"": 0.4, ""test_mae"": 0.0071}, {""missing_rate"": 0.5, ""test_mae"": 0.0079}, {""missing_rate"": 0.6, ""test_mae"": 0.0088}, {""missing_rate"": 0.7, ""test_mae"": 0.0104}, {""missing_rate"": 0.8, ""test_mae"": 0.0136}, {""missing_rate"": 0.9, ""test_mae"": 0.0221}], ""test_mae_mean"": 0.009479999999999999, ""test_mae_max"": 0.0221, ""test_mae_min"": 0.0061, ""test_mae"": 0.0221, ""missing_rate"": 0.9}",experiments/logs/seed82_lstm_mim.log,Process exited with code 1,,65.89007139205933,"0.0,0.1,0.2,0.3,0.4,0.5,0.6,0.7,0.8,0.9","0.0,0.1,0.2,0.3,0.4,0.5,0.6,0.7,0.8,0.9",20260308_023704,experiments/runs/20260308_023704
seed82_gru_baseline,82,gru,baseline,completed,2026-03-08 02:37:04,,2026-03-08 04:44:07,"{""mr_results"": [{""missing_rate"": 0.0, ""test_mae"": 0.0076}, {""missing_rate"": 0.1, ""test_mae"": 0.0081}, {""missing_rate"": 0.2, ""test_mae"": 0.0092}, {""missing_rate"": 0.3, ""test_mae"": 0.0109}, {""missing_rate"": 0.4, ""test_mae"": 0.013}, {""missing_rate"": 0.5, ""test_mae"": 0.016}, {""missing_rate"": 0.6, ""test_mae"": 0.0195}, {""missing_rate"": 0.7, ""test_mae"": 0.0234}, {""missing_rate"": 0.8, ""test_mae"": 0.0279}, {""missing_rate"": 0.9, ""test_mae"": 0.0329}], ""test_mae_mean"": 0.01685, ""test_mae_max"": 0.0329, ""test_mae_min"": 0.0076, ""test_mae"": 0.0329, ""missing_rate"": 0.9}",experiments/logs/seed82_gru_baseline.log,,,19.088573217391968,"0.0,0.1,0.2,0.3,0.4,0.5,0.6,0.7,0.8,0.9","0.0,0.1,0.2,0.3,0.4,0.5,0.6,0.7,0.8,0.9",20260308_023704,experiments/runs/20260308_023704
seed82_gru_mim,82,gru,mim,completed,2026-03-08 02:37:04,,2026-03-08 04:44:31,"{""mr_results"": [{""missing_rate"": 0.0, ""test_mae"": 0.0075}, {""missing_rate"": 0.1, ""test_mae"": 0.0078}, {""missing_rate"": 0.2, ""test_mae"": 0.008}, {""missing_rate"": 0.3, ""test_mae"": 0.0082}, {""missing_rate"": 0.4, ""test_mae"": 0.0084}, {""missing_rate"": 0.5, ""test_mae"": 0.0084}, {""missing_rate"": 0.6, ""test_mae"": 0.0084}, {""missing_rate"": 0.7, ""test_mae"": 0.0092}, {""missing_rate"": 0.8, ""test_mae"": 0.0118}, {""missing_rate"": 0.9, ""test_mae"": 0.0191}], ""test_mae_mean"": 0.00968, ""test_mae_max"": 0.0191, ""test_mae_min"": 0.0075, ""test_mae"": 0.0191, ""missing_rate"": 0.9}",experiments/logs/seed82_gru_mim.log,,,43.10240459442139,"0.0,0.1,0.2,0.3,0.4,0.5,0.6,0.7,0.8,0.9","0.0,0.1,0.2,0.3,0.4,0.5,0.6,0.7,0.8,0.9",20260308_023704,experiments/runs/20260308_023704
seed82_cnn1d_baseline,82,cnn1d,baseline,completed,2026-03-08 02:37:04,,2026-03-08 04:44:56,"{""mr_results"": [{""missing_rate"": 0.0, ""test_mae"": 0.0301}, {""missing_rate"": 0.1, ""test_mae"": 0.0461}, {""missing_rate"": 0.2, ""test_mae"": 0.0587}, {""missing_rate"": 0.3, ""test_mae"": 0.0646}, {""missing_rate"": 0.4, ""test_mae"": 0.0677}, {""missing_rate"": 0.5, ""test_mae"": 0.0738}, {""missing_rate"": 0.6, ""test_mae"": 0.0788}, {""missing_rate"": 0.7, ""test_mae"": 0.0854}, {""missing_rate"": 0.8, ""test_mae"": 0.0918}, {""missing_rate"": 0.9, ""test_mae"": 0.1055}], ""test_mae_mean"": 0.07025, ""test_mae_max"": 0.1055, ""test_mae_min"": 0.0301, ""test_mae"": 0.1055, ""missing_rate"": 0.9}",experiments/logs/seed82_cnn1d_baseline.log,Process exited with code 1,,19.634483575820923,"0.0,0.1,0.2,0.3,0.4,0.5,0.6,0.7,0.8,0.9","0.0,0.1,0.2,0.3,0.4,0.5,0.6,0.7,0.8,0.9",20260308_023704,experiments/runs/20260308_023704
seed82_cnn1d_mim,82,cnn1d,mim,completed,2026-03-08 02:37:04,,2026-03-08 04:45:29,"{""mr_results"": [{""missing_rate"": 0.0, ""test_mae"": 0.0083}, {""missing_rate"": 0.1, ""test_mae"": 0.0075}, {""missing_rate"": 0.2, ""test_mae"": 0.0073}, {""missing_rate"": 0.3, ""test_mae"": 0.0072}, {""missing_rate"": 0.4, ""test_mae"": 0.0075}, {""missing_rate"": 0.5, ""test_mae"": 0.0078}, {""missing_rate"": 0.6, ""test_mae"": 0.0081}, {""missing_rate"": 0.7, ""test_mae"": 0.0088}, {""missing_rate"": 0.8, ""test_mae"": 0.0106}, {""missing_rate"": 0.9, ""test_mae"": 0.0158}], ""test_mae_mean"": 0.00889, ""test_mae_max"": 0.0158, ""test_mae_min"": 0.0072, ""test_mae"": 0.0158, ""missing_rate"": 0.9}",experiments/logs/seed82_cnn1d_mim.log,Process exited with code 1,,52.16354441642761,"0.0,0.1,0.2,0.3,0.4,0.5,0.6,0.7,0.8,0.9","0.0,0.1,0.2,0.3,0.4,0.5,0.6,0.7,0.8,0.9",20260308_023704,experiments/runs/20260308_023704
seed83_mlp_baseline,83,mlp,baseline,completed,2026-03-08 02:37:04,,2026-03-08 04:45:51,"{""mr_results"": [{""missing_rate"": 0.0, ""test_mae"": 0.01}, {""missing_rate"": 0.1, ""test_mae"": 0.0114}, {""missing_rate"": 0.2, ""test_mae"": 0.0128}, {""missing_rate"": 0.3, ""test_mae"": 0.0146}, {""missing_rate"": 0.4, ""test_mae"": 0.0171}, {""missing_rate"": 0.5, ""test_mae"": 0.0198}, {""missing_rate"": 0.6, ""test_mae"": 0.0234}, {""missing_rate"": 0.7, ""test_mae"": 0.0268}, {""missing_rate"": 0.8, ""test_mae"": 0.0293}, {""missing_rate"": 0.9, ""test_mae"": 0.0333}], ""test_mae_mean"": 0.01985, ""test_mae_max"": 0.0333, ""test_mae_min"": 0.01, ""test_mae"": 0.0333, ""missing_rate"": 0.9}",experiments/logs/seed83_mlp_baseline.log,,,19.929957628250122,"0.0,0.1,0.2,0.3,0.4,0.5,0.6,0.7,0.8,0.9","0.0,0.1,0.2,0.3,0.4,0.5,0.6,0.7,0.8,0.9",20260308_023704,experiments/runs/20260308_023704
seed83_mlp_mim,83,mlp,mim,completed,2026-03-08 02:37:04,,2026-03-08 04:46:49,"{""mr_results"": [{""missing_rate"": 0.0, ""test_mae"": 0.0053}, {""missing_rate"": 0.1, ""test_mae"": 0.0055}, {""missing_rate"": 0.2, ""test_mae"": 0.006}, {""missing_rate"": 0.3, ""test_mae"": 0.0062}, {""missing_rate"": 0.4, ""test_mae"": 0.0066}, {""missing_rate"": 0.5, ""test_mae"": 0.0075}, {""missing_rate"": 0.6, ""test_mae"": 0.0086}, {""missing_rate"": 0.7, ""test_mae"": 0.0108}, {""missing_rate"": 0.8, ""test_mae"": 0.0135}, {""missing_rate"": 0.9, ""test_mae"": 0.0226}], ""test_mae_mean"": 0.009260000000000001, ""test_mae_max"": 0.0226, ""test_mae_min"": 0.0053, ""test_mae"": 0.0226, ""missing_rate"": 0.9}",experiments/logs/seed83_mlp_mim.log,,,77.91941142082214,"0.0,0.1,0.2,0.3,0.4,0.5,0.6,0.7,0.8,0.9","0.0,0.1,0.2,0.3,0.4,0.5,0.6,0.7,0.8,0.9",20260308_023704,experiments/runs/20260308_023704
seed83_lstm_baseline,83,lstm,baseline,completed,2026-03-08 02:37:04,,2026-03-08 04:45:55,"{""mr_results"": [{""missing_rate"": 0.0, ""test_mae"": 0.0063}, {""missing_rate"": 0.1, ""test_mae"": 0.0066}, {""missing_rate"": 0.2, ""test_mae"": 0.0079}, {""missing_rate"": 0.3, ""test_mae"": 0.0096}, {""missing_rate"": 0.4, ""test_mae"": 0.0123}, {""missing_rate"": 0.5, ""test_mae"": 0.0158}, {""missing_rate"": 0.6, ""test_mae"": 0.0213}, {""missing_rate"": 0.7, ""test_mae"": 0.0248}, {""missing_rate"": 0.8, ""test_mae"": 0.0296}, {""missing_rate"": 0.9, ""test_mae"": 0.0367}], ""test_mae_mean"": 0.01709, ""test_mae_max"": 0.0367, ""test_mae_min"": 0.0063, ""test_mae"": 0.0367, ""missing_rate"": 0.9}",experiments/logs/seed83_lstm_baseline.log,,,24.587625741958618,"0.0,0.1,0.2,0.3,0.4,0.5,0.6,0.7,0.8,0.9","0.0,0.1,0.2,0.3,0.4,0.5,0.6,0.7,0.8,0.9",20260308_023704,experiments/runs/20260308_023704
seed83_lstm_mim,83,lstm,mim,completed,2026-03-08 02:37:04,,2026-03-08 04:46:53,"{""mr_results"": [{""missing_rate"": 0.0, ""test_mae"": 0.0066}, {""missing_rate"": 0.1, ""test_mae"": 0.0068}, {""missing_rate"": 0.2, ""test_mae"": 0.007}, {""missing_rate"": 0.3, ""test_mae"": 0.0072}, {""missing_rate"": 0.4, ""test_mae"": 0.0077}, {""missing_rate"": 0.5, ""test_mae"": 0.0082}, {""missing_rate"": 0.6, ""test_mae"": 0.0089}, {""missing_rate"": 0.7, ""test_mae"": 0.0102}, {""missing_rate"": 0.8, ""test_mae"": 0.013}, {""missing_rate"": 0.9, ""test_mae"": 0.0205}], ""test_mae_mean"": 0.00961, ""test_mae_max"": 0.0205, ""test_mae_min"": 0.0066, ""test_mae"": 0.0205, ""missing_rate"": 0.9}",experiments/logs/seed83_lstm_mim.log,,,81.96443176269531,"0.0,0.1,0.2,0.3,0.4,0.5,0.6,0.7,0.8,0.9","0.0,0.1,0.2,0.3,0.4,0.5,0.6,0.7,0.8,0.9",20260308_023704,experiments/runs/20260308_023704
seed83_gru_baseline,83,gru,baseline,completed,2026-03-08 02:37:04,,2026-03-08 04:47:09,"{""mr_results"": [{""missing_rate"": 0.0, ""test_mae"": 0.0058}, {""missing_rate"": 0.1, ""test_mae"": 0.0101}, {""missing_rate"": 0.2, ""test_mae"": 0.0129}, {""missing_rate"": 0.3, ""test_mae"": 0.0148}, {""missing_rate"": 0.4, ""test_mae"": 0.0176}, {""missing_rate"": 0.5, ""test_mae"": 0.0204}, {""missing_rate"": 0.6, ""test_mae"": 0.0233}, {""missing_rate"": 0.7, ""test_mae"": 0.0259}, {""missing_rate"": 0.8, ""test_mae"": 0.0293}, {""missing_rate"": 0.9, ""test_mae"": 0.0341}], ""test_mae_mean"": 0.01942, ""test_mae_max"": 0.0341, ""test_mae_min"": 0.0058, ""test_mae"": 0.0341, ""missing_rate"": 0.9}",experiments/logs/seed83_gru_baseline.log,,,14.458971738815308,"0.0,0.1,0.2,0.3,0.4,0.5,0.6,0.7,0.8,0.9","0.0,0.1,0.2,0.3,0.4,0.5,0.6,0.7,0.8,0.9",20260308_023704,experiments/runs/20260308_023704
seed83_gru_mim,83,gru,mim,completed,2026-03-08 02:37:04,,2026-03-08 04:47:31,"{""mr_results"": [{""missing_rate"": 0.0, ""test_mae"": 0.0052}, {""missing_rate"": 0.1, ""test_mae"": 0.0058}, {""missing_rate"": 0.2, ""test_mae"": 0.0064}, {""missing_rate"": 0.3, ""test_mae"": 0.0069}, {""missing_rate"": 0.4, ""test_mae"": 0.0076}, {""missing_rate"": 0.5, ""test_mae"": 0.0084}, {""missing_rate"": 0.6, ""test_mae"": 0.0093}, {""missing_rate"": 0.7, ""test_mae"": 0.0112}, {""missing_rate"": 0.8, ""test_mae"": 0.0159}, {""missing_rate"": 0.9, ""test_mae"": 0.0256}], ""test_mae_mean"": 0.01023, ""test_mae_max"": 0.0256, ""test_mae_min"": 0.0052, ""test_mae"": 0.0256, ""missing_rate"": 0.9}",experiments/logs/seed83_gru_mim.log,,,35.81777334213257,"0.0,0.1,0.2,0.3,0.4,0.5,0.6,0.7,0.8,0.9","0.0,0.1,0.2,0.3,0.4,0.5,0.6,0.7,0.8,0.9",20260308_023704,experiments/runs/20260308_023704
seed83_cnn1d_baseline,83,cnn1d,baseline,completed,2026-03-08 02:37:04,,2026-03-08 04:47:20,"{""mr_results"": [{""missing_rate"": 0.0, ""test_mae"": 0.0373}, {""missing_rate"": 0.1, ""test_mae"": 0.0549}, {""missing_rate"": 0.2, ""test_mae"": 0.0697}, {""missing_rate"": 0.3, ""test_mae"": 0.0772}, {""missing_rate"": 0.4, ""test_mae"": 0.081}, {""missing_rate"": 0.5, ""test_mae"": 0.0878}, {""missing_rate"": 0.6, ""test_mae"": 0.0971}, {""missing_rate"": 0.7, ""test_mae"": 0.1065}, {""missing_rate"": 0.8, ""test_mae"": 0.1136}, {""missing_rate"": 0.9, ""test_mae"": 0.1353}], ""test_mae_mean"": 0.08604, ""test_mae_max"": 0.1353, ""test_mae_min"": 0.0373, ""test_mae"": 0.1353, ""missing_rate"": 0.9}",experiments/logs/seed83_cnn1d_baseline.log,,,25.028592348098755,"0.0,0.1,0.2,0.3,0.4,0.5,0.6,0.7,0.8,0.9","0.0,0.1,0.2,0.3,0.4,0.5,0.6,0.7,0.8,0.9",20260308_023704,experiments/runs/20260308_023704
seed83_cnn1d_mim,83,cnn1d,mim,completed,2026-03-08 02:37:04,,2026-03-08 04:48:01,"{""mr_results"": [{""missing_rate"": 0.0, ""test_mae"": 0.0088}, {""missing_rate"": 0.1, ""test_mae"": 0.0087}, {""missing_rate"": 0.2, ""test_mae"": 0.0084}, {""missing_rate"": 0.3, ""test_mae"": 0.0082}, {""missing_rate"": 0.4, ""test_mae"": 0.0081}, {""missing_rate"": 0.5, ""test_mae"": 0.0082}, {""missing_rate"": 0.6, ""test_mae"": 0.0087}, {""missing_rate"": 0.7, ""test_mae"": 0.0096}, {""missing_rate"": 0.8, ""test_mae"": 0.0113}, {""missing_rate"": 0.9, ""test_mae"": 0.017}], ""test_mae_mean"": 0.0097, ""test_mae_max"": 0.017, ""test_mae_min"": 0.0081, ""test_mae"": 0.017, ""missing_rate"": 0.9}",experiments/logs/seed83_cnn1d_mim.log,,,66.26734566688538,"0.0,0.1,0.2,0.3,0.4,0.5,0.6,0.7,0.8,0.9","0.0,0.1,0.2,0.3,0.4,0.5,0.6,0.7,0.8,0.9",20260308_023704,experiments/runs/20260308_023704
seed84_mlp_baseline,84,mlp,baseline,completed,2026-03-08 02:37:04,,2026-03-08 04:48:22,"{""mr_results"": [{""missing_rate"": 0.0, ""test_mae"": 0.0106}, {""missing_rate"": 0.1, ""test_mae"": 0.0115}, {""missing_rate"": 0.2, ""test_mae"": 0.013}, {""missing_rate"": 0.3, ""test_mae"": 0.0151}, {""missing_rate"": 0.4, ""test_mae"": 0.0177}, {""missing_rate"": 0.5, ""test_mae"": 0.0206}, {""missing_rate"": 0.6, ""test_mae"": 0.024}, {""missing_rate"": 0.7, ""test_mae"": 0.0271}, {""missing_rate"": 0.8, ""test_mae"": 0.03}, {""missing_rate"": 0.9, ""test_mae"": 0.0333}], ""test_mae_mean"": 0.02029, ""test_mae_max"": 0.0333, ""test_mae_min"": 0.0106, ""test_mae"": 0.0333, ""missing_rate"": 0.9}",experiments/logs/seed84_mlp_baseline.log,,,18.816208600997925,"0.0,0.1,0.2,0.3,0.4,0.5,0.6,0.7,0.8,0.9","0.0,0.1,0.2,0.3,0.4,0.5,0.6,0.7,0.8,0.9",20260308_023704,experiments/runs/20260308_023704
seed84_mlp_mim,84,mlp,mim,completed,2026-03-08 02:37:04,,2026-03-08 04:49:09,"{""mr_results"": [{""missing_rate"": 0.0, ""test_mae"": 0.0069}, {""missing_rate"": 0.1, ""test_mae"": 0.0069}, {""missing_rate"": 0.2, ""test_mae"": 0.0072}, {""missing_rate"": 0.3, ""test_mae"": 0.0072}, {""missing_rate"": 0.4, ""test_mae"": 0.0074}, {""missing_rate"": 0.5, ""test_mae"": 0.0079}, {""missing_rate"": 0.6, ""test_mae"": 0.0086}, {""missing_rate"": 0.7, ""test_mae"": 0.0106}, {""missing_rate"": 0.8, ""test_mae"": 0.0133}, {""missing_rate"": 0.9, ""test_mae"": 0.0214}], ""test_mae_mean"": 0.00974, ""test_mae_max"": 0.0214, ""test_mae_min"": 0.0069, ""test_mae"": 0.0214, ""missing_rate"": 0.9}",experiments/logs/seed84_mlp_mim.log,,,66.06939578056335,"0.0,0.1,0.2,0.3,0.4,0.5,0.6,0.7,0.8,0.9","0.0,0.1,0.2,0.3,0.4,0.5,0.6,0.7,0.8,0.9",20260308_023704,experiments/runs/20260308_023704
seed84_lstm_baseline,84,lstm,baseline,completed,2026-03-08 02:37:04,,2026-03-08 04:49:47,"{""mr_results"": [{""missing_rate"": 0.0, ""test_mae"": 0.0066}, {""missing_rate"": 0.1, ""test_mae"": 0.0075}, {""missing_rate"": 0.2, ""test_mae"": 0.0086}, {""missing_rate"": 0.3, ""test_mae"": 0.0099}, {""missing_rate"": 0.4, ""test_mae"": 0.0122}, {""missing_rate"": 0.5, ""test_mae"": 0.0156}, {""missing_rate"": 0.6, ""test_mae"": 0.0212}, {""missing_rate"": 0.7, ""test_mae"": 0.029}, {""missing_rate"": 0.8, ""test_mae"": 0.0366}, {""missing_rate"": 0.9, ""test_mae"": 0.0471}], ""test_mae_mean"": 0.01943, ""test_mae_max"": 0.0471, ""test_mae_min"": 0.0066, ""test_mae"": 0.0471, ""missing_rate"": 0.9}",experiments/logs/seed84_lstm_baseline.log,Process exited with code 1,,21.150628566741943,"0.0,0.1,0.2,0.3,0.4,0.5,0.6,0.7,0.8,0.9","0.0,0.1,0.2,0.3,0.4,0.5,0.6,0.7,0.8,0.9",20260308_023704,experiments/runs/20260308_023704
seed84_lstm_mim,84,lstm,mim,completed,2026-03-08 02:37:04,,2026-03-08 04:50:42,"{""mr_results"": [{""missing_rate"": 0.0, ""test_mae"": 0.0059}, {""missing_rate"": 0.1, ""test_mae"": 0.0059}, {""missing_rate"": 0.2, ""test_mae"": 0.006}, {""missing_rate"": 0.3, ""test_mae"": 0.0061}, {""missing_rate"": 0.4, ""test_mae"": 0.0064}, {""missing_rate"": 0.5, ""test_mae"": 0.007}, {""missing_rate"": 0.6, ""test_mae"": 0.0076}, {""missing_rate"": 0.7, ""test_mae"": 0.0091}, {""missing_rate"": 0.8, ""test_mae"": 0.0121}, {""missing_rate"": 0.9, ""test_mae"": 0.0205}], ""test_mae_mean"": 0.00866, ""test_mae_max"": 0.0205, ""test_mae_min"": 0.0059, ""test_mae"": 0.0205, ""missing_rate"": 0.9}",experiments/logs/seed84_lstm_mim.log,Process exited with code 1,,76.52165746688843,"0.0,0.1,0.2,0.3,0.4,0.5,0.6,0.7,0.8,0.9","0.0,0.1,0.2,0.3,0.4,0.5,0.6,0.7,0.8,0.9",20260308_023704,experiments/runs/20260308_023704
seed84_gru_baseline,84,gru,baseline,completed,2026-03-08 02:37:04,,2026-03-08 04:51:48,"{""mr_results"": [{""missing_rate"": 0.0, ""test_mae"": 0.0066}, {""missing_rate"": 0.1, ""test_mae"": 0.0072}, {""missing_rate"": 0.2, ""test_mae"": 0.0086}, {""missing_rate"": 0.3, ""test_mae"": 0.0107}, {""missing_rate"": 0.4, ""test_mae"": 0.0134}, {""missing_rate"": 0.5, ""test_mae"": 0.0164}, {""missing_rate"": 0.6, ""test_mae"": 0.0203}, {""missing_rate"": 0.7, ""test_mae"": 0.0243}, {""missing_rate"": 0.8, ""test_mae"": 0.029}, {""missing_rate"": 0.9, ""test_mae"": 0.0336}], ""test_mae_mean"": 0.01701, ""test_mae_max"": 0.0336, ""test_mae_min"": 0.0066, ""test_mae"": 0.0336, ""missing_rate"": 0.9}",experiments/logs/seed84_gru_baseline.log,Process exited with code 1,,16.42435622215271,"0.0,0.1,0.2,0.3,0.4,0.5,0.6,0.7,0.8,0.9","0.0,0.1,0.2,0.3,0.4,0.5,0.6,0.7,0.8,0.9",20260308_023704,experiments/runs/20260308_023704
seed84_gru_mim,84,gru,mim,completed,2026-03-08 02:37:04,,2026-03-08 04:51:25,"{""mr_results"": [{""missing_rate"": 0.0, ""test_mae"": 0.0044}, {""missing_rate"": 0.1, ""test_mae"": 0.0049}, {""missing_rate"": 0.2, ""test_mae"": 0.0053}, {""missing_rate"": 0.3, ""test_mae"": 0.0058}, {""missing_rate"": 0.4, ""test_mae"": 0.0063}, {""missing_rate"": 0.5, ""test_mae"": 0.007}, {""missing_rate"": 0.6, ""test_mae"": 0.0078}, {""missing_rate"": 0.7, ""test_mae"": 0.0099}, {""missing_rate"": 0.8, ""test_mae"": 0.0146}, {""missing_rate"": 0.9, ""test_mae"": 0.0244}], ""test_mae_mean"": 0.009040000000000001, ""test_mae_max"": 0.0244, ""test_mae_min"": 0.0044, ""test_mae"": 0.0244, ""missing_rate"": 0.9}",experiments/logs/seed84_gru_mim.log,Process exited with code 1,,29.395057916641235,"0.0,0.1,0.2,0.3,0.4,0.5,0.6,0.7,0.8,0.9","0.0,0.1,0.2,0.3,0.4,0.5,0.6,0.7,0.8,0.9",20260308_023704,experiments/runs/20260308_023704
seed84_cnn1d_baseline,84,cnn1d,baseline,completed,2026-03-08 02:37:04,,2026-03-08 04:51:14,"{""mr_results"": [{""missing_rate"": 0.0, ""test_mae"": 0.0345}, {""missing_rate"": 0.1, ""test_mae"": 0.0595}, {""missing_rate"": 0.2, ""test_mae"": 0.0742}, {""missing_rate"": 0.3, ""test_mae"": 0.0812}, {""missing_rate"": 0.4, ""test_mae"": 0.0831}, {""missing_rate"": 0.5, ""test_mae"": 0.0876}, {""missing_rate"": 0.6, ""test_mae"": 0.0962}, {""missing_rate"": 0.7, ""test_mae"": 0.103}, {""missing_rate"": 0.8, ""test_mae"": 0.1137}, {""missing_rate"": 0.9, ""test_mae"": 0.1342}], ""test_mae_mean"": 0.08671999999999999, ""test_mae_max"": 0.1342, ""test_mae_min"": 0.0345, ""test_mae"": 0.1342, ""missing_rate"": 0.9}",experiments/logs/seed84_cnn1d_baseline.log,Process exited with code 1,,18.216123342514038,"0.0,0.1,0.2,0.3,0.4,0.5,0.6,0.7,0.8,0.9","0.0,0.1,0.2,0.3,0.4,0.5,0.6,0.7,0.8,0.9",20260308_023704,experiments/runs/20260308_023704
seed84_cnn1d_mim,84,cnn1d,mim,completed,2026-03-08 02:37:04,,2026-03-08 04:52:18,"{""mr_results"": [{""missing_rate"": 0.0, ""test_mae"": 0.007}, {""missing_rate"": 0.1, ""test_mae"": 0.0066}, {""missing_rate"": 0.2, ""test_mae"": 0.0064}, {""missing_rate"": 0.3, ""test_mae"": 0.0062}, {""missing_rate"": 0.4, ""test_mae"": 0.0065}, {""missing_rate"": 0.5, ""test_mae"": 0.0066}, {""missing_rate"": 0.6, ""test_mae"": 0.0073}, {""missing_rate"": 0.7, ""test_mae"": 0.0084}, {""missing_rate"": 0.8, ""test_mae"": 0.0106}, {""missing_rate"": 0.9, ""test_mae"": 0.0162}], ""test_mae_mean"": 0.00818, ""test_mae_max"": 0.0162, ""test_mae_min"": 0.0062, ""test_mae"": 0.0162, ""missing_rate"": 0.9}",experiments/logs/seed84_cnn1d_mim.log,Process exited with code 1,,46.302550077438354,"0.0,0.1,0.2,0.3,0.4,0.5,0.6,0.7,0.8,0.9","0.0,0.1,0.2,0.3,0.4,0.5,0.6,0.7,0.8,0.9",20260308_023704,experiments/runs/20260308_023704
seed85_mlp_baseline,85,mlp,baseline,completed,2026-03-08 02:37:04,,2026-03-08 04:52:38,"{""mr_results"": [{""missing_rate"": 0.0, ""test_mae"": 0.013}, {""missing_rate"": 0.1, ""test_mae"": 0.0141}, {""missing_rate"": 0.2, ""test_mae"": 0.0157}, {""missing_rate"": 0.3, ""test_mae"": 0.018}, {""missing_rate"": 0.4, ""test_mae"": 0.0211}, {""missing_rate"": 0.5, ""test_mae"": 0.0238}, {""missing_rate"": 0.6, ""test_mae"": 0.0273}, {""missing_rate"": 0.7, ""test_mae"": 0.0307}, {""missing_rate"": 0.8, ""test_mae"": 0.033}, {""missing_rate"": 0.9, ""test_mae"": 0.0362}], ""test_mae_mean"": 0.023289999999999998, ""test_mae_max"": 0.0362, ""test_mae_min"": 0.013, ""test_mae"": 0.0362, ""missing_rate"": 0.9}",experiments/logs/seed85_mlp_baseline.log,,,18.118425846099854,"0.0,0.1,0.2,0.3,0.4,0.5,0.6,0.7,0.8,0.9","0.0,0.1,0.2,0.3,0.4,0.5,0.6,0.7,0.8,0.9",20260308_023704,experiments/runs/20260308_023704
seed85_mlp_mim,85,mlp,mim,completed,2026-03-08 02:37:04,,2026-03-08 04:53:16,"{""mr_results"": [{""missing_rate"": 0.0, ""test_mae"": 0.0062}, {""missing_rate"": 0.1, ""test_mae"": 0.0065}, {""missing_rate"": 0.2, ""test_mae"": 0.0069}, {""missing_rate"": 0.3, ""test_mae"": 0.0073}, {""missing_rate"": 0.4, ""test_mae"": 0.0079}, {""missing_rate"": 0.5, ""test_mae"": 0.0087}, {""missing_rate"": 0.6, ""test_mae"": 0.0097}, {""missing_rate"": 0.7, ""test_mae"": 0.0113}, {""missing_rate"": 0.8, ""test_mae"": 0.0138}, {""missing_rate"": 0.9, ""test_mae"": 0.0234}], ""test_mae_mean"": 0.01017, ""test_mae_max"": 0.0234, ""test_mae_min"": 0.0062, ""test_mae"": 0.0234, ""missing_rate"": 0.9}",experiments/logs/seed85_mlp_mim.log,,,56.08329439163208,"0.0,0.1,0.2,0.3,0.4,0.5,0.6,0.7,0.8,0.9","0.0,0.1,0.2,0.3,0.4,0.5,0.6,0.7,0.8,0.9",20260308_023704,experiments/runs/20260308_023704
seed85_lstm_baseline,85,lstm,baseline,completed,2026-03-08 02:37:04,,2026-03-08 04:52:38,"{""mr_results"": [{""missing_rate"": 0.0, ""test_mae"": 0.006}, {""missing_rate"": 0.1, ""test_mae"": 0.0059}, {""missing_rate"": 0.2, ""test_mae"": 0.0071}, {""missing_rate"": 0.3, ""test_mae"": 0.0088}, {""missing_rate"": 0.4, ""test_mae"": 0.0114}, {""missing_rate"": 0.5, ""test_mae"": 0.0146}, {""missing_rate"": 0.6, ""test_mae"": 0.019}, {""missing_rate"": 0.7, ""test_mae"": 0.0244}, {""missing_rate"": 0.8, ""test_mae"": 0.0302}, {""missing_rate"": 0.9, ""test_mae"": 0.0365}], ""test_mae_mean"": 0.01639, ""test_mae_max"": 0.0365, ""test_mae_min"": 0.0059, ""test_mae"": 0.0365, ""missing_rate"": 0.9}",experiments/logs/seed85_lstm_baseline.log,,,18.491885662078857,"0.0,0.1,0.2,0.3,0.4,0.5,0.6,0.7,0.8,0.9","0.0,0.1,0.2,0.3,0.4,0.5,0.6,0.7,0.8,0.9",20260308_023704,experiments/runs/20260308_023704
seed85_lstm_mim,85,lstm,mim,completed,2026-03-08 02:37:04,,2026-03-08 04:53:42,"{""mr_results"": [{""missing_rate"": 0.0, ""test_mae"": 0.0072}, {""missing_rate"": 0.1, ""test_mae"": 0.0074}, {""missing_rate"": 0.2, ""test_mae"": 0.0075}, {""missing_rate"": 0.3, ""test_mae"": 0.0077}, {""missing_rate"": 0.4, ""test_mae"": 0.0081}, {""missing_rate"": 0.5, ""test_mae"": 0.0086}, {""missing_rate"": 0.6, ""test_mae"": 0.0092}, {""missing_rate"": 0.7, ""test_mae"": 0.0106}, {""missing_rate"": 0.8, ""test_mae"": 0.0138}, {""missing_rate"": 0.9, ""test_mae"": 0.0215}], ""test_mae_mean"": 0.010159999999999999, ""test_mae_max"": 0.0215, ""test_mae_min"": 0.0072, ""test_mae"": 0.0215, ""missing_rate"": 0.9}",experiments/logs/seed85_lstm_mim.log,,,82.14606547355652,"0.0,0.1,0.2,0.3,0.4,0.5,0.6,0.7,0.8,0.9","0.0,0.1,0.2,0.3,0.4,0.5,0.6,0.7,0.8,0.9",20260308_023704,experiments/runs/20260308_023704
seed85_gru_baseline,85,gru,baseline,completed,2026-03-08 02:37:04,,2026-03-08 04:54:43,"{""mr_results"": [{""missing_rate"": 0.0, ""test_mae"": 0.008}, {""missing_rate"": 0.1, ""test_mae"": 0.0096}, {""missing_rate"": 0.2, ""test_mae"": 0.0111}, {""missing_rate"": 0.3, ""test_mae"": 0.0134}, {""missing_rate"": 0.4, ""test_mae"": 0.0162}, {""missing_rate"": 0.5, ""test_mae"": 0.0193}, {""missing_rate"": 0.6, ""test_mae"": 0.0227}, {""missing_rate"": 0.7, ""test_mae"": 0.0264}, {""missing_rate"": 0.8, ""test_mae"": 0.0301}, {""missing_rate"": 0.9, ""test_mae"": 0.0338}], ""test_mae_mean"": 0.01906, ""test_mae_max"": 0.0338, ""test_mae_min"": 0.008, ""test_mae"": 0.0338, ""missing_rate"": 0.9}",experiments/logs/seed85_gru_baseline.log,Process exited with code 1,,11.77789831161499,"0.0,0.1,0.2,0.3,0.4,0.5,0.6,0.7,0.8,0.9","0.0,0.1,0.2,0.3,0.4,0.5,0.6,0.7,0.8,0.9",20260308_023704,experiments/runs/20260308_023704
seed85_gru_mim,85,gru,mim,completed,2026-03-08 02:37:04,,2026-03-08 04:54:26,"{""mr_results"": [{""missing_rate"": 0.0, ""test_mae"": 0.0052}, {""missing_rate"": 0.1, ""test_mae"": 0.0053}, {""missing_rate"": 0.2, ""test_mae"": 0.0054}, {""missing_rate"": 0.3, ""test_mae"": 0.0058}, {""missing_rate"": 0.4, ""test_mae"": 0.0061}, {""missing_rate"": 0.5, ""test_mae"": 0.0062}, {""missing_rate"": 0.6, ""test_mae"": 0.0068}, {""missing_rate"": 0.7, ""test_mae"": 0.0079}, {""missing_rate"": 0.8, ""test_mae"": 0.0111}, {""missing_rate"": 0.9, ""test_mae"": 0.0199}], ""test_mae_mean"": 0.007970000000000001, ""test_mae_max"": 0.0199, ""test_mae_min"": 0.0052, ""test_mae"": 0.0199, ""missing_rate"": 0.9}",experiments/logs/seed85_gru_mim.log,,,41.58858108520508,"0.0,0.1,0.2,0.3,0.4,0.5,0.6,0.7,0.8,0.9","0.0,0.1,0.2,0.3,0.4,0.5,0.6,0.7,0.8,0.9",20260308_023704,experiments/runs/20260308_023704
seed85_cnn1d_baseline,85,cnn1d,baseline,completed,2026-03-08 02:37:04,,2026-03-08 04:54:06,"{""mr_results"": [{""missing_rate"": 0.0, ""test_mae"": 0.0194}, {""missing_rate"": 0.1, ""test_mae"": 0.0354}, {""missing_rate"": 0.2, ""test_mae"": 0.0457}, {""missing_rate"": 0.3, ""test_mae"": 0.0522}, {""missing_rate"": 0.4, ""test_mae"": 0.0562}, {""missing_rate"": 0.5, ""test_mae"": 0.0626}, {""missing_rate"": 0.6, ""test_mae"": 0.0685}, {""missing_rate"": 0.7, ""test_mae"": 0.074}, {""missing_rate"": 0.8, ""test_mae"": 0.0807}, {""missing_rate"": 0.9, ""test_mae"": 0.0938}], ""test_mae_mean"": 0.05885, ""test_mae_max"": 0.0938, ""test_mae_min"": 0.0194, ""test_mae"": 0.0938, ""missing_rate"": 0.9}",experiments/logs/seed85_cnn1d_baseline.log,,,22.36852192878723,"0.0,0.1,0.2,0.3,0.4,0.5,0.6,0.7,0.8,0.9","0.0,0.1,0.2,0.3,0.4,0.5,0.6,0.7,0.8,0.9",20260308_023704,experiments/runs/20260308_023704
seed85_cnn1d_mim,85,cnn1d,mim,completed,2026-03-08 02:37:04,,2026-03-08 04:55:29,"{""mr_results"": [{""missing_rate"": 0.0, ""test_mae"": 0.007}, {""missing_rate"": 0.1, ""test_mae"": 0.0066}, {""missing_rate"": 0.2, ""test_mae"": 0.0064}, {""missing_rate"": 0.3, ""test_mae"": 0.0064}, {""missing_rate"": 0.4, ""test_mae"": 0.0064}, {""missing_rate"": 0.5, ""test_mae"": 0.0067}, {""missing_rate"": 0.6, ""test_mae"": 0.0073}, {""missing_rate"": 0.7, ""test_mae"": 0.0082}, {""missing_rate"": 0.8, ""test_mae"": 0.01}, {""missing_rate"": 0.9, ""test_mae"": 0.0154}], ""test_mae_mean"": 0.00804, ""test_mae_max"": 0.0154, ""test_mae_min"": 0.0064, ""test_mae"": 0.0154, ""missing_rate"": 0.9}",experiments/logs/seed85_cnn1d_mim.log,Process exited with code 1,,57.20770025253296,"0.0,0.1,0.2,0.3,0.4,0.5,0.6,0.7,0.8,0.9","0.0,0.1,0.2,0.3,0.4,0.5,0.6,0.7,0.8,0.9",20260308_023704,experiments/runs/20260308_023704
seed86_mlp_baseline,86,mlp,baseline,completed,2026-03-08 02:37:04,,2026-03-08 04:55:46,"{""mr_results"": [{""missing_rate"": 0.0, ""test_mae"": 0.0123}, {""missing_rate"": 0.1, ""test_mae"": 0.0136}, {""missing_rate"": 0.2, ""test_mae"": 0.0149}, {""missing_rate"": 0.3, ""test_mae"": 0.0172}, {""missing_rate"": 0.4, ""test_mae"": 0.0199}, {""missing_rate"": 0.5, ""test_mae"": 0.0225}, {""missing_rate"": 0.6, ""test_mae"": 0.0256}, {""missing_rate"": 0.7, ""test_mae"": 0.0286}, {""missing_rate"": 0.8, ""test_mae"": 0.0312}, {""missing_rate"": 0.9, ""test_mae"": 0.0353}], ""test_mae_mean"": 0.022109999999999998, ""test_mae_max"": 0.0353, ""test_mae_min"": 0.0123, ""test_mae"": 0.0353, ""missing_rate"": 0.9}",experiments/logs/seed86_mlp_baseline.log,,,15.24852180480957,"0.0,0.1,0.2,0.3,0.4,0.5,0.6,0.7,0.8,0.9","0.0,0.1,0.2,0.3,0.4,0.5,0.6,0.7,0.8,0.9",20260308_023704,experiments/runs/20260308_023704
seed86_mlp_mim,86,mlp,mim,completed,2026-03-08 02:37:04,,2026-03-08 04:56:27,"{""mr_results"": [{""missing_rate"": 0.0, ""test_mae"": 0.0066}, {""missing_rate"": 0.1, ""test_mae"": 0.0067}, {""missing_rate"": 0.2, ""test_mae"": 0.007}, {""missing_rate"": 0.3, ""test_mae"": 0.0072}, {""missing_rate"": 0.4, ""test_mae"": 0.0075}, {""missing_rate"": 0.5, ""test_mae"": 0.0081}, {""missing_rate"": 0.6, ""test_mae"": 0.0091}, {""missing_rate"": 0.7, ""test_mae"": 0.0109}, {""missing_rate"": 0.8, ""test_mae"": 0.0139}, {""missing_rate"": 0.9, ""test_mae"": 0.0223}], ""test_mae_mean"": 0.00993, ""test_mae_max"": 0.0223, ""test_mae_min"": 0.0066, ""test_mae"": 0.0223, ""missing_rate"": 0.9}",experiments/logs/seed86_mlp_mim.log,,,55.957751750946045,"0.0,0.1,0.2,0.3,0.4,0.5,0.6,0.7,0.8,0.9","0.0,0.1,0.2,0.3,0.4,0.5,0.6,0.7,0.8,0.9",20260308_023704,experiments/runs/20260308_023704
seed86_lstm_baseline,86,lstm,baseline,completed,2026-03-08 02:37:04,,2026-03-08 04:55:52,"{""mr_results"": [{""missing_rate"": 0.0, ""test_mae"": 0.0058}, {""missing_rate"": 0.1, ""test_mae"": 0.0066}, {""missing_rate"": 0.2, ""test_mae"": 0.0077}, {""missing_rate"": 0.3, ""test_mae"": 0.0089}, {""missing_rate"": 0.4, ""test_mae"": 0.0112}, {""missing_rate"": 0.5, ""test_mae"": 0.0147}, {""missing_rate"": 0.6, ""test_mae"": 0.0198}, {""missing_rate"": 0.7, ""test_mae"": 0.0254}, {""missing_rate"": 0.8, ""test_mae"": 0.0322}, {""missing_rate"": 0.9, ""test_mae"": 0.0427}], ""test_mae_mean"": 0.017499999999999998, ""test_mae_max"": 0.0427, ""test_mae_min"": 0.0058, ""test_mae"": 0.0427, ""missing_rate"": 0.9}",experiments/logs/seed86_lstm_baseline.log,,,21.3117253780365,"0.0,0.1,0.2,0.3,0.4,0.5,0.6,0.7,0.8,0.9","0.0,0.1,0.2,0.3,0.4,0.5,0.6,0.7,0.8,0.9",20260308_023704,experiments/runs/20260308_023704
seed86_lstm_mim,86,lstm,mim,completed,2026-03-08 02:37:04,,2026-03-08 04:56:42,"{""mr_results"": [{""missing_rate"": 0.0, ""test_mae"": 0.0063}, {""missing_rate"": 0.1, ""test_mae"": 0.0061}, {""missing_rate"": 0.2, ""test_mae"": 0.0063}, {""missing_rate"": 0.3, ""test_mae"": 0.0064}, {""missing_rate"": 0.4, ""test_mae"": 0.0067}, {""missing_rate"": 0.5, ""test_mae"": 0.0072}, {""missing_rate"": 0.6, ""test_mae"": 0.0077}, {""missing_rate"": 0.7, ""test_mae"": 0.0088}, {""missing_rate"": 0.8, ""test_mae"": 0.0116}, {""missing_rate"": 0.9, ""test_mae"": 0.0205}], ""test_mae_mean"": 0.00876, ""test_mae_max"": 0.0205, ""test_mae_min"": 0.0061, ""test_mae"": 0.0205, ""missing_rate"": 0.9}",experiments/logs/seed86_lstm_mim.log,,,71.49686741828918,"0.0,0.1,0.2,0.3,0.4,0.5,0.6,0.7,0.8,0.9","0.0,0.1,0.2,0.3,0.4,0.5,0.6,0.7,0.8,0.9",20260308_023704,experiments/runs/20260308_023704
seed86_gru_baseline,86,gru,baseline,completed,2026-03-08 02:37:04,,2026-03-08 04:57:46,"{""mr_results"": [{""missing_rate"": 0.0, ""test_mae"": 0.0062}, {""missing_rate"": 0.1, ""test_mae"": 0.0075}, {""missing_rate"": 0.2, ""test_mae"": 0.0095}, {""missing_rate"": 0.3, ""test_mae"": 0.0121}, {""missing_rate"": 0.4, ""test_mae"": 0.0153}, {""missing_rate"": 0.5, ""test_mae"": 0.0187}, {""missing_rate"": 0.6, ""test_mae"": 0.0224}, {""missing_rate"": 0.7, ""test_mae"": 0.0261}, {""missing_rate"": 0.8, ""test_mae"": 0.0301}, {""missing_rate"": 0.9, ""test_mae"": 0.0338}], ""test_mae_mean"": 0.01817, ""test_mae_max"": 0.0338, ""test_mae_min"": 0.0062, ""test_mae"": 0.0338, ""missing_rate"": 0.9}",experiments/logs/seed86_gru_baseline.log,Process exited with code 1,,17.1848247051239,"0.0,0.1,0.2,0.3,0.4,0.5,0.6,0.7,0.8,0.9","0.0,0.1,0.2,0.3,0.4,0.5,0.6,0.7,0.8,0.9",20260308_023704,experiments/runs/20260308_023704
seed86_gru_mim,86,gru,mim,completed,2026-03-08 02:37:04,,2026-03-08 04:57:23,"{""mr_results"": [{""missing_rate"": 0.0, ""test_mae"": 0.0063}, {""missing_rate"": 0.1, ""test_mae"": 0.0063}, {""missing_rate"": 0.2, ""test_mae"": 0.0064}, {""missing_rate"": 0.3, ""test_mae"": 0.0065}, {""missing_rate"": 0.4, ""test_mae"": 0.0067}, {""missing_rate"": 0.5, ""test_mae"": 0.0068}, {""missing_rate"": 0.6, ""test_mae"": 0.0072}, {""missing_rate"": 0.7, ""test_mae"": 0.0084}, {""missing_rate"": 0.8, ""test_mae"": 0.0115}, {""missing_rate"": 0.9, ""test_mae"": 0.0199}], ""test_mae_mean"": 0.0086, ""test_mae_max"": 0.0199, ""test_mae_min"": 0.0063, ""test_mae"": 0.0199, ""missing_rate"": 0.9}",experiments/logs/seed86_gru_mim.log,,,38.22036695480347,"0.0,0.1,0.2,0.3,0.4,0.5,0.6,0.7,0.8,0.9","0.0,0.1,0.2,0.3,0.4,0.5,0.6,0.7,0.8,0.9",20260308_023704,experiments/runs/20260308_023704
seed86_cnn1d_baseline,86,cnn1d,baseline,completed,2026-03-08 02:37:04,,2026-03-08 04:57:06,"{""mr_results"": [{""missing_rate"": 0.0, ""test_mae"": 0.0219}, {""missing_rate"": 0.1, ""test_mae"": 0.033}, {""missing_rate"": 0.2, ""test_mae"": 0.0434}, {""missing_rate"": 0.3, ""test_mae"": 0.0494}, {""missing_rate"": 0.4, ""test_mae"": 0.0523}, {""missing_rate"": 0.5, ""test_mae"": 0.0554}, {""missing_rate"": 0.6, ""test_mae"": 0.0603}, {""missing_rate"": 0.7, ""test_mae"": 0.0649}, {""missing_rate"": 0.8, ""test_mae"": 0.0702}, {""missing_rate"": 0.9, ""test_mae"": 0.0826}], ""test_mae_mean"": 0.05334, ""test_mae_max"": 0.0826, ""test_mae_min"": 0.0219, ""test_mae"": 0.0826, ""missing_rate"": 0.9}",experiments/logs/seed86_cnn1d_baseline.log,,,21.17764139175415,"0.0,0.1,0.2,0.3,0.4,0.5,0.6,0.7,0.8,0.9","0.0,0.1,0.2,0.3,0.4,0.5,0.6,0.7,0.8,0.9",20260308_023704,experiments/runs/20260308_023704
seed86_cnn1d_mim,86,cnn1d,mim,completed,2026-03-08 02:37:04,,2026-03-08 04:58:43,"{""mr_results"": [{""missing_rate"": 0.0, ""test_mae"": 0.0062}, {""missing_rate"": 0.1, ""test_mae"": 0.0063}, {""missing_rate"": 0.2, ""test_mae"": 0.0064}, {""missing_rate"": 0.3, ""test_mae"": 0.0066}, {""missing_rate"": 0.4, ""test_mae"": 0.0066}, {""missing_rate"": 0.5, ""test_mae"": 0.0069}, {""missing_rate"": 0.6, ""test_mae"": 0.0075}, {""missing_rate"": 0.7, ""test_mae"": 0.0085}, {""missing_rate"": 0.8, ""test_mae"": 0.0107}, {""missing_rate"": 0.9, ""test_mae"": 0.0174}], ""test_mae_mean"": 0.00831, ""test_mae_max"": 0.0174, ""test_mae_min"": 0.0062, ""test_mae"": 0.0174, ""missing_rate"": 0.9}",experiments/logs/seed86_cnn1d_mim.log,Process exited with code 1,,74.25790596008301,"0.0,0.1,0.2,0.3,0.4,0.5,0.6,0.7,0.8,0.9","0.0,0.1,0.2,0.3,0.4,0.5,0.6,0.7,0.8,0.9",20260308_023704,experiments/runs/20260308_023704
seed87_mlp_baseline,87,mlp,baseline,completed,2026-03-08 02:37:04,,2026-03-08 04:59:02,"{""mr_results"": [{""missing_rate"": 0.0, ""test_mae"": 0.0191}, {""missing_rate"": 0.1, ""test_mae"": 0.0194}, {""missing_rate"": 0.2, ""test_mae"": 0.0202}, {""missing_rate"": 0.3, ""test_mae"": 0.0217}, {""missing_rate"": 0.4, ""test_mae"": 0.0243}, {""missing_rate"": 0.5, ""test_mae"": 0.0271}, {""missing_rate"": 0.6, ""test_mae"": 0.0308}, {""missing_rate"": 0.7, ""test_mae"": 0.034}, {""missing_rate"": 0.8, ""test_mae"": 0.0367}, {""missing_rate"": 0.9, ""test_mae"": 0.0399}], ""test_mae_mean"": 0.02732, ""test_mae_max"": 0.0399, ""test_mae_min"": 0.0191, ""test_mae"": 0.0399, ""missing_rate"": 0.9}",experiments/logs/seed87_mlp_baseline.log,,,17.01968765258789,"0.0,0.1,0.2,0.3,0.4,0.5,0.6,0.7,0.8,0.9","0.0,0.1,0.2,0.3,0.4,0.5,0.6,0.7,0.8,0.9",20260308_023704,experiments/runs/20260308_023704
seed87_mlp_mim,87,mlp,mim,completed,2026-03-08 02:37:04,,2026-03-08 05:00:47,"{""mr_results"": [{""missing_rate"": 0.0, ""test_mae"": 0.0064}, {""missing_rate"": 0.1, ""test_mae"": 0.0068}, {""missing_rate"": 0.2, ""test_mae"": 0.007}, {""missing_rate"": 0.3, ""test_mae"": 0.0071}, {""missing_rate"": 0.4, ""test_mae"": 0.0076}, {""missing_rate"": 0.5, ""test_mae"": 0.0083}, {""missing_rate"": 0.6, ""test_mae"": 0.009}, {""missing_rate"": 0.7, ""test_mae"": 0.0105}, {""missing_rate"": 0.8, ""test_mae"": 0.0133}, {""missing_rate"": 0.9, ""test_mae"": 0.0219}], ""test_mae_mean"": 0.00979, ""test_mae_max"": 0.0219, ""test_mae_min"": 0.0064, ""test_mae"": 0.0219, ""missing_rate"": 0.9}",experiments/logs/seed87_mlp_mim.log,Process exited with code 1,,50.80206370353699,"0.0,0.1,0.2,0.3,0.4,0.5,0.6,0.7,0.8,0.9","0.0,0.1,0.2,0.3,0.4,0.5,0.6,0.7,0.8,0.9",20260308_023704,experiments/runs/20260308_023704
seed87_lstm_baseline,87,lstm,baseline,completed,2026-03-08 02:37:04,,2026-03-08 04:59:03,"{""mr_results"": [{""missing_rate"": 0.0, ""test_mae"": 0.0065}, {""missing_rate"": 0.1, ""test_mae"": 0.0067}, {""missing_rate"": 0.2, ""test_mae"": 0.0079}, {""missing_rate"": 0.3, ""test_mae"": 0.0099}, {""missing_rate"": 0.4, ""test_mae"": 0.0126}, {""missing_rate"": 0.5, ""test_mae"": 0.017}, {""missing_rate"": 0.6, ""test_mae"": 0.0227}, {""missing_rate"": 0.7, ""test_mae"": 0.0281}, {""missing_rate"": 0.8, ""test_mae"": 0.0333}, {""missing_rate"": 0.9, ""test_mae"": 0.0408}], ""test_mae_mean"": 0.01855, ""test_mae_max"": 0.0408, ""test_mae_min"": 0.0065, ""test_mae"": 0.0408, ""missing_rate"": 0.9}",experiments/logs/seed87_lstm_baseline.log,,,18.373387813568115,"0.0,0.1,0.2,0.3,0.4,0.5,0.6,0.7,0.8,0.9","0.0,0.1,0.2,0.3,0.4,0.5,0.6,0.7,0.8,0.9",20260308_023704,experiments/runs/20260308_023704
seed87_lstm_mim,87,lstm,mim,completed,2026-03-08 02:37:04,,2026-03-08 05:00:58,"{""mr_results"": [{""missing_rate"": 0.0, ""test_mae"": 0.0056}, {""missing_rate"": 0.1, ""test_mae"": 0.0055}, {""missing_rate"": 0.2, ""test_mae"": 0.0056}, {""missing_rate"": 0.3, ""test_mae"": 0.0058}, {""missing_rate"": 0.4, ""test_mae"": 0.0062}, {""missing_rate"": 0.5, ""test_mae"": 0.0068}, {""missing_rate"": 0.6, ""test_mae"": 0.0076}, {""missing_rate"": 0.7, ""test_mae"": 0.0091}, {""missing_rate"": 0.8, ""test_mae"": 0.0128}, {""missing_rate"": 0.9, ""test_mae"": 0.0225}], ""test_mae_mean"": 0.008749999999999999, ""test_mae_max"": 0.0225, ""test_mae_min"": 0.0055, ""test_mae"": 0.0225, ""missing_rate"": 0.9}",experiments/logs/seed87_lstm_mim.log,Process exited with code 1,,61.53679537773132,"0.0,0.1,0.2,0.3,0.4,0.5,0.6,0.7,0.8,0.9","0.0,0.1,0.2,0.3,0.4,0.5,0.6,0.7,0.8,0.9",20260308_023704,experiments/runs/20260308_023704
seed87_gru_baseline,87,gru,baseline,completed,2026-03-08 02:37:04,,2026-03-08 05:01:15,"{""mr_results"": [{""missing_rate"": 0.0, ""test_mae"": 0.0085}, {""missing_rate"": 0.1, ""test_mae"": 0.0117}, {""missing_rate"": 0.2, ""test_mae"": 0.0145}, {""missing_rate"": 0.3, ""test_mae"": 0.0172}, {""missing_rate"": 0.4, ""test_mae"": 0.02}, {""missing_rate"": 0.5, ""test_mae"": 0.0224}, {""missing_rate"": 0.6, ""test_mae"": 0.0259}, {""missing_rate"": 0.7, ""test_mae"": 0.0281}, {""missing_rate"": 0.8, ""test_mae"": 0.0315}, {""missing_rate"": 0.9, ""test_mae"": 0.0359}], ""test_mae_mean"": 0.02157, ""test_mae_max"": 0.0359, ""test_mae_min"": 0.0085, ""test_mae"": 0.0359, ""missing_rate"": 0.9}",experiments/logs/seed87_gru_baseline.log,,,14.83941102027893,"0.0,0.1,0.2,0.3,0.4,0.5,0.6,0.7,0.8,0.9","0.0,0.1,0.2,0.3,0.4,0.5,0.6,0.7,0.8,0.9",20260308_023704,experiments/runs/20260308_023704
seed87_gru_mim,87,gru,mim,completed,2026-03-08 02:37:04,,2026-03-08 05:01:41,"{""mr_results"": [{""missing_rate"": 0.0, ""test_mae"": 0.011}, {""missing_rate"": 0.1, ""test_mae"": 0.011}, {""missing_rate"": 0.2, ""test_mae"": 0.0109}, {""missing_rate"": 0.3, ""test_mae"": 0.0107}, {""missing_rate"": 0.4, ""test_mae"": 0.0105}, {""missing_rate"": 0.5, ""test_mae"": 0.0102}, {""missing_rate"": 0.6, ""test_mae"": 0.0098}, {""missing_rate"": 0.7, ""test_mae"": 0.0099}, {""missing_rate"": 0.8, ""test_mae"": 0.0123}, {""missing_rate"": 0.9, ""test_mae"": 0.0197}], ""test_mae_mean"": 0.0116, ""test_mae_max"": 0.0197, ""test_mae_min"": 0.0098, ""test_mae"": 0.0197, ""missing_rate"": 0.9}",experiments/logs/seed87_gru_mim.log,,,41.563287019729614,"0.0,0.1,0.2,0.3,0.4,0.5,0.6,0.7,0.8,0.9","0.0,0.1,0.2,0.3,0.4,0.5,0.6,0.7,0.8,0.9",20260308_023704,experiments/runs/20260308_023704
seed87_cnn1d_baseline,87,cnn1d,baseline,completed,2026-03-08 02:37:04,,2026-03-08 05:02:07,"{""mr_results"": [{""missing_rate"": 0.0, ""test_mae"": 0.0281}, {""missing_rate"": 0.1, ""test_mae"": 0.0448}, {""missing_rate"": 0.2, ""test_mae"": 0.0583}, {""missing_rate"": 0.3, ""test_mae"": 0.0649}, {""missing_rate"": 0.4, ""test_mae"": 0.0697}, {""missing_rate"": 0.5, ""test_mae"": 0.0767}, {""missing_rate"": 0.6, ""test_mae"": 0.0877}, {""missing_rate"": 0.7, ""test_mae"": 0.0957}, {""missing_rate"": 0.8, ""test_mae"": 0.1007}, {""missing_rate"": 0.9, ""test_mae"": 0.117}], ""test_mae_mean"": 0.07436000000000001, ""test_mae_max"": 0.117, ""test_mae_min"": 0.0281, ""test_mae"": 0.117, ""missing_rate"": 0.9}",experiments/logs/seed87_cnn1d_baseline.log,Process exited with code 1,,19.67881941795349,"0.0,0.1,0.2,0.3,0.4,0.5,0.6,0.7,0.8,0.9","0.0,0.1,0.2,0.3,0.4,0.5,0.6,0.7,0.8,0.9",20260308_023704,experiments/runs/20260308_023704
seed87_cnn1d_mim,87,cnn1d,mim,completed,2026-03-08 02:37:04,,2026-03-08 05:02:42,"{""mr_results"": [{""missing_rate"": 0.0, ""test_mae"": 0.0055}, {""missing_rate"": 0.1, ""test_mae"": 0.006}, {""missing_rate"": 0.2, ""test_mae"": 0.0063}, {""missing_rate"": 0.3, ""test_mae"": 0.0067}, {""missing_rate"": 0.4, ""test_mae"": 0.0068}, {""missing_rate"": 0.5, ""test_mae"": 0.0073}, {""missing_rate"": 0.6, ""test_mae"": 0.0078}, {""missing_rate"": 0.7, ""test_mae"": 0.0091}, {""missing_rate"": 0.8, ""test_mae"": 0.0118}, {""missing_rate"": 0.9, ""test_mae"": 0.02}], ""test_mae_mean"": 0.00873, ""test_mae_max"": 0.02, ""test_mae_min"": 0.0055, ""test_mae"": 0.02, ""missing_rate"": 0.9}",experiments/logs/seed87_cnn1d_mim.log,Process exited with code 1,,54.90123915672302,"0.0,0.1,0.2,0.3,0.4,0.5,0.6,0.7,0.8,0.9","0.0,0.1,0.2,0.3,0.4,0.5,0.6,0.7,0.8,0.9",20260308_023704,experiments/runs/20260308_023704
seed88_mlp_baseline,88,mlp,baseline,completed,2026-03-08 02:37:04,,2026-03-08 05:03:05,"{""mr_results"": [{""missing_rate"": 0.0, ""test_mae"": 0.0149}, {""missing_rate"": 0.1, ""test_mae"": 0.016}, {""missing_rate"": 0.2, ""test_mae"": 0.0174}, {""missing_rate"": 0.3, ""test_mae"": 0.0197}, {""missing_rate"": 0.4, ""test_mae"": 0.0228}, {""missing_rate"": 0.5, ""test_mae"": 0.0254}, {""missing_rate"": 0.6, ""test_mae"": 0.0285}, {""missing_rate"": 0.7, ""test_mae"": 0.0311}, {""missing_rate"": 0.8, ""test_mae"": 0.0332}, {""missing_rate"": 0.9, ""test_mae"": 0.0358}], ""test_mae_mean"": 0.02448, ""test_mae_max"": 0.0358, ""test_mae_min"": 0.0149, ""test_mae"": 0.0358, ""missing_rate"": 0.9}",experiments/logs/seed88_mlp_baseline.log,,,21.348957061767578,"0.0,0.1,0.2,0.3,0.4,0.5,0.6,0.7,0.8,0.9","0.0,0.1,0.2,0.3,0.4,0.5,0.6,0.7,0.8,0.9",20260308_023704,experiments/runs/20260308_023704
seed88_mlp_mim,88,mlp,mim,completed,2026-03-08 02:37:04,,2026-03-08 05:03:38,"{""mr_results"": [{""missing_rate"": 0.0, ""test_mae"": 0.0054}, {""missing_rate"": 0.1, ""test_mae"": 0.0057}, {""missing_rate"": 0.2, ""test_mae"": 0.0061}, {""missing_rate"": 0.3, ""test_mae"": 0.0064}, {""missing_rate"": 0.4, ""test_mae"": 0.0069}, {""missing_rate"": 0.5, ""test_mae"": 0.0077}, {""missing_rate"": 0.6, ""test_mae"": 0.0087}, {""missing_rate"": 0.7, ""test_mae"": 0.0108}, {""missing_rate"": 0.8, ""test_mae"": 0.0134}, {""missing_rate"": 0.9, ""test_mae"": 0.0214}], ""test_mae_mean"": 0.00925, ""test_mae_max"": 0.0214, ""test_mae_min"": 0.0054, ""test_mae"": 0.0214, ""missing_rate"": 0.9}",experiments/logs/seed88_mlp_mim.log,,,53.69596076011658,"0.0,0.1,0.2,0.3,0.4,0.5,0.6,0.7,0.8,0.9","0.0,0.1,0.2,0.3,0.4,0.5,0.6,0.7,0.8,0.9",20260308_023704,experiments/runs/20260308_023704
seed88_lstm_baseline,88,lstm,baseline,completed,2026-03-08 02:37:04,,2026-03-08 05:03:10,"{""mr_results"": [{""missing_rate"": 0.0, ""test_mae"": 0.0071}, {""missing_rate"": 0.1, ""test_mae"": 0.0076}, {""missing_rate"": 0.2, ""test_mae"": 0.0082}, {""missing_rate"": 0.3, ""test_mae"": 0.0098}, {""missing_rate"": 0.4, ""test_mae"": 0.0133}, {""missing_rate"": 0.5, ""test_mae"": 0.0211}, {""missing_rate"": 0.6, ""test_mae"": 0.0339}, {""missing_rate"": 0.7, ""test_mae"": 0.0452}, {""missing_rate"": 0.8, ""test_mae"": 0.0566}, {""missing_rate"": 0.9, ""test_mae"": 0.0708}], ""test_mae_mean"": 0.027360000000000002, ""test_mae_max"": 0.0708, ""test_mae_min"": 0.0071, ""test_mae"": 0.0708, ""missing_rate"": 0.9}",experiments/logs/seed88_lstm_baseline.log,,,26.319041967391968,"0.0,0.1,0.2,0.3,0.4,0.5,0.6,0.7,0.8,0.9","0.0,0.1,0.2,0.3,0.4,0.5,0.6,0.7,0.8,0.9",20260308_023704,experiments/runs/20260308_023704
seed88_lstm_mim,88,lstm,mim,completed,2026-03-08 02:37:04,,2026-03-08 05:03:36,"{""mr_results"": [{""missing_rate"": 0.0, ""test_mae"": 0.0066}, {""missing_rate"": 0.1, ""test_mae"": 0.0065}, {""missing_rate"": 0.2, ""test_mae"": 0.0064}, {""missing_rate"": 0.3, ""test_mae"": 0.0065}, {""missing_rate"": 0.4, ""test_mae"": 0.0068}, {""missing_rate"": 0.5, ""test_mae"": 0.0072}, {""missing_rate"": 0.6, ""test_mae"": 0.0077}, {""missing_rate"": 0.7, ""test_mae"": 0.0092}, {""missing_rate"": 0.8, ""test_mae"": 0.0124}, {""missing_rate"": 0.9, ""test_mae"": 0.0217}], ""test_mae_mean"": 0.0091, ""test_mae_max"": 0.0217, ""test_mae_min"": 0.0064, ""test_mae"": 0.0217, ""missing_rate"": 0.9}",experiments/logs/seed88_lstm_mim.log,,,52.055360555648804,"0.0,0.1,0.2,0.3,0.4,0.5,0.6,0.7,0.8,0.9","0.0,0.1,0.2,0.3,0.4,0.5,0.6,0.7,0.8,0.9",20260308_023704,experiments/runs/20260308_023704
seed88_gru_baseline,88,gru,baseline,completed,2026-03-08 02:37:04,,2026-03-08 05:03:52,"{""mr_results"": [{""missing_rate"": 0.0, ""test_mae"": 0.0106}, {""missing_rate"": 0.1, ""test_mae"": 0.0113}, {""missing_rate"": 0.2, ""test_mae"": 0.0119}, {""missing_rate"": 0.3, ""test_mae"": 0.0136}, {""missing_rate"": 0.4, ""test_mae"": 0.0158}, {""missing_rate"": 0.5, ""test_mae"": 0.0182}, {""missing_rate"": 0.6, ""test_mae"": 0.0217}, {""missing_rate"": 0.7, ""test_mae"": 0.0255}, {""missing_rate"": 0.8, ""test_mae"": 0.029}, {""missing_rate"": 0.9, ""test_mae"": 0.0328}], ""test_mae_mean"": 0.01904, ""test_mae_max"": 0.0328, ""test_mae_min"": 0.0106, ""test_mae"": 0.0328, ""missing_rate"": 0.9}",experiments/logs/seed88_gru_baseline.log,,,13.001741886138916,"0.0,0.1,0.2,0.3,0.4,0.5,0.6,0.7,0.8,0.9","0.0,0.1,0.2,0.3,0.4,0.5,0.6,0.7,0.8,0.9",20260308_023704,experiments/runs/20260308_023704
seed88_gru_mim,88,gru,mim,completed,2026-03-08 02:37:04,,2026-03-08 05:04:19,"{""mr_results"": [{""missing_rate"": 0.0, ""test_mae"": 0.0065}, {""missing_rate"": 0.1, ""test_mae"": 0.0066}, {""missing_rate"": 0.2, ""test_mae"": 0.0065}, {""missing_rate"": 0.3, ""test_mae"": 0.0066}, {""missing_rate"": 0.4, ""test_mae"": 0.0067}, {""missing_rate"": 0.5, ""test_mae"": 0.0069}, {""missing_rate"": 0.6, ""test_mae"": 0.0073}, {""missing_rate"": 0.7, ""test_mae"": 0.0085}, {""missing_rate"": 0.8, ""test_mae"": 0.0119}, {""missing_rate"": 0.9, ""test_mae"": 0.0209}], ""test_mae_mean"": 0.00884, ""test_mae_max"": 0.0209, ""test_mae_min"": 0.0065, ""test_mae"": 0.0209, ""missing_rate"": 0.9}",experiments/logs/seed88_gru_mim.log,,,39.7256064414978,"0.0,0.1,0.2,0.3,0.4,0.5,0.6,0.7,0.8,0.9","0.0,0.1,0.2,0.3,0.4,0.5,0.6,0.7,0.8,0.9",20260308_023704,experiments/runs/20260308_023704
seed88_cnn1d_baseline,88,cnn1d,baseline,completed,2026-03-08 02:37:04,,2026-03-08 05:04:45,"{""mr_results"": [{""missing_rate"": 0.0, ""test_mae"": 0.0217}, {""missing_rate"": 0.1, ""test_mae"": 0.0393}, {""missing_rate"": 0.2, ""test_mae"": 0.0507}, {""missing_rate"": 0.3, ""test_mae"": 0.0567}, {""missing_rate"": 0.4, ""test_mae"": 0.0616}, {""missing_rate"": 0.5, ""test_mae"": 0.066}, {""missing_rate"": 0.6, ""test_mae"": 0.0733}, {""missing_rate"": 0.7, ""test_mae"": 0.0804}, {""missing_rate"": 0.8, ""test_mae"": 0.0882}, {""missing_rate"": 0.9, ""test_mae"": 0.1047}], ""test_mae_mean"": 0.06426000000000001, ""test_mae_max"": 0.1047, ""test_mae_min"": 0.0217, ""test_mae"": 0.1047, ""missing_rate"": 0.9}",experiments/logs/seed88_cnn1d_baseline.log,Process exited with code 1,,19.874157428741455,"0.0,0.1,0.2,0.3,0.4,0.5,0.6,0.7,0.8,0.9","0.0,0.1,0.2,0.3,0.4,0.5,0.6,0.7,0.8,0.9",20260308_023704,experiments/runs/20260308_023704
seed88_cnn1d_mim,88,cnn1d,mim,completed,2026-03-08 02:37:04,,2026-03-08 05:05:48,"{""mr_results"": [{""missing_rate"": 0.0, ""test_mae"": 0.0056}, {""missing_rate"": 0.1, ""test_mae"": 0.0061}, {""missing_rate"": 0.2, ""test_mae"": 0.0065}, {""missing_rate"": 0.3, ""test_mae"": 0.0068}, {""missing_rate"": 0.4, ""test_mae"": 0.0073}, {""missing_rate"": 0.5, ""test_mae"": 0.0076}, {""missing_rate"": 0.6, ""test_mae"": 0.0083}, {""missing_rate"": 0.7, ""test_mae"": 0.0094}, {""missing_rate"": 0.8, ""test_mae"": 0.0122}, {""missing_rate"": 0.9, ""test_mae"": 0.0191}], ""test_mae_mean"": 0.00889, ""test_mae_max"": 0.0191, ""test_mae_min"": 0.0056, ""test_mae"": 0.0191, ""missing_rate"": 0.9}",experiments/logs/seed88_cnn1d_mim.log,Process exited with code 1,,83.16634011268616,"0.0,0.1,0.2,0.3,0.4,0.5,0.6,0.7,0.8,0.9","0.0,0.1,0.2,0.3,0.4,0.5,0.6,0.7,0.8,0.9",20260308_023704,experiments/runs/20260308_023704
seed89_mlp_baseline,89,mlp,baseline,completed,2026-03-08 02:37:04,,2026-03-08 05:06:10,"{""mr_results"": [{""missing_rate"": 0.0, ""test_mae"": 0.0155}, {""missing_rate"": 0.1, ""test_mae"": 0.0163}, {""missing_rate"": 0.2, ""test_mae"": 0.0176}, {""missing_rate"": 0.3, ""test_mae"": 0.0196}, {""missing_rate"": 0.4, ""test_mae"": 0.0224}, {""missing_rate"": 0.5, ""test_mae"": 0.0251}, {""missing_rate"": 0.6, ""test_mae"": 0.0281}, {""missing_rate"": 0.7, ""test_mae"": 0.0309}, {""missing_rate"": 0.8, ""test_mae"": 0.0327}, {""missing_rate"": 0.9, ""test_mae"": 0.0354}], ""test_mae_mean"": 0.02436, ""test_mae_max"": 0.0354, ""test_mae_min"": 0.0155, ""test_mae"": 0.0354, ""missing_rate"": 0.9}",experiments/logs/seed89_mlp_baseline.log,,,20.17071533203125,"0.0,0.1,0.2,0.3,0.4,0.5,0.6,0.7,0.8,0.9","0.0,0.1,0.2,0.3,0.4,0.5,0.6,0.7,0.8,0.9",20260308_023704,experiments/runs/20260308_023704
seed89_mlp_mim,89,mlp,mim,completed,2026-03-08 02:37:04,,2026-03-08 05:07:08,"{""mr_results"": [{""missing_rate"": 0.0, ""test_mae"": 0.0064}, {""missing_rate"": 0.1, ""test_mae"": 0.0066}, {""missing_rate"": 0.2, ""test_mae"": 0.0068}, {""missing_rate"": 0.3, ""test_mae"": 0.0071}, {""missing_rate"": 0.4, ""test_mae"": 0.0076}, {""missing_rate"": 0.5, ""test_mae"": 0.0085}, {""missing_rate"": 0.6, ""test_mae"": 0.0095}, {""missing_rate"": 0.7, ""test_mae"": 0.0111}, {""missing_rate"": 0.8, ""test_mae"": 0.0138}, {""missing_rate"": 0.9, ""test_mae"": 0.0224}], ""test_mae_mean"": 0.00998, ""test_mae_max"": 0.0224, ""test_mae_min"": 0.0064, ""test_mae"": 0.0224, ""missing_rate"": 0.9}",experiments/logs/seed89_mlp_mim.log,Process exited with code 1,,51.85049748420715,"0.0,0.1,0.2,0.3,0.4,0.5,0.6,0.7,0.8,0.9","0.0,0.1,0.2,0.3,0.4,0.5,0.6,0.7,0.8,0.9",20260308_023704,experiments/runs/20260308_023704
seed89_lstm_baseline,89,lstm,baseline,completed,2026-03-08 02:37:04,,2026-03-08 05:06:10,"{""mr_results"": [{""missing_rate"": 0.0, ""test_mae"": 0.0078}, {""missing_rate"": 0.1, ""test_mae"": 0.0079}, {""missing_rate"": 0.2, ""test_mae"": 0.0082}, {""missing_rate"": 0.3, ""test_mae"": 0.0085}, {""missing_rate"": 0.4, ""test_mae"": 0.0102}, {""missing_rate"": 0.5, ""test_mae"": 0.0128}, {""missing_rate"": 0.6, ""test_mae"": 0.0171}, {""missing_rate"": 0.7, ""test_mae"": 0.022}, {""missing_rate"": 0.8, ""test_mae"": 0.0275}, {""missing_rate"": 0.9, ""test_mae"": 0.0351}], ""test_mae_mean"": 0.01571, ""test_mae_max"": 0.0351, ""test_mae_min"": 0.0078, ""test_mae"": 0.0351, ""missing_rate"": 0.9}",experiments/logs/seed89_lstm_baseline.log,,,20.131867170333862,"0.0,0.1,0.2,0.3,0.4,0.5,0.6,0.7,0.8,0.9","0.0,0.1,0.2,0.3,0.4,0.5,0.6,0.7,0.8,0.9",20260308_023704,experiments/runs/20260308_023704
seed89_lstm_mim,89,lstm,mim,completed,2026-03-08 02:37:04,,2026-03-08 05:06:54,"{""mr_results"": [{""missing_rate"": 0.0, ""test_mae"": 0.0074}, {""missing_rate"": 0.1, ""test_mae"": 0.0072}, {""missing_rate"": 0.2, ""test_mae"": 0.0071}, {""missing_rate"": 0.3, ""test_mae"": 0.0072}, {""missing_rate"": 0.4, ""test_mae"": 0.0074}, {""missing_rate"": 0.5, ""test_mae"": 0.0079}, {""missing_rate"": 0.6, ""test_mae"": 0.0085}, {""missing_rate"": 0.7, ""test_mae"": 0.0098}, {""missing_rate"": 0.8, ""test_mae"": 0.0126}, {""missing_rate"": 0.9, ""test_mae"": 0.0211}], ""test_mae_mean"": 0.00962, ""test_mae_max"": 0.0211, ""test_mae_min"": 0.0071, ""test_mae"": 0.0211, ""missing_rate"": 0.9}",experiments/logs/seed89_lstm_mim.log,Process exited with code 1,,37.823599338531494,"0.0,0.1,0.2,0.3,0.4,0.5,0.6,0.7,0.8,0.9","0.0,0.1,0.2,0.3,0.4,0.5,0.6,0.7,0.8,0.9",20260308_023704,experiments/runs/20260308_023704
seed89_gru_baseline,89,gru,baseline,completed,2026-03-08 02:37:04,,2026-03-08 05:07:27,"{""mr_results"": [{""missing_rate"": 0.0, ""test_mae"": 0.0068}, {""missing_rate"": 0.1, ""test_mae"": 0.0081}, {""missing_rate"": 0.2, ""test_mae"": 0.0106}, {""missing_rate"": 0.3, ""test_mae"": 0.0135}, {""missing_rate"": 0.4, ""test_mae"": 0.0167}, {""missing_rate"": 0.5, ""test_mae"": 0.0202}, {""missing_rate"": 0.6, ""test_mae"": 0.0236}, {""missing_rate"": 0.7, ""test_mae"": 0.0271}, {""missing_rate"": 0.8, ""test_mae"": 0.0306}, {""missing_rate"": 0.9, ""test_mae"": 0.0341}], ""test_mae_mean"": 0.01913, ""test_mae_max"": 0.0341, ""test_mae_min"": 0.0068, ""test_mae"": 0.0341, ""missing_rate"": 0.9}",experiments/logs/seed89_gru_baseline.log,,,16.77214813232422,"0.0,0.1,0.2,0.3,0.4,0.5,0.6,0.7,0.8,0.9","0.0,0.1,0.2,0.3,0.4,0.5,0.6,0.7,0.8,0.9",20260308_023704,experiments/runs/20260308_023704
seed89_gru_mim,89,gru,mim,completed,2026-03-08 02:37:04,,2026-03-08 05:08:40,"{""mr_results"": [{""missing_rate"": 0.0, ""test_mae"": 0.0054}, {""missing_rate"": 0.1, ""test_mae"": 0.0059}, {""missing_rate"": 0.2, ""test_mae"": 0.0064}, {""missing_rate"": 0.3, ""test_mae"": 0.007}, {""missing_rate"": 0.4, ""test_mae"": 0.0074}, {""missing_rate"": 0.5, ""test_mae"": 0.0081}, {""missing_rate"": 0.6, ""test_mae"": 0.0089}, {""missing_rate"": 0.7, ""test_mae"": 0.0107}, {""missing_rate"": 0.8, ""test_mae"": 0.0154}, {""missing_rate"": 0.9, ""test_mae"": 0.025}], ""test_mae_mean"": 0.01002, ""test_mae_max"": 0.025, ""test_mae_min"": 0.0054, ""test_mae"": 0.025, ""missing_rate"": 0.9}",experiments/logs/seed89_gru_mim.log,Process exited with code 1,,27.39433240890503,"0.0,0.1,0.2,0.3,0.4,0.5,0.6,0.7,0.8,0.9","0.0,0.1,0.2,0.3,0.4,0.5,0.6,0.7,0.8,0.9",20260308_023704,experiments/runs/20260308_023704
seed89_cnn1d_baseline,89,cnn1d,baseline,completed,2026-03-08 02:37:04,,2026-03-08 05:07:33,"{""mr_results"": [{""missing_rate"": 0.0, ""test_mae"": 0.0216}, {""missing_rate"": 0.1, ""test_mae"": 0.0373}, {""missing_rate"": 0.2, ""test_mae"": 0.0472}, {""missing_rate"": 0.3, ""test_mae"": 0.0528}, {""missing_rate"": 0.4, ""test_mae"": 0.0562}, {""missing_rate"": 0.5, ""test_mae"": 0.0612}, {""missing_rate"": 0.6, ""test_mae"": 0.0674}, {""missing_rate"": 0.7, ""test_mae"": 0.0738}, {""missing_rate"": 0.8, ""test_mae"": 0.0792}, {""missing_rate"": 0.9, ""test_mae"": 0.0919}], ""test_mae_mean"": 0.05886, ""test_mae_max"": 0.0919, ""test_mae_min"": 0.0216, ""test_mae"": 0.0919, ""missing_rate"": 0.9}",experiments/logs/seed89_cnn1d_baseline.log,,,23.403037309646606,"0.0,0.1,0.2,0.3,0.4,0.5,0.6,0.7,0.8,0.9","0.0,0.1,0.2,0.3,0.4,0.5,0.6,0.7,0.8,0.9",20260308_023704,experiments/runs/20260308_023704
seed89_cnn1d_mim,89,cnn1d,mim,completed,2026-03-08 02:37:04,,2026-03-08 05:08:06,"{""mr_results"": [{""missing_rate"": 0.0, ""test_mae"": 0.0076}, {""missing_rate"": 0.1, ""test_mae"": 0.008}, {""missing_rate"": 0.2, ""test_mae"": 0.0081}, {""missing_rate"": 0.3, ""test_mae"": 0.0084}, {""missing_rate"": 0.4, ""test_mae"": 0.0084}, {""missing_rate"": 0.5, ""test_mae"": 0.0087}, {""missing_rate"": 0.6, ""test_mae"": 0.009}, {""missing_rate"": 0.7, ""test_mae"": 0.0099}, {""missing_rate"": 0.8, ""test_mae"": 0.013}, {""missing_rate"": 0.9, ""test_mae"": 0.0209}], ""test_mae_mean"": 0.010199999999999999, ""test_mae_max"": 0.0209, ""test_mae_min"": 0.0076, ""test_mae"": 0.0209, ""missing_rate"": 0.9}",experiments/logs/seed89_cnn1d_mim.log,,,56.24967336654663,"0.0,0.1,0.2,0.3,0.4,0.5,0.6,0.7,0.8,0.9","0.0,0.1,0.2,0.3,0.4,0.5,0.6,0.7,0.8,0.9",20260308_023704,experiments/runs/20260308_023704
seed90_mlp_baseline,90,mlp,baseline,completed,2026-03-08 02:37:04,,2026-03-08 05:10:20,"{""mr_results"": [{""missing_rate"": 0.0, ""test_mae"": 0.0351}, {""missing_rate"": 0.1, ""test_mae"": 0.0351}, {""missing_rate"": 0.2, ""test_mae"": 0.0353}, {""missing_rate"": 0.3, ""test_mae"": 0.0358}, {""missing_rate"": 0.4, ""test_mae"": 0.0374}, {""missing_rate"": 0.5, ""test_mae"": 0.0391}, {""missing_rate"": 0.6, ""test_mae"": 0.0412}, {""missing_rate"": 0.7, ""test_mae"": 0.0429}, {""missing_rate"": 0.8, ""test_mae"": 0.0434}, {""missing_rate"": 0.9, ""test_mae"": 0.0441}], ""test_mae_mean"": 0.03894, ""test_mae_max"": 0.0441, ""test_mae_min"": 0.0351, ""test_mae"": 0.0441, ""missing_rate"": 0.9}",experiments/logs/seed90_mlp_baseline.log,Process exited with code 1,,15.228166341781616,"0.0,0.1,0.2,0.3,0.4,0.5,0.6,0.7,0.8,0.9","0.0,0.1,0.2,0.3,0.4,0.5,0.6,0.7,0.8,0.9",20260308_023704,experiments/runs/20260308_023704
seed90_mlp_mim,90,mlp,mim,completed,2026-03-08 02:37:04,,2026-03-08 05:11:08,"{""mr_results"": [{""missing_rate"": 0.0, ""test_mae"": 0.0057}, {""missing_rate"": 0.1, ""test_mae"": 0.0058}, {""missing_rate"": 0.2, ""test_mae"": 0.006}, {""missing_rate"": 0.3, ""test_mae"": 0.0062}, {""missing_rate"": 0.4, ""test_mae"": 0.0066}, {""missing_rate"": 0.5, ""test_mae"": 0.0075}, {""missing_rate"": 0.6, ""test_mae"": 0.0085}, {""missing_rate"": 0.7, ""test_mae"": 0.0105}, {""missing_rate"": 0.8, ""test_mae"": 0.0133}, {""missing_rate"": 0.9, ""test_mae"": 0.0213}], ""test_mae_mean"": 0.009139999999999999, ""test_mae_max"": 0.0213, ""test_mae_min"": 0.0057, ""test_mae"": 0.0213, ""missing_rate"": 0.9}",experiments/logs/seed90_mlp_mim.log,Process exited with code 1,,63.22851872444153,"0.0,0.1,0.2,0.3,0.4,0.5,0.6,0.7,0.8,0.9","0.0,0.1,0.2,0.3,0.4,0.5,0.6,0.7,0.8,0.9",20260308_023704,experiments/runs/20260308_023704
seed90_lstm_baseline,90,lstm,baseline,completed,2026-03-08 02:37:04,,2026-03-08 05:09:02,"{""mr_results"": [{""missing_rate"": 0.0, ""test_mae"": 0.0069}, {""missing_rate"": 0.1, ""test_mae"": 0.0075}, {""missing_rate"": 0.2, ""test_mae"": 0.0084}, {""missing_rate"": 0.3, ""test_mae"": 0.0096}, {""missing_rate"": 0.4, ""test_mae"": 0.0123}, {""missing_rate"": 0.5, ""test_mae"": 0.0176}, {""missing_rate"": 0.6, ""test_mae"": 0.027}, {""missing_rate"": 0.7, ""test_mae"": 0.0387}, {""missing_rate"": 0.8, ""test_mae"": 0.0504}, {""missing_rate"": 0.9, ""test_mae"": 0.0609}], ""test_mae_mean"": 0.02393, ""test_mae_max"": 0.0609, ""test_mae_min"": 0.0069, ""test_mae"": 0.0609, ""missing_rate"": 0.9}",experiments/logs/seed90_lstm_baseline.log,,,20.740734100341797,"0.0,0.1,0.2,0.3,0.4,0.5,0.6,0.7,0.8,0.9","0.0,0.1,0.2,0.3,0.4,0.5,0.6,0.7,0.8,0.9",20260308_023704,experiments/runs/20260308_023704
seed90_lstm_mim,90,lstm,mim,completed,2026-03-08 02:37:04,,2026-03-08 05:09:59,"{""mr_results"": [{""missing_rate"": 0.0, ""test_mae"": 0.0075}, {""missing_rate"": 0.1, ""test_mae"": 0.0075}, {""missing_rate"": 0.2, ""test_mae"": 0.0074}, {""missing_rate"": 0.3, ""test_mae"": 0.0074}, {""missing_rate"": 0.4, ""test_mae"": 0.0077}, {""missing_rate"": 0.5, ""test_mae"": 0.0082}, {""missing_rate"": 0.6, ""test_mae"": 0.0087}, {""missing_rate"": 0.7, ""test_mae"": 0.0098}, {""missing_rate"": 0.8, ""test_mae"": 0.0132}, {""missing_rate"": 0.9, ""test_mae"": 0.0223}], ""test_mae_mean"": 0.00997, ""test_mae_max"": 0.0223, ""test_mae_min"": 0.0074, ""test_mae"": 0.0223, ""missing_rate"": 0.9}",experiments/logs/seed90_lstm_mim.log,,,76.86998534202576,"0.0,0.1,0.2,0.3,0.4,0.5,0.6,0.7,0.8,0.9","0.0,0.1,0.2,0.3,0.4,0.5,0.6,0.7,0.8,0.9",20260308_023704,experiments/runs/20260308_023704
seed90_gru_baseline,90,gru,baseline,completed,2026-03-08 02:37:04,,2026-03-08 05:11:32,"{""mr_results"": [{""missing_rate"": 0.0, ""test_mae"": 0.0058}, {""missing_rate"": 0.1, ""test_mae"": 0.0078}, {""missing_rate"": 0.2, ""test_mae"": 0.0105}, {""missing_rate"": 0.3, ""test_mae"": 0.0137}, {""missing_rate"": 0.4, ""test_mae"": 0.0172}, {""missing_rate"": 0.5, ""test_mae"": 0.0204}, {""missing_rate"": 0.6, ""test_mae"": 0.0241}, {""missing_rate"": 0.7, ""test_mae"": 0.0276}, {""missing_rate"": 0.8, ""test_mae"": 0.0313}, {""missing_rate"": 0.9, ""test_mae"": 0.0347}], ""test_mae_mean"": 0.01931, ""test_mae_max"": 0.0347, ""test_mae_min"": 0.0058, ""test_mae"": 0.0347, ""missing_rate"": 0.9}",experiments/logs/seed90_gru_baseline.log,,,21.864238739013672,"0.0,0.1,0.2,0.3,0.4,0.5,0.6,0.7,0.8,0.9","0.0,0.1,0.2,0.3,0.4,0.5,0.6,0.7,0.8,0.9",20260308_023704,experiments/runs/20260308_023704
seed90_gru_mim,90,gru,mim,completed,2026-03-08 02:37:04,,2026-03-08 05:11:46,"{""mr_results"": [{""missing_rate"": 0.0, ""test_mae"": 0.0047}, {""missing_rate"": 0.1, ""test_mae"": 0.0052}, {""missing_rate"": 0.2, ""test_mae"": 0.0057}, {""missing_rate"": 0.3, ""test_mae"": 0.0063}, {""missing_rate"": 0.4, ""test_mae"": 0.0069}, {""missing_rate"": 0.5, ""test_mae"": 0.0074}, {""missing_rate"": 0.6, ""test_mae"": 0.0087}, {""missing_rate"": 0.7, ""test_mae"": 0.0108}, {""missing_rate"": 0.8, ""test_mae"": 0.0158}, {""missing_rate"": 0.9, ""test_mae"": 0.0254}], ""test_mae_mean"": 0.00969, ""test_mae_max"": 0.0254, ""test_mae_min"": 0.0047, ""test_mae"": 0.0254, ""missing_rate"": 0.9}",experiments/logs/seed90_gru_mim.log,,,36.30230093002319,"0.0,0.1,0.2,0.3,0.4,0.5,0.6,0.7,0.8,0.9","0.0,0.1,0.2,0.3,0.4,0.5,0.6,0.7,0.8,0.9",20260308_023704,experiments/runs/20260308_023704
seed90_cnn1d_baseline,90,cnn1d,baseline,completed,2026-03-08 02:37:04,,2026-03-08 05:11:35,"{""mr_results"": [{""missing_rate"": 0.0, ""test_mae"": 0.029}, {""missing_rate"": 0.1, ""test_mae"": 0.0473}, {""missing_rate"": 0.2, ""test_mae"": 0.0589}, {""missing_rate"": 0.3, ""test_mae"": 0.0647}, {""missing_rate"": 0.4, ""test_mae"": 0.0683}, {""missing_rate"": 0.5, ""test_mae"": 0.074}, {""missing_rate"": 0.6, ""test_mae"": 0.0802}, {""missing_rate"": 0.7, ""test_mae"": 0.0872}, {""missing_rate"": 0.8, ""test_mae"": 0.0951}, {""missing_rate"": 0.9, ""test_mae"": 0.1145}], ""test_mae_mean"": 0.07192, ""test_mae_max"": 0.1145, ""test_mae_min"": 0.029, ""test_mae"": 0.1145, ""missing_rate"": 0.9}",experiments/logs/seed90_cnn1d_baseline.log,,,24.791128158569336,"0.0,0.1,0.2,0.3,0.4,0.5,0.6,0.7,0.8,0.9","0.0,0.1,0.2,0.3,0.4,0.5,0.6,0.7,0.8,0.9",20260308_023704,experiments/runs/20260308_023704
seed90_cnn1d_mim,90,cnn1d,mim,completed,2026-03-08 02:37:04,,2026-03-08 05:12:01,"{""mr_results"": [{""missing_rate"": 0.0, ""test_mae"": 0.0084}, {""missing_rate"": 0.1, ""test_mae"": 0.0081}, {""missing_rate"": 0.2, ""test_mae"": 0.0077}, {""missing_rate"": 0.3, ""test_mae"": 0.0077}, {""missing_rate"": 0.4, ""test_mae"": 0.0076}, {""missing_rate"": 0.5, ""test_mae"": 0.0076}, {""missing_rate"": 0.6, ""test_mae"": 0.008}, {""missing_rate"": 0.7, ""test_mae"": 0.0089}, {""missing_rate"": 0.8, ""test_mae"": 0.0108}, {""missing_rate"": 0.9, ""test_mae"": 0.0168}], ""test_mae_mean"": 0.00916, ""test_mae_max"": 0.0168, ""test_mae_min"": 0.0076, ""test_mae"": 0.0168, ""missing_rate"": 0.9}",experiments/logs/seed90_cnn1d_mim.log,,,51.241527795791626,"0.0,0.1,0.2,0.3,0.4,0.5,0.6,0.7,0.8,0.9","0.0,0.1,0.2,0.3,0.4,0.5,0.6,0.7,0.8,0.9",20260308_023704,experiments/runs/20260308_023704
seed91_mlp_baseline,91,mlp,baseline,completed,2026-03-08 02:37:04,,2026-03-08 05:12:25,"{""mr_results"": [{""missing_rate"": 0.0, ""test_mae"": 0.01}, {""missing_rate"": 0.1, ""test_mae"": 0.0113}, {""missing_rate"": 0.2, ""test_mae"": 0.013}, {""missing_rate"": 0.3, ""test_mae"": 0.0152}, {""missing_rate"": 0.4, ""test_mae"": 0.018}, {""missing_rate"": 0.5, ""test_mae"": 0.0207}, {""missing_rate"": 0.6, ""test_mae"": 0.0239}, {""missing_rate"": 0.7, ""test_mae"": 0.0268}, {""missing_rate"": 0.8, ""test_mae"": 0.0295}, {""missing_rate"": 0.9, ""test_mae"": 0.0333}], ""test_mae_mean"": 0.02017, ""test_mae_max"": 0.0333, ""test_mae_min"": 0.01, ""test_mae"": 0.0333, ""missing_rate"": 0.9}",experiments/logs/seed91_mlp_baseline.log,,,21.806888818740845,"0.0,0.1,0.2,0.3,0.4,0.5,0.6,0.7,0.8,0.9","0.0,0.1,0.2,0.3,0.4,0.5,0.6,0.7,0.8,0.9",20260308_023704,experiments/runs/20260308_023704
seed91_mlp_mim,91,mlp,mim,completed,2026-03-08 02:37:04,,2026-03-08 05:13:00,"{""mr_results"": [{""missing_rate"": 0.0, ""test_mae"": 0.0058}, {""missing_rate"": 0.1, ""test_mae"": 0.0062}, {""missing_rate"": 0.2, ""test_mae"": 0.0067}, {""missing_rate"": 0.3, ""test_mae"": 0.0071}, {""missing_rate"": 0.4, ""test_mae"": 0.0074}, {""missing_rate"": 0.5, ""test_mae"": 0.0083}, {""missing_rate"": 0.6, ""test_mae"": 0.0092}, {""missing_rate"": 0.7, ""test_mae"": 0.0109}, {""missing_rate"": 0.8, ""test_mae"": 0.0138}, {""missing_rate"": 0.9, ""test_mae"": 0.0225}], ""test_mae_mean"": 0.00979, ""test_mae_max"": 0.0225, ""test_mae_min"": 0.0058, ""test_mae"": 0.0225, ""missing_rate"": 0.9}",experiments/logs/seed91_mlp_mim.log,,,57.3466272354126,"0.0,0.1,0.2,0.3,0.4,0.5,0.6,0.7,0.8,0.9","0.0,0.1,0.2,0.3,0.4,0.5,0.6,0.7,0.8,0.9",20260308_023704,experiments/runs/20260308_023704
seed91_lstm_baseline,91,lstm,baseline,completed,2026-03-08 02:37:04,,2026-03-08 05:12:24,"{""mr_results"": [{""missing_rate"": 0.0, ""test_mae"": 0.0079}, {""missing_rate"": 0.1, ""test_mae"": 0.008}, {""missing_rate"": 0.2, ""test_mae"": 0.0087}, {""missing_rate"": 0.3, ""test_mae"": 0.01}, {""missing_rate"": 0.4, ""test_mae"": 0.0135}, {""missing_rate"": 0.5, ""test_mae"": 0.0199}, {""missing_rate"": 0.6, ""test_mae"": 0.0294}, {""missing_rate"": 0.7, ""test_mae"": 0.0423}, {""missing_rate"": 0.8, ""test_mae"": 0.0551}, {""missing_rate"": 0.9, ""test_mae"": 0.0721}], ""test_mae_mean"": 0.026690000000000002, ""test_mae_max"": 0.0721, ""test_mae_min"": 0.0079, ""test_mae"": 0.0721, ""missing_rate"": 0.9}",experiments/logs/seed91_lstm_baseline.log,,,21.34568500518799,"0.0,0.1,0.2,0.3,0.4,0.5,0.6,0.7,0.8,0.9","0.0,0.1,0.2,0.3,0.4,0.5,0.6,0.7,0.8,0.9",20260308_023704,experiments/runs/20260308_023704
seed91_lstm_mim,91,lstm,mim,completed,2026-03-08 02:37:04,,2026-03-08 05:13:21,"{""mr_results"": [{""missing_rate"": 0.0, ""test_mae"": 0.0055}, {""missing_rate"": 0.1, ""test_mae"": 0.0056}, {""missing_rate"": 0.2, ""test_mae"": 0.0058}, {""missing_rate"": 0.3, ""test_mae"": 0.006}, {""missing_rate"": 0.4, ""test_mae"": 0.0064}, {""missing_rate"": 0.5, ""test_mae"": 0.0069}, {""missing_rate"": 0.6, ""test_mae"": 0.0075}, {""missing_rate"": 0.7, ""test_mae"": 0.0089}, {""missing_rate"": 0.8, ""test_mae"": 0.012}, {""missing_rate"": 0.9, ""test_mae"": 0.0201}], ""test_mae_mean"": 0.00847, ""test_mae_max"": 0.0201, ""test_mae_min"": 0.0055, ""test_mae"": 0.0201, ""missing_rate"": 0.9}",experiments/logs/seed91_lstm_mim.log,,,77.54385757446289,"0.0,0.1,0.2,0.3,0.4,0.5,0.6,0.7,0.8,0.9","0.0,0.1,0.2,0.3,0.4,0.5,0.6,0.7,0.8,0.9",20260308_023704,experiments/runs/20260308_023704
seed91_gru_baseline,91,gru,baseline,completed,2026-03-08 02:37:04,,2026-03-08 05:13:38,"{""mr_results"": [{""missing_rate"": 0.0, ""test_mae"": 0.0089}, {""missing_rate"": 0.1, ""test_mae"": 0.0104}, {""missing_rate"": 0.2, ""test_mae"": 0.0124}, {""missing_rate"": 0.3, ""test_mae"": 0.0149}, {""missing_rate"": 0.4, ""test_mae"": 0.0174}, {""missing_rate"": 0.5, ""test_mae"": 0.0204}, {""missing_rate"": 0.6, ""test_mae"": 0.0242}, {""missing_rate"": 0.7, ""test_mae"": 0.0277}, {""missing_rate"": 0.8, ""test_mae"": 0.0311}, {""missing_rate"": 0.9, ""test_mae"": 0.0345}], ""test_mae_mean"": 0.02019, ""test_mae_max"": 0.0345, ""test_mae_min"": 0.0089, ""test_mae"": 0.0345, ""missing_rate"": 0.9}",experiments/logs/seed91_gru_baseline.log,,,15.021713018417358,"0.0,0.1,0.2,0.3,0.4,0.5,0.6,0.7,0.8,0.9","0.0,0.1,0.2,0.3,0.4,0.5,0.6,0.7,0.8,0.9",20260308_023704,experiments/runs/20260308_023704
seed91_gru_mim,91,gru,mim,completed,2026-03-08 02:37:04,,2026-03-08 05:15:14,"{""mr_results"": [{""missing_rate"": 0.0, ""test_mae"": 0.0109}, {""missing_rate"": 0.1, ""test_mae"": 0.0108}, {""missing_rate"": 0.2, ""test_mae"": 0.0107}, {""missing_rate"": 0.3, ""test_mae"": 0.0105}, {""missing_rate"": 0.4, ""test_mae"": 0.0103}, {""missing_rate"": 0.5, ""test_mae"": 0.0102}, {""missing_rate"": 0.6, ""test_mae"": 0.0102}, {""missing_rate"": 0.7, ""test_mae"": 0.0109}, {""missing_rate"": 0.8, ""test_mae"": 0.0142}, {""missing_rate"": 0.9, ""test_mae"": 0.0231}], ""test_mae_mean"": 0.01218, ""test_mae_max"": 0.0231, ""test_mae_min"": 0.0102, ""test_mae"": 0.0231, ""missing_rate"": 0.9}",experiments/logs/seed91_gru_mim.log,Process exited with code 1,,40.297404289245605,"0.0,0.1,0.2,0.3,0.4,0.5,0.6,0.7,0.8,0.9","0.0,0.1,0.2,0.3,0.4,0.5,0.6,0.7,0.8,0.9",20260308_023704,experiments/runs/20260308_023704
seed91_cnn1d_baseline,91,cnn1d,baseline,completed,2026-03-08 02:37:04,,2026-03-08 05:13:45,"{""mr_results"": [{""missing_rate"": 0.0, ""test_mae"": 0.0334}, {""missing_rate"": 0.1, ""test_mae"": 0.0425}, {""missing_rate"": 0.2, ""test_mae"": 0.051}, {""missing_rate"": 0.3, ""test_mae"": 0.0557}, {""missing_rate"": 0.4, ""test_mae"": 0.0584}, {""missing_rate"": 0.5, ""test_mae"": 0.0632}, {""missing_rate"": 0.6, ""test_mae"": 0.066}, {""missing_rate"": 0.7, ""test_mae"": 0.068}, {""missing_rate"": 0.8, ""test_mae"": 0.0713}, {""missing_rate"": 0.9, ""test_mae"": 0.0832}], ""test_mae_mean"": 0.05927, ""test_mae_max"": 0.0832, ""test_mae_min"": 0.0334, ""test_mae"": 0.0832, ""missing_rate"": 0.9}",experiments/logs/seed91_cnn1d_baseline.log,,,22.7127685546875,"0.0,0.1,0.2,0.3,0.4,0.5,0.6,0.7,0.8,0.9","0.0,0.1,0.2,0.3,0.4,0.5,0.6,0.7,0.8,0.9",20260308_023704,experiments/runs/20260308_023704
seed91_cnn1d_mim,91,cnn1d,mim,completed,2026-03-08 02:37:04,,2026-03-08 05:15:43,"{""mr_results"": [{""missing_rate"": 0.0, ""test_mae"": 0.0096}, {""missing_rate"": 0.1, ""test_mae"": 0.0096}, {""missing_rate"": 0.2, ""test_mae"": 0.0092}, {""missing_rate"": 0.3, ""test_mae"": 0.009}, {""missing_rate"": 0.4, ""test_mae"": 0.0089}, {""missing_rate"": 0.5, ""test_mae"": 0.0087}, {""missing_rate"": 0.6, ""test_mae"": 0.0088}, {""missing_rate"": 0.7, ""test_mae"": 0.0094}, {""missing_rate"": 0.8, ""test_mae"": 0.0112}, {""missing_rate"": 0.9, ""test_mae"": 0.0157}], ""test_mae_mean"": 0.01001, ""test_mae_max"": 0.0157, ""test_mae_min"": 0.0087, ""test_mae"": 0.0157, ""missing_rate"": 0.9}",experiments/logs/seed91_cnn1d_mim.log,Process exited with code 1,,69.28586006164551,"0.0,0.1,0.2,0.3,0.4,0.5,0.6,0.7,0.8,0.9","0.0,0.1,0.2,0.3,0.4,0.5,0.6,0.7,0.8,0.9",20260308_023704,experiments/runs/20260308_023704
seed92_mlp_baseline,92,mlp,baseline,completed,2026-03-08 02:37:04,,2026-03-08 05:16:20,"{""mr_results"": [{""missing_rate"": 0.0, ""test_mae"": 0.0095}, {""missing_rate"": 0.1, ""test_mae"": 0.0115}, {""missing_rate"": 0.2, ""test_mae"": 0.0136}, {""missing_rate"": 0.3, ""test_mae"": 0.016}, {""missing_rate"": 0.4, ""test_mae"": 0.0189}, {""missing_rate"": 0.5, ""test_mae"": 0.0215}, {""missing_rate"": 0.6, ""test_mae"": 0.0248}, {""missing_rate"": 0.7, ""test_mae"": 0.0281}, {""missing_rate"": 0.8, ""test_mae"": 0.0308}, {""missing_rate"": 0.9, ""test_mae"": 0.035}], ""test_mae_mean"": 0.02097, ""test_mae_max"": 0.035, ""test_mae_min"": 0.0095, ""test_mae"": 0.035, ""missing_rate"": 0.9}",experiments/logs/seed92_mlp_baseline.log,Process exited with code 1,,15.022800207138062,"0.0,0.1,0.2,0.3,0.4,0.5,0.6,0.7,0.8,0.9","0.0,0.1,0.2,0.3,0.4,0.5,0.6,0.7,0.8,0.9",20260308_023704,experiments/runs/20260308_023704
seed92_mlp_mim,92,mlp,mim,completed,2026-03-08 02:37:04,,2026-03-08 05:17:17,"{""mr_results"": [{""missing_rate"": 0.0, ""test_mae"": 0.0061}, {""missing_rate"": 0.1, ""test_mae"": 0.0064}, {""missing_rate"": 0.2, ""test_mae"": 0.0068}, {""missing_rate"": 0.3, ""test_mae"": 0.007}, {""missing_rate"": 0.4, ""test_mae"": 0.0075}, {""missing_rate"": 0.5, ""test_mae"": 0.0083}, {""missing_rate"": 0.6, ""test_mae"": 0.0091}, {""missing_rate"": 0.7, ""test_mae"": 0.0109}, {""missing_rate"": 0.8, ""test_mae"": 0.0138}, {""missing_rate"": 0.9, ""test_mae"": 0.0224}], ""test_mae_mean"": 0.00983, ""test_mae_max"": 0.0224, ""test_mae_min"": 0.0061, ""test_mae"": 0.0224, ""missing_rate"": 0.9}",experiments/logs/seed92_mlp_mim.log,Process exited with code 1,,72.40854144096375,"0.0,0.1,0.2,0.3,0.4,0.5,0.6,0.7,0.8,0.9","0.0,0.1,0.2,0.3,0.4,0.5,0.6,0.7,0.8,0.9",20260308_023704,experiments/runs/20260308_023704
seed92_lstm_baseline,92,lstm,baseline,completed,2026-03-08 02:37:04,,2026-03-08 05:17:43,"{""mr_results"": [{""missing_rate"": 0.0, ""test_mae"": 0.0072}, {""missing_rate"": 0.1, ""test_mae"": 0.0074}, {""missing_rate"": 0.2, ""test_mae"": 0.0086}, {""missing_rate"": 0.3, ""test_mae"": 0.0112}, {""missing_rate"": 0.4, ""test_mae"": 0.0176}, {""missing_rate"": 0.5, ""test_mae"": 0.0303}, {""missing_rate"": 0.6, ""test_mae"": 0.0514}, {""missing_rate"": 0.7, ""test_mae"": 0.0771}, {""missing_rate"": 0.8, ""test_mae"": 0.1056}, {""missing_rate"": 0.9, ""test_mae"": 0.135}], ""test_mae_mean"": 0.04514, ""test_mae_max"": 0.135, ""test_mae_min"": 0.0072, ""test_mae"": 0.135, ""missing_rate"": 0.9}",experiments/logs/seed92_lstm_baseline.log,Process exited with code 1,,20.539491415023804,"0.0,0.1,0.2,0.3,0.4,0.5,0.6,0.7,0.8,0.9","0.0,0.1,0.2,0.3,0.4,0.5,0.6,0.7,0.8,0.9",20260308_023704,experiments/runs/20260308_023704
seed92_lstm_mim,92,lstm,mim,completed,2026-03-08 02:37:04,,2026-03-08 05:18:08,"{""mr_results"": [{""missing_rate"": 0.0, ""test_mae"": 0.0067}, {""missing_rate"": 0.1, ""test_mae"": 0.0068}, {""missing_rate"": 0.2, ""test_mae"": 0.007}, {""missing_rate"": 0.3, ""test_mae"": 0.0074}, {""missing_rate"": 0.4, ""test_mae"": 0.0077}, {""missing_rate"": 0.5, ""test_mae"": 0.0083}, {""missing_rate"": 0.6, ""test_mae"": 0.0091}, {""missing_rate"": 0.7, ""test_mae"": 0.0107}, {""missing_rate"": 0.8, ""test_mae"": 0.0138}, {""missing_rate"": 0.9, ""test_mae"": 0.0229}], ""test_mae_mean"": 0.01004, ""test_mae_max"": 0.0229, ""test_mae_min"": 0.0067, ""test_mae"": 0.0229, ""missing_rate"": 0.9}",experiments/logs/seed92_lstm_mim.log,Process exited with code 1,,45.64638710021973,"0.0,0.1,0.2,0.3,0.4,0.5,0.6,0.7,0.8,0.9","0.0,0.1,0.2,0.3,0.4,0.5,0.6,0.7,0.8,0.9",20260308_023704,experiments/runs/20260308_023704
seed92_gru_baseline,92,gru,baseline,completed,2026-03-08 02:37:04,,2026-03-08 05:19:33,"{""mr_results"": [{""missing_rate"": 0.0, ""test_mae"": 0.006}, {""missing_rate"": 0.1, ""test_mae"": 0.008}, {""missing_rate"": 0.2, ""test_mae"": 0.0099}, {""missing_rate"": 0.3, ""test_mae"": 0.0126}, {""missing_rate"": 0.4, ""test_mae"": 0.0161}, {""missing_rate"": 0.5, ""test_mae"": 0.0192}, {""missing_rate"": 0.6, ""test_mae"": 0.0227}, {""missing_rate"": 0.7, ""test_mae"": 0.0264}, {""missing_rate"": 0.8, ""test_mae"": 0.0303}, {""missing_rate"": 0.9, ""test_mae"": 0.0338}], ""test_mae_mean"": 0.0185, ""test_mae_max"": 0.0338, ""test_mae_min"": 0.006, ""test_mae"": 0.0338, ""missing_rate"": 0.9}",experiments/logs/seed92_gru_baseline.log,Process exited with code 1,,13.035610437393188,"0.0,0.1,0.2,0.3,0.4,0.5,0.6,0.7,0.8,0.9","0.0,0.1,0.2,0.3,0.4,0.5,0.6,0.7,0.8,0.9",20260308_023704,experiments/runs/20260308_023704
seed92_gru_mim,92,gru,mim,completed,2026-03-08 02:37:04,,2026-03-08 05:18:44,"{""mr_results"": [{""missing_rate"": 0.0, ""test_mae"": 0.0059}, {""missing_rate"": 0.1, ""test_mae"": 0.0067}, {""missing_rate"": 0.2, ""test_mae"": 0.0076}, {""missing_rate"": 0.3, ""test_mae"": 0.0086}, {""missing_rate"": 0.4, ""test_mae"": 0.0096}, {""missing_rate"": 0.5, ""test_mae"": 0.0105}, {""missing_rate"": 0.6, ""test_mae"": 0.012}, {""missing_rate"": 0.7, ""test_mae"": 0.0142}, {""missing_rate"": 0.8, ""test_mae"": 0.0198}, {""missing_rate"": 0.9, ""test_mae"": 0.0299}], ""test_mae_mean"": 0.012480000000000002, ""test_mae_max"": 0.0299, ""test_mae_min"": 0.0059, ""test_mae"": 0.0299, ""missing_rate"": 0.9}",experiments/logs/seed92_gru_mim.log,,,34.20191979408264,"0.0,0.1,0.2,0.3,0.4,0.5,0.6,0.7,0.8,0.9","0.0,0.1,0.2,0.3,0.4,0.5,0.6,0.7,0.8,0.9",20260308_023704,experiments/runs/20260308_023704
seed92_cnn1d_baseline,92,cnn1d,baseline,completed,2026-03-08 02:37:04,,2026-03-08 05:18:33,"{""mr_results"": [{""missing_rate"": 0.0, ""test_mae"": 0.0329}, {""missing_rate"": 0.1, ""test_mae"": 0.0543}, {""missing_rate"": 0.2, ""test_mae"": 0.0698}, {""missing_rate"": 0.3, ""test_mae"": 0.0786}, {""missing_rate"": 0.4, ""test_mae"": 0.0844}, {""missing_rate"": 0.5, ""test_mae"": 0.093}, {""missing_rate"": 0.6, ""test_mae"": 0.1069}, {""missing_rate"": 0.7, ""test_mae"": 0.119}, {""missing_rate"": 0.8, ""test_mae"": 0.1262}, {""missing_rate"": 0.9, ""test_mae"": 0.1512}], ""test_mae_mean"": 0.09163, ""test_mae_max"": 0.1512, ""test_mae_min"": 0.0329, ""test_mae"": 0.1512, ""missing_rate"": 0.9}",experiments/logs/seed92_cnn1d_baseline.log,,,23.195205450057983,"0.0,0.1,0.2,0.3,0.4,0.5,0.6,0.7,0.8,0.9","0.0,0.1,0.2,0.3,0.4,0.5,0.6,0.7,0.8,0.9",20260308_023704,experiments/runs/20260308_023704
seed92_cnn1d_mim,92,cnn1d,mim,completed,2026-03-08 02:37:04,,2026-03-08 05:18:58,"{""mr_results"": [{""missing_rate"": 0.0, ""test_mae"": 0.0063}, {""missing_rate"": 0.1, ""test_mae"": 0.006}, {""missing_rate"": 0.2, ""test_mae"": 0.006}, {""missing_rate"": 0.3, ""test_mae"": 0.0061}, {""missing_rate"": 0.4, ""test_mae"": 0.0063}, {""missing_rate"": 0.5, ""test_mae"": 0.0067}, {""missing_rate"": 0.6, ""test_mae"": 0.0072}, {""missing_rate"": 0.7, ""test_mae"": 0.0083}, {""missing_rate"": 0.8, ""test_mae"": 0.0104}, {""missing_rate"": 0.9, ""test_mae"": 0.0179}], ""test_mae_mean"": 0.008119999999999999, ""test_mae_max"": 0.0179, ""test_mae_min"": 0.006, ""test_mae"": 0.0179, ""missing_rate"": 0.9}",experiments/logs/seed92_cnn1d_mim.log,,,48.50592303276062,"0.0,0.1,0.2,0.3,0.4,0.5,0.6,0.7,0.8,0.9","0.0,0.1,0.2,0.3,0.4,0.5,0.6,0.7,0.8,0.9",20260308_023704,experiments/runs/20260308_023704
seed93_mlp_baseline,93,mlp,baseline,completed,2026-03-08 02:37:04,,2026-03-08 05:21:09,"{""mr_results"": [{""missing_rate"": 0.0, ""test_mae"": 0.0096}, {""missing_rate"": 0.1, ""test_mae"": 0.0115}, {""missing_rate"": 0.2, ""test_mae"": 0.0135}, {""missing_rate"": 0.3, ""test_mae"": 0.016}, {""missing_rate"": 0.4, ""test_mae"": 0.0189}, {""missing_rate"": 0.5, ""test_mae"": 0.0215}, {""missing_rate"": 0.6, ""test_mae"": 0.0248}, {""missing_rate"": 0.7, ""test_mae"": 0.0282}, {""missing_rate"": 0.8, ""test_mae"": 0.0311}, {""missing_rate"": 0.9, ""test_mae"": 0.0346}], ""test_mae_mean"": 0.02097, ""test_mae_max"": 0.0346, ""test_mae_min"": 0.0096, ""test_mae"": 0.0346, ""missing_rate"": 0.9}",experiments/logs/seed93_mlp_baseline.log,Process exited with code 1,,19.02052330970764,"0.0,0.1,0.2,0.3,0.4,0.5,0.6,0.7,0.8,0.9","0.0,0.1,0.2,0.3,0.4,0.5,0.6,0.7,0.8,0.9",20260308_023704,experiments/runs/20260308_023704
seed93_mlp_mim,93,mlp,mim,completed,2026-03-08 02:37:04,,2026-03-08 05:20:44,"{""mr_results"": [{""missing_rate"": 0.0, ""test_mae"": 0.0068}, {""missing_rate"": 0.1, ""test_mae"": 0.0069}, {""missing_rate"": 0.2, ""test_mae"": 0.0072}, {""missing_rate"": 0.3, ""test_mae"": 0.0073}, {""missing_rate"": 0.4, ""test_mae"": 0.0075}, {""missing_rate"": 0.5, ""test_mae"": 0.0081}, {""missing_rate"": 0.6, ""test_mae"": 0.0089}, {""missing_rate"": 0.7, ""test_mae"": 0.0108}, {""missing_rate"": 0.8, ""test_mae"": 0.0135}, {""missing_rate"": 0.9, ""test_mae"": 0.0223}], ""test_mae_mean"": 0.00993, ""test_mae_max"": 0.0223, ""test_mae_min"": 0.0068, ""test_mae"": 0.0223, ""missing_rate"": 0.9}",experiments/logs/seed93_mlp_mim.log,,,69.12192296981812,"0.0,0.1,0.2,0.3,0.4,0.5,0.6,0.7,0.8,0.9","0.0,0.1,0.2,0.3,0.4,0.5,0.6,0.7,0.8,0.9",20260308_023704,experiments/runs/20260308_023704
seed93_lstm_baseline,93,lstm,baseline,completed,2026-03-08 02:37:04,,2026-03-08 05:19:54,"{""mr_results"": [{""missing_rate"": 0.0, ""test_mae"": 0.009}, {""missing_rate"": 0.1, ""test_mae"": 0.0087}, {""missing_rate"": 0.2, ""test_mae"": 0.0089}, {""missing_rate"": 0.3, ""test_mae"": 0.0097}, {""missing_rate"": 0.4, ""test_mae"": 0.0121}, {""missing_rate"": 0.5, ""test_mae"": 0.0162}, {""missing_rate"": 0.6, ""test_mae"": 0.0224}, {""missing_rate"": 0.7, ""test_mae"": 0.0304}, {""missing_rate"": 0.8, ""test_mae"": 0.0387}, {""missing_rate"": 0.9, ""test_mae"": 0.0518}], ""test_mae_mean"": 0.02079, ""test_mae_max"": 0.0518, ""test_mae_min"": 0.0087, ""test_mae"": 0.0518, ""missing_rate"": 0.9}",experiments/logs/seed93_lstm_baseline.log,,,19.249911308288574,"0.0,0.1,0.2,0.3,0.4,0.5,0.6,0.7,0.8,0.9","0.0,0.1,0.2,0.3,0.4,0.5,0.6,0.7,0.8,0.9",20260308_023704,experiments/runs/20260308_023704
seed93_lstm_mim,93,lstm,mim,completed,2026-03-08 02:37:04,,2026-03-08 05:21:46,"{""mr_results"": [{""missing_rate"": 0.0, ""test_mae"": 0.0069}, {""missing_rate"": 0.1, ""test_mae"": 0.007}, {""missing_rate"": 0.2, ""test_mae"": 0.007}, {""missing_rate"": 0.3, ""test_mae"": 0.0072}, {""missing_rate"": 0.4, ""test_mae"": 0.0075}, {""missing_rate"": 0.5, ""test_mae"": 0.0081}, {""missing_rate"": 0.6, ""test_mae"": 0.0088}, {""missing_rate"": 0.7, ""test_mae"": 0.0103}, {""missing_rate"": 0.8, ""test_mae"": 0.0138}, {""missing_rate"": 0.9, ""test_mae"": 0.0225}], ""test_mae_mean"": 0.009909999999999999, ""test_mae_max"": 0.0225, ""test_mae_min"": 0.0069, ""test_mae"": 0.0225, ""missing_rate"": 0.9}",experiments/logs/seed93_lstm_mim.log,Process exited with code 1,,56.108877182006836,"0.0,0.1,0.2,0.3,0.4,0.5,0.6,0.7,0.8,0.9","0.0,0.1,0.2,0.3,0.4,0.5,0.6,0.7,0.8,0.9",20260308_023704,experiments/runs/20260308_023704
seed93_gru_baseline,93,gru,baseline,completed,2026-03-08 02:37:04,,2026-03-08 05:22:03,"{""mr_results"": [{""missing_rate"": 0.0, ""test_mae"": 0.0052}, {""missing_rate"": 0.1, ""test_mae"": 0.0085}, {""missing_rate"": 0.2, ""test_mae"": 0.0113}, {""missing_rate"": 0.3, ""test_mae"": 0.014}, {""missing_rate"": 0.4, ""test_mae"": 0.0167}, {""missing_rate"": 0.5, ""test_mae"": 0.0197}, {""missing_rate"": 0.6, ""test_mae"": 0.0238}, {""missing_rate"": 0.7, ""test_mae"": 0.0275}, {""missing_rate"": 0.8, ""test_mae"": 0.0309}, {""missing_rate"": 0.9, ""test_mae"": 0.0349}], ""test_mae_mean"": 0.01925, ""test_mae_max"": 0.0349, ""test_mae_min"": 0.0052, ""test_mae"": 0.0349, ""missing_rate"": 0.9}",experiments/logs/seed93_gru_baseline.log,,,14.940913200378418,"0.0,0.1,0.2,0.3,0.4,0.5,0.6,0.7,0.8,0.9","0.0,0.1,0.2,0.3,0.4,0.5,0.6,0.7,0.8,0.9",20260308_023704,experiments/runs/20260308_023704
seed93_gru_mim,93,gru,mim,completed,2026-03-08 02:37:04,,2026-03-08 05:23:27,"{""mr_results"": [{""missing_rate"": 0.0, ""test_mae"": 0.0077}, {""missing_rate"": 0.1, ""test_mae"": 0.0083}, {""missing_rate"": 0.2, ""test_mae"": 0.0089}, {""missing_rate"": 0.3, ""test_mae"": 0.0093}, {""missing_rate"": 0.4, ""test_mae"": 0.0098}, {""missing_rate"": 0.5, ""test_mae"": 0.0103}, {""missing_rate"": 0.6, ""test_mae"": 0.0112}, {""missing_rate"": 0.7, ""test_mae"": 0.0132}, {""missing_rate"": 0.8, ""test_mae"": 0.0175}, {""missing_rate"": 0.9, ""test_mae"": 0.0268}], ""test_mae_mean"": 0.0123, ""test_mae_max"": 0.0268, ""test_mae_min"": 0.0077, ""test_mae"": 0.0268, ""missing_rate"": 0.9}",experiments/logs/seed93_gru_mim.log,Process exited with code 1,,27.853504419326782,"0.0,0.1,0.2,0.3,0.4,0.5,0.6,0.7,0.8,0.9","0.0,0.1,0.2,0.3,0.4,0.5,0.6,0.7,0.8,0.9",20260308_023704,experiments/runs/20260308_023704
seed93_cnn1d_baseline,93,cnn1d,baseline,completed,2026-03-08 02:37:04,,2026-03-08 05:22:09,"{""mr_results"": [{""missing_rate"": 0.0, ""test_mae"": 0.0151}, {""missing_rate"": 0.1, ""test_mae"": 0.0323}, {""missing_rate"": 0.2, ""test_mae"": 0.0444}, {""missing_rate"": 0.3, ""test_mae"": 0.0508}, {""missing_rate"": 0.4, ""test_mae"": 0.0552}, {""missing_rate"": 0.5, ""test_mae"": 0.0603}, {""missing_rate"": 0.6, ""test_mae"": 0.0642}, {""missing_rate"": 0.7, ""test_mae"": 0.069}, {""missing_rate"": 0.8, ""test_mae"": 0.0725}, {""missing_rate"": 0.9, ""test_mae"": 0.0837}], ""test_mae_mean"": 0.05475, ""test_mae_max"": 0.0837, ""test_mae_min"": 0.0151, ""test_mae"": 0.0837, ""missing_rate"": 0.9}",experiments/logs/seed93_cnn1d_baseline.log,,,21.049965381622314,"0.0,0.1,0.2,0.3,0.4,0.5,0.6,0.7,0.8,0.9","0.0,0.1,0.2,0.3,0.4,0.5,0.6,0.7,0.8,0.9",20260308_023704,experiments/runs/20260308_023704
seed93_cnn1d_mim,93,cnn1d,mim,completed,2026-03-08 02:37:04,,2026-03-08 05:23:51,"{""mr_results"": [{""missing_rate"": 0.0, ""test_mae"": 0.006}, {""missing_rate"": 0.1, ""test_mae"": 0.0063}, {""missing_rate"": 0.2, ""test_mae"": 0.0066}, {""missing_rate"": 0.3, ""test_mae"": 0.007}, {""missing_rate"": 0.4, ""test_mae"": 0.0076}, {""missing_rate"": 0.5, ""test_mae"": 0.008}, {""missing_rate"": 0.6, ""test_mae"": 0.0089}, {""missing_rate"": 0.7, ""test_mae"": 0.0098}, {""missing_rate"": 0.8, ""test_mae"": 0.0131}, {""missing_rate"": 0.9, ""test_mae"": 0.0212}], ""test_mae_mean"": 0.00945, ""test_mae_max"": 0.0212, ""test_mae_min"": 0.006, ""test_mae"": 0.0212, ""missing_rate"": 0.9}",experiments/logs/seed93_cnn1d_mim.log,Process exited with code 1,,52.19280982017517,"0.0,0.1,0.2,0.3,0.4,0.5,0.6,0.7,0.8,0.9","0.0,0.1,0.2,0.3,0.4,0.5,0.6,0.7,0.8,0.9",20260308_023704,experiments/runs/20260308_023704
seed94_mlp_baseline,94,mlp,baseline,completed,2026-03-08 02:37:04,,2026-03-08 05:24:16,"{""mr_results"": [{""missing_rate"": 0.0, ""test_mae"": 0.0098}, {""missing_rate"": 0.1, ""test_mae"": 0.0101}, {""missing_rate"": 0.2, ""test_mae"": 0.0111}, {""missing_rate"": 0.3, ""test_mae"": 0.013}, {""missing_rate"": 0.4, ""test_mae"": 0.0157}, {""missing_rate"": 0.5, ""test_mae"": 0.0184}, {""missing_rate"": 0.6, ""test_mae"": 0.0219}, {""missing_rate"": 0.7, ""test_mae"": 0.0253}, {""missing_rate"": 0.8, ""test_mae"": 0.0288}, {""missing_rate"": 0.9, ""test_mae"": 0.0336}], ""test_mae_mean"": 0.018770000000000002, ""test_mae_max"": 0.0336, ""test_mae_min"": 0.0098, ""test_mae"": 0.0336, ""missing_rate"": 0.9}",experiments/logs/seed94_mlp_baseline.log,,,22.84960651397705,"0.0,0.1,0.2,0.3,0.4,0.5,0.6,0.7,0.8,0.9","0.0,0.1,0.2,0.3,0.4,0.5,0.6,0.7,0.8,0.9",20260308_023704,experiments/runs/20260308_023704
seed94_mlp_mim,94,mlp,mim,completed,2026-03-08 02:37:04,,2026-03-08 05:25:14,"{""mr_results"": [{""missing_rate"": 0.0, ""test_mae"": 0.0058}, {""missing_rate"": 0.1, ""test_mae"": 0.0059}, {""missing_rate"": 0.2, ""test_mae"": 0.0061}, {""missing_rate"": 0.3, ""test_mae"": 0.0064}, {""missing_rate"": 0.4, ""test_mae"": 0.0071}, {""missing_rate"": 0.5, ""test_mae"": 0.008}, {""missing_rate"": 0.6, ""test_mae"": 0.0094}, {""missing_rate"": 0.7, ""test_mae"": 0.0113}, {""missing_rate"": 0.8, ""test_mae"": 0.014}, {""missing_rate"": 0.9, ""test_mae"": 0.0234}], ""test_mae_mean"": 0.00974, ""test_mae_max"": 0.0234, ""test_mae_min"": 0.0058, ""test_mae"": 0.0234, ""missing_rate"": 0.9}",experiments/logs/seed94_mlp_mim.log,,,80.56509137153625,"0.0,0.1,0.2,0.3,0.4,0.5,0.6,0.7,0.8,0.9","0.0,0.1,0.2,0.3,0.4,0.5,0.6,0.7,0.8,0.9",20260308_023704,experiments/runs/20260308_023704
seed94_lstm_baseline,94,lstm,baseline,completed,2026-03-08 02:37:04,,2026-03-08 05:24:10,"{""mr_results"": [{""missing_rate"": 0.0, ""test_mae"": 0.0086}, {""missing_rate"": 0.1, ""test_mae"": 0.0091}, {""missing_rate"": 0.2, ""test_mae"": 0.0097}, {""missing_rate"": 0.3, ""test_mae"": 0.0107}, {""missing_rate"": 0.4, ""test_mae"": 0.0123}, {""missing_rate"": 0.5, ""test_mae"": 0.0157}, {""missing_rate"": 0.6, ""test_mae"": 0.0205}, {""missing_rate"": 0.7, ""test_mae"": 0.0256}, {""missing_rate"": 0.8, ""test_mae"": 0.0325}, {""missing_rate"": 0.9, ""test_mae"": 0.0415}], ""test_mae_mean"": 0.01862, ""test_mae_max"": 0.0415, ""test_mae_min"": 0.0086, ""test_mae"": 0.0415, ""missing_rate"": 0.9}",experiments/logs/seed94_lstm_baseline.log,,,16.987518310546875,"0.0,0.1,0.2,0.3,0.4,0.5,0.6,0.7,0.8,0.9","0.0,0.1,0.2,0.3,0.4,0.5,0.6,0.7,0.8,0.9",20260308_023704,experiments/runs/20260308_023704
seed94_lstm_mim,94,lstm,mim,completed,2026-03-08 02:37:04,,2026-03-08 05:24:44,"{""mr_results"": [{""missing_rate"": 0.0, ""test_mae"": 0.0089}, {""missing_rate"": 0.1, ""test_mae"": 0.009}, {""missing_rate"": 0.2, ""test_mae"": 0.009}, {""missing_rate"": 0.3, ""test_mae"": 0.0091}, {""missing_rate"": 0.4, ""test_mae"": 0.0095}, {""missing_rate"": 0.5, ""test_mae"": 0.0098}, {""missing_rate"": 0.6, ""test_mae"": 0.0104}, {""missing_rate"": 0.7, ""test_mae"": 0.0116}, {""missing_rate"": 0.8, ""test_mae"": 0.0145}, {""missing_rate"": 0.9, ""test_mae"": 0.0224}], ""test_mae_mean"": 0.01142, ""test_mae_max"": 0.0224, ""test_mae_min"": 0.0089, ""test_mae"": 0.0224, ""missing_rate"": 0.9}",experiments/logs/seed94_lstm_mim.log,,,51.1158230304718,"0.0,0.1,0.2,0.3,0.4,0.5,0.6,0.7,0.8,0.9","0.0,0.1,0.2,0.3,0.4,0.5,0.6,0.7,0.8,0.9",20260308_023704,experiments/runs/20260308_023704
seed94_gru_baseline,94,gru,baseline,completed,2026-03-08 02:37:04,,2026-03-08 05:25:38,"{""mr_results"": [{""missing_rate"": 0.0, ""test_mae"": 0.0065}, {""missing_rate"": 0.1, ""test_mae"": 0.0073}, {""missing_rate"": 0.2, ""test_mae"": 0.0091}, {""missing_rate"": 0.3, ""test_mae"": 0.0115}, {""missing_rate"": 0.4, ""test_mae"": 0.0147}, {""missing_rate"": 0.5, ""test_mae"": 0.0181}, {""missing_rate"": 0.6, ""test_mae"": 0.0219}, {""missing_rate"": 0.7, ""test_mae"": 0.0258}, {""missing_rate"": 0.8, ""test_mae"": 0.0298}, {""missing_rate"": 0.9, ""test_mae"": 0.0336}], ""test_mae_mean"": 0.01783, ""test_mae_max"": 0.0336, ""test_mae_min"": 0.0065, ""test_mae"": 0.0336, ""missing_rate"": 0.9}",experiments/logs/seed94_gru_baseline.log,,,22.487501859664917,"0.0,0.1,0.2,0.3,0.4,0.5,0.6,0.7,0.8,0.9","0.0,0.1,0.2,0.3,0.4,0.5,0.6,0.7,0.8,0.9",20260308_023704,experiments/runs/20260308_023704
seed94_gru_mim,94,gru,mim,completed,2026-03-08 02:37:04,,2026-03-08 05:25:53,"{""mr_results"": [{""missing_rate"": 0.0, ""test_mae"": 0.0088}, {""missing_rate"": 0.1, ""test_mae"": 0.0092}, {""missing_rate"": 0.2, ""test_mae"": 0.0096}, {""missing_rate"": 0.3, ""test_mae"": 0.0099}, {""missing_rate"": 0.4, ""test_mae"": 0.0104}, {""missing_rate"": 0.5, ""test_mae"": 0.011}, {""missing_rate"": 0.6, ""test_mae"": 0.0116}, {""missing_rate"": 0.7, ""test_mae"": 0.0133}, {""missing_rate"": 0.8, ""test_mae"": 0.017}, {""missing_rate"": 0.9, ""test_mae"": 0.026}], ""test_mae_mean"": 0.01268, ""test_mae_max"": 0.026, ""test_mae_min"": 0.0088, ""test_mae"": 0.026, ""missing_rate"": 0.9}",experiments/logs/seed94_gru_mim.log,,,36.57481861114502,"0.0,0.1,0.2,0.3,0.4,0.5,0.6,0.7,0.8,0.9","0.0,0.1,0.2,0.3,0.4,0.5,0.6,0.7,0.8,0.9",20260308_023704,experiments/runs/20260308_023704
seed94_cnn1d_baseline,94,cnn1d,baseline,completed,2026-03-08 02:37:04,,2026-03-08 05:25:41,"{""mr_results"": [{""missing_rate"": 0.0, ""test_mae"": 0.0368}, {""missing_rate"": 0.1, ""test_mae"": 0.0513}, {""missing_rate"": 0.2, ""test_mae"": 0.0631}, {""missing_rate"": 0.3, ""test_mae"": 0.0689}, {""missing_rate"": 0.4, ""test_mae"": 0.0728}, {""missing_rate"": 0.5, ""test_mae"": 0.0787}, {""missing_rate"": 0.6, ""test_mae"": 0.0844}, {""missing_rate"": 0.7, ""test_mae"": 0.0904}, {""missing_rate"": 0.8, ""test_mae"": 0.096}, {""missing_rate"": 0.9, ""test_mae"": 0.1133}], ""test_mae_mean"": 0.07557, ""test_mae_max"": 0.1133, ""test_mae_min"": 0.0368, ""test_mae"": 0.1133, ""missing_rate"": 0.9}",experiments/logs/seed94_cnn1d_baseline.log,,,24.73947787284851,"0.0,0.1,0.2,0.3,0.4,0.5,0.6,0.7,0.8,0.9","0.0,0.1,0.2,0.3,0.4,0.5,0.6,0.7,0.8,0.9",20260308_023704,experiments/runs/20260308_023704
seed94_cnn1d_mim,94,cnn1d,mim,completed,2026-03-08 02:37:04,,2026-03-08 05:26:27,"{""mr_results"": [{""missing_rate"": 0.0, ""test_mae"": 0.0067}, {""missing_rate"": 0.1, ""test_mae"": 0.0067}, {""missing_rate"": 0.2, ""test_mae"": 0.0068}, {""missing_rate"": 0.3, ""test_mae"": 0.0071}, {""missing_rate"": 0.4, ""test_mae"": 0.0072}, {""missing_rate"": 0.5, ""test_mae"": 0.0077}, {""missing_rate"": 0.6, ""test_mae"": 0.0084}, {""missing_rate"": 0.7, ""test_mae"": 0.0095}, {""missing_rate"": 0.8, ""test_mae"": 0.0117}, {""missing_rate"": 0.9, ""test_mae"": 0.018}], ""test_mae_mean"": 0.00898, ""test_mae_max"": 0.018, ""test_mae_min"": 0.0067, ""test_mae"": 0.018, ""missing_rate"": 0.9}",experiments/logs/seed94_cnn1d_mim.log,,,71.30908846855164,"0.0,0.1,0.2,0.3,0.4,0.5,0.6,0.7,0.8,0.9","0.0,0.1,0.2,0.3,0.4,0.5,0.6,0.7,0.8,0.9",20260308_023704,experiments/runs/20260308_023704
seed95_mlp_baseline,95,mlp,baseline,completed,2026-03-08 02:37:04,,2026-03-08 05:28:10,"{""mr_results"": [{""missing_rate"": 0.0, ""test_mae"": 0.0117}, {""missing_rate"": 0.1, ""test_mae"": 0.0137}, {""missing_rate"": 0.2, ""test_mae"": 0.0152}, {""missing_rate"": 0.3, ""test_mae"": 0.0175}, {""missing_rate"": 0.4, ""test_mae"": 0.0196}, {""missing_rate"": 0.5, ""test_mae"": 0.0222}, {""missing_rate"": 0.6, ""test_mae"": 0.0247}, {""missing_rate"": 0.7, ""test_mae"": 0.0276}, {""missing_rate"": 0.8, ""test_mae"": 0.0303}, {""missing_rate"": 0.9, ""test_mae"": 0.0337}], ""test_mae_mean"": 0.02162, ""test_mae_max"": 0.0337, ""test_mae_min"": 0.0117, ""test_mae"": 0.0337, ""missing_rate"": 0.9}",experiments/logs/seed95_mlp_baseline.log,Process exited with code 1,,16.533671617507935,"0.0,0.1,0.2,0.3,0.4,0.5,0.6,0.7,0.8,0.9","0.0,0.1,0.2,0.3,0.4,0.5,0.6,0.7,0.8,0.9",20260308_023704,experiments/runs/20260308_023704
seed95_mlp_mim,95,mlp,mim,completed,2026-03-08 02:37:04,,2026-03-08 05:27:23,"{""mr_results"": [{""missing_rate"": 0.0, ""test_mae"": 0.0063}, {""missing_rate"": 0.1, ""test_mae"": 0.0065}, {""missing_rate"": 0.2, ""test_mae"": 0.0067}, {""missing_rate"": 0.3, ""test_mae"": 0.0069}, {""missing_rate"": 0.4, ""test_mae"": 0.0074}, {""missing_rate"": 0.5, ""test_mae"": 0.0081}, {""missing_rate"": 0.6, ""test_mae"": 0.0092}, {""missing_rate"": 0.7, ""test_mae"": 0.0109}, {""missing_rate"": 0.8, ""test_mae"": 0.0134}, {""missing_rate"": 0.9, ""test_mae"": 0.0219}], ""test_mae_mean"": 0.009729999999999999, ""test_mae_max"": 0.0219, ""test_mae_min"": 0.0063, ""test_mae"": 0.0219, ""missing_rate"": 0.9}",experiments/logs/seed95_mlp_mim.log,,,54.06733202934265,"0.0,0.1,0.2,0.3,0.4,0.5,0.6,0.7,0.8,0.9","0.0,0.1,0.2,0.3,0.4,0.5,0.6,0.7,0.8,0.9",20260308_023704,experiments/runs/20260308_023704
seed95_lstm_baseline,95,lstm,baseline,completed,2026-03-08 02:37:04,,2026-03-08 05:28:13,"{""mr_results"": [{""missing_rate"": 0.0, ""test_mae"": 0.0055}, {""missing_rate"": 0.1, ""test_mae"": 0.0061}, {""missing_rate"": 0.2, ""test_mae"": 0.0071}, {""missing_rate"": 0.3, ""test_mae"": 0.0083}, {""missing_rate"": 0.4, ""test_mae"": 0.0109}, {""missing_rate"": 0.5, ""test_mae"": 0.0154}, {""missing_rate"": 0.6, ""test_mae"": 0.023}, {""missing_rate"": 0.7, ""test_mae"": 0.0327}, {""missing_rate"": 0.8, ""test_mae"": 0.0443}, {""missing_rate"": 0.9, ""test_mae"": 0.0595}], ""test_mae_mean"": 0.02128, ""test_mae_max"": 0.0595, ""test_mae_min"": 0.0055, ""test_mae"": 0.0595, ""missing_rate"": 0.9}",experiments/logs/seed95_lstm_baseline.log,Process exited with code 1,,19.457375526428223,"0.0,0.1,0.2,0.3,0.4,0.5,0.6,0.7,0.8,0.9","0.0,0.1,0.2,0.3,0.4,0.5,0.6,0.7,0.8,0.9",20260308_023704,experiments/runs/20260308_023704
seed95_lstm_mim,95,lstm,mim,completed,2026-03-08 02:37:04,,2026-03-08 05:27:48,"{""mr_results"": [{""missing_rate"": 0.0, ""test_mae"": 0.0058}, {""missing_rate"": 0.1, ""test_mae"": 0.0059}, {""missing_rate"": 0.2, ""test_mae"": 0.0061}, {""missing_rate"": 0.3, ""test_mae"": 0.0063}, {""missing_rate"": 0.4, ""test_mae"": 0.0067}, {""missing_rate"": 0.5, ""test_mae"": 0.0075}, {""missing_rate"": 0.6, ""test_mae"": 0.0082}, {""missing_rate"": 0.7, ""test_mae"": 0.0094}, {""missing_rate"": 0.8, ""test_mae"": 0.0124}, {""missing_rate"": 0.9, ""test_mae"": 0.0199}], ""test_mae_mean"": 0.00882, ""test_mae_max"": 0.0199, ""test_mae_min"": 0.0058, ""test_mae"": 0.0199, ""missing_rate"": 0.9}",experiments/logs/seed95_lstm_mim.log,,,79.26388835906982,"0.0,0.1,0.2,0.3,0.4,0.5,0.6,0.7,0.8,0.9","0.0,0.1,0.2,0.3,0.4,0.5,0.6,0.7,0.8,0.9",20260308_023704,experiments/runs/20260308_023704
seed95_gru_baseline,95,gru,baseline,completed,2026-03-08 02:37:04,,2026-03-08 05:29:18,"{""mr_results"": [{""missing_rate"": 0.0, ""test_mae"": 0.0094}, {""missing_rate"": 0.1, ""test_mae"": 0.0114}, {""missing_rate"": 0.2, ""test_mae"": 0.0135}, {""missing_rate"": 0.3, ""test_mae"": 0.0163}, {""missing_rate"": 0.4, ""test_mae"": 0.0194}, {""missing_rate"": 0.5, ""test_mae"": 0.0221}, {""missing_rate"": 0.6, ""test_mae"": 0.0254}, {""missing_rate"": 0.7, ""test_mae"": 0.028}, {""missing_rate"": 0.8, ""test_mae"": 0.0316}, {""missing_rate"": 0.9, ""test_mae"": 0.0354}], ""test_mae_mean"": 0.021249999999999998, ""test_mae_max"": 0.0354, ""test_mae_min"": 0.0094, ""test_mae"": 0.0354, ""missing_rate"": 0.9}",experiments/logs/seed95_gru_baseline.log,Process exited with code 1,,13.845198154449463,"0.0,0.1,0.2,0.3,0.4,0.5,0.6,0.7,0.8,0.9","0.0,0.1,0.2,0.3,0.4,0.5,0.6,0.7,0.8,0.9",20260308_023704,experiments/runs/20260308_023704
seed95_gru_mim,95,gru,mim,completed,2026-03-08 02:37:04,,2026-03-08 05:29:42,"{""mr_results"": [{""missing_rate"": 0.0, ""test_mae"": 0.0053}, {""missing_rate"": 0.1, ""test_mae"": 0.0059}, {""missing_rate"": 0.2, ""test_mae"": 0.0065}, {""missing_rate"": 0.3, ""test_mae"": 0.0069}, {""missing_rate"": 0.4, ""test_mae"": 0.0073}, {""missing_rate"": 0.5, ""test_mae"": 0.0077}, {""missing_rate"": 0.6, ""test_mae"": 0.0082}, {""missing_rate"": 0.7, ""test_mae"": 0.0096}, {""missing_rate"": 0.8, ""test_mae"": 0.0126}, {""missing_rate"": 0.9, ""test_mae"": 0.0209}], ""test_mae_mean"": 0.009089999999999999, ""test_mae_max"": 0.0209, ""test_mae_min"": 0.0053, ""test_mae"": 0.0209, ""missing_rate"": 0.9}",experiments/logs/seed95_gru_mim.log,Process exited with code 1,,37.797783613204956,"0.0,0.1,0.2,0.3,0.4,0.5,0.6,0.7,0.8,0.9","0.0,0.1,0.2,0.3,0.4,0.5,0.6,0.7,0.8,0.9",20260308_023704,experiments/runs/20260308_023704
seed95_cnn1d_baseline,95,cnn1d,baseline,completed,2026-03-08 02:37:04,,2026-03-08 05:28:37,"{""mr_results"": [{""missing_rate"": 0.0, ""test_mae"": 0.0248}, {""missing_rate"": 0.1, ""test_mae"": 0.0464}, {""missing_rate"": 0.2, ""test_mae"": 0.0613}, {""missing_rate"": 0.3, ""test_mae"": 0.0687}, {""missing_rate"": 0.4, ""test_mae"": 0.0715}, {""missing_rate"": 0.5, ""test_mae"": 0.0769}, {""missing_rate"": 0.6, ""test_mae"": 0.0818}, {""missing_rate"": 0.7, ""test_mae"": 0.0862}, {""missing_rate"": 0.8, ""test_mae"": 0.0911}, {""missing_rate"": 0.9, ""test_mae"": 0.1037}], ""test_mae_mean"": 0.07124, ""test_mae_max"": 0.1037, ""test_mae_min"": 0.0248, ""test_mae"": 0.1037, ""missing_rate"": 0.9}",experiments/logs/seed95_cnn1d_baseline.log,,,22.082499742507935,"0.0,0.1,0.2,0.3,0.4,0.5,0.6,0.7,0.8,0.9","0.0,0.1,0.2,0.3,0.4,0.5,0.6,0.7,0.8,0.9",20260308_023704,experiments/runs/20260308_023704
seed95_cnn1d_mim,95,cnn1d,mim,completed,2026-03-08 02:37:04,,2026-03-08 05:28:58,"{""mr_results"": [{""missing_rate"": 0.0, ""test_mae"": 0.0106}, {""missing_rate"": 0.1, ""test_mae"": 0.0104}, {""missing_rate"": 0.2, ""test_mae"": 0.01}, {""missing_rate"": 0.3, ""test_mae"": 0.0094}, {""missing_rate"": 0.4, ""test_mae"": 0.0094}, {""missing_rate"": 0.5, ""test_mae"": 0.0095}, {""missing_rate"": 0.6, ""test_mae"": 0.0105}, {""missing_rate"": 0.7, ""test_mae"": 0.0117}, {""missing_rate"": 0.8, ""test_mae"": 0.0141}, {""missing_rate"": 0.9, ""test_mae"": 0.0197}], ""test_mae_mean"": 0.01153, ""test_mae_max"": 0.0197, ""test_mae_min"": 0.0094, ""test_mae"": 0.0197, ""missing_rate"": 0.9}",experiments/logs/seed95_cnn1d_mim.log,,,42.8555052280426,"0.0,0.1,0.2,0.3,0.4,0.5,0.6,0.7,0.8,0.9","0.0,0.1,0.2,0.3,0.4,0.5,0.6,0.7,0.8,0.9",20260308_023704,experiments/runs/20260308_023704
seed96_mlp_baseline,96,mlp,baseline,completed,2026-03-08 02:37:04,,2026-03-08 05:30:08,"{""mr_results"": [{""missing_rate"": 0.0, ""test_mae"": 0.0072}, {""missing_rate"": 0.1, ""test_mae"": 0.0086}, {""missing_rate"": 0.2, ""test_mae"": 0.0102}, {""missing_rate"": 0.3, ""test_mae"": 0.012}, {""missing_rate"": 0.4, ""test_mae"": 0.0142}, {""missing_rate"": 0.5, ""test_mae"": 0.0163}, {""missing_rate"": 0.6, ""test_mae"": 0.0196}, {""missing_rate"": 0.7, ""test_mae"": 0.0233}, {""missing_rate"": 0.8, ""test_mae"": 0.0263}, {""missing_rate"": 0.9, ""test_mae"": 0.0313}], ""test_mae_mean"": 0.016900000000000002, ""test_mae_max"": 0.0313, ""test_mae_min"": 0.0072, ""test_mae"": 0.0313, ""missing_rate"": 0.9}",experiments/logs/seed96_mlp_baseline.log,,,23.54809021949768,"0.0,0.1,0.2,0.3,0.4,0.5,0.6,0.7,0.8,0.9","0.0,0.1,0.2,0.3,0.4,0.5,0.6,0.7,0.8,0.9",20260308_023704,experiments/runs/20260308_023704
seed96_mlp_mim,96,mlp,mim,completed,2026-03-08 02:37:04,,2026-03-08 05:30:34,"{""mr_results"": [{""missing_rate"": 0.0, ""test_mae"": 0.0064}, {""missing_rate"": 0.1, ""test_mae"": 0.0068}, {""missing_rate"": 0.2, ""test_mae"": 0.0071}, {""missing_rate"": 0.3, ""test_mae"": 0.0073}, {""missing_rate"": 0.4, ""test_mae"": 0.0077}, {""missing_rate"": 0.5, ""test_mae"": 0.0085}, {""missing_rate"": 0.6, ""test_mae"": 0.0097}, {""missing_rate"": 0.7, ""test_mae"": 0.0113}, {""missing_rate"": 0.8, ""test_mae"": 0.0141}, {""missing_rate"": 0.9, ""test_mae"": 0.0228}], ""test_mae_mean"": 0.01017, ""test_mae_max"": 0.0228, ""test_mae_min"": 0.0064, ""test_mae"": 0.0228, ""missing_rate"": 0.9}",experiments/logs/seed96_mlp_mim.log,,,50.131678104400635,"0.0,0.1,0.2,0.3,0.4,0.5,0.6,0.7,0.8,0.9","0.0,0.1,0.2,0.3,0.4,0.5,0.6,0.7,0.8,0.9",20260308_023704,experiments/runs/20260308_023704
seed96_lstm_baseline,96,lstm,baseline,completed,2026-03-08 02:37:04,,2026-03-08 05:30:06,"{""mr_results"": [{""missing_rate"": 0.0, ""test_mae"": 0.007}, {""missing_rate"": 0.1, ""test_mae"": 0.0074}, {""missing_rate"": 0.2, ""test_mae"": 0.0086}, {""missing_rate"": 0.3, ""test_mae"": 0.0102}, {""missing_rate"": 0.4, ""test_mae"": 0.0135}, {""missing_rate"": 0.5, ""test_mae"": 0.0193}, {""missing_rate"": 0.6, ""test_mae"": 0.0299}, {""missing_rate"": 0.7, ""test_mae"": 0.044}, {""missing_rate"": 0.8, ""test_mae"": 0.0595}, {""missing_rate"": 0.9, ""test_mae"": 0.0782}], ""test_mae_mean"": 0.02776, ""test_mae_max"": 0.0782, ""test_mae_min"": 0.007, ""test_mae"": 0.0782, ""missing_rate"": 0.9}",experiments/logs/seed96_lstm_baseline.log,,,22.31650447845459,"0.0,0.1,0.2,0.3,0.4,0.5,0.6,0.7,0.8,0.9","0.0,0.1,0.2,0.3,0.4,0.5,0.6,0.7,0.8,0.9",20260308_023704,experiments/runs/20260308_023704
seed96_lstm_mim,96,lstm,mim,completed,2026-03-08 02:37:04,,2026-03-08 05:31:55,"{""mr_results"": [{""missing_rate"": 0.0, ""test_mae"": 0.0079}, {""missing_rate"": 0.1, ""test_mae"": 0.0078}, {""missing_rate"": 0.2, ""test_mae"": 0.0078}, {""missing_rate"": 0.3, ""test_mae"": 0.0079}, {""missing_rate"": 0.4, ""test_mae"": 0.0081}, {""missing_rate"": 0.5, ""test_mae"": 0.0086}, {""missing_rate"": 0.6, ""test_mae"": 0.0091}, {""missing_rate"": 0.7, ""test_mae"": 0.0104}, {""missing_rate"": 0.8, ""test_mae"": 0.0133}, {""missing_rate"": 0.9, ""test_mae"": 0.0216}], ""test_mae_mean"": 0.01025, ""test_mae_max"": 0.0216, ""test_mae_min"": 0.0078, ""test_mae"": 0.0216, ""missing_rate"": 0.9}",experiments/logs/seed96_lstm_mim.log,Process exited with code 1,,75.0916006565094,"0.0,0.1,0.2,0.3,0.4,0.5,0.6,0.7,0.8,0.9","0.0,0.1,0.2,0.3,0.4,0.5,0.6,0.7,0.8,0.9",20260308_023704,experiments/runs/20260308_023704
seed96_gru_baseline,96,gru,baseline,completed,2026-03-08 02:37:04,,2026-03-08 05:32:57,"{""mr_results"": [{""missing_rate"": 0.0, ""test_mae"": 0.0058}, {""missing_rate"": 0.1, ""test_mae"": 0.0083}, {""missing_rate"": 0.2, ""test_mae"": 0.0107}, {""missing_rate"": 0.3, ""test_mae"": 0.0131}, {""missing_rate"": 0.4, ""test_mae"": 0.0164}, {""missing_rate"": 0.5, ""test_mae"": 0.0194}, {""missing_rate"": 0.6, ""test_mae"": 0.0226}, {""missing_rate"": 0.7, ""test_mae"": 0.0261}, {""missing_rate"": 0.8, ""test_mae"": 0.0302}, {""missing_rate"": 0.9, ""test_mae"": 0.0338}], ""test_mae_mean"": 0.01864, ""test_mae_max"": 0.0338, ""test_mae_min"": 0.0058, ""test_mae"": 0.0338, ""missing_rate"": 0.9}",experiments/logs/seed96_gru_baseline.log,Process exited with code 1,,13.56364631652832,"0.0,0.1,0.2,0.3,0.4,0.5,0.6,0.7,0.8,0.9","0.0,0.1,0.2,0.3,0.4,0.5,0.6,0.7,0.8,0.9",20260308_023704,experiments/runs/20260308_023704
seed96_gru_mim,96,gru,mim,completed,2026-03-08 02:37:05,,2026-03-08 05:32:37,"{""mr_results"": [{""missing_rate"": 0.0, ""test_mae"": 0.0059}, {""missing_rate"": 0.1, ""test_mae"": 0.0059}, {""missing_rate"": 0.2, ""test_mae"": 0.0059}, {""missing_rate"": 0.3, ""test_mae"": 0.006}, {""missing_rate"": 0.4, ""test_mae"": 0.0062}, {""missing_rate"": 0.5, ""test_mae"": 0.0063}, {""missing_rate"": 0.6, ""test_mae"": 0.0065}, {""missing_rate"": 0.7, ""test_mae"": 0.0076}, {""missing_rate"": 0.8, ""test_mae"": 0.0108}, {""missing_rate"": 0.9, ""test_mae"": 0.0209}], ""test_mae_mean"": 0.0082, ""test_mae_max"": 0.0209, ""test_mae_min"": 0.0059, ""test_mae"": 0.0209, ""missing_rate"": 0.9}",experiments/logs/seed96_gru_mim.log,,,40.646352767944336,"0.0,0.1,0.2,0.3,0.4,0.5,0.6,0.7,0.8,0.9","0.0,0.1,0.2,0.3,0.4,0.5,0.6,0.7,0.8,0.9",20260308_023704,experiments/runs/20260308_023704
seed96_cnn1d_baseline,96,cnn1d,baseline,completed,2026-03-08 02:37:05,,2026-03-08 05:32:18,"{""mr_results"": [{""missing_rate"": 0.0, ""test_mae"": 0.0277}, {""missing_rate"": 0.1, ""test_mae"": 0.0491}, {""missing_rate"": 0.2, ""test_mae"": 0.064}, {""missing_rate"": 0.3, ""test_mae"": 0.0718}, {""missing_rate"": 0.4, ""test_mae"": 0.0772}, {""missing_rate"": 0.5, ""test_mae"": 0.0836}, {""missing_rate"": 0.6, ""test_mae"": 0.0944}, {""missing_rate"": 0.7, ""test_mae"": 0.1035}, {""missing_rate"": 0.8, ""test_mae"": 0.1124}, {""missing_rate"": 0.9, ""test_mae"": 0.1314}], ""test_mae_mean"": 0.08151, ""test_mae_max"": 0.1314, ""test_mae_min"": 0.0277, ""test_mae"": 0.1314, ""missing_rate"": 0.9}",experiments/logs/seed96_cnn1d_baseline.log,,,21.775384187698364,"0.0,0.1,0.2,0.3,0.4,0.5,0.6,0.7,0.8,0.9","0.0,0.1,0.2,0.3,0.4,0.5,0.6,0.7,0.8,0.9",20260308_023704,experiments/runs/20260308_023704
seed96_cnn1d_mim,96,cnn1d,mim,completed,2026-03-08 02:37:05,,2026-03-08 05:34:12,"{""mr_results"": [{""missing_rate"": 0.0, ""test_mae"": 0.0061}, {""missing_rate"": 0.1, ""test_mae"": 0.0062}, {""missing_rate"": 0.2, ""test_mae"": 0.0064}, {""missing_rate"": 0.3, ""test_mae"": 0.0067}, {""missing_rate"": 0.4, ""test_mae"": 0.0071}, {""missing_rate"": 0.5, ""test_mae"": 0.0075}, {""missing_rate"": 0.6, ""test_mae"": 0.0082}, {""missing_rate"": 0.7, ""test_mae"": 0.0091}, {""missing_rate"": 0.8, ""test_mae"": 0.0114}, {""missing_rate"": 0.9, ""test_mae"": 0.0186}], ""test_mae_mean"": 0.00873, ""test_mae_max"": 0.0186, ""test_mae_min"": 0.0061, ""test_mae"": 0.0186, ""missing_rate"": 0.9}",experiments/logs/seed96_cnn1d_mim.log,Process exited with code 1,,88.23295044898987,"0.0,0.1,0.2,0.3,0.4,0.5,0.6,0.7,0.8,0.9","0.0,0.1,0.2,0.3,0.4,0.5,0.6,0.7,0.8,0.9",20260308_023704,experiments/runs/20260308_023704
seed97_mlp_baseline,97,mlp,baseline,completed,2026-03-08 02:37:05,,2026-03-08 05:34:28,"{""mr_results"": [{""missing_rate"": 0.0, ""test_mae"": 0.0139}, {""missing_rate"": 0.1, ""test_mae"": 0.015}, {""missing_rate"": 0.2, ""test_mae"": 0.0166}, {""missing_rate"": 0.3, ""test_mae"": 0.0187}, {""missing_rate"": 0.4, ""test_mae"": 0.0218}, {""missing_rate"": 0.5, ""test_mae"": 0.0241}, {""missing_rate"": 0.6, ""test_mae"": 0.0273}, {""missing_rate"": 0.7, ""test_mae"": 0.0303}, {""missing_rate"": 0.8, ""test_mae"": 0.0328}, {""missing_rate"": 0.9, ""test_mae"": 0.0361}], ""test_mae_mean"": 0.02366, ""test_mae_max"": 0.0361, ""test_mae_min"": 0.0139, ""test_mae"": 0.0361, ""missing_rate"": 0.9}",experiments/logs/seed97_mlp_baseline.log,,,14.711334466934204,"0.0,0.1,0.2,0.3,0.4,0.5,0.6,0.7,0.8,0.9","0.0,0.1,0.2,0.3,0.4,0.5,0.6,0.7,0.8,0.9",20260308_023704,experiments/runs/20260308_023704
seed97_mlp_mim,97,mlp,mim,completed,2026-03-08 02:37:05,,2026-03-08 05:35:45,"{""mr_results"": [{""missing_rate"": 0.0, ""test_mae"": 0.0062}, {""missing_rate"": 0.1, ""test_mae"": 0.0064}, {""missing_rate"": 0.2, ""test_mae"": 0.0068}, {""missing_rate"": 0.3, ""test_mae"": 0.007}, {""missing_rate"": 0.4, ""test_mae"": 0.0073}, {""missing_rate"": 0.5, ""test_mae"": 0.0078}, {""missing_rate"": 0.6, ""test_mae"": 0.0086}, {""missing_rate"": 0.7, ""test_mae"": 0.0099}, {""missing_rate"": 0.8, ""test_mae"": 0.0124}, {""missing_rate"": 0.9, ""test_mae"": 0.0216}], ""test_mae_mean"": 0.0094, ""test_mae_max"": 0.0216, ""test_mae_min"": 0.0062, ""test_mae"": 0.0216, ""missing_rate"": 0.9}",experiments/logs/seed97_mlp_mim.log,Process exited with code 1,,66.53128480911255,"0.0,0.1,0.2,0.3,0.4,0.5,0.6,0.7,0.8,0.9","0.0,0.1,0.2,0.3,0.4,0.5,0.6,0.7,0.8,0.9",20260308_023704,experiments/runs/20260308_023704
seed97_lstm_baseline,97,lstm,baseline,completed,2026-03-08 02:37:05,,2026-03-08 05:34:33,"{""mr_results"": [{""missing_rate"": 0.0, ""test_mae"": 0.0075}, {""missing_rate"": 0.1, ""test_mae"": 0.0072}, {""missing_rate"": 0.2, ""test_mae"": 0.0081}, {""missing_rate"": 0.3, ""test_mae"": 0.01}, {""missing_rate"": 0.4, ""test_mae"": 0.0139}, {""missing_rate"": 0.5, ""test_mae"": 0.0211}, {""missing_rate"": 0.6, ""test_mae"": 0.0333}, {""missing_rate"": 0.7, ""test_mae"": 0.0486}, {""missing_rate"": 0.8, ""test_mae"": 0.0666}, {""missing_rate"": 0.9, ""test_mae"": 0.0837}], ""test_mae_mean"": 0.03, ""test_mae_max"": 0.0837, ""test_mae_min"": 0.0072, ""test_mae"": 0.0837, ""missing_rate"": 0.9}",experiments/logs/seed97_lstm_baseline.log,,,18.904499530792236,"0.0,0.1,0.2,0.3,0.4,0.5,0.6,0.7,0.8,0.9","0.0,0.1,0.2,0.3,0.4,0.5,0.6,0.7,0.8,0.9",20260308_023704,experiments/runs/20260308_023704
seed97_lstm_mim,97,lstm,mim,completed,2026-03-08 02:37:05,,2026-03-08 05:35:27,"{""mr_results"": [{""missing_rate"": 0.0, ""test_mae"": 0.007}, {""missing_rate"": 0.1, ""test_mae"": 0.007}, {""missing_rate"": 0.2, ""test_mae"": 0.0071}, {""missing_rate"": 0.3, ""test_mae"": 0.0072}, {""missing_rate"": 0.4, ""test_mae"": 0.0075}, {""missing_rate"": 0.5, ""test_mae"": 0.0079}, {""missing_rate"": 0.6, ""test_mae"": 0.0084}, {""missing_rate"": 0.7, ""test_mae"": 0.0098}, {""missing_rate"": 0.8, ""test_mae"": 0.0128}, {""missing_rate"": 0.9, ""test_mae"": 0.0213}], ""test_mae_mean"": 0.009600000000000001, ""test_mae_max"": 0.0213, ""test_mae_min"": 0.007, ""test_mae"": 0.0213, ""missing_rate"": 0.9}",experiments/logs/seed97_lstm_mim.log,Process exited with code 1,,48.22111511230469,"0.0,0.1,0.2,0.3,0.4,0.5,0.6,0.7,0.8,0.9","0.0,0.1,0.2,0.3,0.4,0.5,0.6,0.7,0.8,0.9",20260308_023704,experiments/runs/20260308_023704
seed97_gru_baseline,97,gru,baseline,completed,2026-03-08 02:37:05,,2026-03-08 05:36:19,"{""mr_results"": [{""missing_rate"": 0.0, ""test_mae"": 0.0101}, {""missing_rate"": 0.1, ""test_mae"": 0.0121}, {""missing_rate"": 0.2, ""test_mae"": 0.0144}, {""missing_rate"": 0.3, ""test_mae"": 0.0165}, {""missing_rate"": 0.4, ""test_mae"": 0.0193}, {""missing_rate"": 0.5, ""test_mae"": 0.0219}, {""missing_rate"": 0.6, ""test_mae"": 0.0255}, {""missing_rate"": 0.7, ""test_mae"": 0.0286}, {""missing_rate"": 0.8, ""test_mae"": 0.0319}, {""missing_rate"": 0.9, ""test_mae"": 0.0354}], ""test_mae_mean"": 0.02157, ""test_mae_max"": 0.0354, ""test_mae_min"": 0.0101, ""test_mae"": 0.0354, ""missing_rate"": 0.9}",experiments/logs/seed97_gru_baseline.log,Process exited with code 1,,15.668858528137207,"0.0,0.1,0.2,0.3,0.4,0.5,0.6,0.7,0.8,0.9","0.0,0.1,0.2,0.3,0.4,0.5,0.6,0.7,0.8,0.9",20260308_023704,experiments/runs/20260308_023704
seed97_gru_mim,97,gru,mim,completed,2026-03-08 02:37:05,,2026-03-08 05:36:59,"{""mr_results"": [{""missing_rate"": 0.0, ""test_mae"": 0.0082}, {""missing_rate"": 0.1, ""test_mae"": 0.0083}, {""missing_rate"": 0.2, ""test_mae"": 0.0084}, {""missing_rate"": 0.3, ""test_mae"": 0.0084}, {""missing_rate"": 0.4, ""test_mae"": 0.0084}, {""missing_rate"": 0.5, ""test_mae"": 0.0086}, {""missing_rate"": 0.6, ""test_mae"": 0.0089}, {""missing_rate"": 0.7, ""test_mae"": 0.01}, {""missing_rate"": 0.8, ""test_mae"": 0.0134}, {""missing_rate"": 0.9, ""test_mae"": 0.0226}], ""test_mae_mean"": 0.01052, ""test_mae_max"": 0.0226, ""test_mae_min"": 0.0082, ""test_mae"": 0.0226, ""missing_rate"": 0.9}",experiments/logs/seed97_gru_mim.log,Process exited with code 1,,55.9463906288147,"0.0,0.1,0.2,0.3,0.4,0.5,0.6,0.7,0.8,0.9","0.0,0.1,0.2,0.3,0.4,0.5,0.6,0.7,0.8,0.9",20260308_023704,experiments/runs/20260308_023704
seed97_cnn1d_baseline,97,cnn1d,baseline,completed,2026-03-08 02:37:05,,2026-03-08 05:36:26,"{""mr_results"": [{""missing_rate"": 0.0, ""test_mae"": 0.0214}, {""missing_rate"": 0.1, ""test_mae"": 0.042}, {""missing_rate"": 0.2, ""test_mae"": 0.0547}, {""missing_rate"": 0.3, ""test_mae"": 0.0607}, {""missing_rate"": 0.4, ""test_mae"": 0.0644}, {""missing_rate"": 0.5, ""test_mae"": 0.0688}, {""missing_rate"": 0.6, ""test_mae"": 0.0732}, {""missing_rate"": 0.7, ""test_mae"": 0.0798}, {""missing_rate"": 0.8, ""test_mae"": 0.0859}, {""missing_rate"": 0.9, ""test_mae"": 0.0998}], ""test_mae_mean"": 0.06506999999999999, ""test_mae_max"": 0.0998, ""test_mae_min"": 0.0214, ""test_mae"": 0.0998, ""missing_rate"": 0.9}",experiments/logs/seed97_cnn1d_baseline.log,Process exited with code 1,,23.257543087005615,"0.0,0.1,0.2,0.3,0.4,0.5,0.6,0.7,0.8,0.9","0.0,0.1,0.2,0.3,0.4,0.5,0.6,0.7,0.8,0.9",20260308_023704,experiments/runs/20260308_023704
seed97_cnn1d_mim,97,cnn1d,mim,completed,2026-03-08 02:37:05,,2026-03-08 05:36:55,"{""mr_results"": [{""missing_rate"": 0.0, ""test_mae"": 0.0089}, {""missing_rate"": 0.1, ""test_mae"": 0.0072}, {""missing_rate"": 0.2, ""test_mae"": 0.0064}, {""missing_rate"": 0.3, ""test_mae"": 0.0063}, {""missing_rate"": 0.4, ""test_mae"": 0.0063}, {""missing_rate"": 0.5, ""test_mae"": 0.0067}, {""missing_rate"": 0.6, ""test_mae"": 0.0075}, {""missing_rate"": 0.7, ""test_mae"": 0.0093}, {""missing_rate"": 0.8, ""test_mae"": 0.0128}, {""missing_rate"": 0.9, ""test_mae"": 0.0211}], ""test_mae_mean"": 0.00925, ""test_mae_max"": 0.0211, ""test_mae_min"": 0.0063, ""test_mae"": 0.0211, ""missing_rate"": 0.9}",experiments/logs/seed97_cnn1d_mim.log,Process exited with code 1,,52.34948229789734,"0.0,0.1,0.2,0.3,0.4,0.5,0.6,0.7,0.8,0.9","0.0,0.1,0.2,0.3,0.4,0.5,0.6,0.7,0.8,0.9",20260308_023704,experiments/runs/20260308_023704
seed98_mlp_baseline,98,mlp,baseline,completed,2026-03-08 02:37:05,,2026-03-08 05:38:16,"{""mr_results"": [{""missing_rate"": 0.0, ""test_mae"": 0.0088}, {""missing_rate"": 0.1, ""test_mae"": 0.0104}, {""missing_rate"": 0.2, ""test_mae"": 0.0128}, {""missing_rate"": 0.3, ""test_mae"": 0.0157}, {""missing_rate"": 0.4, ""test_mae"": 0.0191}, {""missing_rate"": 0.5, ""test_mae"": 0.0225}, {""missing_rate"": 0.6, ""test_mae"": 0.0262}, {""missing_rate"": 0.7, ""test_mae"": 0.0288}, {""missing_rate"": 0.8, ""test_mae"": 0.0315}, {""missing_rate"": 0.9, ""test_mae"": 0.0354}], ""test_mae_mean"": 0.02112, ""test_mae_max"": 0.0354, ""test_mae_min"": 0.0088, ""test_mae"": 0.0354, ""missing_rate"": 0.9}",experiments/logs/seed98_mlp_baseline.log,Process exited with code 1,,14.43247365951538,"0.0,0.1,0.2,0.3,0.4,0.5,0.6,0.7,0.8,0.9","0.0,0.1,0.2,0.3,0.4,0.5,0.6,0.7,0.8,0.9",20260308_023704,experiments/runs/20260308_023704
seed98_mlp_mim,98,mlp,mim,completed,2026-03-08 02:37:05,,2026-03-08 05:37:56,"{""mr_results"": [{""missing_rate"": 0.0, ""test_mae"": 0.006}, {""missing_rate"": 0.1, ""test_mae"": 0.0063}, {""missing_rate"": 0.2, ""test_mae"": 0.0066}, {""missing_rate"": 0.3, ""test_mae"": 0.0068}, {""missing_rate"": 0.4, ""test_mae"": 0.0073}, {""missing_rate"": 0.5, ""test_mae"": 0.008}, {""missing_rate"": 0.6, ""test_mae"": 0.0091}, {""missing_rate"": 0.7, ""test_mae"": 0.0106}, {""missing_rate"": 0.8, ""test_mae"": 0.0132}, {""missing_rate"": 0.9, ""test_mae"": 0.0221}], ""test_mae_mean"": 0.009600000000000001, ""test_mae_max"": 0.0221, ""test_mae_min"": 0.006, ""test_mae"": 0.0221, ""missing_rate"": 0.9}",experiments/logs/seed98_mlp_mim.log,,,55.14681005477905,"0.0,0.1,0.2,0.3,0.4,0.5,0.6,0.7,0.8,0.9","0.0,0.1,0.2,0.3,0.4,0.5,0.6,0.7,0.8,0.9",20260308_023704,experiments/runs/20260308_023704
seed98_lstm_baseline,98,lstm,baseline,completed,2026-03-08 02:37:05,,2026-03-08 05:37:24,"{""mr_results"": [{""missing_rate"": 0.0, ""test_mae"": 0.0082}, {""missing_rate"": 0.1, ""test_mae"": 0.0089}, {""missing_rate"": 0.2, ""test_mae"": 0.0097}, {""missing_rate"": 0.3, ""test_mae"": 0.0106}, {""missing_rate"": 0.4, ""test_mae"": 0.013}, {""missing_rate"": 0.5, ""test_mae"": 0.0177}, {""missing_rate"": 0.6, ""test_mae"": 0.0265}, {""missing_rate"": 0.7, ""test_mae"": 0.0393}, {""missing_rate"": 0.8, ""test_mae"": 0.0553}, {""missing_rate"": 0.9, ""test_mae"": 0.0747}], ""test_mae_mean"": 0.026390000000000004, ""test_mae_max"": 0.0747, ""test_mae_min"": 0.0082, ""test_mae"": 0.0747, ""missing_rate"": 0.9}",experiments/logs/seed98_lstm_baseline.log,,,23.268641710281372,"0.0,0.1,0.2,0.3,0.4,0.5,0.6,0.7,0.8,0.9","0.0,0.1,0.2,0.3,0.4,0.5,0.6,0.7,0.8,0.9",20260308_023704,experiments/runs/20260308_023704
seed98_lstm_mim,98,lstm,mim,completed,2026-03-08 02:37:05,,2026-03-08 05:39:04,"{""mr_results"": [{""missing_rate"": 0.0, ""test_mae"": 0.006}, {""missing_rate"": 0.1, ""test_mae"": 0.0058}, {""missing_rate"": 0.2, ""test_mae"": 0.0058}, {""missing_rate"": 0.3, ""test_mae"": 0.006}, {""missing_rate"": 0.4, ""test_mae"": 0.0064}, {""missing_rate"": 0.5, ""test_mae"": 0.007}, {""missing_rate"": 0.6, ""test_mae"": 0.0077}, {""missing_rate"": 0.7, ""test_mae"": 0.0095}, {""missing_rate"": 0.8, ""test_mae"": 0.014}, {""missing_rate"": 0.9, ""test_mae"": 0.0256}], ""test_mae_mean"": 0.00938, ""test_mae_max"": 0.0256, ""test_mae_min"": 0.0058, ""test_mae"": 0.0256, ""missing_rate"": 0.9}",experiments/logs/seed98_lstm_mim.log,Process exited with code 1,,62.57688522338867,"0.0,0.1,0.2,0.3,0.4,0.5,0.6,0.7,0.8,0.9","0.0,0.1,0.2,0.3,0.4,0.5,0.6,0.7,0.8,0.9",20260308_023704,experiments/runs/20260308_023704
seed98_gru_baseline,98,gru,baseline,completed,2026-03-08 02:37:05,,2026-03-08 05:40:23,"{""mr_results"": [{""missing_rate"": 0.0, ""test_mae"": 0.0073}, {""missing_rate"": 0.1, ""test_mae"": 0.0085}, {""missing_rate"": 0.2, ""test_mae"": 0.0107}, {""missing_rate"": 0.3, ""test_mae"": 0.0135}, {""missing_rate"": 0.4, ""test_mae"": 0.0166}, {""missing_rate"": 0.5, ""test_mae"": 0.02}, {""missing_rate"": 0.6, ""test_mae"": 0.0237}, {""missing_rate"": 0.7, ""test_mae"": 0.0272}, {""missing_rate"": 0.8, ""test_mae"": 0.0308}, {""missing_rate"": 0.9, ""test_mae"": 0.0343}], ""test_mae_mean"": 0.01926, ""test_mae_max"": 0.0343, ""test_mae_min"": 0.0073, ""test_mae"": 0.0343, ""missing_rate"": 0.9}",experiments/logs/seed98_gru_baseline.log,Process exited with code 1,,13.613951683044434,"0.0,0.1,0.2,0.3,0.4,0.5,0.6,0.7,0.8,0.9","0.0,0.1,0.2,0.3,0.4,0.5,0.6,0.7,0.8,0.9",20260308_023704,experiments/runs/20260308_023704
seed98_gru_mim,98,gru,mim,completed,2026-03-08 02:37:05,,2026-03-08 05:40:46,"{""mr_results"": [{""missing_rate"": 0.0, ""test_mae"": 0.0049}, {""missing_rate"": 0.1, ""test_mae"": 0.0053}, {""missing_rate"": 0.2, ""test_mae"": 0.0055}, {""missing_rate"": 0.3, ""test_mae"": 0.0059}, {""missing_rate"": 0.4, ""test_mae"": 0.0063}, {""missing_rate"": 0.5, ""test_mae"": 0.0066}, {""missing_rate"": 0.6, ""test_mae"": 0.007}, {""missing_rate"": 0.7, ""test_mae"": 0.0081}, {""missing_rate"": 0.8, ""test_mae"": 0.0111}, {""missing_rate"": 0.9, ""test_mae"": 0.0201}], ""test_mae_mean"": 0.00808, ""test_mae_max"": 0.0201, ""test_mae_min"": 0.0049, ""test_mae"": 0.0201, ""missing_rate"": 0.9}",experiments/logs/seed98_gru_mim.log,Process exited with code 1,,36.288835525512695,"0.0,0.1,0.2,0.3,0.4,0.5,0.6,0.7,0.8,0.9","0.0,0.1,0.2,0.3,0.4,0.5,0.6,0.7,0.8,0.9",20260308_023704,experiments/runs/20260308_023704
seed98_cnn1d_baseline,98,cnn1d,baseline,completed,2026-03-08 02:37:05,,2026-03-08 05:39:28,"{""mr_results"": [{""missing_rate"": 0.0, ""test_mae"": 0.0225}, {""missing_rate"": 0.1, ""test_mae"": 0.0388}, {""missing_rate"": 0.2, ""test_mae"": 0.0477}, {""missing_rate"": 0.3, ""test_mae"": 0.0531}, {""missing_rate"": 0.4, ""test_mae"": 0.0562}, {""missing_rate"": 0.5, ""test_mae"": 0.06}, {""missing_rate"": 0.6, ""test_mae"": 0.0648}, {""missing_rate"": 0.7, ""test_mae"": 0.069}, {""missing_rate"": 0.8, ""test_mae"": 0.074}, {""missing_rate"": 0.9, ""test_mae"": 0.0867}], ""test_mae_mean"": 0.05728, ""test_mae_max"": 0.0867, ""test_mae_min"": 0.0225, ""test_mae"": 0.0867, ""missing_rate"": 0.9}",experiments/logs/seed98_cnn1d_baseline.log,,,22.781749963760376,"0.0,0.1,0.2,0.3,0.4,0.5,0.6,0.7,0.8,0.9","0.0,0.1,0.2,0.3,0.4,0.5,0.6,0.7,0.8,0.9",20260308_023704,experiments/runs/20260308_023704
seed98_cnn1d_mim,98,cnn1d,mim,completed,2026-03-08 02:37:05,,2026-03-08 05:40:04,"{""mr_results"": [{""missing_rate"": 0.0, ""test_mae"": 0.0063}, {""missing_rate"": 0.1, ""test_mae"": 0.0064}, {""missing_rate"": 0.2, ""test_mae"": 0.0067}, {""missing_rate"": 0.3, ""test_mae"": 0.007}, {""missing_rate"": 0.4, ""test_mae"": 0.0073}, {""missing_rate"": 0.5, ""test_mae"": 0.0077}, {""missing_rate"": 0.6, ""test_mae"": 0.0082}, {""missing_rate"": 0.7, ""test_mae"": 0.0092}, {""missing_rate"": 0.8, ""test_mae"": 0.0112}, {""missing_rate"": 0.9, ""test_mae"": 0.0185}], ""test_mae_mean"": 0.00885, ""test_mae_max"": 0.0185, ""test_mae_min"": 0.0063, ""test_mae"": 0.0185, ""missing_rate"": 0.9}",experiments/logs/seed98_cnn1d_mim.log,,,59.27082586288452,"0.0,0.1,0.2,0.3,0.4,0.5,0.6,0.7,0.8,0.9","0.0,0.1,0.2,0.3,0.4,0.5,0.6,0.7,0.8,0.9",20260308_023704,experiments/runs/20260308_023704
seed99_mlp_baseline,99,mlp,baseline,completed,2026-03-08 02:37:05,,2026-03-08 05:42:05,"{""mr_results"": [{""missing_rate"": 0.0, ""test_mae"": 0.0097}, {""missing_rate"": 0.1, ""test_mae"": 0.0112}, {""missing_rate"": 0.2, ""test_mae"": 0.0127}, {""missing_rate"": 0.3, ""test_mae"": 0.0151}, {""missing_rate"": 0.4, ""test_mae"": 0.0179}, {""missing_rate"": 0.5, ""test_mae"": 0.0209}, {""missing_rate"": 0.6, ""test_mae"": 0.0244}, {""missing_rate"": 0.7, ""test_mae"": 0.028}, {""missing_rate"": 0.8, ""test_mae"": 0.0309}, {""missing_rate"": 0.9, ""test_mae"": 0.0349}], ""test_mae_mean"": 0.020569999999999998, ""test_mae_max"": 0.0349, ""test_mae_min"": 0.0097, ""test_mae"": 0.0349, ""missing_rate"": 0.9}",experiments/logs/seed99_mlp_baseline.log,Process exited with code 1,,17.398879051208496,"0.0,0.1,0.2,0.3,0.4,0.5,0.6,0.7,0.8,0.9","0.0,0.1,0.2,0.3,0.4,0.5,0.6,0.7,0.8,0.9",20260308_023704,experiments/runs/20260308_023704
seed99_mlp_mim,99,mlp,mim,completed,2026-03-08 02:37:05,,2026-03-08 05:41:41,"{""mr_results"": [{""missing_rate"": 0.0, ""test_mae"": 0.0079}, {""missing_rate"": 0.1, ""test_mae"": 0.0079}, {""missing_rate"": 0.2, ""test_mae"": 0.0081}, {""missing_rate"": 0.3, ""test_mae"": 0.0082}, {""missing_rate"": 0.4, ""test_mae"": 0.0087}, {""missing_rate"": 0.5, ""test_mae"": 0.0093}, {""missing_rate"": 0.6, ""test_mae"": 0.0103}, {""missing_rate"": 0.7, ""test_mae"": 0.0119}, {""missing_rate"": 0.8, ""test_mae"": 0.014}, {""missing_rate"": 0.9, ""test_mae"": 0.0227}], ""test_mae_mean"": 0.0109, ""test_mae_max"": 0.0227, ""test_mae_min"": 0.0079, ""test_mae"": 0.0227, ""missing_rate"": 0.9}",experiments/logs/seed99_mlp_mim.log,,,52.97636556625366,"0.0,0.1,0.2,0.3,0.4,0.5,0.6,0.7,0.8,0.9","0.0,0.1,0.2,0.3,0.4,0.5,0.6,0.7,0.8,0.9",20260308_023704,experiments/runs/20260308_023704
seed99_lstm_baseline,99,lstm,baseline,completed,2026-03-08 02:37:05,,2026-03-08 05:41:09,"{""mr_results"": [{""missing_rate"": 0.0, ""test_mae"": 0.0085}, {""missing_rate"": 0.1, ""test_mae"": 0.0096}, {""missing_rate"": 0.2, ""test_mae"": 0.0104}, {""missing_rate"": 0.3, ""test_mae"": 0.0112}, {""missing_rate"": 0.4, ""test_mae"": 0.0127}, {""missing_rate"": 0.5, ""test_mae"": 0.0153}, {""missing_rate"": 0.6, ""test_mae"": 0.0192}, {""missing_rate"": 0.7, ""test_mae"": 0.0231}, {""missing_rate"": 0.8, ""test_mae"": 0.0282}, {""missing_rate"": 0.9, ""test_mae"": 0.0361}], ""test_mae_mean"": 0.017429999999999998, ""test_mae_max"": 0.0361, ""test_mae_min"": 0.0085, ""test_mae"": 0.0361, ""missing_rate"": 0.9}",experiments/logs/seed99_lstm_baseline.log,,,21.30406093597412,"0.0,0.1,0.2,0.3,0.4,0.5,0.6,0.7,0.8,0.9","0.0,0.1,0.2,0.3,0.4,0.5,0.6,0.7,0.8,0.9",20260308_023704,experiments/runs/20260308_023704
seed99_lstm_mim,99,lstm,mim,completed,2026-03-08 02:37:05,,2026-03-08 05:42:53,"{""mr_results"": [{""missing_rate"": 0.0, ""test_mae"": 0.006}, {""missing_rate"": 0.1, ""test_mae"": 0.006}, {""missing_rate"": 0.2, ""test_mae"": 0.006}, {""missing_rate"": 0.3, ""test_mae"": 0.0061}, {""missing_rate"": 0.4, ""test_mae"": 0.0064}, {""missing_rate"": 0.5, ""test_mae"": 0.007}, {""missing_rate"": 0.6, ""test_mae"": 0.0079}, {""missing_rate"": 0.7, ""test_mae"": 0.0097}, {""missing_rate"": 0.8, ""test_mae"": 0.0133}, {""missing_rate"": 0.9, ""test_mae"": 0.0219}], ""test_mae_mean"": 0.00903, ""test_mae_max"": 0.0219, ""test_mae_min"": 0.006, ""test_mae"": 0.0219, ""missing_rate"": 0.9}",experiments/logs/seed99_lstm_mim.log,Process exited with code 1,,66.01862907409668,"0.0,0.1,0.2,0.3,0.4,0.5,0.6,0.7,0.8,0.9","0.0,0.1,0.2,0.3,0.4,0.5,0.6,0.7,0.8,0.9",20260308_023704,experiments/runs/20260308_023704
seed99_gru_baseline,99,gru,baseline,completed,2026-03-08 02:37:05,,2026-03-08 05:43:09,"{""mr_results"": [{""missing_rate"": 0.0, ""test_mae"": 0.009}, {""missing_rate"": 0.1, ""test_mae"": 0.0104}, {""missing_rate"": 0.2, ""test_mae"": 0.0127}, {""missing_rate"": 0.3, ""test_mae"": 0.0151}, {""missing_rate"": 0.4, ""test_mae"": 0.018}, {""missing_rate"": 0.5, ""test_mae"": 0.0211}, {""missing_rate"": 0.6, ""test_mae"": 0.0244}, {""missing_rate"": 0.7, ""test_mae"": 0.028}, {""missing_rate"": 0.8, ""test_mae"": 0.0314}, {""missing_rate"": 0.9, ""test_mae"": 0.0345}], ""test_mae_mean"": 0.02046, ""test_mae_max"": 0.0345, ""test_mae_min"": 0.009, ""test_mae"": 0.0345, ""missing_rate"": 0.9}",experiments/logs/seed99_gru_baseline.log,,,14.13853931427002,"0.0,0.1,0.2,0.3,0.4,0.5,0.6,0.7,0.8,0.9","0.0,0.1,0.2,0.3,0.4,0.5,0.6,0.7,0.8,0.9",20260308_023704,experiments/runs/20260308_023704
seed99_gru_mim,99,gru,mim,completed,2026-03-08 02:37:05,,2026-03-08 05:43:36,"{""mr_results"": [{""missing_rate"": 0.0, ""test_mae"": 0.0049}, {""missing_rate"": 0.1, ""test_mae"": 0.0056}, {""missing_rate"": 0.2, ""test_mae"": 0.0062}, {""missing_rate"": 0.3, ""test_mae"": 0.0068}, {""missing_rate"": 0.4, ""test_mae"": 0.0073}, {""missing_rate"": 0.5, ""test_mae"": 0.0081}, {""missing_rate"": 0.6, ""test_mae"": 0.0091}, {""missing_rate"": 0.7, ""test_mae"": 0.0111}, {""missing_rate"": 0.8, ""test_mae"": 0.0158}, {""missing_rate"": 0.9, ""test_mae"": 0.0269}], ""test_mae_mean"": 0.01018, ""test_mae_max"": 0.0269, ""test_mae_min"": 0.0049, ""test_mae"": 0.0269, ""missing_rate"": 0.9}",experiments/logs/seed99_gru_mim.log,,,40.74534225463867,"0.0,0.1,0.2,0.3,0.4,0.5,0.6,0.7,0.8,0.9","0.0,0.1,0.2,0.3,0.4,0.5,0.6,0.7,0.8,0.9",20260308_023704,experiments/runs/20260308_023704
seed99_cnn1d_baseline,99,cnn1d,baseline,completed,2026-03-08 02:37:05,,2026-03-08 05:43:18,"{""mr_results"": [{""missing_rate"": 0.0, ""test_mae"": 0.0299}, {""missing_rate"": 0.1, ""test_mae"": 0.0439}, {""missing_rate"": 0.2, ""test_mae"": 0.0555}, {""missing_rate"": 0.3, ""test_mae"": 0.0627}, {""missing_rate"": 0.4, ""test_mae"": 0.0662}, {""missing_rate"": 0.5, ""test_mae"": 0.0718}, {""missing_rate"": 0.6, ""test_mae"": 0.0802}, {""missing_rate"": 0.7, ""test_mae"": 0.0901}, {""missing_rate"": 0.8, ""test_mae"": 0.0997}, {""missing_rate"": 0.9, ""test_mae"": 0.1202}], ""test_mae_mean"": 0.07202, ""test_mae_max"": 0.1202, ""test_mae_min"": 0.0299, ""test_mae"": 0.1202, ""missing_rate"": 0.9}",experiments/logs/seed99_cnn1d_baseline.log,,,23.097477674484253,"0.0,0.1,0.2,0.3,0.4,0.5,0.6,0.7,0.8,0.9","0.0,0.1,0.2,0.3,0.4,0.5,0.6,0.7,0.8,0.9",20260308_023704,experiments/runs/20260308_023704
seed99_cnn1d_mim,99,cnn1d,mim,completed,2026-03-08 02:37:05,,2026-03-08 05:43:59,"{""mr_results"": [{""missing_rate"": 0.0, ""test_mae"": 0.0052}, {""missing_rate"": 0.1, ""test_mae"": 0.0053}, {""missing_rate"": 0.2, ""test_mae"": 0.0056}, {""missing_rate"": 0.3, ""test_mae"": 0.0057}, {""missing_rate"": 0.4, ""test_mae"": 0.0061}, {""missing_rate"": 0.5, ""test_mae"": 0.0066}, {""missing_rate"": 0.6, ""test_mae"": 0.0075}, {""missing_rate"": 0.7, ""test_mae"": 0.0085}, {""missing_rate"": 0.8, ""test_mae"": 0.0101}, {""missing_rate"": 0.9, ""test_mae"": 0.0147}], ""test_mae_mean"": 0.00753, ""test_mae_max"": 0.0147, ""test_mae_min"": 0.0052, ""test_mae"": 0.0147, ""missing_rate"": 0.9}",experiments/logs/seed99_cnn1d_mim.log,,,63.58587884902954,"0.0,0.1,0.2,0.3,0.4,0.5,0.6,0.7,0.8,0.9","0.0,0.1,0.2,0.3,0.4,0.5,0.6,0.7,0.8,0.9",20260308_023704,experiments/runs/20260308_023704
seed100_mlp_baseline,100,mlp,baseline,completed,2026-03-08 02:37:05,,2026-03-08 05:45:21,"{""mr_results"": [{""missing_rate"": 0.0, ""test_mae"": 0.0137}, {""missing_rate"": 0.1, ""test_mae"": 0.0142}, {""missing_rate"": 0.2, ""test_mae"": 0.0151}, {""missing_rate"": 0.3, ""test_mae"": 0.0167}, {""missing_rate"": 0.4, ""test_mae"": 0.0187}, {""missing_rate"": 0.5, ""test_mae"": 0.0207}, {""missing_rate"": 0.6, ""test_mae"": 0.0235}, {""missing_rate"": 0.7, ""test_mae"": 0.0264}, {""missing_rate"": 0.8, ""test_mae"": 0.0293}, {""missing_rate"": 0.9, ""test_mae"": 0.0337}], ""test_mae_mean"": 0.0212, ""test_mae_max"": 0.0337, ""test_mae_min"": 0.0137, ""test_mae"": 0.0337, ""missing_rate"": 0.9}",experiments/logs/seed100_mlp_baseline.log,Process exited with code 1,,19.9320125579834,"0.0,0.1,0.2,0.3,0.4,0.5,0.6,0.7,0.8,0.9","0.0,0.1,0.2,0.3,0.4,0.5,0.6,0.7,0.8,0.9",20260308_023704,experiments/runs/20260308_023704
seed100_mlp_mim,100,mlp,mim,completed,2026-03-08 02:37:05,,2026-03-08 05:44:55,"{""mr_results"": [{""missing_rate"": 0.0, ""test_mae"": 0.0064}, {""missing_rate"": 0.1, ""test_mae"": 0.0066}, {""missing_rate"": 0.2, ""test_mae"": 0.0068}, {""missing_rate"": 0.3, ""test_mae"": 0.0069}, {""missing_rate"": 0.4, ""test_mae"": 0.0073}, {""missing_rate"": 0.5, ""test_mae"": 0.008}, {""missing_rate"": 0.6, ""test_mae"": 0.0089}, {""missing_rate"": 0.7, ""test_mae"": 0.0104}, {""missing_rate"": 0.8, ""test_mae"": 0.0133}, {""missing_rate"": 0.9, ""test_mae"": 0.0219}], ""test_mae_mean"": 0.00965, ""test_mae_max"": 0.0219, ""test_mae_min"": 0.0064, ""test_mae"": 0.0219, ""missing_rate"": 0.9}",experiments/logs/seed100_mlp_mim.log,,,54.70221447944641,"0.0,0.1,0.2,0.3,0.4,0.5,0.6,0.7,0.8,0.9","0.0,0.1,0.2,0.3,0.4,0.5,0.6,0.7,0.8,0.9",20260308_023704,experiments/runs/20260308_023704
seed100_lstm_baseline,100,lstm,baseline,completed,2026-03-08 02:37:05,,2026-03-08 05:44:23,"{""mr_results"": [{""missing_rate"": 0.0, ""test_mae"": 0.0075}, {""missing_rate"": 0.1, ""test_mae"": 0.0081}, {""missing_rate"": 0.2, ""test_mae"": 0.009}, {""missing_rate"": 0.3, ""test_mae"": 0.0099}, {""missing_rate"": 0.4, ""test_mae"": 0.0121}, {""missing_rate"": 0.5, ""test_mae"": 0.0162}, {""missing_rate"": 0.6, ""test_mae"": 0.0232}, {""missing_rate"": 0.7, ""test_mae"": 0.0325}, {""missing_rate"": 0.8, ""test_mae"": 0.042}, {""missing_rate"": 0.9, ""test_mae"": 0.0525}], ""test_mae_mean"": 0.0213, ""test_mae_max"": 0.0525, ""test_mae_min"": 0.0075, ""test_mae"": 0.0525, ""missing_rate"": 0.9}",experiments/logs/seed100_lstm_baseline.log,,,22.250571250915527,"0.0,0.1,0.2,0.3,0.4,0.5,0.6,0.7,0.8,0.9","0.0,0.1,0.2,0.3,0.4,0.5,0.6,0.7,0.8,0.9",20260308_023704,experiments/runs/20260308_023704
seed100_lstm_mim,100,lstm,mim,completed,2026-03-08 02:37:05,,2026-03-08 05:46:16,"{""mr_results"": [{""missing_rate"": 0.0, ""test_mae"": 0.0078}, {""missing_rate"": 0.1, ""test_mae"": 0.008}, {""missing_rate"": 0.2, ""test_mae"": 0.008}, {""missing_rate"": 0.3, ""test_mae"": 0.008}, {""missing_rate"": 0.4, ""test_mae"": 0.0082}, {""missing_rate"": 0.5, ""test_mae"": 0.0088}, {""missing_rate"": 0.6, ""test_mae"": 0.0093}, {""missing_rate"": 0.7, ""test_mae"": 0.0106}, {""missing_rate"": 0.8, ""test_mae"": 0.0134}, {""missing_rate"": 0.9, ""test_mae"": 0.0212}], ""test_mae_mean"": 0.01033, ""test_mae_max"": 0.0212, ""test_mae_min"": 0.0078, ""test_mae"": 0.0212, ""missing_rate"": 0.9}",experiments/logs/seed100_lstm_mim.log,Process exited with code 1,,74.48786473274231,"0.0,0.1,0.2,0.3,0.4,0.5,0.6,0.7,0.8,0.9","0.0,0.1,0.2,0.3,0.4,0.5,0.6,0.7,0.8,0.9",20260308_023704,experiments/runs/20260308_023704
seed100_gru_baseline,100,gru,baseline,completed,2026-03-08 02:37:05,,2026-03-08 05:46:35,"{""mr_results"": [{""missing_rate"": 0.0, ""test_mae"": 0.006}, {""missing_rate"": 0.1, ""test_mae"": 0.0084}, {""missing_rate"": 0.2, ""test_mae"": 0.0111}, {""missing_rate"": 0.3, ""test_mae"": 0.014}, {""missing_rate"": 0.4, ""test_mae"": 0.0176}, {""missing_rate"": 0.5, ""test_mae"": 0.0211}, {""missing_rate"": 0.6, ""test_mae"": 0.0247}, {""missing_rate"": 0.7, ""test_mae"": 0.0279}, {""missing_rate"": 0.8, ""test_mae"": 0.0315}, {""missing_rate"": 0.9, ""test_mae"": 0.0349}], ""test_mae_mean"": 0.01972, ""test_mae_max"": 0.0349, ""test_mae_min"": 0.006, ""test_mae"": 0.0349, ""missing_rate"": 0.9}",experiments/logs/seed100_gru_baseline.log,,,17.449373960494995,"0.0,0.1,0.2,0.3,0.4,0.5,0.6,0.7,0.8,0.9","0.0,0.1,0.2,0.3,0.4,0.5,0.6,0.7,0.8,0.9",20260308_023704,experiments/runs/20260308_023704
seed100_gru_mim,100,gru,mim,completed,2026-03-08 02:37:05,,2026-03-08 05:46:53,"{""mr_results"": [{""missing_rate"": 0.0, ""test_mae"": 0.0046}, {""missing_rate"": 0.1, ""test_mae"": 0.0052}, {""missing_rate"": 0.2, ""test_mae"": 0.0058}, {""missing_rate"": 0.3, ""test_mae"": 0.006}, {""missing_rate"": 0.4, ""test_mae"": 0.0065}, {""missing_rate"": 0.5, ""test_mae"": 0.007}, {""missing_rate"": 0.6, ""test_mae"": 0.0076}, {""missing_rate"": 0.7, ""test_mae"": 0.009}, {""missing_rate"": 0.8, ""test_mae"": 0.0129}, {""missing_rate"": 0.9, ""test_mae"": 0.0222}], ""test_mae_mean"": 0.00868, ""test_mae_max"": 0.0222, ""test_mae_min"": 0.0046, ""test_mae"": 0.0222, ""missing_rate"": 0.9}",experiments/logs/seed100_gru_mim.log,,,34.79800772666931,"0.0,0.1,0.2,0.3,0.4,0.5,0.6,0.7,0.8,0.9","0.0,0.1,0.2,0.3,0.4,0.5,0.6,0.7,0.8,0.9",20260308_023704,experiments/runs/20260308_023704
seed100_cnn1d_baseline,100,cnn1d,baseline,completed,2026-03-08 02:37:05,,2026-03-08 05:46:42,"{""mr_results"": [{""missing_rate"": 0.0, ""test_mae"": 0.0272}, {""missing_rate"": 0.1, ""test_mae"": 0.0457}, {""missing_rate"": 0.2, ""test_mae"": 0.059}, {""missing_rate"": 0.3, ""test_mae"": 0.0676}, {""missing_rate"": 0.4, ""test_mae"": 0.0732}, {""missing_rate"": 0.5, ""test_mae"": 0.0805}, {""missing_rate"": 0.6, ""test_mae"": 0.0922}, {""missing_rate"": 0.7, ""test_mae"": 0.1031}, {""missing_rate"": 0.8, ""test_mae"": 0.111}, {""missing_rate"": 0.9, ""test_mae"": 0.1289}], ""test_mae_mean"": 0.07884, ""test_mae_max"": 0.1289, ""test_mae_min"": 0.0272, ""test_mae"": 0.1289, ""missing_rate"": 0.9}",experiments/logs/seed100_cnn1d_baseline.log,,,24.313311100006104,"0.0,0.1,0.2,0.3,0.4,0.5,0.6,0.7,0.8,0.9","0.0,0.1,0.2,0.3,0.4,0.5,0.6,0.7,0.8,0.9",20260308_023704,experiments/runs/20260308_023704
seed100_cnn1d_mim,100,cnn1d,mim,completed,2026-03-08 02:37:05,,2026-03-08 05:47:49,"{""mr_results"": [{""missing_rate"": 0.0, ""test_mae"": 0.0061}, {""missing_rate"": 0.1, ""test_mae"": 0.0063}, {""missing_rate"": 0.2, ""test_mae"": 0.0065}, {""missing_rate"": 0.3, ""test_mae"": 0.0066}, {""missing_rate"": 0.4, ""test_mae"": 0.007}, {""missing_rate"": 0.5, ""test_mae"": 0.0075}, {""missing_rate"": 0.6, ""test_mae"": 0.0083}, {""missing_rate"": 0.7, ""test_mae"": 0.0098}, {""missing_rate"": 0.8, ""test_mae"": 0.0129}, {""missing_rate"": 0.9, ""test_mae"": 0.021}], ""test_mae_mean"": 0.0092, ""test_mae_max"": 0.021, ""test_mae_min"": 0.0061, ""test_mae"": 0.021, ""missing_rate"": 0.9}",experiments/logs/seed100_cnn1d_mim.log,,,90.91227865219116,"0.0,0.1,0.2,0.3,0.4,0.5,0.6,0.7,0.8,0.9","0.0,0.1,0.2,0.3,0.4,0.5,0.6,0.7,0.8,0.9",20260308_023704,experiments/runs/20260308_023704
seed101_mlp_baseline,101,mlp,baseline,completed,2026-03-08 02:37:05,,2026-03-08 05:48:10,"{""mr_results"": [{""missing_rate"": 0.0, ""test_mae"": 0.0241}, {""missing_rate"": 0.1, ""test_mae"": 0.0245}, {""missing_rate"": 0.2, ""test_mae"": 0.0252}, {""missing_rate"": 0.3, ""test_mae"": 0.0269}, {""missing_rate"": 0.4, ""test_mae"": 0.0289}, {""missing_rate"": 0.5, ""test_mae"": 0.0302}, {""missing_rate"": 0.6, ""test_mae"": 0.0328}, {""missing_rate"": 0.7, ""test_mae"": 0.0351}, {""missing_rate"": 0.8, ""test_mae"": 0.0364}, {""missing_rate"": 0.9, ""test_mae"": 0.0385}], ""test_mae_mean"": 0.03026, ""test_mae_max"": 0.0385, ""test_mae_min"": 0.0241, ""test_mae"": 0.0385, ""missing_rate"": 0.9}",experiments/logs/seed101_mlp_baseline.log,,,18.700793027877808,"0.0,0.1,0.2,0.3,0.4,0.5,0.6,0.7,0.8,0.9","0.0,0.1,0.2,0.3,0.4,0.5,0.6,0.7,0.8,0.9",20260308_023704,experiments/runs/20260308_023704
seed101_mlp_mim,101,mlp,mim,completed,2026-03-08 02:37:05,,2026-03-08 05:49:08,"{""mr_results"": [{""missing_rate"": 0.0, ""test_mae"": 0.0062}, {""missing_rate"": 0.1, ""test_mae"": 0.0063}, {""missing_rate"": 0.2, ""test_mae"": 0.0066}, {""missing_rate"": 0.3, ""test_mae"": 0.0069}, {""missing_rate"": 0.4, ""test_mae"": 0.0073}, {""missing_rate"": 0.5, ""test_mae"": 0.0083}, {""missing_rate"": 0.6, ""test_mae"": 0.0094}, {""missing_rate"": 0.7, ""test_mae"": 0.0111}, {""missing_rate"": 0.8, ""test_mae"": 0.014}, {""missing_rate"": 0.9, ""test_mae"": 0.0231}], ""test_mae_mean"": 0.00992, ""test_mae_max"": 0.0231, ""test_mae_min"": 0.0062, ""test_mae"": 0.0231, ""missing_rate"": 0.9}",experiments/logs/seed101_mlp_mim.log,,,77.19284653663635,"0.0,0.1,0.2,0.3,0.4,0.5,0.6,0.7,0.8,0.9","0.0,0.1,0.2,0.3,0.4,0.5,0.6,0.7,0.8,0.9",20260308_023704,experiments/runs/20260308_023704
seed101_lstm_baseline,101,lstm,baseline,completed,2026-03-08 02:37:05,,2026-03-08 05:48:17,"{""mr_results"": [{""missing_rate"": 0.0, ""test_mae"": 0.0065}, {""missing_rate"": 0.1, ""test_mae"": 0.0072}, {""missing_rate"": 0.2, ""test_mae"": 0.0085}, {""missing_rate"": 0.3, ""test_mae"": 0.0102}, {""missing_rate"": 0.4, ""test_mae"": 0.0123}, {""missing_rate"": 0.5, ""test_mae"": 0.0157}, {""missing_rate"": 0.6, ""test_mae"": 0.0215}, {""missing_rate"": 0.7, ""test_mae"": 0.0275}, {""missing_rate"": 0.8, ""test_mae"": 0.0348}, {""missing_rate"": 0.9, ""test_mae"": 0.044}], ""test_mae_mean"": 0.01882, ""test_mae_max"": 0.044, ""test_mae_min"": 0.0065, ""test_mae"": 0.044, ""missing_rate"": 0.9}",experiments/logs/seed101_lstm_baseline.log,,,26.50941300392151,"0.0,0.1,0.2,0.3,0.4,0.5,0.6,0.7,0.8,0.9","0.0,0.1,0.2,0.3,0.4,0.5,0.6,0.7,0.8,0.9",20260308_023704,experiments/runs/20260308_023704
seed101_lstm_mim,101,lstm,mim,completed,2026-03-08 02:37:05,,2026-03-08 05:48:47,"{""mr_results"": [{""missing_rate"": 0.0, ""test_mae"": 0.0074}, {""missing_rate"": 0.1, ""test_mae"": 0.0076}, {""missing_rate"": 0.2, ""test_mae"": 0.0078}, {""missing_rate"": 0.3, ""test_mae"": 0.0081}, {""missing_rate"": 0.4, ""test_mae"": 0.0085}, {""missing_rate"": 0.5, ""test_mae"": 0.0089}, {""missing_rate"": 0.6, ""test_mae"": 0.0095}, {""missing_rate"": 0.7, ""test_mae"": 0.0109}, {""missing_rate"": 0.8, ""test_mae"": 0.0143}, {""missing_rate"": 0.9, ""test_mae"": 0.0235}], ""test_mae_mean"": 0.01065, ""test_mae_max"": 0.0235, ""test_mae_min"": 0.0074, ""test_mae"": 0.0235, ""missing_rate"": 0.9}",experiments/logs/seed101_lstm_mim.log,,,56.50410318374634,"0.0,0.1,0.2,0.3,0.4,0.5,0.6,0.7,0.8,0.9","0.0,0.1,0.2,0.3,0.4,0.5,0.6,0.7,0.8,0.9",20260308_023704,experiments/runs/20260308_023704
seed101_gru_baseline,101,gru,baseline,completed,2026-03-08 02:37:05,,2026-03-08 05:49:27,"{""mr_results"": [{""missing_rate"": 0.0, ""test_mae"": 0.0076}, {""missing_rate"": 0.1, ""test_mae"": 0.0101}, {""missing_rate"": 0.2, ""test_mae"": 0.0128}, {""missing_rate"": 0.3, ""test_mae"": 0.0153}, {""missing_rate"": 0.4, ""test_mae"": 0.019}, {""missing_rate"": 0.5, ""test_mae"": 0.0218}, {""missing_rate"": 0.6, ""test_mae"": 0.0253}, {""missing_rate"": 0.7, ""test_mae"": 0.0279}, {""missing_rate"": 0.8, ""test_mae"": 0.0315}, {""missing_rate"": 0.9, ""test_mae"": 0.0352}], ""test_mae_mean"": 0.020649999999999998, ""test_mae_max"": 0.0352, ""test_mae_min"": 0.0076, ""test_mae"": 0.0352, ""missing_rate"": 0.9}",experiments/logs/seed101_gru_baseline.log,,,16.691853046417236,"0.0,0.1,0.2,0.3,0.4,0.5,0.6,0.7,0.8,0.9","0.0,0.1,0.2,0.3,0.4,0.5,0.6,0.7,0.8,0.9",20260308_023704,experiments/runs/20260308_023704
seed101_gru_mim,101,gru,mim,completed,2026-03-08 02:37:05,,2026-03-08 05:50:59,"{""mr_results"": [{""missing_rate"": 0.0, ""test_mae"": 0.0052}, {""missing_rate"": 0.1, ""test_mae"": 0.0056}, {""missing_rate"": 0.2, ""test_mae"": 0.0058}, {""missing_rate"": 0.3, ""test_mae"": 0.0063}, {""missing_rate"": 0.4, ""test_mae"": 0.0067}, {""missing_rate"": 0.5, ""test_mae"": 0.007}, {""missing_rate"": 0.6, ""test_mae"": 0.0075}, {""missing_rate"": 0.7, ""test_mae"": 0.0086}, {""missing_rate"": 0.8, ""test_mae"": 0.0116}, {""missing_rate"": 0.9, ""test_mae"": 0.0198}], ""test_mae_mean"": 0.008409999999999999, ""test_mae_max"": 0.0198, ""test_mae_min"": 0.0052, ""test_mae"": 0.0198, ""missing_rate"": 0.9}",experiments/logs/seed101_gru_mim.log,Process exited with code 1,,37.72117233276367,"0.0,0.1,0.2,0.3,0.4,0.5,0.6,0.7,0.8,0.9","0.0,0.1,0.2,0.3,0.4,0.5,0.6,0.7,0.8,0.9",20260308_023704,experiments/runs/20260308_023704
seed101_cnn1d_baseline,101,cnn1d,baseline,completed,2026-03-08 02:37:05,,2026-03-08 05:49:33,"{""mr_results"": [{""missing_rate"": 0.0, ""test_mae"": 0.0218}, {""missing_rate"": 0.1, ""test_mae"": 0.0378}, {""missing_rate"": 0.2, ""test_mae"": 0.0478}, {""missing_rate"": 0.3, ""test_mae"": 0.0521}, {""missing_rate"": 0.4, ""test_mae"": 0.0551}, {""missing_rate"": 0.5, ""test_mae"": 0.0595}, {""missing_rate"": 0.6, ""test_mae"": 0.0627}, {""missing_rate"": 0.7, ""test_mae"": 0.0659}, {""missing_rate"": 0.8, ""test_mae"": 0.0704}, {""missing_rate"": 0.9, ""test_mae"": 0.0825}], ""test_mae_mean"": 0.05556, ""test_mae_max"": 0.0825, ""test_mae_min"": 0.0218, ""test_mae"": 0.0825, ""missing_rate"": 0.9}",experiments/logs/seed101_cnn1d_baseline.log,,,23.187865734100342,"0.0,0.1,0.2,0.3,0.4,0.5,0.6,0.7,0.8,0.9","0.0,0.1,0.2,0.3,0.4,0.5,0.6,0.7,0.8,0.9",20260308_023704,experiments/runs/20260308_023704
seed101_cnn1d_mim,101,cnn1d,mim,completed,2026-03-08 02:37:05,,2026-03-08 05:51:24,"{""mr_results"": [{""missing_rate"": 0.0, ""test_mae"": 0.0064}, {""missing_rate"": 0.1, ""test_mae"": 0.0063}, {""missing_rate"": 0.2, ""test_mae"": 0.0064}, {""missing_rate"": 0.3, ""test_mae"": 0.0065}, {""missing_rate"": 0.4, ""test_mae"": 0.0065}, {""missing_rate"": 0.5, ""test_mae"": 0.0068}, {""missing_rate"": 0.6, ""test_mae"": 0.0076}, {""missing_rate"": 0.7, ""test_mae"": 0.0091}, {""missing_rate"": 0.8, ""test_mae"": 0.012}, {""missing_rate"": 0.9, ""test_mae"": 0.0193}], ""test_mae_mean"": 0.00869, ""test_mae_max"": 0.0193, ""test_mae_min"": 0.0063, ""test_mae"": 0.0193, ""missing_rate"": 0.9}",experiments/logs/seed101_cnn1d_mim.log,Process exited with code 1,,62.239038944244385,"0.0,0.1,0.2,0.3,0.4,0.5,0.6,0.7,0.8,0.9","0.0,0.1,0.2,0.3,0.4,0.5,0.6,0.7,0.8,0.9",20260308_023704,experiments/runs/20260308_023704
seed102_mlp_baseline,102,mlp,baseline,completed,2026-03-08 02:37:05,,2026-03-08 11:23:54,"{""mr_results"": [{""missing_rate"": 0.0, ""test_mae"": 0.0242}, {""missing_rate"": 0.1, ""test_mae"": 0.0241}, {""missing_rate"": 0.2, ""test_mae"": 0.0242}, {""missing_rate"": 0.3, ""test_mae"": 0.0253}, {""missing_rate"": 0.4, ""test_mae"": 0.0267}, {""missing_rate"": 0.5, ""test_mae"": 0.0284}, {""missing_rate"": 0.6, ""test_mae"": 0.0308}, {""missing_rate"": 0.7, ""test_mae"": 0.033}, {""missing_rate"": 0.8, ""test_mae"": 0.035}, {""missing_rate"": 0.9, ""test_mae"": 0.0374}], ""test_mae_mean"": 0.02891, ""test_mae_max"": 0.0374, ""test_mae_min"": 0.0241, ""test_mae"": 0.0374, ""missing_rate"": 0.9}",experiments/logs/seed102_mlp_baseline.log,,,19.20970320701599,"0.0,0.1,0.2,0.3,0.4,0.5,0.6,0.7,0.8,0.9","0.0,0.1,0.2,0.3,0.4,0.5,0.6,0.7,0.8,0.9",20260308_023704,experiments/runs/20260308_023704
seed102_mlp_mim,102,mlp,mim,completed,2026-03-08 02:37:05,,2026-03-08 05:52:31,"{""mr_results"": [{""missing_rate"": 0.0, ""test_mae"": 0.0053}, {""missing_rate"": 0.1, ""test_mae"": 0.0056}, {""missing_rate"": 0.2, ""test_mae"": 0.006}, {""missing_rate"": 0.3, ""test_mae"": 0.0065}, {""missing_rate"": 0.4, ""test_mae"": 0.0067}, {""missing_rate"": 0.5, ""test_mae"": 0.0075}, {""missing_rate"": 0.6, ""test_mae"": 0.0083}, {""missing_rate"": 0.7, ""test_mae"": 0.0098}, {""missing_rate"": 0.8, ""test_mae"": 0.0126}, {""missing_rate"": 0.9, ""test_mae"": 0.0213}], ""test_mae_mean"": 0.00896, ""test_mae_max"": 0.0213, ""test_mae_min"": 0.0053, ""test_mae"": 0.0213, ""missing_rate"": 0.9}",experiments/logs/seed102_mlp_mim.log,,,64.95473217964172,"0.0,0.1,0.2,0.3,0.4,0.5,0.6,0.7,0.8,0.9","0.0,0.1,0.2,0.3,0.4,0.5,0.6,0.7,0.8,0.9",20260308_023704,experiments/runs/20260308_023704
seed102_lstm_baseline,102,lstm,baseline,completed,2026-03-08 02:37:05,,2026-03-08 05:51:45,"{""mr_results"": [{""missing_rate"": 0.0, ""test_mae"": 0.0078}, {""missing_rate"": 0.1, ""test_mae"": 0.0083}, {""missing_rate"": 0.2, ""test_mae"": 0.009}, {""missing_rate"": 0.3, ""test_mae"": 0.01}, {""missing_rate"": 0.4, ""test_mae"": 0.012}, {""missing_rate"": 0.5, ""test_mae"": 0.0152}, {""missing_rate"": 0.6, ""test_mae"": 0.0204}, {""missing_rate"": 0.7, ""test_mae"": 0.0258}, {""missing_rate"": 0.8, ""test_mae"": 0.0326}, {""missing_rate"": 0.9, ""test_mae"": 0.0438}], ""test_mae_mean"": 0.01849, ""test_mae_max"": 0.0438, ""test_mae_min"": 0.0078, ""test_mae"": 0.0438, ""missing_rate"": 0.9}",experiments/logs/seed102_lstm_baseline.log,,,19.051058292388916,"0.0,0.1,0.2,0.3,0.4,0.5,0.6,0.7,0.8,0.9","0.0,0.1,0.2,0.3,0.4,0.5,0.6,0.7,0.8,0.9",20260308_023704,experiments/runs/20260308_023704
seed102_lstm_mim,102,lstm,mim,completed,2026-03-08 02:37:05,,2026-03-08 11:26:02,"{""mr_results"": [{""missing_rate"": 0.0, ""test_mae"": 0.0066}, {""missing_rate"": 0.1, ""test_mae"": 0.0068}, {""missing_rate"": 0.2, ""test_mae"": 0.007}, {""missing_rate"": 0.3, ""test_mae"": 0.0073}, {""missing_rate"": 0.4, ""test_mae"": 0.0078}, {""missing_rate"": 0.5, ""test_mae"": 0.0084}, {""missing_rate"": 0.6, ""test_mae"": 0.0089}, {""missing_rate"": 0.7, ""test_mae"": 0.0102}, {""missing_rate"": 0.8, ""test_mae"": 0.0133}, {""missing_rate"": 0.9, ""test_mae"": 0.0216}], ""test_mae_mean"": 0.00979, ""test_mae_max"": 0.0216, ""test_mae_min"": 0.0066, ""test_mae"": 0.0216, ""missing_rate"": 0.9}",experiments/logs/seed102_lstm_mim.log,,,72.23729276657104,"0.0,0.1,0.2,0.3,0.4,0.5,0.6,0.7,0.8,0.9","0.0,0.1,0.2,0.3,0.4,0.5,0.6,0.7,0.8,0.9",20260308_023704,experiments/runs/20260308_023704
seed102_gru_baseline,102,gru,baseline,completed,2026-03-08 02:37:05,,2026-03-08 05:53:18,"{""mr_results"": [{""missing_rate"": 0.0, ""test_mae"": 0.0069}, {""missing_rate"": 0.1, ""test_mae"": 0.009}, {""missing_rate"": 0.2, ""test_mae"": 0.0115}, {""missing_rate"": 0.3, ""test_mae"": 0.0139}, {""missing_rate"": 0.4, ""test_mae"": 0.0172}, {""missing_rate"": 0.5, ""test_mae"": 0.0203}, {""missing_rate"": 0.6, ""test_mae"": 0.0238}, {""missing_rate"": 0.7, ""test_mae"": 0.027}, {""missing_rate"": 0.8, ""test_mae"": 0.0307}, {""missing_rate"": 0.9, ""test_mae"": 0.0351}], ""test_mae_mean"": 0.01954, ""test_mae_max"": 0.0351, ""test_mae_min"": 0.0069, ""test_mae"": 0.0351, ""missing_rate"": 0.9}",experiments/logs/seed102_gru_baseline.log,,,16.596609354019165,"0.0,0.1,0.2,0.3,0.4,0.5,0.6,0.7,0.8,0.9","0.0,0.1,0.2,0.3,0.4,0.5,0.6,0.7,0.8,0.9",20260308_023704,experiments/runs/20260308_023704
seed102_gru_mim,102,gru,mim,completed,2026-03-08 02:37:05,,2026-03-08 05:54:42,"{""mr_results"": [{""missing_rate"": 0.0, ""test_mae"": 0.007}, {""missing_rate"": 0.1, ""test_mae"": 0.0076}, {""missing_rate"": 0.2, ""test_mae"": 0.0082}, {""missing_rate"": 0.3, ""test_mae"": 0.0087}, {""missing_rate"": 0.4, ""test_mae"": 0.0092}, {""missing_rate"": 0.5, ""test_mae"": 0.0097}, {""missing_rate"": 0.6, ""test_mae"": 0.0104}, {""missing_rate"": 0.7, ""test_mae"": 0.0124}, {""missing_rate"": 0.8, ""test_mae"": 0.0175}, {""missing_rate"": 0.9, ""test_mae"": 0.0282}], ""test_mae_mean"": 0.011890000000000001, ""test_mae_max"": 0.0282, ""test_mae_min"": 0.007, ""test_mae"": 0.0282, ""missing_rate"": 0.9}",experiments/logs/seed102_gru_mim.log,Process exited with code 1,,29.323951482772827,"0.0,0.1,0.2,0.3,0.4,0.5,0.6,0.7,0.8,0.9","0.0,0.1,0.2,0.3,0.4,0.5,0.6,0.7,0.8,0.9",20260308_023704,experiments/runs/20260308_023704
seed102_cnn1d_baseline,102,cnn1d,baseline,completed,2026-03-08 02:37:05,,2026-03-08 05:53:25,"{""mr_results"": [{""missing_rate"": 0.0, ""test_mae"": 0.0415}, {""missing_rate"": 0.1, ""test_mae"": 0.0557}, {""missing_rate"": 0.2, ""test_mae"": 0.0674}, {""missing_rate"": 0.3, ""test_mae"": 0.0729}, {""missing_rate"": 0.4, ""test_mae"": 0.0721}, {""missing_rate"": 0.5, ""test_mae"": 0.0751}, {""missing_rate"": 0.6, ""test_mae"": 0.0762}, {""missing_rate"": 0.7, ""test_mae"": 0.0767}, {""missing_rate"": 0.8, ""test_mae"": 0.0788}, {""missing_rate"": 0.9, ""test_mae"": 0.0917}], ""test_mae_mean"": 0.07081000000000001, ""test_mae_max"": 0.0917, ""test_mae_min"": 0.0415, ""test_mae"": 0.0917, ""missing_rate"": 0.9}",experiments/logs/seed102_cnn1d_baseline.log,,,23.666412591934204,"0.0,0.1,0.2,0.3,0.4,0.5,0.6,0.7,0.8,0.9","0.0,0.1,0.2,0.3,0.4,0.5,0.6,0.7,0.8,0.9",20260308_023704,experiments/runs/20260308_023704
seed102_cnn1d_mim,102,cnn1d,mim,completed,2026-03-08 02:37:05,,2026-03-08 05:55:11,"{""mr_results"": [{""missing_rate"": 0.0, ""test_mae"": 0.0086}, {""missing_rate"": 0.1, ""test_mae"": 0.0086}, {""missing_rate"": 0.2, ""test_mae"": 0.0086}, {""missing_rate"": 0.3, ""test_mae"": 0.0085}, {""missing_rate"": 0.4, ""test_mae"": 0.0087}, {""missing_rate"": 0.5, ""test_mae"": 0.009}, {""missing_rate"": 0.6, ""test_mae"": 0.0095}, {""missing_rate"": 0.7, ""test_mae"": 0.0107}, {""missing_rate"": 0.8, ""test_mae"": 0.0135}, {""missing_rate"": 0.9, ""test_mae"": 0.0222}], ""test_mae_mean"": 0.01079, ""test_mae_max"": 0.0222, ""test_mae_min"": 0.0085, ""test_mae"": 0.0222, ""missing_rate"": 0.9}",experiments/logs/seed102_cnn1d_mim.log,Process exited with code 1,,58.75444316864014,"0.0,0.1,0.2,0.3,0.4,0.5,0.6,0.7,0.8,0.9","0.0,0.1,0.2,0.3,0.4,0.5,0.6,0.7,0.8,0.9",20260308_023704,experiments/runs/20260308_023704
seed103_mlp_baseline,103,mlp,baseline,completed,2026-03-08 02:37:05,,2026-03-08 05:55:37,"{""mr_results"": [{""missing_rate"": 0.0, ""test_mae"": 0.0136}, {""missing_rate"": 0.1, ""test_mae"": 0.0148}, {""missing_rate"": 0.2, ""test_mae"": 0.0162}, {""missing_rate"": 0.3, ""test_mae"": 0.0182}, {""missing_rate"": 0.4, ""test_mae"": 0.0207}, {""missing_rate"": 0.5, ""test_mae"": 0.0233}, {""missing_rate"": 0.6, ""test_mae"": 0.026}, {""missing_rate"": 0.7, ""test_mae"": 0.0294}, {""missing_rate"": 0.8, ""test_mae"": 0.0323}, {""missing_rate"": 0.9, ""test_mae"": 0.0359}], ""test_mae_mean"": 0.023039999999999998, ""test_mae_max"": 0.0359, ""test_mae_min"": 0.0136, ""test_mae"": 0.0359, ""missing_rate"": 0.9}",experiments/logs/seed103_mlp_baseline.log,,,24.14784073829651,"0.0,0.1,0.2,0.3,0.4,0.5,0.6,0.7,0.8,0.9","0.0,0.1,0.2,0.3,0.4,0.5,0.6,0.7,0.8,0.9",20260308_023704,experiments/runs/20260308_023704
seed103_mlp_mim,103,mlp,mim,completed,2026-03-08 02:37:05,,2026-03-08 05:56:18,"{""mr_results"": [{""missing_rate"": 0.0, ""test_mae"": 0.0058}, {""missing_rate"": 0.1, ""test_mae"": 0.0061}, {""missing_rate"": 0.2, ""test_mae"": 0.0063}, {""missing_rate"": 0.3, ""test_mae"": 0.0064}, {""missing_rate"": 0.4, ""test_mae"": 0.0071}, {""missing_rate"": 0.5, ""test_mae"": 0.0079}, {""missing_rate"": 0.6, ""test_mae"": 0.009}, {""missing_rate"": 0.7, ""test_mae"": 0.0109}, {""missing_rate"": 0.8, ""test_mae"": 0.0138}, {""missing_rate"": 0.9, ""test_mae"": 0.0229}], ""test_mae_mean"": 0.00962, ""test_mae_max"": 0.0229, ""test_mae_min"": 0.0058, ""test_mae"": 0.0229, ""missing_rate"": 0.9}",experiments/logs/seed103_mlp_mim.log,,,65.22376656532288,"0.0,0.1,0.2,0.3,0.4,0.5,0.6,0.7,0.8,0.9","0.0,0.1,0.2,0.3,0.4,0.5,0.6,0.7,0.8,0.9",20260308_023704,experiments/runs/20260308_023704
seed103_lstm_baseline,103,lstm,baseline,completed,2026-03-08 02:37:05,,2026-03-08 05:55:40,"{""mr_results"": [{""missing_rate"": 0.0, ""test_mae"": 0.0071}, {""missing_rate"": 0.1, ""test_mae"": 0.0081}, {""missing_rate"": 0.2, ""test_mae"": 0.0091}, {""missing_rate"": 0.3, ""test_mae"": 0.0101}, {""missing_rate"": 0.4, ""test_mae"": 0.013}, {""missing_rate"": 0.5, ""test_mae"": 0.0176}, {""missing_rate"": 0.6, ""test_mae"": 0.026}, {""missing_rate"": 0.7, ""test_mae"": 0.038}, {""missing_rate"": 0.8, ""test_mae"": 0.0473}, {""missing_rate"": 0.9, ""test_mae"": 0.0601}], ""test_mae_mean"": 0.02364, ""test_mae_max"": 0.0601, ""test_mae_min"": 0.0071, ""test_mae"": 0.0601, ""missing_rate"": 0.9}",experiments/logs/seed103_lstm_baseline.log,,,27.262306451797485,"0.0,0.1,0.2,0.3,0.4,0.5,0.6,0.7,0.8,0.9","0.0,0.1,0.2,0.3,0.4,0.5,0.6,0.7,0.8,0.9",20260308_023704,experiments/runs/20260308_023704
seed103_lstm_mim,103,lstm,mim,completed,2026-03-08 02:37:05,,2026-03-08 05:56:36,"{""mr_results"": [{""missing_rate"": 0.0, ""test_mae"": 0.0084}, {""missing_rate"": 0.1, ""test_mae"": 0.0085}, {""missing_rate"": 0.2, ""test_mae"": 0.0084}, {""missing_rate"": 0.3, ""test_mae"": 0.0085}, {""missing_rate"": 0.4, ""test_mae"": 0.0087}, {""missing_rate"": 0.5, ""test_mae"": 0.0092}, {""missing_rate"": 0.6, ""test_mae"": 0.0097}, {""missing_rate"": 0.7, ""test_mae"": 0.0109}, {""missing_rate"": 0.8, ""test_mae"": 0.014}, {""missing_rate"": 0.9, ""test_mae"": 0.0217}], ""test_mae_mean"": 0.0108, ""test_mae_max"": 0.0217, ""test_mae_min"": 0.0084, ""test_mae"": 0.0217, ""missing_rate"": 0.9}",experiments/logs/seed103_lstm_mim.log,,,82.96895503997803,"0.0,0.1,0.2,0.3,0.4,0.5,0.6,0.7,0.8,0.9","0.0,0.1,0.2,0.3,0.4,0.5,0.6,0.7,0.8,0.9",20260308_023704,experiments/runs/20260308_023704
seed103_gru_baseline,103,gru,baseline,completed,2026-03-08 02:37:05,,2026-03-08 05:56:54,"{""mr_results"": [{""missing_rate"": 0.0, ""test_mae"": 0.007}, {""missing_rate"": 0.1, ""test_mae"": 0.009}, {""missing_rate"": 0.2, ""test_mae"": 0.0116}, {""missing_rate"": 0.3, ""test_mae"": 0.0146}, {""missing_rate"": 0.4, ""test_mae"": 0.018}, {""missing_rate"": 0.5, ""test_mae"": 0.0213}, {""missing_rate"": 0.6, ""test_mae"": 0.025}, {""missing_rate"": 0.7, ""test_mae"": 0.0285}, {""missing_rate"": 0.8, ""test_mae"": 0.032}, {""missing_rate"": 0.9, ""test_mae"": 0.0356}], ""test_mae_mean"": 0.02026, ""test_mae_max"": 0.0356, ""test_mae_min"": 0.007, ""test_mae"": 0.0356, ""missing_rate"": 0.9}",experiments/logs/seed103_gru_baseline.log,,,15.858590126037598,"0.0,0.1,0.2,0.3,0.4,0.5,0.6,0.7,0.8,0.9","0.0,0.1,0.2,0.3,0.4,0.5,0.6,0.7,0.8,0.9",20260308_023704,experiments/runs/20260308_023704
seed103_gru_mim,103,gru,mim,completed,2026-03-08 02:37:05,,2026-03-08 05:58:30,"{""mr_results"": [{""missing_rate"": 0.0, ""test_mae"": 0.0051}, {""missing_rate"": 0.1, ""test_mae"": 0.0055}, {""missing_rate"": 0.2, ""test_mae"": 0.0057}, {""missing_rate"": 0.3, ""test_mae"": 0.0059}, {""missing_rate"": 0.4, ""test_mae"": 0.0062}, {""missing_rate"": 0.5, ""test_mae"": 0.0063}, {""missing_rate"": 0.6, ""test_mae"": 0.0065}, {""missing_rate"": 0.7, ""test_mae"": 0.0077}, {""missing_rate"": 0.8, ""test_mae"": 0.0109}, {""missing_rate"": 0.9, ""test_mae"": 0.0191}], ""test_mae_mean"": 0.00789, ""test_mae_max"": 0.0191, ""test_mae_min"": 0.0051, ""test_mae"": 0.0191, ""missing_rate"": 0.9}",experiments/logs/seed103_gru_mim.log,Process exited with code 1,,37.53649353981018,"0.0,0.1,0.2,0.3,0.4,0.5,0.6,0.7,0.8,0.9","0.0,0.1,0.2,0.3,0.4,0.5,0.6,0.7,0.8,0.9",20260308_023704,experiments/runs/20260308_023704
seed103_cnn1d_baseline,103,cnn1d,baseline,completed,2026-03-08 02:37:05,,2026-03-08 05:57:01,"{""mr_results"": [{""missing_rate"": 0.0, ""test_mae"": 0.0261}, {""missing_rate"": 0.1, ""test_mae"": 0.0476}, {""missing_rate"": 0.2, ""test_mae"": 0.0606}, {""missing_rate"": 0.3, ""test_mae"": 0.0678}, {""missing_rate"": 0.4, ""test_mae"": 0.0717}, {""missing_rate"": 0.5, ""test_mae"": 0.0771}, {""missing_rate"": 0.6, ""test_mae"": 0.0833}, {""missing_rate"": 0.7, ""test_mae"": 0.0883}, {""missing_rate"": 0.8, ""test_mae"": 0.0924}, {""missing_rate"": 0.9, ""test_mae"": 0.1028}], ""test_mae_mean"": 0.07177, ""test_mae_max"": 0.1028, ""test_mae_min"": 0.0261, ""test_mae"": 0.1028, ""missing_rate"": 0.9}",experiments/logs/seed103_cnn1d_baseline.log,,,23.017233848571777,"0.0,0.1,0.2,0.3,0.4,0.5,0.6,0.7,0.8,0.9","0.0,0.1,0.2,0.3,0.4,0.5,0.6,0.7,0.8,0.9",20260308_023704,experiments/runs/20260308_023704
seed103_cnn1d_mim,103,cnn1d,mim,completed,2026-03-08 02:37:05,,2026-03-08 05:59:00,"{""mr_results"": [{""missing_rate"": 0.0, ""test_mae"": 0.0064}, {""missing_rate"": 0.1, ""test_mae"": 0.0064}, {""missing_rate"": 0.2, ""test_mae"": 0.0064}, {""missing_rate"": 0.3, ""test_mae"": 0.0066}, {""missing_rate"": 0.4, ""test_mae"": 0.007}, {""missing_rate"": 0.5, ""test_mae"": 0.0073}, {""missing_rate"": 0.6, ""test_mae"": 0.0078}, {""missing_rate"": 0.7, ""test_mae"": 0.0089}, {""missing_rate"": 0.8, ""test_mae"": 0.0114}, {""missing_rate"": 0.9, ""test_mae"": 0.0184}], ""test_mae_mean"": 0.00866, ""test_mae_max"": 0.0184, ""test_mae_min"": 0.0064, ""test_mae"": 0.0184, ""missing_rate"": 0.9}",experiments/logs/seed103_cnn1d_mim.log,Process exited with code 1,,67.45179438591003,"0.0,0.1,0.2,0.3,0.4,0.5,0.6,0.7,0.8,0.9","0.0,0.1,0.2,0.3,0.4,0.5,0.6,0.7,0.8,0.9",20260308_023704,experiments/runs/20260308_023704
seed104_mlp_baseline,104,mlp,baseline,completed,2026-03-08 02:37:05,,2026-03-08 05:59:21,"{""mr_results"": [{""missing_rate"": 0.0, ""test_mae"": 0.0193}, {""missing_rate"": 0.1, ""test_mae"": 0.0202}, {""missing_rate"": 0.2, ""test_mae"": 0.0214}, {""missing_rate"": 0.3, ""test_mae"": 0.0232}, {""missing_rate"": 0.4, ""test_mae"": 0.0254}, {""missing_rate"": 0.5, ""test_mae"": 0.028}, {""missing_rate"": 0.6, ""test_mae"": 0.0308}, {""missing_rate"": 0.7, ""test_mae"": 0.0333}, {""missing_rate"": 0.8, ""test_mae"": 0.0351}, {""missing_rate"": 0.9, ""test_mae"": 0.0385}], ""test_mae_mean"": 0.02752, ""test_mae_max"": 0.0385, ""test_mae_min"": 0.0193, ""test_mae"": 0.0385, ""missing_rate"": 0.9}",experiments/logs/seed104_mlp_baseline.log,,,18.49234628677368,"0.0,0.1,0.2,0.3,0.4,0.5,0.6,0.7,0.8,0.9","0.0,0.1,0.2,0.3,0.4,0.5,0.6,0.7,0.8,0.9",20260308_023704,experiments/runs/20260308_023704
seed104_mlp_mim,104,mlp,mim,completed,2026-03-08 02:37:05,,2026-03-08 06:00:19,"{""mr_results"": [{""missing_rate"": 0.0, ""test_mae"": 0.0062}, {""missing_rate"": 0.1, ""test_mae"": 0.0062}, {""missing_rate"": 0.2, ""test_mae"": 0.0065}, {""missing_rate"": 0.3, ""test_mae"": 0.0067}, {""missing_rate"": 0.4, ""test_mae"": 0.007}, {""missing_rate"": 0.5, ""test_mae"": 0.0076}, {""missing_rate"": 0.6, ""test_mae"": 0.0086}, {""missing_rate"": 0.7, ""test_mae"": 0.0106}, {""missing_rate"": 0.8, ""test_mae"": 0.0135}, {""missing_rate"": 0.9, ""test_mae"": 0.0225}], ""test_mae_mean"": 0.00954, ""test_mae_max"": 0.0225, ""test_mae_min"": 0.0062, ""test_mae"": 0.0225, ""missing_rate"": 0.9}",experiments/logs/seed104_mlp_mim.log,,,76.72870254516602,"0.0,0.1,0.2,0.3,0.4,0.5,0.6,0.7,0.8,0.9","0.0,0.1,0.2,0.3,0.4,0.5,0.6,0.7,0.8,0.9",20260308_023704,experiments/runs/20260308_023704
seed104_lstm_baseline,104,lstm,baseline,completed,2026-03-08 02:37:05,,2026-03-08 05:59:25,"{""mr_results"": [{""missing_rate"": 0.0, ""test_mae"": 0.0079}, {""missing_rate"": 0.1, ""test_mae"": 0.0086}, {""missing_rate"": 0.2, ""test_mae"": 0.0091}, {""missing_rate"": 0.3, ""test_mae"": 0.0097}, {""missing_rate"": 0.4, ""test_mae"": 0.0113}, {""missing_rate"": 0.5, ""test_mae"": 0.0127}, {""missing_rate"": 0.6, ""test_mae"": 0.0151}, {""missing_rate"": 0.7, ""test_mae"": 0.0192}, {""missing_rate"": 0.8, ""test_mae"": 0.0245}, {""missing_rate"": 0.9, ""test_mae"": 0.0307}], ""test_mae_mean"": 0.014879999999999999, ""test_mae_max"": 0.0307, ""test_mae_min"": 0.0079, ""test_mae"": 0.0307, ""missing_rate"": 0.9}",experiments/logs/seed104_lstm_baseline.log,,,23.07563328742981,"0.0,0.1,0.2,0.3,0.4,0.5,0.6,0.7,0.8,0.9","0.0,0.1,0.2,0.3,0.4,0.5,0.6,0.7,0.8,0.9",20260308_023704,experiments/runs/20260308_023704
seed104_lstm_mim,104,lstm,mim,completed,2026-03-08 02:37:05,,2026-03-08 06:00:17,"{""mr_results"": [{""missing_rate"": 0.0, ""test_mae"": 0.0056}, {""missing_rate"": 0.1, ""test_mae"": 0.0057}, {""missing_rate"": 0.2, ""test_mae"": 0.0058}, {""missing_rate"": 0.3, ""test_mae"": 0.006}, {""missing_rate"": 0.4, ""test_mae"": 0.0064}, {""missing_rate"": 0.5, ""test_mae"": 0.007}, {""missing_rate"": 0.6, ""test_mae"": 0.0077}, {""missing_rate"": 0.7, ""test_mae"": 0.0092}, {""missing_rate"": 0.8, ""test_mae"": 0.0124}, {""missing_rate"": 0.9, ""test_mae"": 0.0215}], ""test_mae_mean"": 0.00873, ""test_mae_max"": 0.0215, ""test_mae_min"": 0.0056, ""test_mae"": 0.0215, ""missing_rate"": 0.9}",experiments/logs/seed104_lstm_mim.log,,,74.62048649787903,"0.0,0.1,0.2,0.3,0.4,0.5,0.6,0.7,0.8,0.9","0.0,0.1,0.2,0.3,0.4,0.5,0.6,0.7,0.8,0.9",20260308_023704,experiments/runs/20260308_023704
seed104_gru_baseline,104,gru,baseline,completed,2026-03-08 02:37:05,,2026-03-08 06:00:36,"{""mr_results"": [{""missing_rate"": 0.0, ""test_mae"": 0.0077}, {""missing_rate"": 0.1, ""test_mae"": 0.0088}, {""missing_rate"": 0.2, ""test_mae"": 0.0108}, {""missing_rate"": 0.3, ""test_mae"": 0.0132}, {""missing_rate"": 0.4, ""test_mae"": 0.0162}, {""missing_rate"": 0.5, ""test_mae"": 0.0193}, {""missing_rate"": 0.6, ""test_mae"": 0.0227}, {""missing_rate"": 0.7, ""test_mae"": 0.0265}, {""missing_rate"": 0.8, ""test_mae"": 0.0303}, {""missing_rate"": 0.9, ""test_mae"": 0.0338}], ""test_mae_mean"": 0.01893, ""test_mae_max"": 0.0338, ""test_mae_min"": 0.0077, ""test_mae"": 0.0338, ""missing_rate"": 0.9}",experiments/logs/seed104_gru_baseline.log,,,14.69729208946228,"0.0,0.1,0.2,0.3,0.4,0.5,0.6,0.7,0.8,0.9","0.0,0.1,0.2,0.3,0.4,0.5,0.6,0.7,0.8,0.9",20260308_023704,experiments/runs/20260308_023704
seed104_gru_mim,104,gru,mim,completed,2026-03-08 02:37:05,,2026-03-08 06:02:14,"{""mr_results"": [{""missing_rate"": 0.0, ""test_mae"": 0.009}, {""missing_rate"": 0.1, ""test_mae"": 0.0094}, {""missing_rate"": 0.2, ""test_mae"": 0.0097}, {""missing_rate"": 0.3, ""test_mae"": 0.01}, {""missing_rate"": 0.4, ""test_mae"": 0.0104}, {""missing_rate"": 0.5, ""test_mae"": 0.011}, {""missing_rate"": 0.6, ""test_mae"": 0.0119}, {""missing_rate"": 0.7, ""test_mae"": 0.0138}, {""missing_rate"": 0.8, ""test_mae"": 0.0187}, {""missing_rate"": 0.9, ""test_mae"": 0.0299}], ""test_mae_mean"": 0.01338, ""test_mae_max"": 0.0299, ""test_mae_min"": 0.009, ""test_mae"": 0.0299, ""missing_rate"": 0.9}",experiments/logs/seed104_gru_mim.log,Process exited with code 1,,34.14531397819519,"0.0,0.1,0.2,0.3,0.4,0.5,0.6,0.7,0.8,0.9","0.0,0.1,0.2,0.3,0.4,0.5,0.6,0.7,0.8,0.9",20260308_023704,experiments/runs/20260308_023704
seed104_cnn1d_baseline,104,cnn1d,baseline,completed,2026-03-08 02:37:05,,2026-03-08 06:01:59,"{""mr_results"": [{""missing_rate"": 0.0, ""test_mae"": 0.0236}, {""missing_rate"": 0.1, ""test_mae"": 0.0376}, {""missing_rate"": 0.2, ""test_mae"": 0.0481}, {""missing_rate"": 0.3, ""test_mae"": 0.054}, {""missing_rate"": 0.4, ""test_mae"": 0.0583}, {""missing_rate"": 0.5, ""test_mae"": 0.0645}, {""missing_rate"": 0.6, ""test_mae"": 0.0701}, {""missing_rate"": 0.7, ""test_mae"": 0.078}, {""missing_rate"": 0.8, ""test_mae"": 0.0847}, {""missing_rate"": 0.9, ""test_mae"": 0.0988}], ""test_mae_mean"": 0.061770000000000005, ""test_mae_max"": 0.0988, ""test_mae_min"": 0.0236, ""test_mae"": 0.0988, ""missing_rate"": 0.9}",experiments/logs/seed104_cnn1d_baseline.log,Process exited with code 1,,18.48213481903076,"0.0,0.1,0.2,0.3,0.4,0.5,0.6,0.7,0.8,0.9","0.0,0.1,0.2,0.3,0.4,0.5,0.6,0.7,0.8,0.9",20260308_023704,experiments/runs/20260308_023704
seed104_cnn1d_mim,104,cnn1d,mim,completed,2026-03-08 02:37:05,,2026-03-08 06:01:25,"{""mr_results"": [{""missing_rate"": 0.0, ""test_mae"": 0.0067}, {""missing_rate"": 0.1, ""test_mae"": 0.0072}, {""missing_rate"": 0.2, ""test_mae"": 0.0074}, {""missing_rate"": 0.3, ""test_mae"": 0.0078}, {""missing_rate"": 0.4, ""test_mae"": 0.0081}, {""missing_rate"": 0.5, ""test_mae"": 0.0086}, {""missing_rate"": 0.6, ""test_mae"": 0.0091}, {""missing_rate"": 0.7, ""test_mae"": 0.0106}, {""missing_rate"": 0.8, ""test_mae"": 0.0139}, {""missing_rate"": 0.9, ""test_mae"": 0.0225}], ""test_mae_mean"": 0.010190000000000001, ""test_mae_max"": 0.0225, ""test_mae_min"": 0.0067, ""test_mae"": 0.0225, ""missing_rate"": 0.9}",experiments/logs/seed104_cnn1d_mim.log,,,63.54973101615906,"0.0,0.1,0.2,0.3,0.4,0.5,0.6,0.7,0.8,0.9","0.0,0.1,0.2,0.3,0.4,0.5,0.6,0.7,0.8,0.9",20260308_023704,experiments/runs/20260308_023704
seed105_mlp_baseline,105,mlp,baseline,completed,2026-03-08 02:37:05,,2026-03-08 06:02:34,"{""mr_results"": [{""missing_rate"": 0.0, ""test_mae"": 0.0137}, {""missing_rate"": 0.1, ""test_mae"": 0.0157}, {""missing_rate"": 0.2, ""test_mae"": 0.0174}, {""missing_rate"": 0.3, ""test_mae"": 0.0198}, {""missing_rate"": 0.4, ""test_mae"": 0.0225}, {""missing_rate"": 0.5, ""test_mae"": 0.0252}, {""missing_rate"": 0.6, ""test_mae"": 0.0277}, {""missing_rate"": 0.7, ""test_mae"": 0.0302}, {""missing_rate"": 0.8, ""test_mae"": 0.0327}, {""missing_rate"": 0.9, ""test_mae"": 0.0359}], ""test_mae_mean"": 0.02408, ""test_mae_max"": 0.0359, ""test_mae_min"": 0.0137, ""test_mae"": 0.0359, ""missing_rate"": 0.9}",experiments/logs/seed105_mlp_baseline.log,,,17.204972982406616,"0.0,0.1,0.2,0.3,0.4,0.5,0.6,0.7,0.8,0.9","0.0,0.1,0.2,0.3,0.4,0.5,0.6,0.7,0.8,0.9",20260308_023704,experiments/runs/20260308_023704
seed105_mlp_mim,105,mlp,mim,completed,2026-03-08 02:37:05,,2026-03-08 06:03:06,"{""mr_results"": [{""missing_rate"": 0.0, ""test_mae"": 0.0059}, {""missing_rate"": 0.1, ""test_mae"": 0.0062}, {""missing_rate"": 0.2, ""test_mae"": 0.0063}, {""missing_rate"": 0.3, ""test_mae"": 0.0064}, {""missing_rate"": 0.4, ""test_mae"": 0.0071}, {""missing_rate"": 0.5, ""test_mae"": 0.0079}, {""missing_rate"": 0.6, ""test_mae"": 0.009}, {""missing_rate"": 0.7, ""test_mae"": 0.0106}, {""missing_rate"": 0.8, ""test_mae"": 0.0133}, {""missing_rate"": 0.9, ""test_mae"": 0.0217}], ""test_mae_mean"": 0.00944, ""test_mae_max"": 0.0217, ""test_mae_min"": 0.0059, ""test_mae"": 0.0217, ""missing_rate"": 0.9}",experiments/logs/seed105_mlp_mim.log,,,49.8369357585907,"0.0,0.1,0.2,0.3,0.4,0.5,0.6,0.7,0.8,0.9","0.0,0.1,0.2,0.3,0.4,0.5,0.6,0.7,0.8,0.9",20260308_023704,experiments/runs/20260308_023704
seed105_lstm_baseline,105,lstm,baseline,completed,2026-03-08 02:37:05,,2026-03-08 06:02:38,"{""mr_results"": [{""missing_rate"": 0.0, ""test_mae"": 0.0076}, {""missing_rate"": 0.1, ""test_mae"": 0.0074}, {""missing_rate"": 0.2, ""test_mae"": 0.0078}, {""missing_rate"": 0.3, ""test_mae"": 0.0091}, {""missing_rate"": 0.4, ""test_mae"": 0.011}, {""missing_rate"": 0.5, ""test_mae"": 0.0136}, {""missing_rate"": 0.6, ""test_mae"": 0.0171}, {""missing_rate"": 0.7, ""test_mae"": 0.0201}, {""missing_rate"": 0.8, ""test_mae"": 0.0246}, {""missing_rate"": 0.9, ""test_mae"": 0.0326}], ""test_mae_mean"": 0.015090000000000001, ""test_mae_max"": 0.0326, ""test_mae_min"": 0.0074, ""test_mae"": 0.0326, ""missing_rate"": 0.9}",experiments/logs/seed105_lstm_baseline.log,,,21.282856941223145,"0.0,0.1,0.2,0.3,0.4,0.5,0.6,0.7,0.8,0.9","0.0,0.1,0.2,0.3,0.4,0.5,0.6,0.7,0.8,0.9",20260308_023704,experiments/runs/20260308_023704
seed105_lstm_mim,105,lstm,mim,completed,2026-03-08 02:37:05,,2026-03-08 06:03:40,"{""mr_results"": [{""missing_rate"": 0.0, ""test_mae"": 0.0054}, {""missing_rate"": 0.1, ""test_mae"": 0.0056}, {""missing_rate"": 0.2, ""test_mae"": 0.0057}, {""missing_rate"": 0.3, ""test_mae"": 0.0059}, {""missing_rate"": 0.4, ""test_mae"": 0.0064}, {""missing_rate"": 0.5, ""test_mae"": 0.007}, {""missing_rate"": 0.6, ""test_mae"": 0.0076}, {""missing_rate"": 0.7, ""test_mae"": 0.0088}, {""missing_rate"": 0.8, ""test_mae"": 0.0118}, {""missing_rate"": 0.9, ""test_mae"": 0.0201}], ""test_mae_mean"": 0.00843, ""test_mae_max"": 0.0201, ""test_mae_min"": 0.0054, ""test_mae"": 0.0201, ""missing_rate"": 0.9}",experiments/logs/seed105_lstm_mim.log,,,83.59898138046265,"0.0,0.1,0.2,0.3,0.4,0.5,0.6,0.7,0.8,0.9","0.0,0.1,0.2,0.3,0.4,0.5,0.6,0.7,0.8,0.9",20260308_023704,experiments/runs/20260308_023704
seed105_gru_baseline,105,gru,baseline,completed,2026-03-08 02:37:05,,2026-03-08 06:04:00,"{""mr_results"": [{""missing_rate"": 0.0, ""test_mae"": 0.0063}, {""missing_rate"": 0.1, ""test_mae"": 0.0067}, {""missing_rate"": 0.2, ""test_mae"": 0.0084}, {""missing_rate"": 0.3, ""test_mae"": 0.0108}, {""missing_rate"": 0.4, ""test_mae"": 0.0141}, {""missing_rate"": 0.5, ""test_mae"": 0.0177}, {""missing_rate"": 0.6, ""test_mae"": 0.0214}, {""missing_rate"": 0.7, ""test_mae"": 0.0254}, {""missing_rate"": 0.8, ""test_mae"": 0.0295}, {""missing_rate"": 0.9, ""test_mae"": 0.0335}], ""test_mae_mean"": 0.01738, ""test_mae_max"": 0.0335, ""test_mae_min"": 0.0063, ""test_mae"": 0.0335, ""missing_rate"": 0.9}",experiments/logs/seed105_gru_baseline.log,,,17.836214065551758,"0.0,0.1,0.2,0.3,0.4,0.5,0.6,0.7,0.8,0.9","0.0,0.1,0.2,0.3,0.4,0.5,0.6,0.7,0.8,0.9",20260308_023704,experiments/runs/20260308_023704
seed105_gru_mim,105,gru,mim,completed,2026-03-08 02:37:05,,2026-03-08 06:04:27,"{""mr_results"": [{""missing_rate"": 0.0, ""test_mae"": 0.008}, {""missing_rate"": 0.1, ""test_mae"": 0.0083}, {""missing_rate"": 0.2, ""test_mae"": 0.0084}, {""missing_rate"": 0.3, ""test_mae"": 0.0087}, {""missing_rate"": 0.4, ""test_mae"": 0.0089}, {""missing_rate"": 0.5, ""test_mae"": 0.0092}, {""missing_rate"": 0.6, ""test_mae"": 0.0097}, {""missing_rate"": 0.7, ""test_mae"": 0.0109}, {""missing_rate"": 0.8, ""test_mae"": 0.0144}, {""missing_rate"": 0.9, ""test_mae"": 0.0241}], ""test_mae_mean"": 0.01106, ""test_mae_max"": 0.0241, ""test_mae_min"": 0.008, ""test_mae"": 0.0241, ""missing_rate"": 0.9}",experiments/logs/seed105_gru_mim.log,,,45.20676231384277,"0.0,0.1,0.2,0.3,0.4,0.5,0.6,0.7,0.8,0.9","0.0,0.1,0.2,0.3,0.4,0.5,0.6,0.7,0.8,0.9",20260308_023704,experiments/runs/20260308_023704
seed105_cnn1d_baseline,105,cnn1d,baseline,completed,2026-03-08 02:37:05,,2026-03-08 06:04:07,"{""mr_results"": [{""missing_rate"": 0.0, ""test_mae"": 0.0289}, {""missing_rate"": 0.1, ""test_mae"": 0.044}, {""missing_rate"": 0.2, ""test_mae"": 0.0545}, {""missing_rate"": 0.3, ""test_mae"": 0.0595}, {""missing_rate"": 0.4, ""test_mae"": 0.0621}, {""missing_rate"": 0.5, ""test_mae"": 0.0677}, {""missing_rate"": 0.6, ""test_mae"": 0.0721}, {""missing_rate"": 0.7, ""test_mae"": 0.0767}, {""missing_rate"": 0.8, ""test_mae"": 0.0806}, {""missing_rate"": 0.9, ""test_mae"": 0.0939}], ""test_mae_mean"": 0.064, ""test_mae_max"": 0.0939, ""test_mae_min"": 0.0289, ""test_mae"": 0.0939, ""missing_rate"": 0.9}",experiments/logs/seed105_cnn1d_baseline.log,,,24.55142855644226,"0.0,0.1,0.2,0.3,0.4,0.5,0.6,0.7,0.8,0.9","0.0,0.1,0.2,0.3,0.4,0.5,0.6,0.7,0.8,0.9",20260308_023704,experiments/runs/20260308_023704
seed105_cnn1d_mim,105,cnn1d,mim,completed,2026-03-08 02:37:05,,2026-03-08 06:04:47,"{""mr_results"": [{""missing_rate"": 0.0, ""test_mae"": 0.0081}, {""missing_rate"": 0.1, ""test_mae"": 0.0082}, {""missing_rate"": 0.2, ""test_mae"": 0.008}, {""missing_rate"": 0.3, ""test_mae"": 0.0079}, {""missing_rate"": 0.4, ""test_mae"": 0.0078}, {""missing_rate"": 0.5, ""test_mae"": 0.0081}, {""missing_rate"": 0.6, ""test_mae"": 0.0087}, {""missing_rate"": 0.7, ""test_mae"": 0.0097}, {""missing_rate"": 0.8, ""test_mae"": 0.0124}, {""missing_rate"": 0.9, ""test_mae"": 0.0189}], ""test_mae_mean"": 0.00978, ""test_mae_max"": 0.0189, ""test_mae_min"": 0.0078, ""test_mae"": 0.0189, ""missing_rate"": 0.9}",experiments/logs/seed105_cnn1d_mim.log,,,64.80116152763367,"0.0,0.1,0.2,0.3,0.4,0.5,0.6,0.7,0.8,0.9","0.0,0.1,0.2,0.3,0.4,0.5,0.6,0.7,0.8,0.9",20260308_023704,experiments/runs/20260308_023704
seed106_mlp_baseline,106,mlp,baseline,completed,2026-03-08 02:37:05,,2026-03-08 06:05:07,"{""mr_results"": [{""missing_rate"": 0.0, ""test_mae"": 0.012}, {""missing_rate"": 0.1, ""test_mae"": 0.0134}, {""missing_rate"": 0.2, ""test_mae"": 0.0151}, {""missing_rate"": 0.3, ""test_mae"": 0.0173}, {""missing_rate"": 0.4, ""test_mae"": 0.0197}, {""missing_rate"": 0.5, ""test_mae"": 0.0218}, {""missing_rate"": 0.6, ""test_mae"": 0.0249}, {""missing_rate"": 0.7, ""test_mae"": 0.028}, {""missing_rate"": 0.8, ""test_mae"": 0.0307}, {""missing_rate"": 0.9, ""test_mae"": 0.0341}], ""test_mae_mean"": 0.0217, ""test_mae_max"": 0.0341, ""test_mae_min"": 0.012, ""test_mae"": 0.0341, ""missing_rate"": 0.9}",experiments/logs/seed106_mlp_baseline.log,,,18.31144094467163,"0.0,0.1,0.2,0.3,0.4,0.5,0.6,0.7,0.8,0.9","0.0,0.1,0.2,0.3,0.4,0.5,0.6,0.7,0.8,0.9",20260308_023704,experiments/runs/20260308_023704
seed106_mlp_mim,106,mlp,mim,completed,2026-03-08 02:37:05,,2026-03-08 06:06:57,"{""mr_results"": [{""missing_rate"": 0.0, ""test_mae"": 0.0059}, {""missing_rate"": 0.1, ""test_mae"": 0.0063}, {""missing_rate"": 0.2, ""test_mae"": 0.0068}, {""missing_rate"": 0.3, ""test_mae"": 0.0071}, {""missing_rate"": 0.4, ""test_mae"": 0.0076}, {""missing_rate"": 0.5, ""test_mae"": 0.0084}, {""missing_rate"": 0.6, ""test_mae"": 0.0097}, {""missing_rate"": 0.7, ""test_mae"": 0.0113}, {""missing_rate"": 0.8, ""test_mae"": 0.0139}, {""missing_rate"": 0.9, ""test_mae"": 0.0225}], ""test_mae_mean"": 0.009949999999999999, ""test_mae_max"": 0.0225, ""test_mae_min"": 0.0059, ""test_mae"": 0.0225, ""missing_rate"": 0.9}",experiments/logs/seed106_mlp_mim.log,Process exited with code 1,,51.98608732223511,"0.0,0.1,0.2,0.3,0.4,0.5,0.6,0.7,0.8,0.9","0.0,0.1,0.2,0.3,0.4,0.5,0.6,0.7,0.8,0.9",20260308_023704,experiments/runs/20260308_023704
seed106_lstm_baseline,106,lstm,baseline,completed,2026-03-08 02:37:05,,2026-03-08 06:05:13,"{""mr_results"": [{""missing_rate"": 0.0, ""test_mae"": 0.0068}, {""missing_rate"": 0.1, ""test_mae"": 0.0076}, {""missing_rate"": 0.2, ""test_mae"": 0.0084}, {""missing_rate"": 0.3, ""test_mae"": 0.0094}, {""missing_rate"": 0.4, ""test_mae"": 0.0122}, {""missing_rate"": 0.5, ""test_mae"": 0.0187}, {""missing_rate"": 0.6, ""test_mae"": 0.0288}, {""missing_rate"": 0.7, ""test_mae"": 0.0404}, {""missing_rate"": 0.8, ""test_mae"": 0.0534}, {""missing_rate"": 0.9, ""test_mae"": 0.0647}], ""test_mae_mean"": 0.02504, ""test_mae_max"": 0.0647, ""test_mae_min"": 0.0068, ""test_mae"": 0.0647, ""missing_rate"": 0.9}",experiments/logs/seed106_lstm_baseline.log,,,24.26152229309082,"0.0,0.1,0.2,0.3,0.4,0.5,0.6,0.7,0.8,0.9","0.0,0.1,0.2,0.3,0.4,0.5,0.6,0.7,0.8,0.9",20260308_023704,experiments/runs/20260308_023704
seed106_lstm_mim,106,lstm,mim,completed,2026-03-08 02:37:05,,2026-03-08 06:05:59,"{""mr_results"": [{""missing_rate"": 0.0, ""test_mae"": 0.0075}, {""missing_rate"": 0.1, ""test_mae"": 0.0074}, {""missing_rate"": 0.2, ""test_mae"": 0.0073}, {""missing_rate"": 0.3, ""test_mae"": 0.0074}, {""missing_rate"": 0.4, ""test_mae"": 0.0077}, {""missing_rate"": 0.5, ""test_mae"": 0.008}, {""missing_rate"": 0.6, ""test_mae"": 0.0085}, {""missing_rate"": 0.7, ""test_mae"": 0.0098}, {""missing_rate"": 0.8, ""test_mae"": 0.0132}, {""missing_rate"": 0.9, ""test_mae"": 0.0222}], ""test_mae_mean"": 0.0099, ""test_mae_max"": 0.0222, ""test_mae_min"": 0.0073, ""test_mae"": 0.0222, ""missing_rate"": 0.9}",experiments/logs/seed106_lstm_mim.log,,,69.6656105518341,"0.0,0.1,0.2,0.3,0.4,0.5,0.6,0.7,0.8,0.9","0.0,0.1,0.2,0.3,0.4,0.5,0.6,0.7,0.8,0.9",20260308_023704,experiments/runs/20260308_023704
seed106_gru_baseline,106,gru,baseline,completed,2026-03-08 02:37:05,,2026-03-08 06:07:14,"{""mr_results"": [{""missing_rate"": 0.0, ""test_mae"": 0.0098}, {""missing_rate"": 0.1, ""test_mae"": 0.0113}, {""missing_rate"": 0.2, ""test_mae"": 0.0133}, {""missing_rate"": 0.3, ""test_mae"": 0.0154}, {""missing_rate"": 0.4, ""test_mae"": 0.0183}, {""missing_rate"": 0.5, ""test_mae"": 0.0203}, {""missing_rate"": 0.6, ""test_mae"": 0.023}, {""missing_rate"": 0.7, ""test_mae"": 0.0257}, {""missing_rate"": 0.8, ""test_mae"": 0.0296}, {""missing_rate"": 0.9, ""test_mae"": 0.0331}], ""test_mae_mean"": 0.01998, ""test_mae_max"": 0.0331, ""test_mae_min"": 0.0098, ""test_mae"": 0.0331, ""missing_rate"": 0.9}",experiments/logs/seed106_gru_baseline.log,,,15.300741195678711,"0.0,0.1,0.2,0.3,0.4,0.5,0.6,0.7,0.8,0.9","0.0,0.1,0.2,0.3,0.4,0.5,0.6,0.7,0.8,0.9",20260308_023704,experiments/runs/20260308_023704
seed106_gru_mim,106,gru,mim,completed,2026-03-08 02:37:05,,2026-03-08 06:07:44,"{""mr_results"": [{""missing_rate"": 0.0, ""test_mae"": 0.0073}, {""missing_rate"": 0.1, ""test_mae"": 0.0069}, {""missing_rate"": 0.2, ""test_mae"": 0.0066}, {""missing_rate"": 0.3, ""test_mae"": 0.0064}, {""missing_rate"": 0.4, ""test_mae"": 0.0064}, {""missing_rate"": 0.5, ""test_mae"": 0.0063}, {""missing_rate"": 0.6, ""test_mae"": 0.0066}, {""missing_rate"": 0.7, ""test_mae"": 0.0077}, {""missing_rate"": 0.8, ""test_mae"": 0.0106}, {""missing_rate"": 0.9, ""test_mae"": 0.0195}], ""test_mae_mean"": 0.00843, ""test_mae_max"": 0.0195, ""test_mae_min"": 0.0063, ""test_mae"": 0.0195, ""missing_rate"": 0.9}",experiments/logs/seed106_gru_mim.log,,,45.17918300628662,"0.0,0.1,0.2,0.3,0.4,0.5,0.6,0.7,0.8,0.9","0.0,0.1,0.2,0.3,0.4,0.5,0.6,0.7,0.8,0.9",20260308_023704,experiments/runs/20260308_023704
seed106_cnn1d_baseline,106,cnn1d,baseline,completed,2026-03-08 02:37:05,,2026-03-08 06:07:18,"{""mr_results"": [{""missing_rate"": 0.0, ""test_mae"": 0.0355}, {""missing_rate"": 0.1, ""test_mae"": 0.0497}, {""missing_rate"": 0.2, ""test_mae"": 0.0604}, {""missing_rate"": 0.3, ""test_mae"": 0.0663}, {""missing_rate"": 0.4, ""test_mae"": 0.0696}, {""missing_rate"": 0.5, ""test_mae"": 0.0747}, {""missing_rate"": 0.6, ""test_mae"": 0.0837}, {""missing_rate"": 0.7, ""test_mae"": 0.0926}, {""missing_rate"": 0.8, ""test_mae"": 0.1033}, {""missing_rate"": 0.9, ""test_mae"": 0.1238}], ""test_mae_mean"": 0.07596, ""test_mae_max"": 0.1238, ""test_mae_min"": 0.0355, ""test_mae"": 0.1238, ""missing_rate"": 0.9}",experiments/logs/seed106_cnn1d_baseline.log,,,19.573694229125977,"0.0,0.1,0.2,0.3,0.4,0.5,0.6,0.7,0.8,0.9","0.0,0.1,0.2,0.3,0.4,0.5,0.6,0.7,0.8,0.9",20260308_023704,experiments/runs/20260308_023704
seed106_cnn1d_mim,106,cnn1d,mim,completed,2026-03-08 02:37:05,,2026-03-08 06:07:56,"{""mr_results"": [{""missing_rate"": 0.0, ""test_mae"": 0.009}, {""missing_rate"": 0.1, ""test_mae"": 0.0086}, {""missing_rate"": 0.2, ""test_mae"": 0.0083}, {""missing_rate"": 0.3, ""test_mae"": 0.0081}, {""missing_rate"": 0.4, ""test_mae"": 0.0083}, {""missing_rate"": 0.5, ""test_mae"": 0.0085}, {""missing_rate"": 0.6, ""test_mae"": 0.0091}, {""missing_rate"": 0.7, ""test_mae"": 0.0102}, {""missing_rate"": 0.8, ""test_mae"": 0.013}, {""missing_rate"": 0.9, ""test_mae"": 0.0213}], ""test_mae_mean"": 0.01044, ""test_mae_max"": 0.0213, ""test_mae_min"": 0.0081, ""test_mae"": 0.0213, ""missing_rate"": 0.9}",experiments/logs/seed106_cnn1d_mim.log,,,57.4875385761261,"0.0,0.1,0.2,0.3,0.4,0.5,0.6,0.7,0.8,0.9","0.0,0.1,0.2,0.3,0.4,0.5,0.6,0.7,0.8,0.9",20260308_023704,experiments/runs/20260308_023704
seed107_mlp_baseline,107,mlp,baseline,completed,2026-03-08 02:37:05,,2026-03-08 06:08:27,"{""mr_results"": [{""missing_rate"": 0.0, ""test_mae"": 0.009}, {""missing_rate"": 0.1, ""test_mae"": 0.0095}, {""missing_rate"": 0.2, ""test_mae"": 0.0106}, {""missing_rate"": 0.3, ""test_mae"": 0.0125}, {""missing_rate"": 0.4, ""test_mae"": 0.0152}, {""missing_rate"": 0.5, ""test_mae"": 0.0179}, {""missing_rate"": 0.6, ""test_mae"": 0.0213}, {""missing_rate"": 0.7, ""test_mae"": 0.0249}, {""missing_rate"": 0.8, ""test_mae"": 0.0286}, {""missing_rate"": 0.9, ""test_mae"": 0.0333}], ""test_mae_mean"": 0.018279999999999998, ""test_mae_max"": 0.0333, ""test_mae_min"": 0.009, ""test_mae"": 0.0333, ""missing_rate"": 0.9}",experiments/logs/seed107_mlp_baseline.log,Process exited with code 1,,18.000986099243164,"0.0,0.1,0.2,0.3,0.4,0.5,0.6,0.7,0.8,0.9","0.0,0.1,0.2,0.3,0.4,0.5,0.6,0.7,0.8,0.9",20260308_023704,experiments/runs/20260308_023704
seed107_mlp_mim,107,mlp,mim,completed,2026-03-08 02:37:05,,2026-03-08 06:10:26,"{""mr_results"": [{""missing_rate"": 0.0, ""test_mae"": 0.0074}, {""missing_rate"": 0.1, ""test_mae"": 0.0074}, {""missing_rate"": 0.2, ""test_mae"": 0.0074}, {""missing_rate"": 0.3, ""test_mae"": 0.0075}, {""missing_rate"": 0.4, ""test_mae"": 0.0079}, {""missing_rate"": 0.5, ""test_mae"": 0.0086}, {""missing_rate"": 0.6, ""test_mae"": 0.0097}, {""missing_rate"": 0.7, ""test_mae"": 0.0118}, {""missing_rate"": 0.8, ""test_mae"": 0.0146}, {""missing_rate"": 0.9, ""test_mae"": 0.0229}], ""test_mae_mean"": 0.01052, ""test_mae_max"": 0.0229, ""test_mae_min"": 0.0074, ""test_mae"": 0.0229, ""missing_rate"": 0.9}",experiments/logs/seed107_mlp_mim.log,Process exited with code 1,,65.53808283805847,"0.0,0.1,0.2,0.3,0.4,0.5,0.6,0.7,0.8,0.9","0.0,0.1,0.2,0.3,0.4,0.5,0.6,0.7,0.8,0.9",20260308_023704,experiments/runs/20260308_023704
seed107_lstm_baseline,107,lstm,baseline,completed,2026-03-08 02:37:05,,2026-03-08 06:08:30,"{""mr_results"": [{""missing_rate"": 0.0, ""test_mae"": 0.0075}, {""missing_rate"": 0.1, ""test_mae"": 0.008}, {""missing_rate"": 0.2, ""test_mae"": 0.0086}, {""missing_rate"": 0.3, ""test_mae"": 0.0095}, {""missing_rate"": 0.4, ""test_mae"": 0.0126}, {""missing_rate"": 0.5, ""test_mae"": 0.0194}, {""missing_rate"": 0.6, ""test_mae"": 0.0314}, {""missing_rate"": 0.7, ""test_mae"": 0.0473}, {""missing_rate"": 0.8, ""test_mae"": 0.0673}, {""missing_rate"": 0.9, ""test_mae"": 0.089}], ""test_mae_mean"": 0.030059999999999996, ""test_mae_max"": 0.089, ""test_mae_min"": 0.0075, ""test_mae"": 0.089, ""missing_rate"": 0.9}",experiments/logs/seed107_lstm_baseline.log,Process exited with code 1,,20.463370323181152,"0.0,0.1,0.2,0.3,0.4,0.5,0.6,0.7,0.8,0.9","0.0,0.1,0.2,0.3,0.4,0.5,0.6,0.7,0.8,0.9",20260308_023704,experiments/runs/20260308_023704
seed107_lstm_mim,107,lstm,mim,completed,2026-03-08 02:37:05,,2026-03-08 06:10:24,"{""mr_results"": [{""missing_rate"": 0.0, ""test_mae"": 0.0047}, {""missing_rate"": 0.1, ""test_mae"": 0.0048}, {""missing_rate"": 0.2, ""test_mae"": 0.0049}, {""missing_rate"": 0.3, ""test_mae"": 0.0051}, {""missing_rate"": 0.4, ""test_mae"": 0.0055}, {""missing_rate"": 0.5, ""test_mae"": 0.0062}, {""missing_rate"": 0.6, ""test_mae"": 0.0071}, {""missing_rate"": 0.7, ""test_mae"": 0.0089}, {""missing_rate"": 0.8, ""test_mae"": 0.0129}, {""missing_rate"": 0.9, ""test_mae"": 0.0232}], ""test_mae_mean"": 0.00833, ""test_mae_max"": 0.0232, ""test_mae_min"": 0.0047, ""test_mae"": 0.0232, ""missing_rate"": 0.9}",experiments/logs/seed107_lstm_mim.log,Process exited with code 1,,62.682180404663086,"0.0,0.1,0.2,0.3,0.4,0.5,0.6,0.7,0.8,0.9","0.0,0.1,0.2,0.3,0.4,0.5,0.6,0.7,0.8,0.9",20260308_023704,experiments/runs/20260308_023704
seed107_gru_baseline,107,gru,baseline,completed,2026-03-08 02:37:05,,2026-03-08 06:10:43,"{""mr_results"": [{""missing_rate"": 0.0, ""test_mae"": 0.007}, {""missing_rate"": 0.1, ""test_mae"": 0.0104}, {""missing_rate"": 0.2, ""test_mae"": 0.0128}, {""missing_rate"": 0.3, ""test_mae"": 0.0156}, {""missing_rate"": 0.4, ""test_mae"": 0.0182}, {""missing_rate"": 0.5, ""test_mae"": 0.0214}, {""missing_rate"": 0.6, ""test_mae"": 0.0249}, {""missing_rate"": 0.7, ""test_mae"": 0.028}, {""missing_rate"": 0.8, ""test_mae"": 0.0316}, {""missing_rate"": 0.9, ""test_mae"": 0.0354}], ""test_mae_mean"": 0.02053, ""test_mae_max"": 0.0354, ""test_mae_min"": 0.007, ""test_mae"": 0.0354, ""missing_rate"": 0.9}",experiments/logs/seed107_gru_baseline.log,,,14.955986022949219,"0.0,0.1,0.2,0.3,0.4,0.5,0.6,0.7,0.8,0.9","0.0,0.1,0.2,0.3,0.4,0.5,0.6,0.7,0.8,0.9",20260308_023704,experiments/runs/20260308_023704
seed107_gru_mim,107,gru,mim,completed,2026-03-08 02:37:05,,2026-03-08 06:11:09,"{""mr_results"": [{""missing_rate"": 0.0, ""test_mae"": 0.0056}, {""missing_rate"": 0.1, ""test_mae"": 0.0063}, {""missing_rate"": 0.2, ""test_mae"": 0.0069}, {""missing_rate"": 0.3, ""test_mae"": 0.0074}, {""missing_rate"": 0.4, ""test_mae"": 0.0079}, {""missing_rate"": 0.5, ""test_mae"": 0.0085}, {""missing_rate"": 0.6, ""test_mae"": 0.0092}, {""missing_rate"": 0.7, ""test_mae"": 0.0108}, {""missing_rate"": 0.8, ""test_mae"": 0.0143}, {""missing_rate"": 0.9, ""test_mae"": 0.0245}], ""test_mae_mean"": 0.01014, ""test_mae_max"": 0.0245, ""test_mae_min"": 0.0056, ""test_mae"": 0.0245, ""missing_rate"": 0.9}",experiments/logs/seed107_gru_mim.log,,,40.196173906326294,"0.0,0.1,0.2,0.3,0.4,0.5,0.6,0.7,0.8,0.9","0.0,0.1,0.2,0.3,0.4,0.5,0.6,0.7,0.8,0.9",20260308_023704,experiments/runs/20260308_023704
seed107_cnn1d_baseline,107,cnn1d,baseline,completed,2026-03-08 02:37:05,,2026-03-08 06:10:53,"{""mr_results"": [{""missing_rate"": 0.0, ""test_mae"": 0.0224}, {""missing_rate"": 0.1, ""test_mae"": 0.041}, {""missing_rate"": 0.2, ""test_mae"": 0.052}, {""missing_rate"": 0.3, ""test_mae"": 0.0571}, {""missing_rate"": 0.4, ""test_mae"": 0.0619}, {""missing_rate"": 0.5, ""test_mae"": 0.0669}, {""missing_rate"": 0.6, ""test_mae"": 0.0746}, {""missing_rate"": 0.7, ""test_mae"": 0.0818}, {""missing_rate"": 0.8, ""test_mae"": 0.0897}, {""missing_rate"": 0.9, ""test_mae"": 0.1019}], ""test_mae_mean"": 0.06493, ""test_mae_max"": 0.1019, ""test_mae_min"": 0.0224, ""test_mae"": 0.1019, ""missing_rate"": 0.9}",experiments/logs/seed107_cnn1d_baseline.log,,,24.47265934944153,"0.0,0.1,0.2,0.3,0.4,0.5,0.6,0.7,0.8,0.9","0.0,0.1,0.2,0.3,0.4,0.5,0.6,0.7,0.8,0.9",20260308_023704,experiments/runs/20260308_023704
seed107_cnn1d_mim,107,cnn1d,mim,completed,2026-03-08 02:37:05,,2026-03-08 06:11:36,"{""mr_results"": [{""missing_rate"": 0.0, ""test_mae"": 0.007}, {""missing_rate"": 0.1, ""test_mae"": 0.0068}, {""missing_rate"": 0.2, ""test_mae"": 0.0067}, {""missing_rate"": 0.3, ""test_mae"": 0.0066}, {""missing_rate"": 0.4, ""test_mae"": 0.0067}, {""missing_rate"": 0.5, ""test_mae"": 0.0067}, {""missing_rate"": 0.6, ""test_mae"": 0.0068}, {""missing_rate"": 0.7, ""test_mae"": 0.0079}, {""missing_rate"": 0.8, ""test_mae"": 0.0105}, {""missing_rate"": 0.9, ""test_mae"": 0.0179}], ""test_mae_mean"": 0.008360000000000001, ""test_mae_max"": 0.0179, ""test_mae_min"": 0.0066, ""test_mae"": 0.0179, ""missing_rate"": 0.9}",experiments/logs/seed107_cnn1d_mim.log,,,67.53917217254639,"0.0,0.1,0.2,0.3,0.4,0.5,0.6,0.7,0.8,0.9","0.0,0.1,0.2,0.3,0.4,0.5,0.6,0.7,0.8,0.9",20260308_023704,experiments/runs/20260308_023704
seed108_mlp_baseline,108,mlp,baseline,completed,2026-03-08 02:37:05,,2026-03-08 06:12:01,"{""mr_results"": [{""missing_rate"": 0.0, ""test_mae"": 0.0113}, {""missing_rate"": 0.1, ""test_mae"": 0.0126}, {""missing_rate"": 0.2, ""test_mae"": 0.0138}, {""missing_rate"": 0.3, ""test_mae"": 0.016}, {""missing_rate"": 0.4, ""test_mae"": 0.0188}, {""missing_rate"": 0.5, ""test_mae"": 0.0214}, {""missing_rate"": 0.6, ""test_mae"": 0.0245}, {""missing_rate"": 0.7, ""test_mae"": 0.0278}, {""missing_rate"": 0.8, ""test_mae"": 0.0306}, {""missing_rate"": 0.9, ""test_mae"": 0.0345}], ""test_mae_mean"": 0.02113, ""test_mae_max"": 0.0345, ""test_mae_min"": 0.0113, ""test_mae"": 0.0345, ""missing_rate"": 0.9}",experiments/logs/seed108_mlp_baseline.log,,,23.620057821273804,"0.0,0.1,0.2,0.3,0.4,0.5,0.6,0.7,0.8,0.9","0.0,0.1,0.2,0.3,0.4,0.5,0.6,0.7,0.8,0.9",20260308_023704,experiments/runs/20260308_023704
seed108_mlp_mim,108,mlp,mim,completed,2026-03-08 02:37:05,,2026-03-08 06:12:37,"{""mr_results"": [{""missing_rate"": 0.0, ""test_mae"": 0.0062}, {""missing_rate"": 0.1, ""test_mae"": 0.0062}, {""missing_rate"": 0.2, ""test_mae"": 0.0065}, {""missing_rate"": 0.3, ""test_mae"": 0.0068}, {""missing_rate"": 0.4, ""test_mae"": 0.0071}, {""missing_rate"": 0.5, ""test_mae"": 0.008}, {""missing_rate"": 0.6, ""test_mae"": 0.0091}, {""missing_rate"": 0.7, ""test_mae"": 0.0108}, {""missing_rate"": 0.8, ""test_mae"": 0.0134}, {""missing_rate"": 0.9, ""test_mae"": 0.0219}], ""test_mae_mean"": 0.009600000000000001, ""test_mae_max"": 0.0219, ""test_mae_min"": 0.0062, ""test_mae"": 0.0219, ""missing_rate"": 0.9}",experiments/logs/seed108_mlp_mim.log,,,59.64253616333008,"0.0,0.1,0.2,0.3,0.4,0.5,0.6,0.7,0.8,0.9","0.0,0.1,0.2,0.3,0.4,0.5,0.6,0.7,0.8,0.9",20260308_023704,experiments/runs/20260308_023704
seed108_lstm_baseline,108,lstm,baseline,completed,2026-03-08 02:37:05,,2026-03-08 06:11:58,"{""mr_results"": [{""missing_rate"": 0.0, ""test_mae"": 0.0069}, {""missing_rate"": 0.1, ""test_mae"": 0.0073}, {""missing_rate"": 0.2, ""test_mae"": 0.0084}, {""missing_rate"": 0.3, ""test_mae"": 0.01}, {""missing_rate"": 0.4, ""test_mae"": 0.0122}, {""missing_rate"": 0.5, ""test_mae"": 0.0152}, {""missing_rate"": 0.6, ""test_mae"": 0.0198}, {""missing_rate"": 0.7, ""test_mae"": 0.024}, {""missing_rate"": 0.8, ""test_mae"": 0.0301}, {""missing_rate"": 0.9, ""test_mae"": 0.0393}], ""test_mae_mean"": 0.01732, ""test_mae_max"": 0.0393, ""test_mae_min"": 0.0069, ""test_mae"": 0.0393, ""missing_rate"": 0.9}",experiments/logs/seed108_lstm_baseline.log,,,20.555307149887085,"0.0,0.1,0.2,0.3,0.4,0.5,0.6,0.7,0.8,0.9","0.0,0.1,0.2,0.3,0.4,0.5,0.6,0.7,0.8,0.9",20260308_023704,experiments/runs/20260308_023704
seed108_lstm_mim,108,lstm,mim,completed,2026-03-08 02:37:05,,2026-03-08 06:12:29,"{""mr_results"": [{""missing_rate"": 0.0, ""test_mae"": 0.0049}, {""missing_rate"": 0.1, ""test_mae"": 0.0052}, {""missing_rate"": 0.2, ""test_mae"": 0.0057}, {""missing_rate"": 0.3, ""test_mae"": 0.0061}, {""missing_rate"": 0.4, ""test_mae"": 0.0067}, {""missing_rate"": 0.5, ""test_mae"": 0.0074}, {""missing_rate"": 0.6, ""test_mae"": 0.0082}, {""missing_rate"": 0.7, ""test_mae"": 0.0099}, {""missing_rate"": 0.8, ""test_mae"": 0.0135}, {""missing_rate"": 0.9, ""test_mae"": 0.0229}], ""test_mae_mean"": 0.009049999999999999, ""test_mae_max"": 0.0229, ""test_mae_min"": 0.0049, ""test_mae"": 0.0229, ""missing_rate"": 0.9}",experiments/logs/seed108_lstm_mim.log,,,51.680492877960205,"0.0,0.1,0.2,0.3,0.4,0.5,0.6,0.7,0.8,0.9","0.0,0.1,0.2,0.3,0.4,0.5,0.6,0.7,0.8,0.9",20260308_023704,experiments/runs/20260308_023704
seed108_gru_baseline,108,gru,baseline,completed,2026-03-08 02:37:05,,2026-03-08 06:12:57,"{""mr_results"": [{""missing_rate"": 0.0, ""test_mae"": 0.0063}, {""missing_rate"": 0.1, ""test_mae"": 0.0079}, {""missing_rate"": 0.2, ""test_mae"": 0.0103}, {""missing_rate"": 0.3, ""test_mae"": 0.0131}, {""missing_rate"": 0.4, ""test_mae"": 0.0166}, {""missing_rate"": 0.5, ""test_mae"": 0.0199}, {""missing_rate"": 0.6, ""test_mae"": 0.0237}, {""missing_rate"": 0.7, ""test_mae"": 0.0274}, {""missing_rate"": 0.8, ""test_mae"": 0.0315}, {""missing_rate"": 0.9, ""test_mae"": 0.0352}], ""test_mae_mean"": 0.019190000000000002, ""test_mae_max"": 0.0352, ""test_mae_min"": 0.0063, ""test_mae"": 0.0352, ""missing_rate"": 0.9}",experiments/logs/seed108_gru_baseline.log,,,18.24756908416748,"0.0,0.1,0.2,0.3,0.4,0.5,0.6,0.7,0.8,0.9","0.0,0.1,0.2,0.3,0.4,0.5,0.6,0.7,0.8,0.9",20260308_023704,experiments/runs/20260308_023704
seed108_gru_mim,108,gru,mim,completed,2026-03-08 02:37:05,,2026-03-08 06:13:09,"{""mr_results"": [{""missing_rate"": 0.0, ""test_mae"": 0.0061}, {""missing_rate"": 0.1, ""test_mae"": 0.0071}, {""missing_rate"": 0.2, ""test_mae"": 0.0078}, {""missing_rate"": 0.3, ""test_mae"": 0.0084}, {""missing_rate"": 0.4, ""test_mae"": 0.0091}, {""missing_rate"": 0.5, ""test_mae"": 0.0098}, {""missing_rate"": 0.6, ""test_mae"": 0.0108}, {""missing_rate"": 0.7, ""test_mae"": 0.0129}, {""missing_rate"": 0.8, ""test_mae"": 0.0178}, {""missing_rate"": 0.9, ""test_mae"": 0.0275}], ""test_mae_mean"": 0.01173, ""test_mae_max"": 0.0275, ""test_mae_min"": 0.0061, ""test_mae"": 0.0275, ""missing_rate"": 0.9}",experiments/logs/seed108_gru_mim.log,,,29.708112239837646,"0.0,0.1,0.2,0.3,0.4,0.5,0.6,0.7,0.8,0.9","0.0,0.1,0.2,0.3,0.4,0.5,0.6,0.7,0.8,0.9",20260308_023704,experiments/runs/20260308_023704
seed108_cnn1d_baseline,108,cnn1d,baseline,completed,2026-03-08 02:37:05,,2026-03-08 06:13:34,"{""mr_results"": [{""missing_rate"": 0.0, ""test_mae"": 0.0234}, {""missing_rate"": 0.1, ""test_mae"": 0.0333}, {""missing_rate"": 0.2, ""test_mae"": 0.0422}, {""missing_rate"": 0.3, ""test_mae"": 0.0477}, {""missing_rate"": 0.4, ""test_mae"": 0.0538}, {""missing_rate"": 0.5, ""test_mae"": 0.0605}, {""missing_rate"": 0.6, ""test_mae"": 0.0695}, {""missing_rate"": 0.7, ""test_mae"": 0.0764}, {""missing_rate"": 0.8, ""test_mae"": 0.0823}, {""missing_rate"": 0.9, ""test_mae"": 0.0953}], ""test_mae_mean"": 0.058440000000000006, ""test_mae_max"": 0.0953, ""test_mae_min"": 0.0234, ""test_mae"": 0.0953, ""missing_rate"": 0.9}",experiments/logs/seed108_cnn1d_baseline.log,Process exited with code 1,,19.974520206451416,"0.0,0.1,0.2,0.3,0.4,0.5,0.6,0.7,0.8,0.9","0.0,0.1,0.2,0.3,0.4,0.5,0.6,0.7,0.8,0.9",20260308_023704,experiments/runs/20260308_023704
seed108_cnn1d_mim,108,cnn1d,mim,completed,2026-03-08 02:37:05,,2026-03-08 06:13:59,"{""mr_results"": [{""missing_rate"": 0.0, ""test_mae"": 0.0077}, {""missing_rate"": 0.1, ""test_mae"": 0.0073}, {""missing_rate"": 0.2, ""test_mae"": 0.0068}, {""missing_rate"": 0.3, ""test_mae"": 0.0065}, {""missing_rate"": 0.4, ""test_mae"": 0.0068}, {""missing_rate"": 0.5, ""test_mae"": 0.007}, {""missing_rate"": 0.6, ""test_mae"": 0.0075}, {""missing_rate"": 0.7, ""test_mae"": 0.009}, {""missing_rate"": 0.8, ""test_mae"": 0.0123}, {""missing_rate"": 0.9, ""test_mae"": 0.0207}], ""test_mae_mean"": 0.00916, ""test_mae_max"": 0.0207, ""test_mae_min"": 0.0065, ""test_mae"": 0.0207, ""missing_rate"": 0.9}",experiments/logs/seed108_cnn1d_mim.log,Process exited with code 1,,45.48709273338318,"0.0,0.1,0.2,0.3,0.4,0.5,0.6,0.7,0.8,0.9","0.0,0.1,0.2,0.3,0.4,0.5,0.6,0.7,0.8,0.9",20260308_023704,experiments/runs/20260308_023704
seed109_mlp_baseline,109,mlp,baseline,completed,2026-03-08 02:37:05,,2026-03-08 06:14:19,"{""mr_results"": [{""missing_rate"": 0.0, ""test_mae"": 0.0201}, {""missing_rate"": 0.1, ""test_mae"": 0.0213}, {""missing_rate"": 0.2, ""test_mae"": 0.0227}, {""missing_rate"": 0.3, ""test_mae"": 0.0245}, {""missing_rate"": 0.4, ""test_mae"": 0.0264}, {""missing_rate"": 0.5, ""test_mae"": 0.0279}, {""missing_rate"": 0.6, ""test_mae"": 0.03}, {""missing_rate"": 0.7, ""test_mae"": 0.0321}, {""missing_rate"": 0.8, ""test_mae"": 0.0339}, {""missing_rate"": 0.9, ""test_mae"": 0.037}], ""test_mae_mean"": 0.027589999999999996, ""test_mae_max"": 0.037, ""test_mae_min"": 0.0201, ""test_mae"": 0.037, ""missing_rate"": 0.9}",experiments/logs/seed109_mlp_baseline.log,,,17.96992802619934,"0.0,0.1,0.2,0.3,0.4,0.5,0.6,0.7,0.8,0.9","0.0,0.1,0.2,0.3,0.4,0.5,0.6,0.7,0.8,0.9",20260308_023704,experiments/runs/20260308_023704
seed109_mlp_mim,109,mlp,mim,completed,2026-03-08 02:37:05,,2026-03-08 06:14:42,"{""mr_results"": [{""missing_rate"": 0.0, ""test_mae"": 0.0066}, {""missing_rate"": 0.1, ""test_mae"": 0.0068}, {""missing_rate"": 0.2, ""test_mae"": 0.0071}, {""missing_rate"": 0.3, ""test_mae"": 0.0074}, {""missing_rate"": 0.4, ""test_mae"": 0.008}, {""missing_rate"": 0.5, ""test_mae"": 0.0085}, {""missing_rate"": 0.6, ""test_mae"": 0.0098}, {""missing_rate"": 0.7, ""test_mae"": 0.0112}, {""missing_rate"": 0.8, ""test_mae"": 0.0138}, {""missing_rate"": 0.9, ""test_mae"": 0.0226}], ""test_mae_mean"": 0.01018, ""test_mae_max"": 0.0226, ""test_mae_min"": 0.0066, ""test_mae"": 0.0226, ""missing_rate"": 0.9}",experiments/logs/seed109_mlp_mim.log,,,41.03672766685486,"0.0,0.1,0.2,0.3,0.4,0.5,0.6,0.7,0.8,0.9","0.0,0.1,0.2,0.3,0.4,0.5,0.6,0.7,0.8,0.9",20260308_023704,experiments/runs/20260308_023704
seed109_lstm_baseline,109,lstm,baseline,completed,2026-03-08 02:37:05,,2026-03-08 06:14:24,"{""mr_results"": [{""missing_rate"": 0.0, ""test_mae"": 0.0069}, {""missing_rate"": 0.1, ""test_mae"": 0.0072}, {""missing_rate"": 0.2, ""test_mae"": 0.0079}, {""missing_rate"": 0.3, ""test_mae"": 0.0089}, {""missing_rate"": 0.4, ""test_mae"": 0.0106}, {""missing_rate"": 0.5, ""test_mae"": 0.0131}, {""missing_rate"": 0.6, ""test_mae"": 0.0167}, {""missing_rate"": 0.7, ""test_mae"": 0.02}, {""missing_rate"": 0.8, ""test_mae"": 0.0246}, {""missing_rate"": 0.9, ""test_mae"": 0.0317}], ""test_mae_mean"": 0.01476, ""test_mae_max"": 0.0317, ""test_mae_min"": 0.0069, ""test_mae"": 0.0317, ""missing_rate"": 0.9}",experiments/logs/seed109_lstm_baseline.log,,,22.94627833366394,"0.0,0.1,0.2,0.3,0.4,0.5,0.6,0.7,0.8,0.9","0.0,0.1,0.2,0.3,0.4,0.5,0.6,0.7,0.8,0.9",20260308_023704,experiments/runs/20260308_023704
seed109_lstm_mim,109,lstm,mim,completed,2026-03-08 02:37:05,,2026-03-08 06:14:57,"{""mr_results"": [{""missing_rate"": 0.0, ""test_mae"": 0.0105}, {""missing_rate"": 0.1, ""test_mae"": 0.0104}, {""missing_rate"": 0.2, ""test_mae"": 0.0103}, {""missing_rate"": 0.3, ""test_mae"": 0.0102}, {""missing_rate"": 0.4, ""test_mae"": 0.0102}, {""missing_rate"": 0.5, ""test_mae"": 0.0104}, {""missing_rate"": 0.6, ""test_mae"": 0.0106}, {""missing_rate"": 0.7, ""test_mae"": 0.0118}, {""missing_rate"": 0.8, ""test_mae"": 0.0148}, {""missing_rate"": 0.9, ""test_mae"": 0.0235}], ""test_mae_mean"": 0.01227, ""test_mae_max"": 0.0235, ""test_mae_min"": 0.0102, ""test_mae"": 0.0235, ""missing_rate"": 0.9}",experiments/logs/seed109_lstm_mim.log,,,55.795490026474,"0.0,0.1,0.2,0.3,0.4,0.5,0.6,0.7,0.8,0.9","0.0,0.1,0.2,0.3,0.4,0.5,0.6,0.7,0.8,0.9",20260308_023704,experiments/runs/20260308_023704
seed109_gru_baseline,109,gru,baseline,completed,2026-03-08 02:37:05,,2026-03-08 06:15:15,"{""mr_results"": [{""missing_rate"": 0.0, ""test_mae"": 0.0076}, {""missing_rate"": 0.1, ""test_mae"": 0.0097}, {""missing_rate"": 0.2, ""test_mae"": 0.0123}, {""missing_rate"": 0.3, ""test_mae"": 0.0151}, {""missing_rate"": 0.4, ""test_mae"": 0.0182}, {""missing_rate"": 0.5, ""test_mae"": 0.021}, {""missing_rate"": 0.6, ""test_mae"": 0.0243}, {""missing_rate"": 0.7, ""test_mae"": 0.0276}, {""missing_rate"": 0.8, ""test_mae"": 0.0313}, {""missing_rate"": 0.9, ""test_mae"": 0.0352}], ""test_mae_mean"": 0.02023, ""test_mae_max"": 0.0352, ""test_mae_min"": 0.0076, ""test_mae"": 0.0352, ""missing_rate"": 0.9}",experiments/logs/seed109_gru_baseline.log,,,16.33471155166626,"0.0,0.1,0.2,0.3,0.4,0.5,0.6,0.7,0.8,0.9","0.0,0.1,0.2,0.3,0.4,0.5,0.6,0.7,0.8,0.9",20260308_023704,experiments/runs/20260308_023704
seed109_gru_mim,109,gru,mim,completed,2026-03-08 02:37:05,,2026-03-08 06:15:53,"{""mr_results"": [{""missing_rate"": 0.0, ""test_mae"": 0.0085}, {""missing_rate"": 0.1, ""test_mae"": 0.0086}, {""missing_rate"": 0.2, ""test_mae"": 0.0087}, {""missing_rate"": 0.3, ""test_mae"": 0.0088}, {""missing_rate"": 0.4, ""test_mae"": 0.0091}, {""missing_rate"": 0.5, ""test_mae"": 0.0095}, {""missing_rate"": 0.6, ""test_mae"": 0.01}, {""missing_rate"": 0.7, ""test_mae"": 0.0112}, {""missing_rate"": 0.8, ""test_mae"": 0.0144}, {""missing_rate"": 0.9, ""test_mae"": 0.0242}], ""test_mae_mean"": 0.011300000000000001, ""test_mae_max"": 0.0242, ""test_mae_min"": 0.0085, ""test_mae"": 0.0242, ""missing_rate"": 0.9}",experiments/logs/seed109_gru_mim.log,,,54.37908053398132,"0.0,0.1,0.2,0.3,0.4,0.5,0.6,0.7,0.8,0.9","0.0,0.1,0.2,0.3,0.4,0.5,0.6,0.7,0.8,0.9",20260308_023704,experiments/runs/20260308_023704
seed109_cnn1d_baseline,109,cnn1d,baseline,completed,2026-03-08 02:37:05,,2026-03-08 06:15:23,"{""mr_results"": [{""missing_rate"": 0.0, ""test_mae"": 0.0192}, {""missing_rate"": 0.1, ""test_mae"": 0.0372}, {""missing_rate"": 0.2, ""test_mae"": 0.0495}, {""missing_rate"": 0.3, ""test_mae"": 0.0545}, {""missing_rate"": 0.4, ""test_mae"": 0.0582}, {""missing_rate"": 0.5, ""test_mae"": 0.0627}, {""missing_rate"": 0.6, ""test_mae"": 0.0654}, {""missing_rate"": 0.7, ""test_mae"": 0.0685}, {""missing_rate"": 0.8, ""test_mae"": 0.0705}, {""missing_rate"": 0.9, ""test_mae"": 0.0792}], ""test_mae_mean"": 0.05649, ""test_mae_max"": 0.0792, ""test_mae_min"": 0.0192, ""test_mae"": 0.0792, ""missing_rate"": 0.9}",experiments/logs/seed109_cnn1d_baseline.log,,,24.292621612548828,"0.0,0.1,0.2,0.3,0.4,0.5,0.6,0.7,0.8,0.9","0.0,0.1,0.2,0.3,0.4,0.5,0.6,0.7,0.8,0.9",20260308_023704,experiments/runs/20260308_023704
seed109_cnn1d_mim,109,cnn1d,mim,completed,2026-03-08 02:37:05,,2026-03-08 06:16:07,"{""mr_results"": [{""missing_rate"": 0.0, ""test_mae"": 0.0055}, {""missing_rate"": 0.1, ""test_mae"": 0.006}, {""missing_rate"": 0.2, ""test_mae"": 0.0063}, {""missing_rate"": 0.3, ""test_mae"": 0.0067}, {""missing_rate"": 0.4, ""test_mae"": 0.0071}, {""missing_rate"": 0.5, ""test_mae"": 0.0076}, {""missing_rate"": 0.6, ""test_mae"": 0.0081}, {""missing_rate"": 0.7, ""test_mae"": 0.0091}, {""missing_rate"": 0.8, ""test_mae"": 0.0114}, {""missing_rate"": 0.9, ""test_mae"": 0.0191}], ""test_mae_mean"": 0.00869, ""test_mae_max"": 0.0191, ""test_mae_min"": 0.0055, ""test_mae"": 0.0191, ""missing_rate"": 0.9}",experiments/logs/seed109_cnn1d_mim.log,,,68.25036859512329,"0.0,0.1,0.2,0.3,0.4,0.5,0.6,0.7,0.8,0.9","0.0,0.1,0.2,0.3,0.4,0.5,0.6,0.7,0.8,0.9",20260308_023704,experiments/runs/20260308_023704
seed110_mlp_baseline,110,mlp,baseline,completed,2026-03-08 02:37:05,,2026-03-08 06:16:25,"{""mr_results"": [{""missing_rate"": 0.0, ""test_mae"": 0.0128}, {""missing_rate"": 0.1, ""test_mae"": 0.0136}, {""missing_rate"": 0.2, ""test_mae"": 0.0141}, {""missing_rate"": 0.3, ""test_mae"": 0.0158}, {""missing_rate"": 0.4, ""test_mae"": 0.0182}, {""missing_rate"": 0.5, ""test_mae"": 0.021}, {""missing_rate"": 0.6, ""test_mae"": 0.0246}, {""missing_rate"": 0.7, ""test_mae"": 0.0274}, {""missing_rate"": 0.8, ""test_mae"": 0.03}, {""missing_rate"": 0.9, ""test_mae"": 0.0339}], ""test_mae_mean"": 0.02114, ""test_mae_max"": 0.0339, ""test_mae_min"": 0.0128, ""test_mae"": 0.0339, ""missing_rate"": 0.9}",experiments/logs/seed110_mlp_baseline.log,,,15.403629064559937,"0.0,0.1,0.2,0.3,0.4,0.5,0.6,0.7,0.8,0.9","0.0,0.1,0.2,0.3,0.4,0.5,0.6,0.7,0.8,0.9",20260308_023704,experiments/runs/20260308_023704
seed110_mlp_mim,110,mlp,mim,completed,2026-03-08 02:37:05,,2026-03-08 06:17:55,"{""mr_results"": [{""missing_rate"": 0.0, ""test_mae"": 0.0072}, {""missing_rate"": 0.1, ""test_mae"": 0.0075}, {""missing_rate"": 0.2, ""test_mae"": 0.0077}, {""missing_rate"": 0.3, ""test_mae"": 0.0078}, {""missing_rate"": 0.4, ""test_mae"": 0.0083}, {""missing_rate"": 0.5, ""test_mae"": 0.0088}, {""missing_rate"": 0.6, ""test_mae"": 0.01}, {""missing_rate"": 0.7, ""test_mae"": 0.0115}, {""missing_rate"": 0.8, ""test_mae"": 0.014}, {""missing_rate"": 0.9, ""test_mae"": 0.0227}], ""test_mae_mean"": 0.01055, ""test_mae_max"": 0.0227, ""test_mae_min"": 0.0072, ""test_mae"": 0.0227, ""missing_rate"": 0.9}",experiments/logs/seed110_mlp_mim.log,Process exited with code 1,,34.65867590904236,"0.0,0.1,0.2,0.3,0.4,0.5,0.6,0.7,0.8,0.9","0.0,0.1,0.2,0.3,0.4,0.5,0.6,0.7,0.8,0.9",20260308_023704,experiments/runs/20260308_023704
seed110_lstm_baseline,110,lstm,baseline,completed,2026-03-08 02:37:05,,2026-03-08 06:16:29,"{""mr_results"": [{""missing_rate"": 0.0, ""test_mae"": 0.0075}, {""missing_rate"": 0.1, ""test_mae"": 0.0075}, {""missing_rate"": 0.2, ""test_mae"": 0.0082}, {""missing_rate"": 0.3, ""test_mae"": 0.0092}, {""missing_rate"": 0.4, ""test_mae"": 0.0109}, {""missing_rate"": 0.5, ""test_mae"": 0.0131}, {""missing_rate"": 0.6, ""test_mae"": 0.0162}, {""missing_rate"": 0.7, ""test_mae"": 0.0204}, {""missing_rate"": 0.8, ""test_mae"": 0.0261}, {""missing_rate"": 0.9, ""test_mae"": 0.0335}], ""test_mae_mean"": 0.015260000000000001, ""test_mae_max"": 0.0335, ""test_mae_min"": 0.0075, ""test_mae"": 0.0335, ""missing_rate"": 0.9}",experiments/logs/seed110_lstm_baseline.log,,,19.33244228363037,"0.0,0.1,0.2,0.3,0.4,0.5,0.6,0.7,0.8,0.9","0.0,0.1,0.2,0.3,0.4,0.5,0.6,0.7,0.8,0.9",20260308_023704,experiments/runs/20260308_023704
seed110_lstm_mim,110,lstm,mim,completed,2026-03-08 02:37:05,,2026-03-08 06:18:26,"{""mr_results"": [{""missing_rate"": 0.0, ""test_mae"": 0.0064}, {""missing_rate"": 0.1, ""test_mae"": 0.0063}, {""missing_rate"": 0.2, ""test_mae"": 0.0064}, {""missing_rate"": 0.3, ""test_mae"": 0.0064}, {""missing_rate"": 0.4, ""test_mae"": 0.0067}, {""missing_rate"": 0.5, ""test_mae"": 0.0072}, {""missing_rate"": 0.6, ""test_mae"": 0.0078}, {""missing_rate"": 0.7, ""test_mae"": 0.0094}, {""missing_rate"": 0.8, ""test_mae"": 0.0134}, {""missing_rate"": 0.9, ""test_mae"": 0.0231}], ""test_mae_mean"": 0.00931, ""test_mae_max"": 0.0231, ""test_mae_min"": 0.0063, ""test_mae"": 0.0231, ""missing_rate"": 0.9}",experiments/logs/seed110_lstm_mim.log,Process exited with code 1,,65.89826369285583,"0.0,0.1,0.2,0.3,0.4,0.5,0.6,0.7,0.8,0.9","0.0,0.1,0.2,0.3,0.4,0.5,0.6,0.7,0.8,0.9",20260308_023704,experiments/runs/20260308_023704
seed110_gru_baseline,110,gru,baseline,completed,2026-03-08 02:37:05,,2026-03-08 06:19:47,"{""mr_results"": [{""missing_rate"": 0.0, ""test_mae"": 0.0094}, {""missing_rate"": 0.1, ""test_mae"": 0.0107}, {""missing_rate"": 0.2, ""test_mae"": 0.0123}, {""missing_rate"": 0.3, ""test_mae"": 0.0146}, {""missing_rate"": 0.4, ""test_mae"": 0.0173}, {""missing_rate"": 0.5, ""test_mae"": 0.0205}, {""missing_rate"": 0.6, ""test_mae"": 0.0237}, {""missing_rate"": 0.7, ""test_mae"": 0.0269}, {""missing_rate"": 0.8, ""test_mae"": 0.0306}, {""missing_rate"": 0.9, ""test_mae"": 0.0349}], ""test_mae_mean"": 0.02009, ""test_mae_max"": 0.0349, ""test_mae_min"": 0.0094, ""test_mae"": 0.0349, ""missing_rate"": 0.9}",experiments/logs/seed110_gru_baseline.log,Process exited with code 1,,11.940215110778809,"0.0,0.1,0.2,0.3,0.4,0.5,0.6,0.7,0.8,0.9","0.0,0.1,0.2,0.3,0.4,0.5,0.6,0.7,0.8,0.9",20260308_023704,experiments/runs/20260308_023704
seed110_gru_mim,110,gru,mim,completed,2026-03-08 02:37:05,,2026-03-08 06:20:06,"{""mr_results"": [{""missing_rate"": 0.0, ""test_mae"": 0.014}, {""missing_rate"": 0.1, ""test_mae"": 0.0144}, {""missing_rate"": 0.2, ""test_mae"": 0.0146}, {""missing_rate"": 0.3, ""test_mae"": 0.0148}, {""missing_rate"": 0.4, ""test_mae"": 0.0149}, {""missing_rate"": 0.5, ""test_mae"": 0.015}, {""missing_rate"": 0.6, ""test_mae"": 0.0152}, {""missing_rate"": 0.7, ""test_mae"": 0.0162}, {""missing_rate"": 0.8, ""test_mae"": 0.0194}, {""missing_rate"": 0.9, ""test_mae"": 0.0273}], ""test_mae_mean"": 0.01658, ""test_mae_max"": 0.0273, ""test_mae_min"": 0.014, ""test_mae"": 0.0273, ""missing_rate"": 0.9}",experiments/logs/seed110_gru_mim.log,Process exited with code 1,,31.359658241271973,"0.0,0.1,0.2,0.3,0.4,0.5,0.6,0.7,0.8,0.9","0.0,0.1,0.2,0.3,0.4,0.5,0.6,0.7,0.8,0.9",20260308_023704,experiments/runs/20260308_023704
seed110_cnn1d_baseline,110,cnn1d,baseline,completed,2026-03-08 02:37:05,,2026-03-08 06:18:51,"{""mr_results"": [{""missing_rate"": 0.0, ""test_mae"": 0.0305}, {""missing_rate"": 0.1, ""test_mae"": 0.0457}, {""missing_rate"": 0.2, ""test_mae"": 0.0581}, {""missing_rate"": 0.3, ""test_mae"": 0.0633}, {""missing_rate"": 0.4, ""test_mae"": 0.065}, {""missing_rate"": 0.5, ""test_mae"": 0.0675}, {""missing_rate"": 0.6, ""test_mae"": 0.0707}, {""missing_rate"": 0.7, ""test_mae"": 0.0724}, {""missing_rate"": 0.8, ""test_mae"": 0.0764}, {""missing_rate"": 0.9, ""test_mae"": 0.0877}], ""test_mae_mean"": 0.06373, ""test_mae_max"": 0.0877, ""test_mae_min"": 0.0305, ""test_mae"": 0.0877, ""missing_rate"": 0.9}",experiments/logs/seed110_cnn1d_baseline.log,,,22.154174327850342,"0.0,0.1,0.2,0.3,0.4,0.5,0.6,0.7,0.8,0.9","0.0,0.1,0.2,0.3,0.4,0.5,0.6,0.7,0.8,0.9",20260308_023704,experiments/runs/20260308_023704
seed110_cnn1d_mim,110,cnn1d,mim,completed,2026-03-08 02:37:05,,2026-03-08 06:19:29,"{""mr_results"": [{""missing_rate"": 0.0, ""test_mae"": 0.0077}, {""missing_rate"": 0.1, ""test_mae"": 0.0077}, {""missing_rate"": 0.2, ""test_mae"": 0.0077}, {""missing_rate"": 0.3, ""test_mae"": 0.0076}, {""missing_rate"": 0.4, ""test_mae"": 0.0074}, {""missing_rate"": 0.5, ""test_mae"": 0.0076}, {""missing_rate"": 0.6, ""test_mae"": 0.0082}, {""missing_rate"": 0.7, ""test_mae"": 0.009}, {""missing_rate"": 0.8, ""test_mae"": 0.011}, {""missing_rate"": 0.9, ""test_mae"": 0.0164}], ""test_mae_mean"": 0.00903, ""test_mae_max"": 0.0164, ""test_mae_min"": 0.0074, ""test_mae"": 0.0164, ""missing_rate"": 0.9}",experiments/logs/seed110_cnn1d_mim.log,,,60.37724590301514,"0.0,0.1,0.2,0.3,0.4,0.5,0.6,0.7,0.8,0.9","0.0,0.1,0.2,0.3,0.4,0.5,0.6,0.7,0.8,0.9",20260308_023704,experiments/runs/20260308_023704
seed111_mlp_baseline,111,mlp,baseline,completed,2026-03-08 02:37:05,,2026-03-08 06:20:28,"{""mr_results"": [{""missing_rate"": 0.0, ""test_mae"": 0.013}, {""missing_rate"": 0.1, ""test_mae"": 0.0144}, {""missing_rate"": 0.2, ""test_mae"": 0.0159}, {""missing_rate"": 0.3, ""test_mae"": 0.0178}, {""missing_rate"": 0.4, ""test_mae"": 0.0201}, {""missing_rate"": 0.5, ""test_mae"": 0.0226}, {""missing_rate"": 0.6, ""test_mae"": 0.0256}, {""missing_rate"": 0.7, ""test_mae"": 0.0288}, {""missing_rate"": 0.8, ""test_mae"": 0.0316}, {""missing_rate"": 0.9, ""test_mae"": 0.0357}], ""test_mae_mean"": 0.02255, ""test_mae_max"": 0.0357, ""test_mae_min"": 0.013, ""test_mae"": 0.0357, ""missing_rate"": 0.9}",experiments/logs/seed111_mlp_baseline.log,,,19.910452365875244,"0.0,0.1,0.2,0.3,0.4,0.5,0.6,0.7,0.8,0.9","0.0,0.1,0.2,0.3,0.4,0.5,0.6,0.7,0.8,0.9",20260308_023704,experiments/runs/20260308_023704
seed111_mlp_mim,111,mlp,mim,completed,2026-03-08 02:37:05,,2026-03-08 06:21:18,"{""mr_results"": [{""missing_rate"": 0.0, ""test_mae"": 0.006}, {""missing_rate"": 0.1, ""test_mae"": 0.0063}, {""missing_rate"": 0.2, ""test_mae"": 0.0065}, {""missing_rate"": 0.3, ""test_mae"": 0.007}, {""missing_rate"": 0.4, ""test_mae"": 0.0073}, {""missing_rate"": 0.5, ""test_mae"": 0.0078}, {""missing_rate"": 0.6, ""test_mae"": 0.0088}, {""missing_rate"": 0.7, ""test_mae"": 0.0105}, {""missing_rate"": 0.8, ""test_mae"": 0.0133}, {""missing_rate"": 0.9, ""test_mae"": 0.0223}], ""test_mae_mean"": 0.00958, ""test_mae_max"": 0.0223, ""test_mae_min"": 0.006, ""test_mae"": 0.0223, ""missing_rate"": 0.9}",experiments/logs/seed111_mlp_mim.log,,,70.09678292274475,"0.0,0.1,0.2,0.3,0.4,0.5,0.6,0.7,0.8,0.9","0.0,0.1,0.2,0.3,0.4,0.5,0.6,0.7,0.8,0.9",20260308_023704,experiments/runs/20260308_023704
seed111_lstm_baseline,111,lstm,baseline,completed,2026-03-08 02:37:05,,2026-03-08 06:20:34,"{""mr_results"": [{""missing_rate"": 0.0, ""test_mae"": 0.0077}, {""missing_rate"": 0.1, ""test_mae"": 0.0085}, {""missing_rate"": 0.2, ""test_mae"": 0.0091}, {""missing_rate"": 0.3, ""test_mae"": 0.0099}, {""missing_rate"": 0.4, ""test_mae"": 0.0112}, {""missing_rate"": 0.5, ""test_mae"": 0.0131}, {""missing_rate"": 0.6, ""test_mae"": 0.0173}, {""missing_rate"": 0.7, ""test_mae"": 0.0228}, {""missing_rate"": 0.8, ""test_mae"": 0.0307}, {""missing_rate"": 0.9, ""test_mae"": 0.042}], ""test_mae_mean"": 0.017230000000000002, ""test_mae_max"": 0.042, ""test_mae_min"": 0.0077, ""test_mae"": 0.042, ""missing_rate"": 0.9}",experiments/logs/seed111_lstm_baseline.log,,,25.531036376953125,"0.0,0.1,0.2,0.3,0.4,0.5,0.6,0.7,0.8,0.9","0.0,0.1,0.2,0.3,0.4,0.5,0.6,0.7,0.8,0.9",20260308_023704,experiments/runs/20260308_023704
seed111_lstm_mim,111,lstm,mim,completed,2026-03-08 02:37:05,,2026-03-08 06:21:19,"{""mr_results"": [{""missing_rate"": 0.0, ""test_mae"": 0.0067}, {""missing_rate"": 0.1, ""test_mae"": 0.0065}, {""missing_rate"": 0.2, ""test_mae"": 0.0064}, {""missing_rate"": 0.3, ""test_mae"": 0.0065}, {""missing_rate"": 0.4, ""test_mae"": 0.0068}, {""missing_rate"": 0.5, ""test_mae"": 0.0074}, {""missing_rate"": 0.6, ""test_mae"": 0.008}, {""missing_rate"": 0.7, ""test_mae"": 0.0096}, {""missing_rate"": 0.8, ""test_mae"": 0.0134}, {""missing_rate"": 0.9, ""test_mae"": 0.0228}], ""test_mae_mean"": 0.00941, ""test_mae_max"": 0.0228, ""test_mae_min"": 0.0064, ""test_mae"": 0.0228, ""missing_rate"": 0.9}",experiments/logs/seed111_lstm_mim.log,,,70.5993721485138,"0.0,0.1,0.2,0.3,0.4,0.5,0.6,0.7,0.8,0.9","0.0,0.1,0.2,0.3,0.4,0.5,0.6,0.7,0.8,0.9",20260308_023704,experiments/runs/20260308_023704
seed111_gru_baseline,111,gru,baseline,completed,2026-03-08 02:37:05,,2026-03-08 06:21:38,"{""mr_results"": [{""missing_rate"": 0.0, ""test_mae"": 0.0068}, {""missing_rate"": 0.1, ""test_mae"": 0.0082}, {""missing_rate"": 0.2, ""test_mae"": 0.0105}, {""missing_rate"": 0.3, ""test_mae"": 0.0132}, {""missing_rate"": 0.4, ""test_mae"": 0.0163}, {""missing_rate"": 0.5, ""test_mae"": 0.0197}, {""missing_rate"": 0.6, ""test_mae"": 0.0233}, {""missing_rate"": 0.7, ""test_mae"": 0.0268}, {""missing_rate"": 0.8, ""test_mae"": 0.0305}, {""missing_rate"": 0.9, ""test_mae"": 0.0342}], ""test_mae_mean"": 0.01895, ""test_mae_max"": 0.0342, ""test_mae_min"": 0.0068, ""test_mae"": 0.0342, ""missing_rate"": 0.9}",experiments/logs/seed111_gru_baseline.log,,,17.473594188690186,"0.0,0.1,0.2,0.3,0.4,0.5,0.6,0.7,0.8,0.9","0.0,0.1,0.2,0.3,0.4,0.5,0.6,0.7,0.8,0.9",20260308_023704,experiments/runs/20260308_023704
seed111_gru_mim,111,gru,mim,completed,2026-03-08 02:37:05,,2026-03-08 06:24:32,"{""mr_results"": [{""missing_rate"": 0.0, ""test_mae"": 0.0063}, {""missing_rate"": 0.1, ""test_mae"": 0.0069}, {""missing_rate"": 0.2, ""test_mae"": 0.0075}, {""missing_rate"": 0.3, ""test_mae"": 0.0082}, {""missing_rate"": 0.4, ""test_mae"": 0.0089}, {""missing_rate"": 0.5, ""test_mae"": 0.01}, {""missing_rate"": 0.6, ""test_mae"": 0.0111}, {""missing_rate"": 0.7, ""test_mae"": 0.013}, {""missing_rate"": 0.8, ""test_mae"": 0.0178}, {""missing_rate"": 0.9, ""test_mae"": 0.0269}], ""test_mae_mean"": 0.01166, ""test_mae_max"": 0.0269, ""test_mae_min"": 0.0063, ""test_mae"": 0.0269, ""missing_rate"": 0.9}",experiments/logs/seed111_gru_mim.log,Process exited with code 1,,27.239012718200684,"0.0,0.1,0.2,0.3,0.4,0.5,0.6,0.7,0.8,0.9","0.0,0.1,0.2,0.3,0.4,0.5,0.6,0.7,0.8,0.9",20260308_023704,experiments/runs/20260308_023704
seed111_cnn1d_baseline,111,cnn1d,baseline,completed,2026-03-08 02:37:05,,2026-03-08 06:21:44,"{""mr_results"": [{""missing_rate"": 0.0, ""test_mae"": 0.0309}, {""missing_rate"": 0.1, ""test_mae"": 0.0512}, {""missing_rate"": 0.2, ""test_mae"": 0.0645}, {""missing_rate"": 0.3, ""test_mae"": 0.0717}, {""missing_rate"": 0.4, ""test_mae"": 0.0742}, {""missing_rate"": 0.5, ""test_mae"": 0.0793}, {""missing_rate"": 0.6, ""test_mae"": 0.085}, {""missing_rate"": 0.7, ""test_mae"": 0.0918}, {""missing_rate"": 0.8, ""test_mae"": 0.0979}, {""missing_rate"": 0.9, ""test_mae"": 0.1127}], ""test_mae_mean"": 0.07592, ""test_mae_max"": 0.1127, ""test_mae_min"": 0.0309, ""test_mae"": 0.1127, ""missing_rate"": 0.9}",experiments/logs/seed111_cnn1d_baseline.log,,,22.793867349624634,"0.0,0.1,0.2,0.3,0.4,0.5,0.6,0.7,0.8,0.9","0.0,0.1,0.2,0.3,0.4,0.5,0.6,0.7,0.8,0.9",20260308_023704,experiments/runs/20260308_023704
seed111_cnn1d_mim,111,cnn1d,mim,completed,2026-03-08 02:37:05,,2026-03-08 06:25:39,"{""mr_results"": [{""missing_rate"": 0.0, ""test_mae"": 0.0067}, {""missing_rate"": 0.1, ""test_mae"": 0.0065}, {""missing_rate"": 0.2, ""test_mae"": 0.0065}, {""missing_rate"": 0.3, ""test_mae"": 0.0068}, {""missing_rate"": 0.4, ""test_mae"": 0.0074}, {""missing_rate"": 0.5, ""test_mae"": 0.0079}, {""missing_rate"": 0.6, ""test_mae"": 0.0088}, {""missing_rate"": 0.7, ""test_mae"": 0.0106}, {""missing_rate"": 0.8, ""test_mae"": 0.0137}, {""missing_rate"": 0.9, ""test_mae"": 0.0219}], ""test_mae_mean"": 0.00968, ""test_mae_max"": 0.0219, ""test_mae_min"": 0.0065, ""test_mae"": 0.0219, ""missing_rate"": 0.9}",experiments/logs/seed111_cnn1d_mim.log,Process exited with code 1,,94.16972041130066,"0.0,0.1,0.2,0.3,0.4,0.5,0.6,0.7,0.8,0.9","0.0,0.1,0.2,0.3,0.4,0.5,0.6,0.7,0.8,0.9",20260308_023704,experiments/runs/20260308_023704
seed112_mlp_baseline,112,mlp,baseline,completed,2026-03-08 02:37:05,,2026-03-08 06:27:19,"{""mr_results"": [{""missing_rate"": 0.0, ""test_mae"": 0.0157}, {""missing_rate"": 0.1, ""test_mae"": 0.0164}, {""missing_rate"": 0.2, ""test_mae"": 0.0175}, {""missing_rate"": 0.3, ""test_mae"": 0.0192}, {""missing_rate"": 0.4, ""test_mae"": 0.0217}, {""missing_rate"": 0.5, ""test_mae"": 0.0237}, {""missing_rate"": 0.6, ""test_mae"": 0.0268}, {""missing_rate"": 0.7, ""test_mae"": 0.0299}, {""missing_rate"": 0.8, ""test_mae"": 0.0323}, {""missing_rate"": 0.9, ""test_mae"": 0.0355}], ""test_mae_mean"": 0.02387, ""test_mae_max"": 0.0355, ""test_mae_min"": 0.0157, ""test_mae"": 0.0355, ""missing_rate"": 0.9}",experiments/logs/seed112_mlp_baseline.log,Process exited with code 1,,17.058539152145386,"0.0,0.1,0.2,0.3,0.4,0.5,0.6,0.7,0.8,0.9","0.0,0.1,0.2,0.3,0.4,0.5,0.6,0.7,0.8,0.9",20260308_023704,experiments/runs/20260308_023704
seed112_mlp_mim,112,mlp,mim,completed,2026-03-08 02:37:05,,2026-03-08 06:26:56,"{""mr_results"": [{""missing_rate"": 0.0, ""test_mae"": 0.0064}, {""missing_rate"": 0.1, ""test_mae"": 0.0066}, {""missing_rate"": 0.2, ""test_mae"": 0.0068}, {""missing_rate"": 0.3, ""test_mae"": 0.0068}, {""missing_rate"": 0.4, ""test_mae"": 0.0072}, {""missing_rate"": 0.5, ""test_mae"": 0.008}, {""missing_rate"": 0.6, ""test_mae"": 0.0091}, {""missing_rate"": 0.7, ""test_mae"": 0.0112}, {""missing_rate"": 0.8, ""test_mae"": 0.0142}, {""missing_rate"": 0.9, ""test_mae"": 0.0233}], ""test_mae_mean"": 0.00996, ""test_mae_max"": 0.0233, ""test_mae_min"": 0.0064, ""test_mae"": 0.0233, ""missing_rate"": 0.9}",experiments/logs/seed112_mlp_mim.log,,,74.67487668991089,"0.0,0.1,0.2,0.3,0.4,0.5,0.6,0.7,0.8,0.9","0.0,0.1,0.2,0.3,0.4,0.5,0.6,0.7,0.8,0.9",20260308_023704,experiments/runs/20260308_023704
seed112_lstm_baseline,112,lstm,baseline,completed,2026-03-08 02:37:05,,2026-03-08 06:26:02,"{""mr_results"": [{""missing_rate"": 0.0, ""test_mae"": 0.0067}, {""missing_rate"": 0.1, ""test_mae"": 0.0076}, {""missing_rate"": 0.2, ""test_mae"": 0.0089}, {""missing_rate"": 0.3, ""test_mae"": 0.0104}, {""missing_rate"": 0.4, ""test_mae"": 0.013}, {""missing_rate"": 0.5, ""test_mae"": 0.0169}, {""missing_rate"": 0.6, ""test_mae"": 0.0232}, {""missing_rate"": 0.7, ""test_mae"": 0.0303}, {""missing_rate"": 0.8, ""test_mae"": 0.038}, {""missing_rate"": 0.9, ""test_mae"": 0.0475}], ""test_mae_mean"": 0.020249999999999997, ""test_mae_max"": 0.0475, ""test_mae_min"": 0.0067, ""test_mae"": 0.0475, ""missing_rate"": 0.9}",experiments/logs/seed112_lstm_baseline.log,,,20.827817678451538,"0.0,0.1,0.2,0.3,0.4,0.5,0.6,0.7,0.8,0.9","0.0,0.1,0.2,0.3,0.4,0.5,0.6,0.7,0.8,0.9",20260308_023704,experiments/runs/20260308_023704
seed112_lstm_mim,112,lstm,mim,completed,2026-03-08 02:37:05,,2026-03-08 06:28:07,"{""mr_results"": [{""missing_rate"": 0.0, ""test_mae"": 0.0061}, {""missing_rate"": 0.1, ""test_mae"": 0.0061}, {""missing_rate"": 0.2, ""test_mae"": 0.0061}, {""missing_rate"": 0.3, ""test_mae"": 0.0062}, {""missing_rate"": 0.4, ""test_mae"": 0.0065}, {""missing_rate"": 0.5, ""test_mae"": 0.007}, {""missing_rate"": 0.6, ""test_mae"": 0.0077}, {""missing_rate"": 0.7, ""test_mae"": 0.0091}, {""missing_rate"": 0.8, ""test_mae"": 0.0123}, {""missing_rate"": 0.9, ""test_mae"": 0.0208}], ""test_mae_mean"": 0.008790000000000001, ""test_mae_max"": 0.0208, ""test_mae_min"": 0.0061, ""test_mae"": 0.0208, ""missing_rate"": 0.9}",experiments/logs/seed112_lstm_mim.log,Process exited with code 1,,64.95843648910522,"0.0,0.1,0.2,0.3,0.4,0.5,0.6,0.7,0.8,0.9","0.0,0.1,0.2,0.3,0.4,0.5,0.6,0.7,0.8,0.9",20260308_023704,experiments/runs/20260308_023704
seed112_gru_baseline,112,gru,baseline,completed,2026-03-08 02:37:05,,2026-03-08 06:28:28,"{""mr_results"": [{""missing_rate"": 0.0, ""test_mae"": 0.0064}, {""missing_rate"": 0.1, ""test_mae"": 0.0077}, {""missing_rate"": 0.2, ""test_mae"": 0.0095}, {""missing_rate"": 0.3, ""test_mae"": 0.0119}, {""missing_rate"": 0.4, ""test_mae"": 0.0153}, {""missing_rate"": 0.5, ""test_mae"": 0.0187}, {""missing_rate"": 0.6, ""test_mae"": 0.0227}, {""missing_rate"": 0.7, ""test_mae"": 0.0265}, {""missing_rate"": 0.8, ""test_mae"": 0.0303}, {""missing_rate"": 0.9, ""test_mae"": 0.0343}], ""test_mae_mean"": 0.01833, ""test_mae_max"": 0.0343, ""test_mae_min"": 0.0064, ""test_mae"": 0.0343, ""missing_rate"": 0.9}",experiments/logs/seed112_gru_baseline.log,,,19.5778706073761,"0.0,0.1,0.2,0.3,0.4,0.5,0.6,0.7,0.8,0.9","0.0,0.1,0.2,0.3,0.4,0.5,0.6,0.7,0.8,0.9",20260308_023704,experiments/runs/20260308_023704
seed112_gru_mim,112,gru,mim,completed,2026-03-08 02:37:05,,2026-03-08 06:29:06,"{""mr_results"": [{""missing_rate"": 0.0, ""test_mae"": 0.007}, {""missing_rate"": 0.1, ""test_mae"": 0.007}, {""missing_rate"": 0.2, ""test_mae"": 0.007}, {""missing_rate"": 0.3, ""test_mae"": 0.007}, {""missing_rate"": 0.4, ""test_mae"": 0.0071}, {""missing_rate"": 0.5, ""test_mae"": 0.0073}, {""missing_rate"": 0.6, ""test_mae"": 0.0077}, {""missing_rate"": 0.7, ""test_mae"": 0.0087}, {""missing_rate"": 0.8, ""test_mae"": 0.0118}, {""missing_rate"": 0.9, ""test_mae"": 0.0206}], ""test_mae_mean"": 0.00912, ""test_mae_max"": 0.0206, ""test_mae_min"": 0.007, ""test_mae"": 0.0206, ""missing_rate"": 0.9}",experiments/logs/seed112_gru_mim.log,,,57.48976373672485,"0.0,0.1,0.2,0.3,0.4,0.5,0.6,0.7,0.8,0.9","0.0,0.1,0.2,0.3,0.4,0.5,0.6,0.7,0.8,0.9",20260308_023704,experiments/runs/20260308_023704
seed112_cnn1d_baseline,112,cnn1d,baseline,completed,2026-03-08 02:37:05,,2026-03-08 06:28:34,"{""mr_results"": [{""missing_rate"": 0.0, ""test_mae"": 0.0291}, {""missing_rate"": 0.1, ""test_mae"": 0.0439}, {""missing_rate"": 0.2, ""test_mae"": 0.0544}, {""missing_rate"": 0.3, ""test_mae"": 0.0612}, {""missing_rate"": 0.4, ""test_mae"": 0.0631}, {""missing_rate"": 0.5, ""test_mae"": 0.0682}, {""missing_rate"": 0.6, ""test_mae"": 0.0723}, {""missing_rate"": 0.7, ""test_mae"": 0.0785}, {""missing_rate"": 0.8, ""test_mae"": 0.0842}, {""missing_rate"": 0.9, ""test_mae"": 0.096}], ""test_mae_mean"": 0.06509000000000001, ""test_mae_max"": 0.096, ""test_mae_min"": 0.0291, ""test_mae"": 0.096, ""missing_rate"": 0.9}",experiments/logs/seed112_cnn1d_baseline.log,,,24.932849168777466,"0.0,0.1,0.2,0.3,0.4,0.5,0.6,0.7,0.8,0.9","0.0,0.1,0.2,0.3,0.4,0.5,0.6,0.7,0.8,0.9",20260308_023704,experiments/runs/20260308_023704
seed112_cnn1d_mim,112,cnn1d,mim,completed,2026-03-08 02:37:05,,2026-03-08 06:29:15,"{""mr_results"": [{""missing_rate"": 0.0, ""test_mae"": 0.0066}, {""missing_rate"": 0.1, ""test_mae"": 0.0068}, {""missing_rate"": 0.2, ""test_mae"": 0.0072}, {""missing_rate"": 0.3, ""test_mae"": 0.0077}, {""missing_rate"": 0.4, ""test_mae"": 0.0084}, {""missing_rate"": 0.5, ""test_mae"": 0.009}, {""missing_rate"": 0.6, ""test_mae"": 0.0097}, {""missing_rate"": 0.7, ""test_mae"": 0.0107}, {""missing_rate"": 0.8, ""test_mae"": 0.014}, {""missing_rate"": 0.9, ""test_mae"": 0.0224}], ""test_mae_mean"": 0.010249999999999999, ""test_mae_max"": 0.0224, ""test_mae_min"": 0.0066, ""test_mae"": 0.0224, ""missing_rate"": 0.9}",experiments/logs/seed112_cnn1d_mim.log,,,66.78368616104126,"0.0,0.1,0.2,0.3,0.4,0.5,0.6,0.7,0.8,0.9","0.0,0.1,0.2,0.3,0.4,0.5,0.6,0.7,0.8,0.9",20260308_023704,experiments/runs/20260308_023704
seed113_mlp_baseline,113,mlp,baseline,completed,2026-03-08 02:37:05,,2026-03-08 06:29:34,"{""mr_results"": [{""missing_rate"": 0.0, ""test_mae"": 0.0141}, {""missing_rate"": 0.1, ""test_mae"": 0.0155}, {""missing_rate"": 0.2, ""test_mae"": 0.0171}, {""missing_rate"": 0.3, ""test_mae"": 0.0193}, {""missing_rate"": 0.4, ""test_mae"": 0.0223}, {""missing_rate"": 0.5, ""test_mae"": 0.0242}, {""missing_rate"": 0.6, ""test_mae"": 0.0274}, {""missing_rate"": 0.7, ""test_mae"": 0.0303}, {""missing_rate"": 0.8, ""test_mae"": 0.0328}, {""missing_rate"": 0.9, ""test_mae"": 0.0364}], ""test_mae_mean"": 0.02394, ""test_mae_max"": 0.0364, ""test_mae_min"": 0.0141, ""test_mae"": 0.0364, ""missing_rate"": 0.9}",experiments/logs/seed113_mlp_baseline.log,,,16.136919260025024,"0.0,0.1,0.2,0.3,0.4,0.5,0.6,0.7,0.8,0.9","0.0,0.1,0.2,0.3,0.4,0.5,0.6,0.7,0.8,0.9",20260308_023704,experiments/runs/20260308_023704
seed113_mlp_mim,113,mlp,mim,completed,2026-03-08 02:37:05,,2026-03-08 06:30:33,"{""mr_results"": [{""missing_rate"": 0.0, ""test_mae"": 0.0053}, {""missing_rate"": 0.1, ""test_mae"": 0.0055}, {""missing_rate"": 0.2, ""test_mae"": 0.0057}, {""missing_rate"": 0.3, ""test_mae"": 0.0059}, {""missing_rate"": 0.4, ""test_mae"": 0.006}, {""missing_rate"": 0.5, ""test_mae"": 0.0068}, {""missing_rate"": 0.6, ""test_mae"": 0.0079}, {""missing_rate"": 0.7, ""test_mae"": 0.0099}, {""missing_rate"": 0.8, ""test_mae"": 0.013}, {""missing_rate"": 0.9, ""test_mae"": 0.022}], ""test_mae_mean"": 0.008799999999999999, ""test_mae_max"": 0.022, ""test_mae_min"": 0.0053, ""test_mae"": 0.022, ""missing_rate"": 0.9}",experiments/logs/seed113_mlp_mim.log,,,75.05326247215271,"0.0,0.1,0.2,0.3,0.4,0.5,0.6,0.7,0.8,0.9","0.0,0.1,0.2,0.3,0.4,0.5,0.6,0.7,0.8,0.9",20260308_023704,experiments/runs/20260308_023704
seed113_lstm_baseline,113,lstm,baseline,completed,2026-03-08 02:37:05,,2026-03-08 06:29:42,"{""mr_results"": [{""missing_rate"": 0.0, ""test_mae"": 0.0109}, {""missing_rate"": 0.1, ""test_mae"": 0.0116}, {""missing_rate"": 0.2, ""test_mae"": 0.0123}, {""missing_rate"": 0.3, ""test_mae"": 0.0127}, {""missing_rate"": 0.4, ""test_mae"": 0.0149}, {""missing_rate"": 0.5, ""test_mae"": 0.0212}, {""missing_rate"": 0.6, ""test_mae"": 0.0325}, {""missing_rate"": 0.7, ""test_mae"": 0.0472}, {""missing_rate"": 0.8, ""test_mae"": 0.0641}, {""missing_rate"": 0.9, ""test_mae"": 0.0846}], ""test_mae_mean"": 0.0312, ""test_mae_max"": 0.0846, ""test_mae_min"": 0.0109, ""test_mae"": 0.0846, ""missing_rate"": 0.9}",experiments/logs/seed113_lstm_baseline.log,,,24.291306734085083,"0.0,0.1,0.2,0.3,0.4,0.5,0.6,0.7,0.8,0.9","0.0,0.1,0.2,0.3,0.4,0.5,0.6,0.7,0.8,0.9",20260308_023704,experiments/runs/20260308_023704
seed113_lstm_mim,113,lstm,mim,completed,2026-03-08 02:37:05,,2026-03-08 06:30:01,"{""mr_results"": [{""missing_rate"": 0.0, ""test_mae"": 0.0078}, {""missing_rate"": 0.1, ""test_mae"": 0.0079}, {""missing_rate"": 0.2, ""test_mae"": 0.0079}, {""missing_rate"": 0.3, ""test_mae"": 0.0079}, {""missing_rate"": 0.4, ""test_mae"": 0.008}, {""missing_rate"": 0.5, ""test_mae"": 0.0083}, {""missing_rate"": 0.6, ""test_mae"": 0.0086}, {""missing_rate"": 0.7, ""test_mae"": 0.0097}, {""missing_rate"": 0.8, ""test_mae"": 0.0125}, {""missing_rate"": 0.9, ""test_mae"": 0.021}], ""test_mae_mean"": 0.00996, ""test_mae_max"": 0.021, ""test_mae_min"": 0.0078, ""test_mae"": 0.021, ""missing_rate"": 0.9}",experiments/logs/seed113_lstm_mim.log,,,43.3439245223999,"0.0,0.1,0.2,0.3,0.4,0.5,0.6,0.7,0.8,0.9","0.0,0.1,0.2,0.3,0.4,0.5,0.6,0.7,0.8,0.9",20260308_023704,experiments/runs/20260308_023704
seed113_gru_baseline,113,gru,baseline,completed,2026-03-08 02:37:05,,2026-03-08 06:30:48,"{""mr_results"": [{""missing_rate"": 0.0, ""test_mae"": 0.0113}, {""missing_rate"": 0.1, ""test_mae"": 0.0178}, {""missing_rate"": 0.2, ""test_mae"": 0.0226}, {""missing_rate"": 0.3, ""test_mae"": 0.0254}, {""missing_rate"": 0.4, ""test_mae"": 0.0284}, {""missing_rate"": 0.5, ""test_mae"": 0.0313}, {""missing_rate"": 0.6, ""test_mae"": 0.0343}, {""missing_rate"": 0.7, ""test_mae"": 0.0344}, {""missing_rate"": 0.8, ""test_mae"": 0.0364}, {""missing_rate"": 0.9, ""test_mae"": 0.0401}], ""test_mae_mean"": 0.028199999999999996, ""test_mae_max"": 0.0401, ""test_mae_min"": 0.0113, ""test_mae"": 0.0401, ""missing_rate"": 0.9}",experiments/logs/seed113_gru_baseline.log,,,13.061900615692139,"0.0,0.1,0.2,0.3,0.4,0.5,0.6,0.7,0.8,0.9","0.0,0.1,0.2,0.3,0.4,0.5,0.6,0.7,0.8,0.9",20260308_023704,experiments/runs/20260308_023704
seed113_gru_mim,113,gru,mim,completed,2026-03-08 02:37:05,,2026-03-08 06:32:28,"{""mr_results"": [{""missing_rate"": 0.0, ""test_mae"": 0.006}, {""missing_rate"": 0.1, ""test_mae"": 0.0063}, {""missing_rate"": 0.2, ""test_mae"": 0.0064}, {""missing_rate"": 0.3, ""test_mae"": 0.0067}, {""missing_rate"": 0.4, ""test_mae"": 0.0068}, {""missing_rate"": 0.5, ""test_mae"": 0.0069}, {""missing_rate"": 0.6, ""test_mae"": 0.0075}, {""missing_rate"": 0.7, ""test_mae"": 0.0087}, {""missing_rate"": 0.8, ""test_mae"": 0.0125}, {""missing_rate"": 0.9, ""test_mae"": 0.0217}], ""test_mae_mean"": 0.00895, ""test_mae_max"": 0.0217, ""test_mae_min"": 0.006, ""test_mae"": 0.0217, ""missing_rate"": 0.9}",experiments/logs/seed113_gru_mim.log,Process exited with code 1,,36.03204798698425,"0.0,0.1,0.2,0.3,0.4,0.5,0.6,0.7,0.8,0.9","0.0,0.1,0.2,0.3,0.4,0.5,0.6,0.7,0.8,0.9",20260308_023704,experiments/runs/20260308_023704
seed113_cnn1d_baseline,113,cnn1d,baseline,completed,2026-03-08 02:37:05,,2026-03-08 06:30:57,"{""mr_results"": [{""missing_rate"": 0.0, ""test_mae"": 0.0482}, {""missing_rate"": 0.1, ""test_mae"": 0.0578}, {""missing_rate"": 0.2, ""test_mae"": 0.0673}, {""missing_rate"": 0.3, ""test_mae"": 0.0711}, {""missing_rate"": 0.4, ""test_mae"": 0.0736}, {""missing_rate"": 0.5, ""test_mae"": 0.0783}, {""missing_rate"": 0.6, ""test_mae"": 0.0839}, {""missing_rate"": 0.7, ""test_mae"": 0.092}, {""missing_rate"": 0.8, ""test_mae"": 0.1008}, {""missing_rate"": 0.9, ""test_mae"": 0.1171}], ""test_mae_mean"": 0.07901, ""test_mae_max"": 0.1171, ""test_mae_min"": 0.0482, ""test_mae"": 0.1171, ""missing_rate"": 0.9}",experiments/logs/seed113_cnn1d_baseline.log,,,22.857518434524536,"0.0,0.1,0.2,0.3,0.4,0.5,0.6,0.7,0.8,0.9","0.0,0.1,0.2,0.3,0.4,0.5,0.6,0.7,0.8,0.9",20260308_023704,experiments/runs/20260308_023704
seed113_cnn1d_mim,113,cnn1d,mim,completed,2026-03-08 02:37:05,,2026-03-08 06:33:08,"{""mr_results"": [{""missing_rate"": 0.0, ""test_mae"": 0.0079}, {""missing_rate"": 0.1, ""test_mae"": 0.0073}, {""missing_rate"": 0.2, ""test_mae"": 0.0071}, {""missing_rate"": 0.3, ""test_mae"": 0.0072}, {""missing_rate"": 0.4, ""test_mae"": 0.0074}, {""missing_rate"": 0.5, ""test_mae"": 0.0078}, {""missing_rate"": 0.6, ""test_mae"": 0.0084}, {""missing_rate"": 0.7, ""test_mae"": 0.0101}, {""missing_rate"": 0.8, ""test_mae"": 0.0131}, {""missing_rate"": 0.9, ""test_mae"": 0.0217}], ""test_mae_mean"": 0.0098, ""test_mae_max"": 0.0217, ""test_mae_min"": 0.0071, ""test_mae"": 0.0217, ""missing_rate"": 0.9}",experiments/logs/seed113_cnn1d_mim.log,Process exited with code 1,,75.7774670124054,"0.0,0.1,0.2,0.3,0.4,0.5,0.6,0.7,0.8,0.9","0.0,0.1,0.2,0.3,0.4,0.5,0.6,0.7,0.8,0.9",20260308_023704,experiments/runs/20260308_023704
seed114_mlp_baseline,114,mlp,baseline,completed,2026-03-08 02:37:05,,2026-03-08 06:33:29,"{""mr_results"": [{""missing_rate"": 0.0, ""test_mae"": 0.0092}, {""missing_rate"": 0.1, ""test_mae"": 0.0106}, {""missing_rate"": 0.2, ""test_mae"": 0.0117}, {""missing_rate"": 0.3, ""test_mae"": 0.014}, {""missing_rate"": 0.4, ""test_mae"": 0.0165}, {""missing_rate"": 0.5, ""test_mae"": 0.019}, {""missing_rate"": 0.6, ""test_mae"": 0.0225}, {""missing_rate"": 0.7, ""test_mae"": 0.0261}, {""missing_rate"": 0.8, ""test_mae"": 0.0288}, {""missing_rate"": 0.9, ""test_mae"": 0.0331}], ""test_mae_mean"": 0.01915, ""test_mae_max"": 0.0331, ""test_mae_min"": 0.0092, ""test_mae"": 0.0331, ""missing_rate"": 0.9}",experiments/logs/seed114_mlp_baseline.log,,,18.872561931610107,"0.0,0.1,0.2,0.3,0.4,0.5,0.6,0.7,0.8,0.9","0.0,0.1,0.2,0.3,0.4,0.5,0.6,0.7,0.8,0.9",20260308_023704,experiments/runs/20260308_023704
seed114_mlp_mim,114,mlp,mim,completed,2026-03-08 02:37:05,,2026-03-08 06:34:37,"{""mr_results"": [{""missing_rate"": 0.0, ""test_mae"": 0.0059}, {""missing_rate"": 0.1, ""test_mae"": 0.0062}, {""missing_rate"": 0.2, ""test_mae"": 0.0067}, {""missing_rate"": 0.3, ""test_mae"": 0.007}, {""missing_rate"": 0.4, ""test_mae"": 0.0075}, {""missing_rate"": 0.5, ""test_mae"": 0.0083}, {""missing_rate"": 0.6, ""test_mae"": 0.0098}, {""missing_rate"": 0.7, ""test_mae"": 0.0117}, {""missing_rate"": 0.8, ""test_mae"": 0.0145}, {""missing_rate"": 0.9, ""test_mae"": 0.0234}], ""test_mae_mean"": 0.010100000000000001, ""test_mae_max"": 0.0234, ""test_mae_min"": 0.0059, ""test_mae"": 0.0234, ""missing_rate"": 0.9}",experiments/logs/seed114_mlp_mim.log,Process exited with code 1,,62.141111850738525,"0.0,0.1,0.2,0.3,0.4,0.5,0.6,0.7,0.8,0.9","0.0,0.1,0.2,0.3,0.4,0.5,0.6,0.7,0.8,0.9",20260308_023704,experiments/runs/20260308_023704
seed114_lstm_baseline,114,lstm,baseline,completed,2026-03-08 02:37:05,,2026-03-08 06:33:55,"{""mr_results"": [{""missing_rate"": 0.0, ""test_mae"": 0.0093}, {""missing_rate"": 0.1, ""test_mae"": 0.0097}, {""missing_rate"": 0.2, ""test_mae"": 0.0101}, {""missing_rate"": 0.3, ""test_mae"": 0.0107}, {""missing_rate"": 0.4, ""test_mae"": 0.0126}, {""missing_rate"": 0.5, ""test_mae"": 0.0164}, {""missing_rate"": 0.6, ""test_mae"": 0.0238}, {""missing_rate"": 0.7, ""test_mae"": 0.0293}, {""missing_rate"": 0.8, ""test_mae"": 0.0372}, {""missing_rate"": 0.9, ""test_mae"": 0.0474}], ""test_mae_mean"": 0.020649999999999998, ""test_mae_max"": 0.0474, ""test_mae_min"": 0.0093, ""test_mae"": 0.0474, ""missing_rate"": 0.9}",experiments/logs/seed114_lstm_baseline.log,Process exited with code 1,,19.394250869750977,"0.0,0.1,0.2,0.3,0.4,0.5,0.6,0.7,0.8,0.9","0.0,0.1,0.2,0.3,0.4,0.5,0.6,0.7,0.8,0.9",20260308_023704,experiments/runs/20260308_023704
seed114_lstm_mim,114,lstm,mim,completed,2026-03-08 02:37:05,,2026-03-08 06:34:22,"{""mr_results"": [{""missing_rate"": 0.0, ""test_mae"": 0.0064}, {""missing_rate"": 0.1, ""test_mae"": 0.0066}, {""missing_rate"": 0.2, ""test_mae"": 0.0068}, {""missing_rate"": 0.3, ""test_mae"": 0.0069}, {""missing_rate"": 0.4, ""test_mae"": 0.0073}, {""missing_rate"": 0.5, ""test_mae"": 0.0079}, {""missing_rate"": 0.6, ""test_mae"": 0.0085}, {""missing_rate"": 0.7, ""test_mae"": 0.0098}, {""missing_rate"": 0.8, ""test_mae"": 0.013}, {""missing_rate"": 0.9, ""test_mae"": 0.0222}], ""test_mae_mean"": 0.00954, ""test_mae_max"": 0.0222, ""test_mae_min"": 0.0064, ""test_mae"": 0.0222, ""missing_rate"": 0.9}",experiments/logs/seed114_lstm_mim.log,Process exited with code 1,,46.998796701431274,"0.0,0.1,0.2,0.3,0.4,0.5,0.6,0.7,0.8,0.9","0.0,0.1,0.2,0.3,0.4,0.5,0.6,0.7,0.8,0.9",20260308_023704,experiments/runs/20260308_023704
seed114_gru_baseline,114,gru,baseline,completed,2026-03-08 02:37:05,,2026-03-08 06:36:42,"{""mr_results"": [{""missing_rate"": 0.0, ""test_mae"": 0.0069}, {""missing_rate"": 0.1, ""test_mae"": 0.0103}, {""missing_rate"": 0.2, ""test_mae"": 0.0132}, {""missing_rate"": 0.3, ""test_mae"": 0.0159}, {""missing_rate"": 0.4, ""test_mae"": 0.0188}, {""missing_rate"": 0.5, ""test_mae"": 0.0213}, {""missing_rate"": 0.6, ""test_mae"": 0.0247}, {""missing_rate"": 0.7, ""test_mae"": 0.0276}, {""missing_rate"": 0.8, ""test_mae"": 0.0309}, {""missing_rate"": 0.9, ""test_mae"": 0.0343}], ""test_mae_mean"": 0.02039, ""test_mae_max"": 0.0343, ""test_mae_min"": 0.0069, ""test_mae"": 0.0343, ""missing_rate"": 0.9}",experiments/logs/seed114_gru_baseline.log,Process exited with code 1,,12.630569696426392,"0.0,0.1,0.2,0.3,0.4,0.5,0.6,0.7,0.8,0.9","0.0,0.1,0.2,0.3,0.4,0.5,0.6,0.7,0.8,0.9",20260308_023704,experiments/runs/20260308_023704
seed114_gru_mim,114,gru,mim,completed,2026-03-08 02:37:05,,2026-03-08 06:37:09,"{""mr_results"": [{""missing_rate"": 0.0, ""test_mae"": 0.0098}, {""missing_rate"": 0.1, ""test_mae"": 0.0096}, {""missing_rate"": 0.2, ""test_mae"": 0.0093}, {""missing_rate"": 0.3, ""test_mae"": 0.009}, {""missing_rate"": 0.4, ""test_mae"": 0.0089}, {""missing_rate"": 0.5, ""test_mae"": 0.009}, {""missing_rate"": 0.6, ""test_mae"": 0.0092}, {""missing_rate"": 0.7, ""test_mae"": 0.0101}, {""missing_rate"": 0.8, ""test_mae"": 0.013}, {""missing_rate"": 0.9, ""test_mae"": 0.0209}], ""test_mae_mean"": 0.010879999999999999, ""test_mae_max"": 0.0209, ""test_mae_min"": 0.0089, ""test_mae"": 0.0209, ""missing_rate"": 0.9}",experiments/logs/seed114_gru_mim.log,Process exited with code 1,,39.62839317321777,"0.0,0.1,0.2,0.3,0.4,0.5,0.6,0.7,0.8,0.9","0.0,0.1,0.2,0.3,0.4,0.5,0.6,0.7,0.8,0.9",20260308_023704,experiments/runs/20260308_023704
seed114_cnn1d_baseline,114,cnn1d,baseline,completed,2026-03-08 02:37:05,,2026-03-08 06:34:55,"{""mr_results"": [{""missing_rate"": 0.0, ""test_mae"": 0.0433}, {""missing_rate"": 0.1, ""test_mae"": 0.0725}, {""missing_rate"": 0.2, ""test_mae"": 0.0878}, {""missing_rate"": 0.3, ""test_mae"": 0.0976}, {""missing_rate"": 0.4, ""test_mae"": 0.1062}, {""missing_rate"": 0.5, ""test_mae"": 0.1154}, {""missing_rate"": 0.6, ""test_mae"": 0.1355}, {""missing_rate"": 0.7, ""test_mae"": 0.1507}, {""missing_rate"": 0.8, ""test_mae"": 0.1707}, {""missing_rate"": 0.9, ""test_mae"": 0.1985}], ""test_mae_mean"": 0.11782, ""test_mae_max"": 0.1985, ""test_mae_min"": 0.0433, ""test_mae"": 0.1985, ""missing_rate"": 0.9}",experiments/logs/seed114_cnn1d_baseline.log,,,15.802917242050171,"0.0,0.1,0.2,0.3,0.4,0.5,0.6,0.7,0.8,0.9","0.0,0.1,0.2,0.3,0.4,0.5,0.6,0.7,0.8,0.9",20260308_023704,experiments/runs/20260308_023704
seed114_cnn1d_mim,114,cnn1d,mim,completed,2026-03-08 02:37:05,,2026-03-08 06:36:13,"{""mr_results"": [{""missing_rate"": 0.0, ""test_mae"": 0.0067}, {""missing_rate"": 0.1, ""test_mae"": 0.0067}, {""missing_rate"": 0.2, ""test_mae"": 0.0066}, {""missing_rate"": 0.3, ""test_mae"": 0.0067}, {""missing_rate"": 0.4, ""test_mae"": 0.0069}, {""missing_rate"": 0.5, ""test_mae"": 0.0073}, {""missing_rate"": 0.6, ""test_mae"": 0.008}, {""missing_rate"": 0.7, ""test_mae"": 0.0098}, {""missing_rate"": 0.8, ""test_mae"": 0.0138}, {""missing_rate"": 0.9, ""test_mae"": 0.0227}], ""test_mae_mean"": 0.00952, ""test_mae_max"": 0.0227, ""test_mae_min"": 0.0066, ""test_mae"": 0.0227, ""missing_rate"": 0.9}",experiments/logs/seed114_cnn1d_mim.log,,,93.98278307914734,"0.0,0.1,0.2,0.3,0.4,0.5,0.6,0.7,0.8,0.9","0.0,0.1,0.2,0.3,0.4,0.5,0.6,0.7,0.8,0.9",20260308_023704,experiments/runs/20260308_023704
seed115_mlp_baseline,115,mlp,baseline,completed,2026-03-08 02:37:05,,2026-03-08 06:38:32,"{""mr_results"": [{""missing_rate"": 0.0, ""test_mae"": 0.0175}, {""missing_rate"": 0.1, ""test_mae"": 0.0183}, {""missing_rate"": 0.2, ""test_mae"": 0.0194}, {""missing_rate"": 0.3, ""test_mae"": 0.0214}, {""missing_rate"": 0.4, ""test_mae"": 0.0238}, {""missing_rate"": 0.5, ""test_mae"": 0.0258}, {""missing_rate"": 0.6, ""test_mae"": 0.0288}, {""missing_rate"": 0.7, ""test_mae"": 0.0321}, {""missing_rate"": 0.8, ""test_mae"": 0.0341}, {""missing_rate"": 0.9, ""test_mae"": 0.0367}], ""test_mae_mean"": 0.02579, ""test_mae_max"": 0.0367, ""test_mae_min"": 0.0175, ""test_mae"": 0.0367, ""missing_rate"": 0.9}",experiments/logs/seed115_mlp_baseline.log,Process exited with code 1,,14.27384090423584,"0.0,0.1,0.2,0.3,0.4,0.5,0.6,0.7,0.8,0.9","0.0,0.1,0.2,0.3,0.4,0.5,0.6,0.7,0.8,0.9",20260308_023704,experiments/runs/20260308_023704
seed115_mlp_mim,115,mlp,mim,completed,2026-03-08 02:37:05,,2026-03-08 06:39:16,"{""mr_results"": [{""missing_rate"": 0.0, ""test_mae"": 0.0058}, {""missing_rate"": 0.1, ""test_mae"": 0.0061}, {""missing_rate"": 0.2, ""test_mae"": 0.0062}, {""missing_rate"": 0.3, ""test_mae"": 0.0067}, {""missing_rate"": 0.4, ""test_mae"": 0.007}, {""missing_rate"": 0.5, ""test_mae"": 0.0077}, {""missing_rate"": 0.6, ""test_mae"": 0.0087}, {""missing_rate"": 0.7, ""test_mae"": 0.0104}, {""missing_rate"": 0.8, ""test_mae"": 0.0136}, {""missing_rate"": 0.9, ""test_mae"": 0.0224}], ""test_mae_mean"": 0.00946, ""test_mae_max"": 0.0224, ""test_mae_min"": 0.0058, ""test_mae"": 0.0224, ""missing_rate"": 0.9}",experiments/logs/seed115_mlp_mim.log,Process exited with code 1,,57.62755632400513,"0.0,0.1,0.2,0.3,0.4,0.5,0.6,0.7,0.8,0.9","0.0,0.1,0.2,0.3,0.4,0.5,0.6,0.7,0.8,0.9",20260308_023704,experiments/runs/20260308_023704
seed115_lstm_baseline,115,lstm,baseline,completed,2026-03-08 02:37:05,,2026-03-08 06:37:31,"{""mr_results"": [{""missing_rate"": 0.0, ""test_mae"": 0.0079}, {""missing_rate"": 0.1, ""test_mae"": 0.0084}, {""missing_rate"": 0.2, ""test_mae"": 0.0086}, {""missing_rate"": 0.3, ""test_mae"": 0.0089}, {""missing_rate"": 0.4, ""test_mae"": 0.0101}, {""missing_rate"": 0.5, ""test_mae"": 0.0125}, {""missing_rate"": 0.6, ""test_mae"": 0.0164}, {""missing_rate"": 0.7, ""test_mae"": 0.0209}, {""missing_rate"": 0.8, ""test_mae"": 0.0267}, {""missing_rate"": 0.9, ""test_mae"": 0.0346}], ""test_mae_mean"": 0.0155, ""test_mae_max"": 0.0346, ""test_mae_min"": 0.0079, ""test_mae"": 0.0346, ""missing_rate"": 0.9}",experiments/logs/seed115_lstm_baseline.log,,,20.52441716194153,"0.0,0.1,0.2,0.3,0.4,0.5,0.6,0.7,0.8,0.9","0.0,0.1,0.2,0.3,0.4,0.5,0.6,0.7,0.8,0.9",20260308_023704,experiments/runs/20260308_023704
seed115_lstm_mim,115,lstm,mim,completed,2026-03-08 02:37:05,,2026-03-08 06:38:12,"{""mr_results"": [{""missing_rate"": 0.0, ""test_mae"": 0.0083}, {""missing_rate"": 0.1, ""test_mae"": 0.0083}, {""missing_rate"": 0.2, ""test_mae"": 0.0085}, {""missing_rate"": 0.3, ""test_mae"": 0.0086}, {""missing_rate"": 0.4, ""test_mae"": 0.0087}, {""missing_rate"": 0.5, ""test_mae"": 0.0091}, {""missing_rate"": 0.6, ""test_mae"": 0.0094}, {""missing_rate"": 0.7, ""test_mae"": 0.0105}, {""missing_rate"": 0.8, ""test_mae"": 0.0135}, {""missing_rate"": 0.9, ""test_mae"": 0.0224}], ""test_mae_mean"": 0.01073, ""test_mae_max"": 0.0224, ""test_mae_min"": 0.0083, ""test_mae"": 0.0224, ""missing_rate"": 0.9}",experiments/logs/seed115_lstm_mim.log,,,60.96341848373413,"0.0,0.1,0.2,0.3,0.4,0.5,0.6,0.7,0.8,0.9","0.0,0.1,0.2,0.3,0.4,0.5,0.6,0.7,0.8,0.9",20260308_023704,experiments/runs/20260308_023704
seed115_gru_baseline,115,gru,baseline,completed,2026-03-08 02:37:05,,2026-03-08 06:39:34,"{""mr_results"": [{""missing_rate"": 0.0, ""test_mae"": 0.0066}, {""missing_rate"": 0.1, ""test_mae"": 0.0093}, {""missing_rate"": 0.2, ""test_mae"": 0.0121}, {""missing_rate"": 0.3, ""test_mae"": 0.0149}, {""missing_rate"": 0.4, ""test_mae"": 0.0183}, {""missing_rate"": 0.5, ""test_mae"": 0.0215}, {""missing_rate"": 0.6, ""test_mae"": 0.0251}, {""missing_rate"": 0.7, ""test_mae"": 0.0284}, {""missing_rate"": 0.8, ""test_mae"": 0.0318}, {""missing_rate"": 0.9, ""test_mae"": 0.0353}], ""test_mae_mean"": 0.02033, ""test_mae_max"": 0.0353, ""test_mae_min"": 0.0066, ""test_mae"": 0.0353, ""missing_rate"": 0.9}",experiments/logs/seed115_gru_baseline.log,,,16.338748693466187,"0.0,0.1,0.2,0.3,0.4,0.5,0.6,0.7,0.8,0.9","0.0,0.1,0.2,0.3,0.4,0.5,0.6,0.7,0.8,0.9",20260308_023704,experiments/runs/20260308_023704
seed115_gru_mim,115,gru,mim,completed,2026-03-08 02:37:05,,2026-03-08 06:41:03,"{""mr_results"": [{""missing_rate"": 0.0, ""test_mae"": 0.006}, {""missing_rate"": 0.1, ""test_mae"": 0.0064}, {""missing_rate"": 0.2, ""test_mae"": 0.0068}, {""missing_rate"": 0.3, ""test_mae"": 0.0075}, {""missing_rate"": 0.4, ""test_mae"": 0.0082}, {""missing_rate"": 0.5, ""test_mae"": 0.009}, {""missing_rate"": 0.6, ""test_mae"": 0.0103}, {""missing_rate"": 0.7, ""test_mae"": 0.013}, {""missing_rate"": 0.8, ""test_mae"": 0.0189}, {""missing_rate"": 0.9, ""test_mae"": 0.0306}], ""test_mae_mean"": 0.01167, ""test_mae_max"": 0.0306, ""test_mae_min"": 0.006, ""test_mae"": 0.0306, ""missing_rate"": 0.9}",experiments/logs/seed115_gru_mim.log,Process exited with code 1,,26.2964289188385,"0.0,0.1,0.2,0.3,0.4,0.5,0.6,0.7,0.8,0.9","0.0,0.1,0.2,0.3,0.4,0.5,0.6,0.7,0.8,0.9",20260308_023704,experiments/runs/20260308_023704
seed115_cnn1d_baseline,115,cnn1d,baseline,completed,2026-03-08 02:37:05,,2026-03-08 06:39:41,"{""mr_results"": [{""missing_rate"": 0.0, ""test_mae"": 0.0415}, {""missing_rate"": 0.1, ""test_mae"": 0.0533}, {""missing_rate"": 0.2, ""test_mae"": 0.0631}, {""missing_rate"": 0.3, ""test_mae"": 0.0686}, {""missing_rate"": 0.4, ""test_mae"": 0.0733}, {""missing_rate"": 0.5, ""test_mae"": 0.0803}, {""missing_rate"": 0.6, ""test_mae"": 0.0907}, {""missing_rate"": 0.7, ""test_mae"": 0.1006}, {""missing_rate"": 0.8, ""test_mae"": 0.1074}, {""missing_rate"": 0.9, ""test_mae"": 0.1212}], ""test_mae_mean"": 0.08, ""test_mae_max"": 0.1212, ""test_mae_min"": 0.0415, ""test_mae"": 0.1212, ""missing_rate"": 0.9}",experiments/logs/seed115_cnn1d_baseline.log,,,23.451344966888428,"0.0,0.1,0.2,0.3,0.4,0.5,0.6,0.7,0.8,0.9","0.0,0.1,0.2,0.3,0.4,0.5,0.6,0.7,0.8,0.9",20260308_023704,experiments/runs/20260308_023704
seed115_cnn1d_mim,115,cnn1d,mim,completed,2026-03-08 02:37:05,,2026-03-08 06:40:30,"{""mr_results"": [{""missing_rate"": 0.0, ""test_mae"": 0.007}, {""missing_rate"": 0.1, ""test_mae"": 0.007}, {""missing_rate"": 0.2, ""test_mae"": 0.007}, {""missing_rate"": 0.3, ""test_mae"": 0.0072}, {""missing_rate"": 0.4, ""test_mae"": 0.0074}, {""missing_rate"": 0.5, ""test_mae"": 0.0078}, {""missing_rate"": 0.6, ""test_mae"": 0.0083}, {""missing_rate"": 0.7, ""test_mae"": 0.0095}, {""missing_rate"": 0.8, ""test_mae"": 0.0114}, {""missing_rate"": 0.9, ""test_mae"": 0.0175}], ""test_mae_mean"": 0.00901, ""test_mae_max"": 0.0175, ""test_mae_min"": 0.007, ""test_mae"": 0.0175, ""missing_rate"": 0.9}",experiments/logs/seed115_cnn1d_mim.log,,,72.63757252693176,"0.0,0.1,0.2,0.3,0.4,0.5,0.6,0.7,0.8,0.9","0.0,0.1,0.2,0.3,0.4,0.5,0.6,0.7,0.8,0.9",20260308_023704,experiments/runs/20260308_023704
seed116_mlp_baseline,116,mlp,baseline,completed,2026-03-08 02:37:05,,2026-03-08 06:41:24,"{""mr_results"": [{""missing_rate"": 0.0, ""test_mae"": 0.0067}, {""missing_rate"": 0.1, ""test_mae"": 0.0079}, {""missing_rate"": 0.2, ""test_mae"": 0.0089}, {""missing_rate"": 0.3, ""test_mae"": 0.0106}, {""missing_rate"": 0.4, ""test_mae"": 0.013}, {""missing_rate"": 0.5, ""test_mae"": 0.0157}, {""missing_rate"": 0.6, ""test_mae"": 0.0192}, {""missing_rate"": 0.7, ""test_mae"": 0.0228}, {""missing_rate"": 0.8, ""test_mae"": 0.0263}, {""missing_rate"": 0.9, ""test_mae"": 0.0314}], ""test_mae_mean"": 0.01625, ""test_mae_max"": 0.0314, ""test_mae_min"": 0.0067, ""test_mae"": 0.0314, ""missing_rate"": 0.9}",experiments/logs/seed116_mlp_baseline.log,,,19.06541872024536,"0.0,0.1,0.2,0.3,0.4,0.5,0.6,0.7,0.8,0.9","0.0,0.1,0.2,0.3,0.4,0.5,0.6,0.7,0.8,0.9",20260308_023704,experiments/runs/20260308_023704
seed116_mlp_mim,116,mlp,mim,completed,2026-03-08 02:37:05,,2026-03-08 06:42:44,"{""mr_results"": [{""missing_rate"": 0.0, ""test_mae"": 0.0064}, {""missing_rate"": 0.1, ""test_mae"": 0.0065}, {""missing_rate"": 0.2, ""test_mae"": 0.0068}, {""missing_rate"": 0.3, ""test_mae"": 0.0069}, {""missing_rate"": 0.4, ""test_mae"": 0.0074}, {""missing_rate"": 0.5, ""test_mae"": 0.0083}, {""missing_rate"": 0.6, ""test_mae"": 0.0093}, {""missing_rate"": 0.7, ""test_mae"": 0.011}, {""missing_rate"": 0.8, ""test_mae"": 0.014}, {""missing_rate"": 0.9, ""test_mae"": 0.0231}], ""test_mae_mean"": 0.00997, ""test_mae_max"": 0.0231, ""test_mae_min"": 0.0064, ""test_mae"": 0.0231, ""missing_rate"": 0.9}",experiments/logs/seed116_mlp_mim.log,Process exited with code 1,,73.98902821540833,"0.0,0.1,0.2,0.3,0.4,0.5,0.6,0.7,0.8,0.9","0.0,0.1,0.2,0.3,0.4,0.5,0.6,0.7,0.8,0.9",20260308_023704,experiments/runs/20260308_023704
seed116_lstm_baseline,116,lstm,baseline,completed,2026-03-08 02:37:05,,2026-03-08 06:41:47,"{""mr_results"": [{""missing_rate"": 0.0, ""test_mae"": 0.0074}, {""missing_rate"": 0.1, ""test_mae"": 0.0075}, {""missing_rate"": 0.2, ""test_mae"": 0.0083}, {""missing_rate"": 0.3, ""test_mae"": 0.0101}, {""missing_rate"": 0.4, ""test_mae"": 0.0129}, {""missing_rate"": 0.5, ""test_mae"": 0.0186}, {""missing_rate"": 0.6, ""test_mae"": 0.0264}, {""missing_rate"": 0.7, ""test_mae"": 0.0357}, {""missing_rate"": 0.8, ""test_mae"": 0.0472}, {""missing_rate"": 0.9, ""test_mae"": 0.0614}], ""test_mae_mean"": 0.02355, ""test_mae_max"": 0.0614, ""test_mae_min"": 0.0074, ""test_mae"": 0.0614, ""missing_rate"": 0.9}",experiments/logs/seed116_lstm_baseline.log,Process exited with code 1,,17.612341165542603,"0.0,0.1,0.2,0.3,0.4,0.5,0.6,0.7,0.8,0.9","0.0,0.1,0.2,0.3,0.4,0.5,0.6,0.7,0.8,0.9",20260308_023704,experiments/runs/20260308_023704
seed116_lstm_mim,116,lstm,mim,completed,2026-03-08 02:37:05,,2026-03-08 06:42:10,"{""mr_results"": [{""missing_rate"": 0.0, ""test_mae"": 0.0069}, {""missing_rate"": 0.1, ""test_mae"": 0.0069}, {""missing_rate"": 0.2, ""test_mae"": 0.007}, {""missing_rate"": 0.3, ""test_mae"": 0.0071}, {""missing_rate"": 0.4, ""test_mae"": 0.0074}, {""missing_rate"": 0.5, ""test_mae"": 0.0077}, {""missing_rate"": 0.6, ""test_mae"": 0.0083}, {""missing_rate"": 0.7, ""test_mae"": 0.0095}, {""missing_rate"": 0.8, ""test_mae"": 0.0125}, {""missing_rate"": 0.9, ""test_mae"": 0.0214}], ""test_mae_mean"": 0.009470000000000001, ""test_mae_max"": 0.0214, ""test_mae_min"": 0.0069, ""test_mae"": 0.0214, ""missing_rate"": 0.9}",experiments/logs/seed116_lstm_mim.log,Process exited with code 1,,40.35059881210327,"0.0,0.1,0.2,0.3,0.4,0.5,0.6,0.7,0.8,0.9","0.0,0.1,0.2,0.3,0.4,0.5,0.6,0.7,0.8,0.9",20260308_023704,experiments/runs/20260308_023704
seed116_gru_baseline,116,gru,baseline,completed,2026-03-08 02:37:05,,2026-03-08 06:43:01,"{""mr_results"": [{""missing_rate"": 0.0, ""test_mae"": 0.0087}, {""missing_rate"": 0.1, ""test_mae"": 0.0125}, {""missing_rate"": 0.2, ""test_mae"": 0.0161}, {""missing_rate"": 0.3, ""test_mae"": 0.0191}, {""missing_rate"": 0.4, ""test_mae"": 0.0224}, {""missing_rate"": 0.5, ""test_mae"": 0.0253}, {""missing_rate"": 0.6, ""test_mae"": 0.029}, {""missing_rate"": 0.7, ""test_mae"": 0.0318}, {""missing_rate"": 0.8, ""test_mae"": 0.0348}, {""missing_rate"": 0.9, ""test_mae"": 0.0384}], ""test_mae_mean"": 0.02381, ""test_mae_max"": 0.0384, ""test_mae_min"": 0.0087, ""test_mae"": 0.0384, ""missing_rate"": 0.9}",experiments/logs/seed116_gru_baseline.log,,,15.14943814277649,"0.0,0.1,0.2,0.3,0.4,0.5,0.6,0.7,0.8,0.9","0.0,0.1,0.2,0.3,0.4,0.5,0.6,0.7,0.8,0.9",20260308_023704,experiments/runs/20260308_023704
seed116_gru_mim,116,gru,mim,completed,2026-03-08 02:37:05,,2026-03-08 06:43:24,"{""mr_results"": [{""missing_rate"": 0.0, ""test_mae"": 0.0084}, {""missing_rate"": 0.1, ""test_mae"": 0.0087}, {""missing_rate"": 0.2, ""test_mae"": 0.009}, {""missing_rate"": 0.3, ""test_mae"": 0.0093}, {""missing_rate"": 0.4, ""test_mae"": 0.0097}, {""missing_rate"": 0.5, ""test_mae"": 0.0106}, {""missing_rate"": 0.6, ""test_mae"": 0.0117}, {""missing_rate"": 0.7, ""test_mae"": 0.0138}, {""missing_rate"": 0.8, ""test_mae"": 0.0187}, {""missing_rate"": 0.9, ""test_mae"": 0.0285}], ""test_mae_mean"": 0.01284, ""test_mae_max"": 0.0285, ""test_mae_min"": 0.0084, ""test_mae"": 0.0285, ""missing_rate"": 0.9}",experiments/logs/seed116_gru_mim.log,,,38.87054705619812,"0.0,0.1,0.2,0.3,0.4,0.5,0.6,0.7,0.8,0.9","0.0,0.1,0.2,0.3,0.4,0.5,0.6,0.7,0.8,0.9",20260308_023704,experiments/runs/20260308_023704
seed116_cnn1d_baseline,116,cnn1d,baseline,completed,2026-03-08 02:37:05,,2026-03-08 06:43:10,"{""mr_results"": [{""missing_rate"": 0.0, ""test_mae"": 0.0282}, {""missing_rate"": 0.1, ""test_mae"": 0.0541}, {""missing_rate"": 0.2, ""test_mae"": 0.0704}, {""missing_rate"": 0.3, ""test_mae"": 0.0762}, {""missing_rate"": 0.4, ""test_mae"": 0.0794}, {""missing_rate"": 0.5, ""test_mae"": 0.0845}, {""missing_rate"": 0.6, ""test_mae"": 0.0916}, {""missing_rate"": 0.7, ""test_mae"": 0.0983}, {""missing_rate"": 0.8, ""test_mae"": 0.1044}, {""missing_rate"": 0.9, ""test_mae"": 0.1242}], ""test_mae_mean"": 0.08113000000000001, ""test_mae_max"": 0.1242, ""test_mae_min"": 0.0282, ""test_mae"": 0.1242, ""missing_rate"": 0.9}",experiments/logs/seed116_cnn1d_baseline.log,,,24.025333166122437,"0.0,0.1,0.2,0.3,0.4,0.5,0.6,0.7,0.8,0.9","0.0,0.1,0.2,0.3,0.4,0.5,0.6,0.7,0.8,0.9",20260308_023704,experiments/runs/20260308_023704
seed116_cnn1d_mim,116,cnn1d,mim,completed,2026-03-08 02:37:05,,2026-03-08 06:43:49,"{""mr_results"": [{""missing_rate"": 0.0, ""test_mae"": 0.0061}, {""missing_rate"": 0.1, ""test_mae"": 0.0061}, {""missing_rate"": 0.2, ""test_mae"": 0.0064}, {""missing_rate"": 0.3, ""test_mae"": 0.0067}, {""missing_rate"": 0.4, ""test_mae"": 0.0071}, {""missing_rate"": 0.5, ""test_mae"": 0.0078}, {""missing_rate"": 0.6, ""test_mae"": 0.0089}, {""missing_rate"": 0.7, ""test_mae"": 0.011}, {""missing_rate"": 0.8, ""test_mae"": 0.0158}, {""missing_rate"": 0.9, ""test_mae"": 0.0245}], ""test_mae_mean"": 0.01004, ""test_mae_max"": 0.0245, ""test_mae_min"": 0.0061, ""test_mae"": 0.0245, ""missing_rate"": 0.9}",experiments/logs/seed116_cnn1d_mim.log,,,63.342806577682495,"0.0,0.1,0.2,0.3,0.4,0.5,0.6,0.7,0.8,0.9","0.0,0.1,0.2,0.3,0.4,0.5,0.6,0.7,0.8,0.9",20260308_023704,experiments/runs/20260308_023704
seed117_mlp_baseline,117,mlp,baseline,completed,2026-03-08 02:37:05,,2026-03-08 06:44:08,"{""mr_results"": [{""missing_rate"": 0.0, ""test_mae"": 0.0156}, {""missing_rate"": 0.1, ""test_mae"": 0.0162}, {""missing_rate"": 0.2, ""test_mae"": 0.0169}, {""missing_rate"": 0.3, ""test_mae"": 0.0184}, {""missing_rate"": 0.4, ""test_mae"": 0.02}, {""missing_rate"": 0.5, ""test_mae"": 0.0218}, {""missing_rate"": 0.6, ""test_mae"": 0.0248}, {""missing_rate"": 0.7, ""test_mae"": 0.0276}, {""missing_rate"": 0.8, ""test_mae"": 0.0302}, {""missing_rate"": 0.9, ""test_mae"": 0.0343}], ""test_mae_mean"": 0.02258, ""test_mae_max"": 0.0343, ""test_mae_min"": 0.0156, ""test_mae"": 0.0343, ""missing_rate"": 0.9}",experiments/logs/seed117_mlp_baseline.log,,,16.893120527267456,"0.0,0.1,0.2,0.3,0.4,0.5,0.6,0.7,0.8,0.9","0.0,0.1,0.2,0.3,0.4,0.5,0.6,0.7,0.8,0.9",20260308_023704,experiments/runs/20260308_023704
seed117_mlp_mim,117,mlp,mim,completed,2026-03-08 02:37:05,,2026-03-08 06:45:39,"{""mr_results"": [{""missing_rate"": 0.0, ""test_mae"": 0.0057}, {""missing_rate"": 0.1, ""test_mae"": 0.0059}, {""missing_rate"": 0.2, ""test_mae"": 0.0061}, {""missing_rate"": 0.3, ""test_mae"": 0.0062}, {""missing_rate"": 0.4, ""test_mae"": 0.0068}, {""missing_rate"": 0.5, ""test_mae"": 0.0076}, {""missing_rate"": 0.6, ""test_mae"": 0.009}, {""missing_rate"": 0.7, ""test_mae"": 0.0109}, {""missing_rate"": 0.8, ""test_mae"": 0.0138}, {""missing_rate"": 0.9, ""test_mae"": 0.0227}], ""test_mae_mean"": 0.009470000000000001, ""test_mae_max"": 0.0227, ""test_mae_min"": 0.0057, ""test_mae"": 0.0227, ""missing_rate"": 0.9}",experiments/logs/seed117_mlp_mim.log,Process exited with code 1,,45.012505531311035,"0.0,0.1,0.2,0.3,0.4,0.5,0.6,0.7,0.8,0.9","0.0,0.1,0.2,0.3,0.4,0.5,0.6,0.7,0.8,0.9",20260308_023704,experiments/runs/20260308_023704
seed117_lstm_baseline,117,lstm,baseline,completed,2026-03-08 02:37:05,,2026-03-08 06:45:10,"{""mr_results"": [{""missing_rate"": 0.0, ""test_mae"": 0.0062}, {""missing_rate"": 0.1, ""test_mae"": 0.0065}, {""missing_rate"": 0.2, ""test_mae"": 0.0074}, {""missing_rate"": 0.3, ""test_mae"": 0.009}, {""missing_rate"": 0.4, ""test_mae"": 0.0126}, {""missing_rate"": 0.5, ""test_mae"": 0.0184}, {""missing_rate"": 0.6, ""test_mae"": 0.0277}, {""missing_rate"": 0.7, ""test_mae"": 0.0397}, {""missing_rate"": 0.8, ""test_mae"": 0.053}, {""missing_rate"": 0.9, ""test_mae"": 0.0682}], ""test_mae_mean"": 0.02487, ""test_mae_max"": 0.0682, ""test_mae_min"": 0.0062, ""test_mae"": 0.0682, ""missing_rate"": 0.9}",experiments/logs/seed117_lstm_baseline.log,Process exited with code 1,,15.643111944198608,"0.0,0.1,0.2,0.3,0.4,0.5,0.6,0.7,0.8,0.9","0.0,0.1,0.2,0.3,0.4,0.5,0.6,0.7,0.8,0.9",20260308_023704,experiments/runs/20260308_023704
seed117_lstm_mim,117,lstm,mim,completed,2026-03-08 02:37:05,,2026-03-08 06:44:48,"{""mr_results"": [{""missing_rate"": 0.0, ""test_mae"": 0.0055}, {""missing_rate"": 0.1, ""test_mae"": 0.0056}, {""missing_rate"": 0.2, ""test_mae"": 0.0055}, {""missing_rate"": 0.3, ""test_mae"": 0.0056}, {""missing_rate"": 0.4, ""test_mae"": 0.0059}, {""missing_rate"": 0.5, ""test_mae"": 0.0063}, {""missing_rate"": 0.6, ""test_mae"": 0.0069}, {""missing_rate"": 0.7, ""test_mae"": 0.0083}, {""missing_rate"": 0.8, ""test_mae"": 0.0118}, {""missing_rate"": 0.9, ""test_mae"": 0.0214}], ""test_mae_mean"": 0.00828, ""test_mae_max"": 0.0214, ""test_mae_min"": 0.0055, ""test_mae"": 0.0214, ""missing_rate"": 0.9}",experiments/logs/seed117_lstm_mim.log,,,57.40061593055725,"0.0,0.1,0.2,0.3,0.4,0.5,0.6,0.7,0.8,0.9","0.0,0.1,0.2,0.3,0.4,0.5,0.6,0.7,0.8,0.9",20260308_023704,experiments/runs/20260308_023704
seed117_gru_baseline,117,gru,baseline,completed,2026-03-08 02:37:05,,2026-03-08 06:46:38,"{""mr_results"": [{""missing_rate"": 0.0, ""test_mae"": 0.0066}, {""missing_rate"": 0.1, ""test_mae"": 0.0097}, {""missing_rate"": 0.2, ""test_mae"": 0.0127}, {""missing_rate"": 0.3, ""test_mae"": 0.0153}, {""missing_rate"": 0.4, ""test_mae"": 0.0181}, {""missing_rate"": 0.5, ""test_mae"": 0.0213}, {""missing_rate"": 0.6, ""test_mae"": 0.0251}, {""missing_rate"": 0.7, ""test_mae"": 0.0286}, {""missing_rate"": 0.8, ""test_mae"": 0.032}, {""missing_rate"": 0.9, ""test_mae"": 0.0353}], ""test_mae_mean"": 0.02047, ""test_mae_max"": 0.0353, ""test_mae_min"": 0.0066, ""test_mae"": 0.0353, ""missing_rate"": 0.9}",experiments/logs/seed117_gru_baseline.log,Process exited with code 1,,14.370894432067871,"0.0,0.1,0.2,0.3,0.4,0.5,0.6,0.7,0.8,0.9","0.0,0.1,0.2,0.3,0.4,0.5,0.6,0.7,0.8,0.9",20260308_023704,experiments/runs/20260308_023704
seed117_gru_mim,117,gru,mim,completed,2026-03-08 02:37:05,,2026-03-08 06:46:17,"{""mr_results"": [{""missing_rate"": 0.0, ""test_mae"": 0.006}, {""missing_rate"": 0.1, ""test_mae"": 0.0063}, {""missing_rate"": 0.2, ""test_mae"": 0.0067}, {""missing_rate"": 0.3, ""test_mae"": 0.0073}, {""missing_rate"": 0.4, ""test_mae"": 0.008}, {""missing_rate"": 0.5, ""test_mae"": 0.0087}, {""missing_rate"": 0.6, ""test_mae"": 0.0098}, {""missing_rate"": 0.7, ""test_mae"": 0.0119}, {""missing_rate"": 0.8, ""test_mae"": 0.0172}, {""missing_rate"": 0.9, ""test_mae"": 0.0285}], ""test_mae_mean"": 0.01104, ""test_mae_max"": 0.0285, ""test_mae_min"": 0.006, ""test_mae"": 0.0285, ""missing_rate"": 0.9}",experiments/logs/seed117_gru_mim.log,,,36.12714600563049,"0.0,0.1,0.2,0.3,0.4,0.5,0.6,0.7,0.8,0.9","0.0,0.1,0.2,0.3,0.4,0.5,0.6,0.7,0.8,0.9",20260308_023704,experiments/runs/20260308_023704
seed117_cnn1d_baseline,117,cnn1d,baseline,completed,2026-03-08 02:37:05,,2026-03-08 06:46:03,"{""mr_results"": [{""missing_rate"": 0.0, ""test_mae"": 0.0208}, {""missing_rate"": 0.1, ""test_mae"": 0.0364}, {""missing_rate"": 0.2, ""test_mae"": 0.0492}, {""missing_rate"": 0.3, ""test_mae"": 0.0557}, {""missing_rate"": 0.4, ""test_mae"": 0.0589}, {""missing_rate"": 0.5, ""test_mae"": 0.0639}, {""missing_rate"": 0.6, ""test_mae"": 0.0671}, {""missing_rate"": 0.7, ""test_mae"": 0.0725}, {""missing_rate"": 0.8, ""test_mae"": 0.0772}, {""missing_rate"": 0.9, ""test_mae"": 0.0885}], ""test_mae_mean"": 0.05902, ""test_mae_max"": 0.0885, ""test_mae_min"": 0.0208, ""test_mae"": 0.0885, ""missing_rate"": 0.9}",experiments/logs/seed117_cnn1d_baseline.log,,,21.457890510559082,"0.0,0.1,0.2,0.3,0.4,0.5,0.6,0.7,0.8,0.9","0.0,0.1,0.2,0.3,0.4,0.5,0.6,0.7,0.8,0.9",20260308_023704,experiments/runs/20260308_023704
seed117_cnn1d_mim,117,cnn1d,mim,completed,2026-03-08 02:37:05,,2026-03-08 06:47:21,"{""mr_results"": [{""missing_rate"": 0.0, ""test_mae"": 0.0063}, {""missing_rate"": 0.1, ""test_mae"": 0.0064}, {""missing_rate"": 0.2, ""test_mae"": 0.0065}, {""missing_rate"": 0.3, ""test_mae"": 0.0067}, {""missing_rate"": 0.4, ""test_mae"": 0.0069}, {""missing_rate"": 0.5, ""test_mae"": 0.0075}, {""missing_rate"": 0.6, ""test_mae"": 0.008}, {""missing_rate"": 0.7, ""test_mae"": 0.0092}, {""missing_rate"": 0.8, ""test_mae"": 0.0119}, {""missing_rate"": 0.9, ""test_mae"": 0.0206}], ""test_mae_mean"": 0.009, ""test_mae_max"": 0.0206, ""test_mae_min"": 0.0063, ""test_mae"": 0.0206, ""missing_rate"": 0.9}",experiments/logs/seed117_cnn1d_mim.log,Process exited with code 1,,57.662086486816406,"0.0,0.1,0.2,0.3,0.4,0.5,0.6,0.7,0.8,0.9","0.0,0.1,0.2,0.3,0.4,0.5,0.6,0.7,0.8,0.9",20260308_023704,experiments/runs/20260308_023704
seed118_mlp_baseline,118,mlp,baseline,completed,2026-03-08 02:37:05,,2026-03-08 06:47:43,"{""mr_results"": [{""missing_rate"": 0.0, ""test_mae"": 0.0084}, {""missing_rate"": 0.1, ""test_mae"": 0.0104}, {""missing_rate"": 0.2, ""test_mae"": 0.0121}, {""missing_rate"": 0.3, ""test_mae"": 0.0146}, {""missing_rate"": 0.4, ""test_mae"": 0.0172}, {""missing_rate"": 0.5, ""test_mae"": 0.0205}, {""missing_rate"": 0.6, ""test_mae"": 0.0237}, {""missing_rate"": 0.7, ""test_mae"": 0.0269}, {""missing_rate"": 0.8, ""test_mae"": 0.0298}, {""missing_rate"": 0.9, ""test_mae"": 0.0334}], ""test_mae_mean"": 0.019700000000000002, ""test_mae_max"": 0.0334, ""test_mae_min"": 0.0084, ""test_mae"": 0.0334, ""missing_rate"": 0.9}",experiments/logs/seed118_mlp_baseline.log,,,19.646448135375977,"0.0,0.1,0.2,0.3,0.4,0.5,0.6,0.7,0.8,0.9","0.0,0.1,0.2,0.3,0.4,0.5,0.6,0.7,0.8,0.9",20260308_023704,experiments/runs/20260308_023704
seed118_mlp_mim,118,mlp,mim,completed,2026-03-08 02:37:05,,2026-03-08 06:48:31,"{""mr_results"": [{""missing_rate"": 0.0, ""test_mae"": 0.0075}, {""missing_rate"": 0.1, ""test_mae"": 0.0076}, {""missing_rate"": 0.2, ""test_mae"": 0.0077}, {""missing_rate"": 0.3, ""test_mae"": 0.0078}, {""missing_rate"": 0.4, ""test_mae"": 0.0079}, {""missing_rate"": 0.5, ""test_mae"": 0.0085}, {""missing_rate"": 0.6, ""test_mae"": 0.0091}, {""missing_rate"": 0.7, ""test_mae"": 0.0104}, {""missing_rate"": 0.8, ""test_mae"": 0.013}, {""missing_rate"": 0.9, ""test_mae"": 0.0217}], ""test_mae_mean"": 0.01012, ""test_mae_max"": 0.0217, ""test_mae_min"": 0.0075, ""test_mae"": 0.0217, ""missing_rate"": 0.9}",experiments/logs/seed118_mlp_mim.log,,,68.23920726776123,"0.0,0.1,0.2,0.3,0.4,0.5,0.6,0.7,0.8,0.9","0.0,0.1,0.2,0.3,0.4,0.5,0.6,0.7,0.8,0.9",20260308_023704,experiments/runs/20260308_023704
seed118_lstm_baseline,118,lstm,baseline,completed,2026-03-08 02:37:05,,2026-03-08 06:47:46,"{""mr_results"": [{""missing_rate"": 0.0, ""test_mae"": 0.0054}, {""missing_rate"": 0.1, ""test_mae"": 0.0059}, {""missing_rate"": 0.2, ""test_mae"": 0.0068}, {""missing_rate"": 0.3, ""test_mae"": 0.0084}, {""missing_rate"": 0.4, ""test_mae"": 0.0104}, {""missing_rate"": 0.5, ""test_mae"": 0.0131}, {""missing_rate"": 0.6, ""test_mae"": 0.0172}, {""missing_rate"": 0.7, ""test_mae"": 0.022}, {""missing_rate"": 0.8, ""test_mae"": 0.0282}, {""missing_rate"": 0.9, ""test_mae"": 0.0361}], ""test_mae_mean"": 0.015349999999999999, ""test_mae_max"": 0.0361, ""test_mae_min"": 0.0054, ""test_mae"": 0.0361, ""missing_rate"": 0.9}",experiments/logs/seed118_lstm_baseline.log,,,22.760009765625,"0.0,0.1,0.2,0.3,0.4,0.5,0.6,0.7,0.8,0.9","0.0,0.1,0.2,0.3,0.4,0.5,0.6,0.7,0.8,0.9",20260308_023704,experiments/runs/20260308_023704
seed118_lstm_mim,118,lstm,mim,completed,2026-03-08 02:37:05,,2026-03-08 06:48:46,"{""mr_results"": [{""missing_rate"": 0.0, ""test_mae"": 0.0111}, {""missing_rate"": 0.1, ""test_mae"": 0.0111}, {""missing_rate"": 0.2, ""test_mae"": 0.011}, {""missing_rate"": 0.3, ""test_mae"": 0.011}, {""missing_rate"": 0.4, ""test_mae"": 0.0111}, {""missing_rate"": 0.5, ""test_mae"": 0.0116}, {""missing_rate"": 0.6, ""test_mae"": 0.0121}, {""missing_rate"": 0.7, ""test_mae"": 0.0132}, {""missing_rate"": 0.8, ""test_mae"": 0.0165}, {""missing_rate"": 0.9, ""test_mae"": 0.0252}], ""test_mae_mean"": 0.013389999999999999, ""test_mae_max"": 0.0252, ""test_mae_min"": 0.011, ""test_mae"": 0.0252, ""missing_rate"": 0.9}",experiments/logs/seed118_lstm_mim.log,,,82.48773217201233,"0.0,0.1,0.2,0.3,0.4,0.5,0.6,0.7,0.8,0.9","0.0,0.1,0.2,0.3,0.4,0.5,0.6,0.7,0.8,0.9",20260308_023704,experiments/runs/20260308_023704
seed118_gru_baseline,118,gru,baseline,completed,2026-03-08 02:37:05,,2026-03-08 06:49:03,"{""mr_results"": [{""missing_rate"": 0.0, ""test_mae"": 0.0083}, {""missing_rate"": 0.1, ""test_mae"": 0.011}, {""missing_rate"": 0.2, ""test_mae"": 0.0137}, {""missing_rate"": 0.3, ""test_mae"": 0.0168}, {""missing_rate"": 0.4, ""test_mae"": 0.0195}, {""missing_rate"": 0.5, ""test_mae"": 0.0224}, {""missing_rate"": 0.6, ""test_mae"": 0.0256}, {""missing_rate"": 0.7, ""test_mae"": 0.0283}, {""missing_rate"": 0.8, ""test_mae"": 0.0316}, {""missing_rate"": 0.9, ""test_mae"": 0.0354}], ""test_mae_mean"": 0.02126, ""test_mae_max"": 0.0354, ""test_mae_min"": 0.0083, ""test_mae"": 0.0354, ""missing_rate"": 0.9}",experiments/logs/seed118_gru_baseline.log,,,14.800106763839722,"0.0,0.1,0.2,0.3,0.4,0.5,0.6,0.7,0.8,0.9","0.0,0.1,0.2,0.3,0.4,0.5,0.6,0.7,0.8,0.9",20260308_023704,experiments/runs/20260308_023704
seed118_gru_mim,118,gru,mim,completed,2026-03-08 02:37:05,,2026-03-08 06:49:44,"{""mr_results"": [{""missing_rate"": 0.0, ""test_mae"": 0.0072}, {""missing_rate"": 0.1, ""test_mae"": 0.0067}, {""missing_rate"": 0.2, ""test_mae"": 0.0064}, {""missing_rate"": 0.3, ""test_mae"": 0.0064}, {""missing_rate"": 0.4, ""test_mae"": 0.0066}, {""missing_rate"": 0.5, ""test_mae"": 0.0069}, {""missing_rate"": 0.6, ""test_mae"": 0.0073}, {""missing_rate"": 0.7, ""test_mae"": 0.0085}, {""missing_rate"": 0.8, ""test_mae"": 0.0113}, {""missing_rate"": 0.9, ""test_mae"": 0.0192}], ""test_mae_mean"": 0.00865, ""test_mae_max"": 0.0192, ""test_mae_min"": 0.0064, ""test_mae"": 0.0192, ""missing_rate"": 0.9}",experiments/logs/seed118_gru_mim.log,,,56.55037713050842,"0.0,0.1,0.2,0.3,0.4,0.5,0.6,0.7,0.8,0.9","0.0,0.1,0.2,0.3,0.4,0.5,0.6,0.7,0.8,0.9",20260308_023704,experiments/runs/20260308_023704
seed118_cnn1d_baseline,118,cnn1d,baseline,completed,2026-03-08 02:37:05,,2026-03-08 06:49:09,"{""mr_results"": [{""missing_rate"": 0.0, ""test_mae"": 0.0318}, {""missing_rate"": 0.1, ""test_mae"": 0.0563}, {""missing_rate"": 0.2, ""test_mae"": 0.0712}, {""missing_rate"": 0.3, ""test_mae"": 0.0785}, {""missing_rate"": 0.4, ""test_mae"": 0.0845}, {""missing_rate"": 0.5, ""test_mae"": 0.0931}, {""missing_rate"": 0.6, ""test_mae"": 0.105}, {""missing_rate"": 0.7, ""test_mae"": 0.1179}, {""missing_rate"": 0.8, ""test_mae"": 0.1299}, {""missing_rate"": 0.9, ""test_mae"": 0.1494}], ""test_mae_mean"": 0.09176, ""test_mae_max"": 0.1494, ""test_mae_min"": 0.0318, ""test_mae"": 0.1494, ""missing_rate"": 0.9}",experiments/logs/seed118_cnn1d_baseline.log,,,20.823746919631958,"0.0,0.1,0.2,0.3,0.4,0.5,0.6,0.7,0.8,0.9","0.0,0.1,0.2,0.3,0.4,0.5,0.6,0.7,0.8,0.9",20260308_023704,experiments/runs/20260308_023704
seed118_cnn1d_mim,118,cnn1d,mim,completed,2026-03-08 02:37:05,,2026-03-08 06:49:47,"{""mr_results"": [{""missing_rate"": 0.0, ""test_mae"": 0.006}, {""missing_rate"": 0.1, ""test_mae"": 0.0063}, {""missing_rate"": 0.2, ""test_mae"": 0.0064}, {""missing_rate"": 0.3, ""test_mae"": 0.0065}, {""missing_rate"": 0.4, ""test_mae"": 0.0069}, {""missing_rate"": 0.5, ""test_mae"": 0.0072}, {""missing_rate"": 0.6, ""test_mae"": 0.0077}, {""missing_rate"": 0.7, ""test_mae"": 0.0088}, {""missing_rate"": 0.8, ""test_mae"": 0.0106}, {""missing_rate"": 0.9, ""test_mae"": 0.0168}], ""test_mae_mean"": 0.00832, ""test_mae_max"": 0.0168, ""test_mae_min"": 0.006, ""test_mae"": 0.0168, ""missing_rate"": 0.9}",experiments/logs/seed118_cnn1d_mim.log,,,59.34839200973511,"0.0,0.1,0.2,0.3,0.4,0.5,0.6,0.7,0.8,0.9","0.0,0.1,0.2,0.3,0.4,0.5,0.6,0.7,0.8,0.9",20260308_023704,experiments/runs/20260308_023704
seed119_mlp_baseline,119,mlp,baseline,completed,2026-03-08 02:37:05,,2026-03-08 06:50:03,"{""mr_results"": [{""missing_rate"": 0.0, ""test_mae"": 0.0166}, {""missing_rate"": 0.1, ""test_mae"": 0.0171}, {""missing_rate"": 0.2, ""test_mae"": 0.0177}, {""missing_rate"": 0.3, ""test_mae"": 0.0197}, {""missing_rate"": 0.4, ""test_mae"": 0.0227}, {""missing_rate"": 0.5, ""test_mae"": 0.0254}, {""missing_rate"": 0.6, ""test_mae"": 0.0285}, {""missing_rate"": 0.7, ""test_mae"": 0.0305}, {""missing_rate"": 0.8, ""test_mae"": 0.0321}, {""missing_rate"": 0.9, ""test_mae"": 0.0362}], ""test_mae_mean"": 0.02465, ""test_mae_max"": 0.0362, ""test_mae_min"": 0.0166, ""test_mae"": 0.0362, ""missing_rate"": 0.9}",experiments/logs/seed119_mlp_baseline.log,,,14.210046291351318,"0.0,0.1,0.2,0.3,0.4,0.5,0.6,0.7,0.8,0.9","0.0,0.1,0.2,0.3,0.4,0.5,0.6,0.7,0.8,0.9",20260308_023704,experiments/runs/20260308_023704
seed119_mlp_mim,119,mlp,mim,completed,2026-03-08 02:37:05,,2026-03-08 06:51:55,"{""mr_results"": [{""missing_rate"": 0.0, ""test_mae"": 0.0064}, {""missing_rate"": 0.1, ""test_mae"": 0.0067}, {""missing_rate"": 0.2, ""test_mae"": 0.0071}, {""missing_rate"": 0.3, ""test_mae"": 0.0074}, {""missing_rate"": 0.4, ""test_mae"": 0.008}, {""missing_rate"": 0.5, ""test_mae"": 0.0089}, {""missing_rate"": 0.6, ""test_mae"": 0.0098}, {""missing_rate"": 0.7, ""test_mae"": 0.0113}, {""missing_rate"": 0.8, ""test_mae"": 0.0142}, {""missing_rate"": 0.9, ""test_mae"": 0.0231}], ""test_mae_mean"": 0.01029, ""test_mae_max"": 0.0231, ""test_mae_min"": 0.0064, ""test_mae"": 0.0231, ""missing_rate"": 0.9}",experiments/logs/seed119_mlp_mim.log,Process exited with code 1,,51.84281349182129,"0.0,0.1,0.2,0.3,0.4,0.5,0.6,0.7,0.8,0.9","0.0,0.1,0.2,0.3,0.4,0.5,0.6,0.7,0.8,0.9",20260308_023704,experiments/runs/20260308_023704
seed119_lstm_baseline,119,lstm,baseline,completed,2026-03-08 02:37:05,,2026-03-08 06:51:19,"{""mr_results"": [{""missing_rate"": 0.0, ""test_mae"": 0.006}, {""missing_rate"": 0.1, ""test_mae"": 0.0069}, {""missing_rate"": 0.2, ""test_mae"": 0.0078}, {""missing_rate"": 0.3, ""test_mae"": 0.0086}, {""missing_rate"": 0.4, ""test_mae"": 0.0102}, {""missing_rate"": 0.5, ""test_mae"": 0.0119}, {""missing_rate"": 0.6, ""test_mae"": 0.0145}, {""missing_rate"": 0.7, ""test_mae"": 0.0182}, {""missing_rate"": 0.8, ""test_mae"": 0.0235}, {""missing_rate"": 0.9, ""test_mae"": 0.0316}], ""test_mae_mean"": 0.013920000000000002, ""test_mae_max"": 0.0316, ""test_mae_min"": 0.006, ""test_mae"": 0.0316, ""missing_rate"": 0.9}",experiments/logs/seed119_lstm_baseline.log,Process exited with code 1,,15.913016080856323,"0.0,0.1,0.2,0.3,0.4,0.5,0.6,0.7,0.8,0.9","0.0,0.1,0.2,0.3,0.4,0.5,0.6,0.7,0.8,0.9",20260308_023704,experiments/runs/20260308_023704
seed119_lstm_mim,119,lstm,mim,completed,2026-03-08 02:37:05,,2026-03-08 06:50:57,"{""mr_results"": [{""missing_rate"": 0.0, ""test_mae"": 0.0059}, {""missing_rate"": 0.1, ""test_mae"": 0.006}, {""missing_rate"": 0.2, ""test_mae"": 0.0062}, {""missing_rate"": 0.3, ""test_mae"": 0.0063}, {""missing_rate"": 0.4, ""test_mae"": 0.0066}, {""missing_rate"": 0.5, ""test_mae"": 0.0074}, {""missing_rate"": 0.6, ""test_mae"": 0.0081}, {""missing_rate"": 0.7, ""test_mae"": 0.0098}, {""missing_rate"": 0.8, ""test_mae"": 0.0132}, {""missing_rate"": 0.9, ""test_mae"": 0.0222}], ""test_mae_mean"": 0.009170000000000001, ""test_mae_max"": 0.0222, ""test_mae_min"": 0.0059, ""test_mae"": 0.0222, ""missing_rate"": 0.9}",experiments/logs/seed119_lstm_mim.log,,,67.60734009742737,"0.0,0.1,0.2,0.3,0.4,0.5,0.6,0.7,0.8,0.9","0.0,0.1,0.2,0.3,0.4,0.5,0.6,0.7,0.8,0.9",20260308_023704,experiments/runs/20260308_023704
seed119_gru_baseline,119,gru,baseline,completed,2026-03-08 02:37:05,,2026-03-08 06:53:25,"{""mr_results"": [{""missing_rate"": 0.0, ""test_mae"": 0.0067}, {""missing_rate"": 0.1, ""test_mae"": 0.0093}, {""missing_rate"": 0.2, ""test_mae"": 0.0118}, {""missing_rate"": 0.3, ""test_mae"": 0.0142}, {""missing_rate"": 0.4, ""test_mae"": 0.0172}, {""missing_rate"": 0.5, ""test_mae"": 0.0198}, {""missing_rate"": 0.6, ""test_mae"": 0.0234}, {""missing_rate"": 0.7, ""test_mae"": 0.0266}, {""missing_rate"": 0.8, ""test_mae"": 0.0305}, {""missing_rate"": 0.9, ""test_mae"": 0.0344}], ""test_mae_mean"": 0.019389999999999998, ""test_mae_max"": 0.0344, ""test_mae_min"": 0.0067, ""test_mae"": 0.0344, ""missing_rate"": 0.9}",experiments/logs/seed119_gru_baseline.log,Process exited with code 1,,13.405128717422485,"0.0,0.1,0.2,0.3,0.4,0.5,0.6,0.7,0.8,0.9","0.0,0.1,0.2,0.3,0.4,0.5,0.6,0.7,0.8,0.9",20260308_023704,experiments/runs/20260308_023704
seed119_gru_mim,119,gru,mim,completed,2026-03-08 02:37:05,,2026-03-08 06:53:41,"{""mr_results"": [{""missing_rate"": 0.0, ""test_mae"": 0.0055}, {""missing_rate"": 0.1, ""test_mae"": 0.0058}, {""missing_rate"": 0.2, ""test_mae"": 0.006}, {""missing_rate"": 0.3, ""test_mae"": 0.0064}, {""missing_rate"": 0.4, ""test_mae"": 0.0068}, {""missing_rate"": 0.5, ""test_mae"": 0.0075}, {""missing_rate"": 0.6, ""test_mae"": 0.0085}, {""missing_rate"": 0.7, ""test_mae"": 0.0107}, {""missing_rate"": 0.8, ""test_mae"": 0.0152}, {""missing_rate"": 0.9, ""test_mae"": 0.026}], ""test_mae_mean"": 0.00984, ""test_mae_max"": 0.026, ""test_mae_min"": 0.0055, ""test_mae"": 0.026, ""missing_rate"": 0.9}",experiments/logs/seed119_gru_mim.log,Process exited with code 1,,29.273678064346313,"0.0,0.1,0.2,0.3,0.4,0.5,0.6,0.7,0.8,0.9","0.0,0.1,0.2,0.3,0.4,0.5,0.6,0.7,0.8,0.9",20260308_023704,experiments/runs/20260308_023704
seed119_cnn1d_baseline,119,cnn1d,baseline,completed,2026-03-08 02:37:05,,2026-03-08 06:52:17,"{""mr_results"": [{""missing_rate"": 0.0, ""test_mae"": 0.0208}, {""missing_rate"": 0.1, ""test_mae"": 0.0457}, {""missing_rate"": 0.2, ""test_mae"": 0.0599}, {""missing_rate"": 0.3, ""test_mae"": 0.0657}, {""missing_rate"": 0.4, ""test_mae"": 0.0694}, {""missing_rate"": 0.5, ""test_mae"": 0.0755}, {""missing_rate"": 0.6, ""test_mae"": 0.0837}, {""missing_rate"": 0.7, ""test_mae"": 0.0887}, {""missing_rate"": 0.8, ""test_mae"": 0.0937}, {""missing_rate"": 0.9, ""test_mae"": 0.1086}], ""test_mae_mean"": 0.07117, ""test_mae_max"": 0.1086, ""test_mae_min"": 0.0208, ""test_mae"": 0.1086, ""missing_rate"": 0.9}",experiments/logs/seed119_cnn1d_baseline.log,,,21.015647172927856,"0.0,0.1,0.2,0.3,0.4,0.5,0.6,0.7,0.8,0.9","0.0,0.1,0.2,0.3,0.4,0.5,0.6,0.7,0.8,0.9",20260308_023704,experiments/runs/20260308_023704
seed119_cnn1d_mim,119,cnn1d,mim,completed,2026-03-08 02:37:05,,2026-03-08 06:53:06,"{""mr_results"": [{""missing_rate"": 0.0, ""test_mae"": 0.0056}, {""missing_rate"": 0.1, ""test_mae"": 0.0058}, {""missing_rate"": 0.2, ""test_mae"": 0.0061}, {""missing_rate"": 0.3, ""test_mae"": 0.0064}, {""missing_rate"": 0.4, ""test_mae"": 0.0071}, {""missing_rate"": 0.5, ""test_mae"": 0.0077}, {""missing_rate"": 0.6, ""test_mae"": 0.0087}, {""missing_rate"": 0.7, ""test_mae"": 0.0104}, {""missing_rate"": 0.8, ""test_mae"": 0.0146}, {""missing_rate"": 0.9, ""test_mae"": 0.0237}], ""test_mae_mean"": 0.00961, ""test_mae_max"": 0.0237, ""test_mae_min"": 0.0056, ""test_mae"": 0.0237, ""missing_rate"": 0.9}",experiments/logs/seed119_cnn1d_mim.log,,,69.10147976875305,"0.0,0.1,0.2,0.3,0.4,0.5,0.6,0.7,0.8,0.9","0.0,0.1,0.2,0.3,0.4,0.5,0.6,0.7,0.8,0.9",20260308_023704,experiments/runs/20260308_023704
seed120_mlp_baseline,120,mlp,baseline,completed,2026-03-08 02:37:05,,2026-03-08 06:54:15,"{""mr_results"": [{""missing_rate"": 0.0, ""test_mae"": 0.0143}, {""missing_rate"": 0.1, ""test_mae"": 0.0153}, {""missing_rate"": 0.2, ""test_mae"": 0.0164}, {""missing_rate"": 0.3, ""test_mae"": 0.0184}, {""missing_rate"": 0.4, ""test_mae"": 0.0208}, {""missing_rate"": 0.5, ""test_mae"": 0.0235}, {""missing_rate"": 0.6, ""test_mae"": 0.0266}, {""missing_rate"": 0.7, ""test_mae"": 0.0299}, {""missing_rate"": 0.8, ""test_mae"": 0.0324}, {""missing_rate"": 0.9, ""test_mae"": 0.0362}], ""test_mae_mean"": 0.02338, ""test_mae_max"": 0.0362, ""test_mae_min"": 0.0143, ""test_mae"": 0.0362, ""missing_rate"": 0.9}",experiments/logs/seed120_mlp_baseline.log,Process exited with code 1,,20.30829381942749,"0.0,0.1,0.2,0.3,0.4,0.5,0.6,0.7,0.8,0.9","0.0,0.1,0.2,0.3,0.4,0.5,0.6,0.7,0.8,0.9",20260308_023704,experiments/runs/20260308_023704
seed120_mlp_mim,120,mlp,mim,completed,2026-03-08 02:37:05,,2026-03-08 06:54:51,"{""mr_results"": [{""missing_rate"": 0.0, ""test_mae"": 0.0062}, {""missing_rate"": 0.1, ""test_mae"": 0.0065}, {""missing_rate"": 0.2, ""test_mae"": 0.0068}, {""missing_rate"": 0.3, ""test_mae"": 0.007}, {""missing_rate"": 0.4, ""test_mae"": 0.0074}, {""missing_rate"": 0.5, ""test_mae"": 0.008}, {""missing_rate"": 0.6, ""test_mae"": 0.009}, {""missing_rate"": 0.7, ""test_mae"": 0.0106}, {""missing_rate"": 0.8, ""test_mae"": 0.0131}, {""missing_rate"": 0.9, ""test_mae"": 0.022}], ""test_mae_mean"": 0.009659999999999998, ""test_mae_max"": 0.022, ""test_mae_min"": 0.0062, ""test_mae"": 0.022, ""missing_rate"": 0.9}",experiments/logs/seed120_mlp_mim.log,Process exited with code 1,,55.85559034347534,"0.0,0.1,0.2,0.3,0.4,0.5,0.6,0.7,0.8,0.9","0.0,0.1,0.2,0.3,0.4,0.5,0.6,0.7,0.8,0.9",20260308_023704,experiments/runs/20260308_023704
seed120_lstm_baseline,120,lstm,baseline,completed,2026-03-08 02:37:05,,2026-03-08 06:54:16,"{""mr_results"": [{""missing_rate"": 0.0, ""test_mae"": 0.0072}, {""missing_rate"": 0.1, ""test_mae"": 0.0076}, {""missing_rate"": 0.2, ""test_mae"": 0.0086}, {""missing_rate"": 0.3, ""test_mae"": 0.0099}, {""missing_rate"": 0.4, ""test_mae"": 0.0132}, {""missing_rate"": 0.5, ""test_mae"": 0.0199}, {""missing_rate"": 0.6, ""test_mae"": 0.032}, {""missing_rate"": 0.7, ""test_mae"": 0.049}, {""missing_rate"": 0.8, ""test_mae"": 0.0697}, {""missing_rate"": 0.9, ""test_mae"": 0.0915}], ""test_mae_mean"": 0.03086, ""test_mae_max"": 0.0915, ""test_mae_min"": 0.0072, ""test_mae"": 0.0915, ""missing_rate"": 0.9}",experiments/logs/seed120_lstm_baseline.log,Process exited with code 1,,21.13451886177063,"0.0,0.1,0.2,0.3,0.4,0.5,0.6,0.7,0.8,0.9","0.0,0.1,0.2,0.3,0.4,0.5,0.6,0.7,0.8,0.9",20260308_023704,experiments/runs/20260308_023704
seed120_lstm_mim,120,lstm,mim,completed,2026-03-08 02:37:05,,2026-03-08 06:55:03,"{""mr_results"": [{""missing_rate"": 0.0, ""test_mae"": 0.0066}, {""missing_rate"": 0.1, ""test_mae"": 0.0066}, {""missing_rate"": 0.2, ""test_mae"": 0.0069}, {""missing_rate"": 0.3, ""test_mae"": 0.0073}, {""missing_rate"": 0.4, ""test_mae"": 0.0079}, {""missing_rate"": 0.5, ""test_mae"": 0.0086}, {""missing_rate"": 0.6, ""test_mae"": 0.0095}, {""missing_rate"": 0.7, ""test_mae"": 0.0112}, {""missing_rate"": 0.8, ""test_mae"": 0.0152}, {""missing_rate"": 0.9, ""test_mae"": 0.025}], ""test_mae_mean"": 0.01048, ""test_mae_max"": 0.025, ""test_mae_min"": 0.0066, ""test_mae"": 0.025, ""missing_rate"": 0.9}",experiments/logs/seed120_lstm_mim.log,Process exited with code 1,,68.15183901786804,"0.0,0.1,0.2,0.3,0.4,0.5,0.6,0.7,0.8,0.9","0.0,0.1,0.2,0.3,0.4,0.5,0.6,0.7,0.8,0.9",20260308_023704,experiments/runs/20260308_023704
seed120_gru_baseline,120,gru,baseline,completed,2026-03-08 02:37:05,,2026-03-08 06:55:24,"{""mr_results"": [{""missing_rate"": 0.0, ""test_mae"": 0.0062}, {""missing_rate"": 0.1, ""test_mae"": 0.0069}, {""missing_rate"": 0.2, ""test_mae"": 0.0081}, {""missing_rate"": 0.3, ""test_mae"": 0.0104}, {""missing_rate"": 0.4, ""test_mae"": 0.0136}, {""missing_rate"": 0.5, ""test_mae"": 0.0167}, {""missing_rate"": 0.6, ""test_mae"": 0.0207}, {""missing_rate"": 0.7, ""test_mae"": 0.0248}, {""missing_rate"": 0.8, ""test_mae"": 0.0293}, {""missing_rate"": 0.9, ""test_mae"": 0.0336}], ""test_mae_mean"": 0.01703, ""test_mae_max"": 0.0336, ""test_mae_min"": 0.0062, ""test_mae"": 0.0336, ""missing_rate"": 0.9}",experiments/logs/seed120_gru_baseline.log,,,19.540749311447144,"0.0,0.1,0.2,0.3,0.4,0.5,0.6,0.7,0.8,0.9","0.0,0.1,0.2,0.3,0.4,0.5,0.6,0.7,0.8,0.9",20260308_023704,experiments/runs/20260308_023704
seed120_gru_mim,120,gru,mim,completed,2026-03-08 02:37:05,,2026-03-08 06:55:45,"{""mr_results"": [{""missing_rate"": 0.0, ""test_mae"": 0.0065}, {""missing_rate"": 0.1, ""test_mae"": 0.0074}, {""missing_rate"": 0.2, ""test_mae"": 0.0081}, {""missing_rate"": 0.3, ""test_mae"": 0.0088}, {""missing_rate"": 0.4, ""test_mae"": 0.0093}, {""missing_rate"": 0.5, ""test_mae"": 0.0098}, {""missing_rate"": 0.6, ""test_mae"": 0.0108}, {""missing_rate"": 0.7, ""test_mae"": 0.0127}, {""missing_rate"": 0.8, ""test_mae"": 0.0178}, {""missing_rate"": 0.9, ""test_mae"": 0.0297}], ""test_mae_mean"": 0.01209, ""test_mae_max"": 0.0297, ""test_mae_min"": 0.0065, ""test_mae"": 0.0297, ""missing_rate"": 0.9}",experiments/logs/seed120_gru_mim.log,,,39.74725890159607,"0.0,0.1,0.2,0.3,0.4,0.5,0.6,0.7,0.8,0.9","0.0,0.1,0.2,0.3,0.4,0.5,0.6,0.7,0.8,0.9",20260308_023704,experiments/runs/20260308_023704
seed120_cnn1d_baseline,120,cnn1d,baseline,completed,2026-03-08 02:37:05,,2026-03-08 06:55:29,"{""mr_results"": [{""missing_rate"": 0.0, ""test_mae"": 0.0268}, {""missing_rate"": 0.1, ""test_mae"": 0.0506}, {""missing_rate"": 0.2, ""test_mae"": 0.0664}, {""missing_rate"": 0.3, ""test_mae"": 0.0755}, {""missing_rate"": 0.4, ""test_mae"": 0.0796}, {""missing_rate"": 0.5, ""test_mae"": 0.087}, {""missing_rate"": 0.6, ""test_mae"": 0.0959}, {""missing_rate"": 0.7, ""test_mae"": 0.1041}, {""missing_rate"": 0.8, ""test_mae"": 0.1112}, {""missing_rate"": 0.9, ""test_mae"": 0.1285}], ""test_mae_mean"": 0.08256, ""test_mae_max"": 0.1285, ""test_mae_min"": 0.0268, ""test_mae"": 0.1285, ""missing_rate"": 0.9}",experiments/logs/seed120_cnn1d_baseline.log,,,24.430559158325195,"0.0,0.1,0.2,0.3,0.4,0.5,0.6,0.7,0.8,0.9","0.0,0.1,0.2,0.3,0.4,0.5,0.6,0.7,0.8,0.9",20260308_023704,experiments/runs/20260308_023704
seed120_cnn1d_mim,120,cnn1d,mim,completed,2026-03-08 02:37:05,,2026-03-08 06:56:03,"{""mr_results"": [{""missing_rate"": 0.0, ""test_mae"": 0.0068}, {""missing_rate"": 0.1, ""test_mae"": 0.007}, {""missing_rate"": 0.2, ""test_mae"": 0.0072}, {""missing_rate"": 0.3, ""test_mae"": 0.0076}, {""missing_rate"": 0.4, ""test_mae"": 0.0079}, {""missing_rate"": 0.5, ""test_mae"": 0.0084}, {""missing_rate"": 0.6, ""test_mae"": 0.0089}, {""missing_rate"": 0.7, ""test_mae"": 0.0096}, {""missing_rate"": 0.8, ""test_mae"": 0.0117}, {""missing_rate"": 0.9, ""test_mae"": 0.0178}], ""test_mae_mean"": 0.00929, ""test_mae_max"": 0.0178, ""test_mae_min"": 0.0068, ""test_mae"": 0.0178, ""missing_rate"": 0.9}",experiments/logs/seed120_cnn1d_mim.log,,,58.159485816955566,"0.0,0.1,0.2,0.3,0.4,0.5,0.6,0.7,0.8,0.9","0.0,0.1,0.2,0.3,0.4,0.5,0.6,0.7,0.8,0.9",20260308_023704,experiments/runs/20260308_023704
seed121_mlp_baseline,121,mlp,baseline,completed,2026-03-08 02:37:05,,2026-03-08 06:56:28,"{""mr_results"": [{""missing_rate"": 0.0, ""test_mae"": 0.009}, {""missing_rate"": 0.1, ""test_mae"": 0.0102}, {""missing_rate"": 0.2, ""test_mae"": 0.0117}, {""missing_rate"": 0.3, ""test_mae"": 0.0136}, {""missing_rate"": 0.4, ""test_mae"": 0.0155}, {""missing_rate"": 0.5, ""test_mae"": 0.018}, {""missing_rate"": 0.6, ""test_mae"": 0.0207}, {""missing_rate"": 0.7, ""test_mae"": 0.0235}, {""missing_rate"": 0.8, ""test_mae"": 0.0266}, {""missing_rate"": 0.9, ""test_mae"": 0.0313}], ""test_mae_mean"": 0.01801, ""test_mae_max"": 0.0313, ""test_mae_min"": 0.009, ""test_mae"": 0.0313, ""missing_rate"": 0.9}",experiments/logs/seed121_mlp_baseline.log,,,23.2593355178833,"0.0,0.1,0.2,0.3,0.4,0.5,0.6,0.7,0.8,0.9","0.0,0.1,0.2,0.3,0.4,0.5,0.6,0.7,0.8,0.9",20260308_023704,experiments/runs/20260308_023704
seed121_mlp_mim,121,mlp,mim,completed,2026-03-08 02:37:05,,2026-03-08 06:57:03,"{""mr_results"": [{""missing_rate"": 0.0, ""test_mae"": 0.0071}, {""missing_rate"": 0.1, ""test_mae"": 0.0073}, {""missing_rate"": 0.2, ""test_mae"": 0.0077}, {""missing_rate"": 0.3, ""test_mae"": 0.0079}, {""missing_rate"": 0.4, ""test_mae"": 0.0083}, {""missing_rate"": 0.5, ""test_mae"": 0.0092}, {""missing_rate"": 0.6, ""test_mae"": 0.0103}, {""missing_rate"": 0.7, ""test_mae"": 0.0119}, {""missing_rate"": 0.8, ""test_mae"": 0.0145}, {""missing_rate"": 0.9, ""test_mae"": 0.023}], ""test_mae_mean"": 0.01072, ""test_mae_max"": 0.023, ""test_mae_min"": 0.0071, ""test_mae"": 0.023, ""missing_rate"": 0.9}",experiments/logs/seed121_mlp_mim.log,,,58.06369137763977,"0.0,0.1,0.2,0.3,0.4,0.5,0.6,0.7,0.8,0.9","0.0,0.1,0.2,0.3,0.4,0.5,0.6,0.7,0.8,0.9",20260308_023704,experiments/runs/20260308_023704
seed121_lstm_baseline,121,lstm,baseline,completed,2026-03-08 02:37:05,,2026-03-08 06:56:32,"{""mr_results"": [{""missing_rate"": 0.0, ""test_mae"": 0.0076}, {""missing_rate"": 0.1, ""test_mae"": 0.0081}, {""missing_rate"": 0.2, ""test_mae"": 0.0087}, {""missing_rate"": 0.3, ""test_mae"": 0.01}, {""missing_rate"": 0.4, ""test_mae"": 0.0134}, {""missing_rate"": 0.5, ""test_mae"": 0.0218}, {""missing_rate"": 0.6, ""test_mae"": 0.0351}, {""missing_rate"": 0.7, ""test_mae"": 0.0486}, {""missing_rate"": 0.8, ""test_mae"": 0.061}, {""missing_rate"": 0.9, ""test_mae"": 0.0734}], ""test_mae_mean"": 0.02877, ""test_mae_max"": 0.0734, ""test_mae_min"": 0.0076, ""test_mae"": 0.0734, ""missing_rate"": 0.9}",experiments/logs/seed121_lstm_baseline.log,,,27.266064167022705,"0.0,0.1,0.2,0.3,0.4,0.5,0.6,0.7,0.8,0.9","0.0,0.1,0.2,0.3,0.4,0.5,0.6,0.7,0.8,0.9",20260308_023704,experiments/runs/20260308_023704
seed121_lstm_mim,121,lstm,mim,completed,2026-03-08 02:37:05,,2026-03-08 06:57:14,"{""mr_results"": [{""missing_rate"": 0.0, ""test_mae"": 0.0071}, {""missing_rate"": 0.1, ""test_mae"": 0.0071}, {""missing_rate"": 0.2, ""test_mae"": 0.0072}, {""missing_rate"": 0.3, ""test_mae"": 0.0075}, {""missing_rate"": 0.4, ""test_mae"": 0.008}, {""missing_rate"": 0.5, ""test_mae"": 0.0088}, {""missing_rate"": 0.6, ""test_mae"": 0.0099}, {""missing_rate"": 0.7, ""test_mae"": 0.0118}, {""missing_rate"": 0.8, ""test_mae"": 0.0163}, {""missing_rate"": 0.9, ""test_mae"": 0.0271}], ""test_mae_mean"": 0.01108, ""test_mae_max"": 0.0271, ""test_mae_min"": 0.0071, ""test_mae"": 0.0271, ""missing_rate"": 0.9}",experiments/logs/seed121_lstm_mim.log,,,69.37714195251465,"0.0,0.1,0.2,0.3,0.4,0.5,0.6,0.7,0.8,0.9","0.0,0.1,0.2,0.3,0.4,0.5,0.6,0.7,0.8,0.9",20260308_023704,experiments/runs/20260308_023704
seed121_gru_baseline,121,gru,baseline,completed,2026-03-08 02:37:05,,2026-03-08 06:57:34,"{""mr_results"": [{""missing_rate"": 0.0, ""test_mae"": 0.0068}, {""missing_rate"": 0.1, ""test_mae"": 0.0081}, {""missing_rate"": 0.2, ""test_mae"": 0.0095}, {""missing_rate"": 0.3, ""test_mae"": 0.0113}, {""missing_rate"": 0.4, ""test_mae"": 0.0139}, {""missing_rate"": 0.5, ""test_mae"": 0.0166}, {""missing_rate"": 0.6, ""test_mae"": 0.0201}, {""missing_rate"": 0.7, ""test_mae"": 0.0237}, {""missing_rate"": 0.8, ""test_mae"": 0.0282}, {""missing_rate"": 0.9, ""test_mae"": 0.0327}], ""test_mae_mean"": 0.01709, ""test_mae_max"": 0.0327, ""test_mae_min"": 0.0068, ""test_mae"": 0.0327, ""missing_rate"": 0.9}",experiments/logs/seed121_gru_baseline.log,,,17.983192443847656,"0.0,0.1,0.2,0.3,0.4,0.5,0.6,0.7,0.8,0.9","0.0,0.1,0.2,0.3,0.4,0.5,0.6,0.7,0.8,0.9",20260308_023704,experiments/runs/20260308_023704
seed121_gru_mim,121,gru,mim,completed,2026-03-08 02:37:05,,2026-03-08 06:57:51,"{""mr_results"": [{""missing_rate"": 0.0, ""test_mae"": 0.0054}, {""missing_rate"": 0.1, ""test_mae"": 0.0057}, {""missing_rate"": 0.2, ""test_mae"": 0.0061}, {""missing_rate"": 0.3, ""test_mae"": 0.0065}, {""missing_rate"": 0.4, ""test_mae"": 0.0068}, {""missing_rate"": 0.5, ""test_mae"": 0.0074}, {""missing_rate"": 0.6, ""test_mae"": 0.0081}, {""missing_rate"": 0.7, ""test_mae"": 0.0101}, {""missing_rate"": 0.8, ""test_mae"": 0.0148}, {""missing_rate"": 0.9, ""test_mae"": 0.024}], ""test_mae_mean"": 0.00949, ""test_mae_max"": 0.024, ""test_mae_min"": 0.0054, ""test_mae"": 0.024, ""missing_rate"": 0.9}",experiments/logs/seed121_gru_mim.log,,,35.014354944229126,"0.0,0.1,0.2,0.3,0.4,0.5,0.6,0.7,0.8,0.9","0.0,0.1,0.2,0.3,0.4,0.5,0.6,0.7,0.8,0.9",20260308_023704,experiments/runs/20260308_023704
seed121_cnn1d_baseline,121,cnn1d,baseline,completed,2026-03-08 02:37:05,,2026-03-08 06:57:41,"{""mr_results"": [{""missing_rate"": 0.0, ""test_mae"": 0.0201}, {""missing_rate"": 0.1, ""test_mae"": 0.0398}, {""missing_rate"": 0.2, ""test_mae"": 0.0533}, {""missing_rate"": 0.3, ""test_mae"": 0.0624}, {""missing_rate"": 0.4, ""test_mae"": 0.0662}, {""missing_rate"": 0.5, ""test_mae"": 0.071}, {""missing_rate"": 0.6, ""test_mae"": 0.0763}, {""missing_rate"": 0.7, ""test_mae"": 0.0816}, {""missing_rate"": 0.8, ""test_mae"": 0.0883}, {""missing_rate"": 0.9, ""test_mae"": 0.1036}], ""test_mae_mean"": 0.06626, ""test_mae_max"": 0.1036, ""test_mae_min"": 0.0201, ""test_mae"": 0.1036, ""missing_rate"": 0.9}",experiments/logs/seed121_cnn1d_baseline.log,,,25.192418813705444,"0.0,0.1,0.2,0.3,0.4,0.5,0.6,0.7,0.8,0.9","0.0,0.1,0.2,0.3,0.4,0.5,0.6,0.7,0.8,0.9",20260308_023704,experiments/runs/20260308_023704
seed121_cnn1d_mim,121,cnn1d,mim,completed,2026-03-08 02:37:05,,2026-03-08 06:58:07,"{""mr_results"": [{""missing_rate"": 0.0, ""test_mae"": 0.0072}, {""missing_rate"": 0.1, ""test_mae"": 0.0064}, {""missing_rate"": 0.2, ""test_mae"": 0.0061}, {""missing_rate"": 0.3, ""test_mae"": 0.0063}, {""missing_rate"": 0.4, ""test_mae"": 0.0067}, {""missing_rate"": 0.5, ""test_mae"": 0.0073}, {""missing_rate"": 0.6, ""test_mae"": 0.0081}, {""missing_rate"": 0.7, ""test_mae"": 0.0097}, {""missing_rate"": 0.8, ""test_mae"": 0.0132}, {""missing_rate"": 0.9, ""test_mae"": 0.0218}], ""test_mae_mean"": 0.00928, ""test_mae_max"": 0.0218, ""test_mae_min"": 0.0061, ""test_mae"": 0.0218, ""missing_rate"": 0.9}",experiments/logs/seed121_cnn1d_mim.log,,,51.446285247802734,"0.0,0.1,0.2,0.3,0.4,0.5,0.6,0.7,0.8,0.9","0.0,0.1,0.2,0.3,0.4,0.5,0.6,0.7,0.8,0.9",20260308_023704,experiments/runs/20260308_023704
seed122_mlp_baseline,122,mlp,baseline,completed,2026-03-08 02:37:05,,2026-03-08 06:58:27,"{""mr_results"": [{""missing_rate"": 0.0, ""test_mae"": 0.0158}, {""missing_rate"": 0.1, ""test_mae"": 0.0166}, {""missing_rate"": 0.2, ""test_mae"": 0.0173}, {""missing_rate"": 0.3, ""test_mae"": 0.0189}, {""missing_rate"": 0.4, ""test_mae"": 0.0213}, {""missing_rate"": 0.5, ""test_mae"": 0.0235}, {""missing_rate"": 0.6, ""test_mae"": 0.0267}, {""missing_rate"": 0.7, ""test_mae"": 0.0298}, {""missing_rate"": 0.8, ""test_mae"": 0.032}, {""missing_rate"": 0.9, ""test_mae"": 0.0359}], ""test_mae_mean"": 0.023780000000000003, ""test_mae_max"": 0.0359, ""test_mae_min"": 0.0158, ""test_mae"": 0.0359, ""missing_rate"": 0.9}",experiments/logs/seed122_mlp_baseline.log,,,17.854950666427612,"0.0,0.1,0.2,0.3,0.4,0.5,0.6,0.7,0.8,0.9","0.0,0.1,0.2,0.3,0.4,0.5,0.6,0.7,0.8,0.9",20260308_023704,experiments/runs/20260308_023704
seed122_mlp_mim,122,mlp,mim,completed,2026-03-08 02:37:05,,2026-03-08 06:59:29,"{""mr_results"": [{""missing_rate"": 0.0, ""test_mae"": 0.0062}, {""missing_rate"": 0.1, ""test_mae"": 0.0065}, {""missing_rate"": 0.2, ""test_mae"": 0.0068}, {""missing_rate"": 0.3, ""test_mae"": 0.0071}, {""missing_rate"": 0.4, ""test_mae"": 0.0074}, {""missing_rate"": 0.5, ""test_mae"": 0.0083}, {""missing_rate"": 0.6, ""test_mae"": 0.0094}, {""missing_rate"": 0.7, ""test_mae"": 0.0112}, {""missing_rate"": 0.8, ""test_mae"": 0.0141}, {""missing_rate"": 0.9, ""test_mae"": 0.0231}], ""test_mae_mean"": 0.01001, ""test_mae_max"": 0.0231, ""test_mae_min"": 0.0062, ""test_mae"": 0.0231, ""missing_rate"": 0.9}",experiments/logs/seed122_mlp_mim.log,,,80.02576017379761,"0.0,0.1,0.2,0.3,0.4,0.5,0.6,0.7,0.8,0.9","0.0,0.1,0.2,0.3,0.4,0.5,0.6,0.7,0.8,0.9",20260308_023704,experiments/runs/20260308_023704
seed122_lstm_baseline,122,lstm,baseline,completed,2026-03-08 02:37:05,,2026-03-08 06:58:32,"{""mr_results"": [{""missing_rate"": 0.0, ""test_mae"": 0.0067}, {""missing_rate"": 0.1, ""test_mae"": 0.0072}, {""missing_rate"": 0.2, ""test_mae"": 0.0081}, {""missing_rate"": 0.3, ""test_mae"": 0.0091}, {""missing_rate"": 0.4, ""test_mae"": 0.0109}, {""missing_rate"": 0.5, ""test_mae"": 0.0141}, {""missing_rate"": 0.6, ""test_mae"": 0.0196}, {""missing_rate"": 0.7, ""test_mae"": 0.0283}, {""missing_rate"": 0.8, ""test_mae"": 0.0393}, {""missing_rate"": 0.9, ""test_mae"": 0.0496}], ""test_mae_mean"": 0.019289999999999998, ""test_mae_max"": 0.0496, ""test_mae_min"": 0.0067, ""test_mae"": 0.0496, ""missing_rate"": 0.9}",experiments/logs/seed122_lstm_baseline.log,,,22.57272243499756,"0.0,0.1,0.2,0.3,0.4,0.5,0.6,0.7,0.8,0.9","0.0,0.1,0.2,0.3,0.4,0.5,0.6,0.7,0.8,0.9",20260308_023704,experiments/runs/20260308_023704
seed122_lstm_mim,122,lstm,mim,completed,2026-03-08 02:37:05,,2026-03-08 06:59:17,"{""mr_results"": [{""missing_rate"": 0.0, ""test_mae"": 0.0067}, {""missing_rate"": 0.1, ""test_mae"": 0.0069}, {""missing_rate"": 0.2, ""test_mae"": 0.0071}, {""missing_rate"": 0.3, ""test_mae"": 0.0074}, {""missing_rate"": 0.4, ""test_mae"": 0.0078}, {""missing_rate"": 0.5, ""test_mae"": 0.0083}, {""missing_rate"": 0.6, ""test_mae"": 0.0088}, {""missing_rate"": 0.7, ""test_mae"": 0.0101}, {""missing_rate"": 0.8, ""test_mae"": 0.0129}, {""missing_rate"": 0.9, ""test_mae"": 0.0211}], ""test_mae_mean"": 0.00971, ""test_mae_max"": 0.0211, ""test_mae_min"": 0.0067, ""test_mae"": 0.0211, ""missing_rate"": 0.9}",experiments/logs/seed122_lstm_mim.log,,,67.7698266506195,"0.0,0.1,0.2,0.3,0.4,0.5,0.6,0.7,0.8,0.9","0.0,0.1,0.2,0.3,0.4,0.5,0.6,0.7,0.8,0.9",20260308_023704,experiments/runs/20260308_023704
seed122_gru_baseline,122,gru,baseline,completed,2026-03-08 02:37:05,,2026-03-08 06:59:45,"{""mr_results"": [{""missing_rate"": 0.0, ""test_mae"": 0.0083}, {""missing_rate"": 0.1, ""test_mae"": 0.0124}, {""missing_rate"": 0.2, ""test_mae"": 0.016}, {""missing_rate"": 0.3, ""test_mae"": 0.0186}, {""missing_rate"": 0.4, ""test_mae"": 0.0211}, {""missing_rate"": 0.5, ""test_mae"": 0.0233}, {""missing_rate"": 0.6, ""test_mae"": 0.0267}, {""missing_rate"": 0.7, ""test_mae"": 0.0291}, {""missing_rate"": 0.8, ""test_mae"": 0.0315}, {""missing_rate"": 0.9, ""test_mae"": 0.0348}], ""test_mae_mean"": 0.02218, ""test_mae_max"": 0.0348, ""test_mae_min"": 0.0083, ""test_mae"": 0.0348, ""missing_rate"": 0.9}",experiments/logs/seed122_gru_baseline.log,,,13.959702014923096,"0.0,0.1,0.2,0.3,0.4,0.5,0.6,0.7,0.8,0.9","0.0,0.1,0.2,0.3,0.4,0.5,0.6,0.7,0.8,0.9",20260308_023704,experiments/runs/20260308_023704
seed122_gru_mim,122,gru,mim,completed,2026-03-08 02:37:05,,2026-03-08 07:01:20,"{""mr_results"": [{""missing_rate"": 0.0, ""test_mae"": 0.0059}, {""missing_rate"": 0.1, ""test_mae"": 0.0061}, {""missing_rate"": 0.2, ""test_mae"": 0.0063}, {""missing_rate"": 0.3, ""test_mae"": 0.0065}, {""missing_rate"": 0.4, ""test_mae"": 0.0069}, {""missing_rate"": 0.5, ""test_mae"": 0.0073}, {""missing_rate"": 0.6, ""test_mae"": 0.008}, {""missing_rate"": 0.7, ""test_mae"": 0.0093}, {""missing_rate"": 0.8, ""test_mae"": 0.0126}, {""missing_rate"": 0.9, ""test_mae"": 0.0213}], ""test_mae_mean"": 0.00902, ""test_mae_max"": 0.0213, ""test_mae_min"": 0.0059, ""test_mae"": 0.0213, ""missing_rate"": 0.9}",experiments/logs/seed122_gru_mim.log,Process exited with code 1,,37.72860336303711,"0.0,0.1,0.2,0.3,0.4,0.5,0.6,0.7,0.8,0.9","0.0,0.1,0.2,0.3,0.4,0.5,0.6,0.7,0.8,0.9",20260308_023704,experiments/runs/20260308_023704
seed122_cnn1d_baseline,122,cnn1d,baseline,completed,2026-03-08 02:37:05,,2026-03-08 06:59:54,"{""mr_results"": [{""missing_rate"": 0.0, ""test_mae"": 0.0266}, {""missing_rate"": 0.1, ""test_mae"": 0.0399}, {""missing_rate"": 0.2, ""test_mae"": 0.0496}, {""missing_rate"": 0.3, ""test_mae"": 0.055}, {""missing_rate"": 0.4, ""test_mae"": 0.0568}, {""missing_rate"": 0.5, ""test_mae"": 0.0608}, {""missing_rate"": 0.6, ""test_mae"": 0.0634}, {""missing_rate"": 0.7, ""test_mae"": 0.0666}, {""missing_rate"": 0.8, ""test_mae"": 0.0701}, {""missing_rate"": 0.9, ""test_mae"": 0.0788}], ""test_mae_mean"": 0.05676, ""test_mae_max"": 0.0788, ""test_mae_min"": 0.0266, ""test_mae"": 0.0788, ""missing_rate"": 0.9}",experiments/logs/seed122_cnn1d_baseline.log,,,22.877110719680786,"0.0,0.1,0.2,0.3,0.4,0.5,0.6,0.7,0.8,0.9","0.0,0.1,0.2,0.3,0.4,0.5,0.6,0.7,0.8,0.9",20260308_023704,experiments/runs/20260308_023704
seed122_cnn1d_mim,122,cnn1d,mim,completed,2026-03-08 02:37:05,,2026-03-08 07:01:53,"{""mr_results"": [{""missing_rate"": 0.0, ""test_mae"": 0.0057}, {""missing_rate"": 0.1, ""test_mae"": 0.0057}, {""missing_rate"": 0.2, ""test_mae"": 0.0059}, {""missing_rate"": 0.3, ""test_mae"": 0.0062}, {""missing_rate"": 0.4, ""test_mae"": 0.0066}, {""missing_rate"": 0.5, ""test_mae"": 0.0071}, {""missing_rate"": 0.6, ""test_mae"": 0.0079}, {""missing_rate"": 0.7, ""test_mae"": 0.0096}, {""missing_rate"": 0.8, ""test_mae"": 0.0128}, {""missing_rate"": 0.9, ""test_mae"": 0.0215}], ""test_mae_mean"": 0.0089, ""test_mae_max"": 0.0215, ""test_mae_min"": 0.0057, ""test_mae"": 0.0215, ""missing_rate"": 0.9}",experiments/logs/seed122_cnn1d_mim.log,Process exited with code 1,,71.10093283653259,"0.0,0.1,0.2,0.3,0.4,0.5,0.6,0.7,0.8,0.9","0.0,0.1,0.2,0.3,0.4,0.5,0.6,0.7,0.8,0.9",20260308_023704,experiments/runs/20260308_023704
seed123_mlp_baseline,123,mlp,baseline,completed,2026-03-08 02:37:05,,2026-03-08 07:03:17,"{""mr_results"": [{""missing_rate"": 0.0, ""test_mae"": 0.0061}, {""missing_rate"": 0.1, ""test_mae"": 0.0074}, {""missing_rate"": 0.2, ""test_mae"": 0.009}, {""missing_rate"": 0.3, ""test_mae"": 0.0111}, {""missing_rate"": 0.4, ""test_mae"": 0.0136}, {""missing_rate"": 0.5, ""test_mae"": 0.0161}, {""missing_rate"": 0.6, ""test_mae"": 0.0192}, {""missing_rate"": 0.7, ""test_mae"": 0.023}, {""missing_rate"": 0.8, ""test_mae"": 0.0267}, {""missing_rate"": 0.9, ""test_mae"": 0.0321}], ""test_mae_mean"": 0.01643, ""test_mae_max"": 0.0321, ""test_mae_min"": 0.0061, ""test_mae"": 0.0321, ""missing_rate"": 0.9}",experiments/logs/seed123_mlp_baseline.log,Process exited with code 1,,18.149186372756958,"0.0,0.1,0.2,0.3,0.4,0.5,0.6,0.7,0.8,0.9","0.0,0.1,0.2,0.3,0.4,0.5,0.6,0.7,0.8,0.9",20260308_023704,experiments/runs/20260308_023704
seed123_mlp_mim,123,mlp,mim,completed,2026-03-08 02:37:05,,2026-03-08 07:02:53,"{""mr_results"": [{""missing_rate"": 0.0, ""test_mae"": 0.0061}, {""missing_rate"": 0.1, ""test_mae"": 0.0063}, {""missing_rate"": 0.2, ""test_mae"": 0.0066}, {""missing_rate"": 0.3, ""test_mae"": 0.0067}, {""missing_rate"": 0.4, ""test_mae"": 0.0071}, {""missing_rate"": 0.5, ""test_mae"": 0.008}, {""missing_rate"": 0.6, ""test_mae"": 0.0092}, {""missing_rate"": 0.7, ""test_mae"": 0.0107}, {""missing_rate"": 0.8, ""test_mae"": 0.0131}, {""missing_rate"": 0.9, ""test_mae"": 0.0221}], ""test_mae_mean"": 0.00959, ""test_mae_max"": 0.0221, ""test_mae_min"": 0.0061, ""test_mae"": 0.0221, ""missing_rate"": 0.9}",experiments/logs/seed123_mlp_mim.log,,,57.694523334503174,"0.0,0.1,0.2,0.3,0.4,0.5,0.6,0.7,0.8,0.9","0.0,0.1,0.2,0.3,0.4,0.5,0.6,0.7,0.8,0.9",20260308_023704,experiments/runs/20260308_023704
seed123_lstm_baseline,123,lstm,baseline,completed,2026-03-08 02:37:05,,2026-03-08 07:02:16,"{""mr_results"": [{""missing_rate"": 0.0, ""test_mae"": 0.0071}, {""missing_rate"": 0.1, ""test_mae"": 0.0074}, {""missing_rate"": 0.2, ""test_mae"": 0.0085}, {""missing_rate"": 0.3, ""test_mae"": 0.0099}, {""missing_rate"": 0.4, ""test_mae"": 0.0135}, {""missing_rate"": 0.5, ""test_mae"": 0.0187}, {""missing_rate"": 0.6, ""test_mae"": 0.0271}, {""missing_rate"": 0.7, ""test_mae"": 0.0359}, {""missing_rate"": 0.8, ""test_mae"": 0.0444}, {""missing_rate"": 0.9, ""test_mae"": 0.0536}], ""test_mae_mean"": 0.022609999999999998, ""test_mae_max"": 0.0536, ""test_mae_min"": 0.0071, ""test_mae"": 0.0536, ""missing_rate"": 0.9}",experiments/logs/seed123_lstm_baseline.log,,,20.751204013824463,"0.0,0.1,0.2,0.3,0.4,0.5,0.6,0.7,0.8,0.9","0.0,0.1,0.2,0.3,0.4,0.5,0.6,0.7,0.8,0.9",20260308_023704,experiments/runs/20260308_023704
seed123_lstm_mim,123,lstm,mim,completed,2026-03-08 02:37:05,,2026-03-08 07:04:11,"{""mr_results"": [{""missing_rate"": 0.0, ""test_mae"": 0.0072}, {""missing_rate"": 0.1, ""test_mae"": 0.0074}, {""missing_rate"": 0.2, ""test_mae"": 0.0076}, {""missing_rate"": 0.3, ""test_mae"": 0.008}, {""missing_rate"": 0.4, ""test_mae"": 0.0084}, {""missing_rate"": 0.5, ""test_mae"": 0.009}, {""missing_rate"": 0.6, ""test_mae"": 0.0096}, {""missing_rate"": 0.7, ""test_mae"": 0.011}, {""missing_rate"": 0.8, ""test_mae"": 0.0143}, {""missing_rate"": 0.9, ""test_mae"": 0.0222}], ""test_mae_mean"": 0.01047, ""test_mae_max"": 0.0222, ""test_mae_min"": 0.0072, ""test_mae"": 0.0222, ""missing_rate"": 0.9}",experiments/logs/seed123_lstm_mim.log,Process exited with code 1,,71.89919900894165,"0.0,0.1,0.2,0.3,0.4,0.5,0.6,0.7,0.8,0.9","0.0,0.1,0.2,0.3,0.4,0.5,0.6,0.7,0.8,0.9",20260308_023704,experiments/runs/20260308_023704
seed123_gru_baseline,123,gru,baseline,completed,2026-03-08 02:37:05,,2026-03-08 07:05:49,"{""mr_results"": [{""missing_rate"": 0.0, ""test_mae"": 0.0085}, {""missing_rate"": 0.1, ""test_mae"": 0.01}, {""missing_rate"": 0.2, ""test_mae"": 0.0123}, {""missing_rate"": 0.3, ""test_mae"": 0.0148}, {""missing_rate"": 0.4, ""test_mae"": 0.0176}, {""missing_rate"": 0.5, ""test_mae"": 0.0208}, {""missing_rate"": 0.6, ""test_mae"": 0.0243}, {""missing_rate"": 0.7, ""test_mae"": 0.0279}, {""missing_rate"": 0.8, ""test_mae"": 0.0314}, {""missing_rate"": 0.9, ""test_mae"": 0.035}], ""test_mae_mean"": 0.02026, ""test_mae_max"": 0.035, ""test_mae_min"": 0.0085, ""test_mae"": 0.035, ""missing_rate"": 0.9}",experiments/logs/seed123_gru_baseline.log,Process exited with code 1,,12.181258201599121,"0.0,0.1,0.2,0.3,0.4,0.5,0.6,0.7,0.8,0.9","0.0,0.1,0.2,0.3,0.4,0.5,0.6,0.7,0.8,0.9",20260308_023704,experiments/runs/20260308_023704
seed123_gru_mim,123,gru,mim,completed,2026-03-08 02:37:05,,2026-03-08 07:06:27,"{""mr_results"": [{""missing_rate"": 0.0, ""test_mae"": 0.0076}, {""missing_rate"": 0.1, ""test_mae"": 0.007}, {""missing_rate"": 0.2, ""test_mae"": 0.0069}, {""missing_rate"": 0.3, ""test_mae"": 0.0067}, {""missing_rate"": 0.4, ""test_mae"": 0.0069}, {""missing_rate"": 0.5, ""test_mae"": 0.0069}, {""missing_rate"": 0.6, ""test_mae"": 0.007}, {""missing_rate"": 0.7, ""test_mae"": 0.0079}, {""missing_rate"": 0.8, ""test_mae"": 0.0109}, {""missing_rate"": 0.9, ""test_mae"": 0.0192}], ""test_mae_mean"": 0.0087, ""test_mae_max"": 0.0192, ""test_mae_min"": 0.0067, ""test_mae"": 0.0192, ""missing_rate"": 0.9}",experiments/logs/seed123_gru_mim.log,Process exited with code 1,,49.989455699920654,"0.0,0.1,0.2,0.3,0.4,0.5,0.6,0.7,0.8,0.9","0.0,0.1,0.2,0.3,0.4,0.5,0.6,0.7,0.8,0.9",20260308_023704,experiments/runs/20260308_023704
seed123_cnn1d_baseline,123,cnn1d,baseline,completed,2026-03-08 02:37:05,,2026-03-08 07:04:35,"{""mr_results"": [{""missing_rate"": 0.0, ""test_mae"": 0.0305}, {""missing_rate"": 0.1, ""test_mae"": 0.0481}, {""missing_rate"": 0.2, ""test_mae"": 0.059}, {""missing_rate"": 0.3, ""test_mae"": 0.0641}, {""missing_rate"": 0.4, ""test_mae"": 0.0661}, {""missing_rate"": 0.5, ""test_mae"": 0.0708}, {""missing_rate"": 0.6, ""test_mae"": 0.0741}, {""missing_rate"": 0.7, ""test_mae"": 0.0781}, {""missing_rate"": 0.8, ""test_mae"": 0.0818}, {""missing_rate"": 0.9, ""test_mae"": 0.0933}], ""test_mae_mean"": 0.06659000000000001, ""test_mae_max"": 0.0933, ""test_mae_min"": 0.0305, ""test_mae"": 0.0933, ""missing_rate"": 0.9}",experiments/logs/seed123_cnn1d_baseline.log,,,21.840077877044678,"0.0,0.1,0.2,0.3,0.4,0.5,0.6,0.7,0.8,0.9","0.0,0.1,0.2,0.3,0.4,0.5,0.6,0.7,0.8,0.9",20260308_023704,experiments/runs/20260308_023704
seed123_cnn1d_mim,123,cnn1d,mim,completed,2026-03-08 02:37:05,,2026-03-08 07:05:31,"{""mr_results"": [{""missing_rate"": 0.0, ""test_mae"": 0.0063}, {""missing_rate"": 0.1, ""test_mae"": 0.0065}, {""missing_rate"": 0.2, ""test_mae"": 0.0065}, {""missing_rate"": 0.3, ""test_mae"": 0.0068}, {""missing_rate"": 0.4, ""test_mae"": 0.0071}, {""missing_rate"": 0.5, ""test_mae"": 0.0075}, {""missing_rate"": 0.6, ""test_mae"": 0.008}, {""missing_rate"": 0.7, ""test_mae"": 0.0096}, {""missing_rate"": 0.8, ""test_mae"": 0.012}, {""missing_rate"": 0.9, ""test_mae"": 0.0193}], ""test_mae_mean"": 0.00896, ""test_mae_max"": 0.0193, ""test_mae_min"": 0.0063, ""test_mae"": 0.0193, ""missing_rate"": 0.9}",experiments/logs/seed123_cnn1d_mim.log,,,78.23246741294861,"0.0,0.1,0.2,0.3,0.4,0.5,0.6,0.7,0.8,0.9","0.0,0.1,0.2,0.3,0.4,0.5,0.6,0.7,0.8,0.9",20260308_023704,experiments/runs/20260308_023704
seed124_mlp_baseline,124,mlp,baseline,completed,2026-03-08 02:37:05,,2026-03-08 07:06:43,"{""mr_results"": [{""missing_rate"": 0.0, ""test_mae"": 0.013}, {""missing_rate"": 0.1, ""test_mae"": 0.0145}, {""missing_rate"": 0.2, ""test_mae"": 0.0163}, {""missing_rate"": 0.3, ""test_mae"": 0.0182}, {""missing_rate"": 0.4, ""test_mae"": 0.0212}, {""missing_rate"": 0.5, ""test_mae"": 0.0238}, {""missing_rate"": 0.6, ""test_mae"": 0.027}, {""missing_rate"": 0.7, ""test_mae"": 0.03}, {""missing_rate"": 0.8, ""test_mae"": 0.0321}, {""missing_rate"": 0.9, ""test_mae"": 0.0346}], ""test_mae_mean"": 0.02307, ""test_mae_max"": 0.0346, ""test_mae_min"": 0.013, ""test_mae"": 0.0346, ""missing_rate"": 0.9}",experiments/logs/seed124_mlp_baseline.log,,,14.159061908721924,"0.0,0.1,0.2,0.3,0.4,0.5,0.6,0.7,0.8,0.9","0.0,0.1,0.2,0.3,0.4,0.5,0.6,0.7,0.8,0.9",20260308_023704,experiments/runs/20260308_023704
seed124_mlp_mim,124,mlp,mim,completed,2026-03-08 02:37:05,,2026-03-08 07:08:23,"{""mr_results"": [{""missing_rate"": 0.0, ""test_mae"": 0.006}, {""missing_rate"": 0.1, ""test_mae"": 0.0064}, {""missing_rate"": 0.2, ""test_mae"": 0.0068}, {""missing_rate"": 0.3, ""test_mae"": 0.007}, {""missing_rate"": 0.4, ""test_mae"": 0.0077}, {""missing_rate"": 0.5, ""test_mae"": 0.0087}, {""missing_rate"": 0.6, ""test_mae"": 0.01}, {""missing_rate"": 0.7, ""test_mae"": 0.012}, {""missing_rate"": 0.8, ""test_mae"": 0.0149}, {""missing_rate"": 0.9, ""test_mae"": 0.0237}], ""test_mae_mean"": 0.01032, ""test_mae_max"": 0.0237, ""test_mae_min"": 0.006, ""test_mae"": 0.0237, ""missing_rate"": 0.9}",experiments/logs/seed124_mlp_mim.log,Process exited with code 1,,47.20200824737549,"0.0,0.1,0.2,0.3,0.4,0.5,0.6,0.7,0.8,0.9","0.0,0.1,0.2,0.3,0.4,0.5,0.6,0.7,0.8,0.9",20260308_023704,experiments/runs/20260308_023704
seed124_lstm_baseline,124,lstm,baseline,completed,2026-03-08 02:37:05,,2026-03-08 07:07:56,"{""mr_results"": [{""missing_rate"": 0.0, ""test_mae"": 0.0074}, {""missing_rate"": 0.1, ""test_mae"": 0.0075}, {""missing_rate"": 0.2, ""test_mae"": 0.0082}, {""missing_rate"": 0.3, ""test_mae"": 0.0104}, {""missing_rate"": 0.4, ""test_mae"": 0.0155}, {""missing_rate"": 0.5, ""test_mae"": 0.0262}, {""missing_rate"": 0.6, ""test_mae"": 0.04}, {""missing_rate"": 0.7, ""test_mae"": 0.054}, {""missing_rate"": 0.8, ""test_mae"": 0.0675}, {""missing_rate"": 0.9, ""test_mae"": 0.0809}], ""test_mae_mean"": 0.03176, ""test_mae_max"": 0.0809, ""test_mae_min"": 0.0074, ""test_mae"": 0.0809, ""missing_rate"": 0.9}",experiments/logs/seed124_lstm_baseline.log,Process exited with code 1,,20.731682300567627,"0.0,0.1,0.2,0.3,0.4,0.5,0.6,0.7,0.8,0.9","0.0,0.1,0.2,0.3,0.4,0.5,0.6,0.7,0.8,0.9",20260308_023704,experiments/runs/20260308_023704
seed124_lstm_mim,124,lstm,mim,completed,2026-03-08 02:37:05,,2026-03-08 07:07:19,"{""mr_results"": [{""missing_rate"": 0.0, ""test_mae"": 0.0088}, {""missing_rate"": 0.1, ""test_mae"": 0.0093}, {""missing_rate"": 0.2, ""test_mae"": 0.0096}, {""missing_rate"": 0.3, ""test_mae"": 0.0099}, {""missing_rate"": 0.4, ""test_mae"": 0.0104}, {""missing_rate"": 0.5, ""test_mae"": 0.0109}, {""missing_rate"": 0.6, ""test_mae"": 0.0113}, {""missing_rate"": 0.7, ""test_mae"": 0.0126}, {""missing_rate"": 0.8, ""test_mae"": 0.0158}, {""missing_rate"": 0.9, ""test_mae"": 0.0245}], ""test_mae_mean"": 0.01231, ""test_mae_max"": 0.0245, ""test_mae_min"": 0.0088, ""test_mae"": 0.0245, ""missing_rate"": 0.9}",experiments/logs/seed124_lstm_mim.log,,,50.26666522026062,"0.0,0.1,0.2,0.3,0.4,0.5,0.6,0.7,0.8,0.9","0.0,0.1,0.2,0.3,0.4,0.5,0.6,0.7,0.8,0.9",20260308_023704,experiments/runs/20260308_023704
seed124_gru_baseline,124,gru,baseline,completed,2026-03-08 02:37:05,,2026-03-08 07:08:40,"{""mr_results"": [{""missing_rate"": 0.0, ""test_mae"": 0.0088}, {""missing_rate"": 0.1, ""test_mae"": 0.0146}, {""missing_rate"": 0.2, ""test_mae"": 0.0183}, {""missing_rate"": 0.3, ""test_mae"": 0.0214}, {""missing_rate"": 0.4, ""test_mae"": 0.0237}, {""missing_rate"": 0.5, ""test_mae"": 0.0253}, {""missing_rate"": 0.6, ""test_mae"": 0.029}, {""missing_rate"": 0.7, ""test_mae"": 0.0305}, {""missing_rate"": 0.8, ""test_mae"": 0.0332}, {""missing_rate"": 0.9, ""test_mae"": 0.0373}], ""test_mae_mean"": 0.024210000000000002, ""test_mae_max"": 0.0373, ""test_mae_min"": 0.0088, ""test_mae"": 0.0373, ""missing_rate"": 0.9}",experiments/logs/seed124_gru_baseline.log,,,14.846981525421143,"0.0,0.1,0.2,0.3,0.4,0.5,0.6,0.7,0.8,0.9","0.0,0.1,0.2,0.3,0.4,0.5,0.6,0.7,0.8,0.9",20260308_023704,experiments/runs/20260308_023704
seed124_gru_mim,124,gru,mim,completed,2026-03-08 02:37:05,,2026-03-08 07:10:24,"{""mr_results"": [{""missing_rate"": 0.0, ""test_mae"": 0.0091}, {""missing_rate"": 0.1, ""test_mae"": 0.009}, {""missing_rate"": 0.2, ""test_mae"": 0.0089}, {""missing_rate"": 0.3, ""test_mae"": 0.0089}, {""missing_rate"": 0.4, ""test_mae"": 0.0094}, {""missing_rate"": 0.5, ""test_mae"": 0.0098}, {""missing_rate"": 0.6, ""test_mae"": 0.0105}, {""missing_rate"": 0.7, ""test_mae"": 0.0119}, {""missing_rate"": 0.8, ""test_mae"": 0.0156}, {""missing_rate"": 0.9, ""test_mae"": 0.0258}], ""test_mae_mean"": 0.011890000000000001, ""test_mae_max"": 0.0258, ""test_mae_min"": 0.0089, ""test_mae"": 0.0258, ""missing_rate"": 0.9}",experiments/logs/seed124_gru_mim.log,Process exited with code 1,,47.89703321456909,"0.0,0.1,0.2,0.3,0.4,0.5,0.6,0.7,0.8,0.9","0.0,0.1,0.2,0.3,0.4,0.5,0.6,0.7,0.8,0.9",20260308_023704,experiments/runs/20260308_023704
seed124_cnn1d_baseline,124,cnn1d,baseline,completed,2026-03-08 02:37:05,,2026-03-08 07:08:47,"{""mr_results"": [{""missing_rate"": 0.0, ""test_mae"": 0.0294}, {""missing_rate"": 0.1, ""test_mae"": 0.044}, {""missing_rate"": 0.2, ""test_mae"": 0.0516}, {""missing_rate"": 0.3, ""test_mae"": 0.0563}, {""missing_rate"": 0.4, ""test_mae"": 0.0578}, {""missing_rate"": 0.5, ""test_mae"": 0.0615}, {""missing_rate"": 0.6, ""test_mae"": 0.0666}, {""missing_rate"": 0.7, ""test_mae"": 0.0719}, {""missing_rate"": 0.8, ""test_mae"": 0.0774}, {""missing_rate"": 0.9, ""test_mae"": 0.0863}], ""test_mae_mean"": 0.06028, ""test_mae_max"": 0.0863, ""test_mae_min"": 0.0294, ""test_mae"": 0.0863, ""missing_rate"": 0.9}",experiments/logs/seed124_cnn1d_baseline.log,,,21.74751091003418,"0.0,0.1,0.2,0.3,0.4,0.5,0.6,0.7,0.8,0.9","0.0,0.1,0.2,0.3,0.4,0.5,0.6,0.7,0.8,0.9",20260308_023704,experiments/runs/20260308_023704
seed124_cnn1d_mim,124,cnn1d,mim,completed,2026-03-08 02:37:05,,2026-03-08 07:10:18,"{""mr_results"": [{""missing_rate"": 0.0, ""test_mae"": 0.008}, {""missing_rate"": 0.1, ""test_mae"": 0.0076}, {""missing_rate"": 0.2, ""test_mae"": 0.0075}, {""missing_rate"": 0.3, ""test_mae"": 0.0074}, {""missing_rate"": 0.4, ""test_mae"": 0.0077}, {""missing_rate"": 0.5, ""test_mae"": 0.0079}, {""missing_rate"": 0.6, ""test_mae"": 0.0084}, {""missing_rate"": 0.7, ""test_mae"": 0.0095}, {""missing_rate"": 0.8, ""test_mae"": 0.0115}, {""missing_rate"": 0.9, ""test_mae"": 0.0181}], ""test_mae_mean"": 0.00936, ""test_mae_max"": 0.0181, ""test_mae_min"": 0.0074, ""test_mae"": 0.0181, ""missing_rate"": 0.9}",experiments/logs/seed124_cnn1d_mim.log,Process exited with code 1,,42.13181471824646,"0.0,0.1,0.2,0.3,0.4,0.5,0.6,0.7,0.8,0.9","0.0,0.1,0.2,0.3,0.4,0.5,0.6,0.7,0.8,0.9",20260308_023704,experiments/runs/20260308_023704
seed125_mlp_baseline,125,mlp,baseline,completed,2026-03-08 02:37:05,,2026-03-08 07:10:48,"{""mr_results"": [{""missing_rate"": 0.0, ""test_mae"": 0.0119}, {""missing_rate"": 0.1, ""test_mae"": 0.0123}, {""missing_rate"": 0.2, ""test_mae"": 0.0129}, {""missing_rate"": 0.3, ""test_mae"": 0.0146}, {""missing_rate"": 0.4, ""test_mae"": 0.017}, {""missing_rate"": 0.5, ""test_mae"": 0.0199}, {""missing_rate"": 0.6, ""test_mae"": 0.0235}, {""missing_rate"": 0.7, ""test_mae"": 0.0278}, {""missing_rate"": 0.8, ""test_mae"": 0.0313}, {""missing_rate"": 0.9, ""test_mae"": 0.0354}], ""test_mae_mean"": 0.02066, ""test_mae_max"": 0.0354, ""test_mae_min"": 0.0119, ""test_mae"": 0.0354, ""missing_rate"": 0.9}",experiments/logs/seed125_mlp_baseline.log,,,21.49994158744812,"0.0,0.1,0.2,0.3,0.4,0.5,0.6,0.7,0.8,0.9","0.0,0.1,0.2,0.3,0.4,0.5,0.6,0.7,0.8,0.9",20260308_023704,experiments/runs/20260308_023704
seed125_mlp_mim,125,mlp,mim,completed,2026-03-08 02:37:05,,2026-03-08 07:11:48,"{""mr_results"": [{""missing_rate"": 0.0, ""test_mae"": 0.0062}, {""missing_rate"": 0.1, ""test_mae"": 0.0066}, {""missing_rate"": 0.2, ""test_mae"": 0.0069}, {""missing_rate"": 0.3, ""test_mae"": 0.0073}, {""missing_rate"": 0.4, ""test_mae"": 0.0079}, {""missing_rate"": 0.5, ""test_mae"": 0.009}, {""missing_rate"": 0.6, ""test_mae"": 0.0102}, {""missing_rate"": 0.7, ""test_mae"": 0.0119}, {""missing_rate"": 0.8, ""test_mae"": 0.0148}, {""missing_rate"": 0.9, ""test_mae"": 0.0242}], ""test_mae_mean"": 0.010499999999999999, ""test_mae_max"": 0.0242, ""test_mae_min"": 0.0062, ""test_mae"": 0.0242, ""missing_rate"": 0.9}",experiments/logs/seed125_mlp_mim.log,,,81.83586311340332,"0.0,0.1,0.2,0.3,0.4,0.5,0.6,0.7,0.8,0.9","0.0,0.1,0.2,0.3,0.4,0.5,0.6,0.7,0.8,0.9",20260308_023704,experiments/runs/20260308_023704
seed125_lstm_baseline,125,lstm,baseline,completed,2026-03-08 02:37:05,,2026-03-08 07:10:53,"{""mr_results"": [{""missing_rate"": 0.0, ""test_mae"": 0.0054}, {""missing_rate"": 0.1, ""test_mae"": 0.0065}, {""missing_rate"": 0.2, ""test_mae"": 0.0077}, {""missing_rate"": 0.3, ""test_mae"": 0.0086}, {""missing_rate"": 0.4, ""test_mae"": 0.0113}, {""missing_rate"": 0.5, ""test_mae"": 0.0161}, {""missing_rate"": 0.6, ""test_mae"": 0.0245}, {""missing_rate"": 0.7, ""test_mae"": 0.0356}, {""missing_rate"": 0.8, ""test_mae"": 0.0472}, {""missing_rate"": 0.9, ""test_mae"": 0.0611}], ""test_mae_mean"": 0.0224, ""test_mae_max"": 0.0611, ""test_mae_min"": 0.0054, ""test_mae"": 0.0611, ""missing_rate"": 0.9}",experiments/logs/seed125_lstm_baseline.log,,,27.085216522216797,"0.0,0.1,0.2,0.3,0.4,0.5,0.6,0.7,0.8,0.9","0.0,0.1,0.2,0.3,0.4,0.5,0.6,0.7,0.8,0.9",20260308_023704,experiments/runs/20260308_023704
seed125_lstm_mim,125,lstm,mim,completed,2026-03-08 02:37:05,,2026-03-08 07:11:49,"{""mr_results"": [{""missing_rate"": 0.0, ""test_mae"": 0.0068}, {""missing_rate"": 0.1, ""test_mae"": 0.0068}, {""missing_rate"": 0.2, ""test_mae"": 0.0069}, {""missing_rate"": 0.3, ""test_mae"": 0.0072}, {""missing_rate"": 0.4, ""test_mae"": 0.0076}, {""missing_rate"": 0.5, ""test_mae"": 0.0084}, {""missing_rate"": 0.6, ""test_mae"": 0.0093}, {""missing_rate"": 0.7, ""test_mae"": 0.0106}, {""missing_rate"": 0.8, ""test_mae"": 0.0139}, {""missing_rate"": 0.9, ""test_mae"": 0.0235}], ""test_mae_mean"": 0.0101, ""test_mae_max"": 0.0235, ""test_mae_min"": 0.0068, ""test_mae"": 0.0235, ""missing_rate"": 0.9}",experiments/logs/seed125_lstm_mim.log,,,83.29938054084778,"0.0,0.1,0.2,0.3,0.4,0.5,0.6,0.7,0.8,0.9","0.0,0.1,0.2,0.3,0.4,0.5,0.6,0.7,0.8,0.9",20260308_023704,experiments/runs/20260308_023704
seed125_gru_baseline,125,gru,baseline,completed,2026-03-08 02:37:05,,2026-03-08 07:12:10,"{""mr_results"": [{""missing_rate"": 0.0, ""test_mae"": 0.0078}, {""missing_rate"": 0.1, ""test_mae"": 0.0089}, {""missing_rate"": 0.2, ""test_mae"": 0.0111}, {""missing_rate"": 0.3, ""test_mae"": 0.014}, {""missing_rate"": 0.4, ""test_mae"": 0.0172}, {""missing_rate"": 0.5, ""test_mae"": 0.0206}, {""missing_rate"": 0.6, ""test_mae"": 0.0242}, {""missing_rate"": 0.7, ""test_mae"": 0.0275}, {""missing_rate"": 0.8, ""test_mae"": 0.031}, {""missing_rate"": 0.9, ""test_mae"": 0.0345}], ""test_mae_mean"": 0.01968, ""test_mae_max"": 0.0345, ""test_mae_min"": 0.0078, ""test_mae"": 0.0345, ""missing_rate"": 0.9}",experiments/logs/seed125_gru_baseline.log,,,18.036783456802368,"0.0,0.1,0.2,0.3,0.4,0.5,0.6,0.7,0.8,0.9","0.0,0.1,0.2,0.3,0.4,0.5,0.6,0.7,0.8,0.9",20260308_023704,experiments/runs/20260308_023704
seed125_gru_mim,125,gru,mim,completed,2026-03-08 02:37:05,,2026-03-08 07:13:55,"{""mr_results"": [{""missing_rate"": 0.0, ""test_mae"": 0.0042}, {""missing_rate"": 0.1, ""test_mae"": 0.0045}, {""missing_rate"": 0.2, ""test_mae"": 0.005}, {""missing_rate"": 0.3, ""test_mae"": 0.0056}, {""missing_rate"": 0.4, ""test_mae"": 0.0064}, {""missing_rate"": 0.5, ""test_mae"": 0.0071}, {""missing_rate"": 0.6, ""test_mae"": 0.0083}, {""missing_rate"": 0.7, ""test_mae"": 0.0105}, {""missing_rate"": 0.8, ""test_mae"": 0.0156}, {""missing_rate"": 0.9, ""test_mae"": 0.0253}], ""test_mae_mean"": 0.00925, ""test_mae_max"": 0.0253, ""test_mae_min"": 0.0042, ""test_mae"": 0.0253, ""missing_rate"": 0.9}",experiments/logs/seed125_gru_mim.log,Process exited with code 1,,28.232479095458984,"0.0,0.1,0.2,0.3,0.4,0.5,0.6,0.7,0.8,0.9","0.0,0.1,0.2,0.3,0.4,0.5,0.6,0.7,0.8,0.9",20260308_023704,experiments/runs/20260308_023704
seed125_cnn1d_baseline,125,cnn1d,baseline,completed,2026-03-08 02:37:05,,2026-03-08 07:12:12,"{""mr_results"": [{""missing_rate"": 0.0, ""test_mae"": 0.0256}, {""missing_rate"": 0.1, ""test_mae"": 0.0522}, {""missing_rate"": 0.2, ""test_mae"": 0.0666}, {""missing_rate"": 0.3, ""test_mae"": 0.0761}, {""missing_rate"": 0.4, ""test_mae"": 0.082}, {""missing_rate"": 0.5, ""test_mae"": 0.0886}, {""missing_rate"": 0.6, ""test_mae"": 0.1005}, {""missing_rate"": 0.7, ""test_mae"": 0.1144}, {""missing_rate"": 0.8, ""test_mae"": 0.1298}, {""missing_rate"": 0.9, ""test_mae"": 0.1502}], ""test_mae_mean"": 0.0886, ""test_mae_max"": 0.1502, ""test_mae_min"": 0.0256, ""test_mae"": 0.1502, ""missing_rate"": 0.9}",experiments/logs/seed125_cnn1d_baseline.log,,,20.671276330947876,"0.0,0.1,0.2,0.3,0.4,0.5,0.6,0.7,0.8,0.9","0.0,0.1,0.2,0.3,0.4,0.5,0.6,0.7,0.8,0.9",20260308_023704,experiments/runs/20260308_023704
seed125_cnn1d_mim,125,cnn1d,mim,completed,2026-03-08 02:37:05,,2026-03-08 07:14:56,"{""mr_results"": [{""missing_rate"": 0.0, ""test_mae"": 0.0058}, {""missing_rate"": 0.1, ""test_mae"": 0.0059}, {""missing_rate"": 0.2, ""test_mae"": 0.0061}, {""missing_rate"": 0.3, ""test_mae"": 0.0063}, {""missing_rate"": 0.4, ""test_mae"": 0.0067}, {""missing_rate"": 0.5, ""test_mae"": 0.007}, {""missing_rate"": 0.6, ""test_mae"": 0.0076}, {""missing_rate"": 0.7, ""test_mae"": 0.0088}, {""missing_rate"": 0.8, ""test_mae"": 0.0115}, {""missing_rate"": 0.9, ""test_mae"": 0.0195}], ""test_mae_mean"": 0.00852, ""test_mae_max"": 0.0195, ""test_mae_min"": 0.0058, ""test_mae"": 0.0195, ""missing_rate"": 0.9}",experiments/logs/seed125_cnn1d_mim.log,Process exited with code 1,,89.292325258255,"0.0,0.1,0.2,0.3,0.4,0.5,0.6,0.7,0.8,0.9","0.0,0.1,0.2,0.3,0.4,0.5,0.6,0.7,0.8,0.9",20260308_023704,experiments/runs/20260308_023704
seed126_mlp_baseline,126,mlp,baseline,completed,2026-03-08 02:37:05,,2026-03-08 07:15:15,"{""mr_results"": [{""missing_rate"": 0.0, ""test_mae"": 0.0338}, {""missing_rate"": 0.1, ""test_mae"": 0.034}, {""missing_rate"": 0.2, ""test_mae"": 0.0346}, {""missing_rate"": 0.3, ""test_mae"": 0.0353}, {""missing_rate"": 0.4, ""test_mae"": 0.0369}, {""missing_rate"": 0.5, ""test_mae"": 0.0379}, {""missing_rate"": 0.6, ""test_mae"": 0.0397}, {""missing_rate"": 0.7, ""test_mae"": 0.0418}, {""missing_rate"": 0.8, ""test_mae"": 0.0422}, {""missing_rate"": 0.9, ""test_mae"": 0.0431}], ""test_mae_mean"": 0.03793, ""test_mae_max"": 0.0431, ""test_mae_min"": 0.0338, ""test_mae"": 0.0431, ""missing_rate"": 0.9}",experiments/logs/seed126_mlp_baseline.log,,,16.782729625701904,"0.0,0.1,0.2,0.3,0.4,0.5,0.6,0.7,0.8,0.9","0.0,0.1,0.2,0.3,0.4,0.5,0.6,0.7,0.8,0.9",20260308_023704,experiments/runs/20260308_023704
seed126_mlp_mim,126,mlp,mim,completed,2026-03-08 02:37:05,,2026-03-08 07:16:08,"{""mr_results"": [{""missing_rate"": 0.0, ""test_mae"": 0.0073}, {""missing_rate"": 0.1, ""test_mae"": 0.0074}, {""missing_rate"": 0.2, ""test_mae"": 0.0076}, {""missing_rate"": 0.3, ""test_mae"": 0.0076}, {""missing_rate"": 0.4, ""test_mae"": 0.008}, {""missing_rate"": 0.5, ""test_mae"": 0.0087}, {""missing_rate"": 0.6, ""test_mae"": 0.0095}, {""missing_rate"": 0.7, ""test_mae"": 0.0111}, {""missing_rate"": 0.8, ""test_mae"": 0.014}, {""missing_rate"": 0.9, ""test_mae"": 0.0231}], ""test_mae_mean"": 0.01043, ""test_mae_max"": 0.0231, ""test_mae_min"": 0.0073, ""test_mae"": 0.0231, ""missing_rate"": 0.9}",experiments/logs/seed126_mlp_mim.log,,,69.54733681678772,"0.0,0.1,0.2,0.3,0.4,0.5,0.6,0.7,0.8,0.9","0.0,0.1,0.2,0.3,0.4,0.5,0.6,0.7,0.8,0.9",20260308_023704,experiments/runs/20260308_023704
seed126_lstm_baseline,126,lstm,baseline,completed,2026-03-08 02:37:05,,2026-03-08 07:15:24,"{""mr_results"": [{""missing_rate"": 0.0, ""test_mae"": 0.0075}, {""missing_rate"": 0.1, ""test_mae"": 0.0086}, {""missing_rate"": 0.2, ""test_mae"": 0.0096}, {""missing_rate"": 0.3, ""test_mae"": 0.0105}, {""missing_rate"": 0.4, ""test_mae"": 0.0121}, {""missing_rate"": 0.5, ""test_mae"": 0.0151}, {""missing_rate"": 0.6, ""test_mae"": 0.0199}, {""missing_rate"": 0.7, ""test_mae"": 0.0254}, {""missing_rate"": 0.8, ""test_mae"": 0.0328}, {""missing_rate"": 0.9, ""test_mae"": 0.0437}], ""test_mae_mean"": 0.018520000000000002, ""test_mae_max"": 0.0437, ""test_mae_min"": 0.0075, ""test_mae"": 0.0437, ""missing_rate"": 0.9}",experiments/logs/seed126_lstm_baseline.log,,,26.122933626174927,"0.0,0.1,0.2,0.3,0.4,0.5,0.6,0.7,0.8,0.9","0.0,0.1,0.2,0.3,0.4,0.5,0.6,0.7,0.8,0.9",20260308_023704,experiments/runs/20260308_023704
seed126_lstm_mim,126,lstm,mim,completed,2026-03-08 02:37:05,,2026-03-08 07:15:50,"{""mr_results"": [{""missing_rate"": 0.0, ""test_mae"": 0.0063}, {""missing_rate"": 0.1, ""test_mae"": 0.0065}, {""missing_rate"": 0.2, ""test_mae"": 0.0067}, {""missing_rate"": 0.3, ""test_mae"": 0.0069}, {""missing_rate"": 0.4, ""test_mae"": 0.0073}, {""missing_rate"": 0.5, ""test_mae"": 0.0078}, {""missing_rate"": 0.6, ""test_mae"": 0.0084}, {""missing_rate"": 0.7, ""test_mae"": 0.0098}, {""missing_rate"": 0.8, ""test_mae"": 0.0128}, {""missing_rate"": 0.9, ""test_mae"": 0.0219}], ""test_mae_mean"": 0.00944, ""test_mae_max"": 0.0219, ""test_mae_min"": 0.0063, ""test_mae"": 0.0219, ""missing_rate"": 0.9}",experiments/logs/seed126_lstm_mim.log,,,51.343754529953,"0.0,0.1,0.2,0.3,0.4,0.5,0.6,0.7,0.8,0.9","0.0,0.1,0.2,0.3,0.4,0.5,0.6,0.7,0.8,0.9",20260308_023704,experiments/runs/20260308_023704
seed126_gru_baseline,126,gru,baseline,completed,2026-03-08 02:37:05,,2026-03-08 07:16:25,"{""mr_results"": [{""missing_rate"": 0.0, ""test_mae"": 0.0083}, {""missing_rate"": 0.1, ""test_mae"": 0.009}, {""missing_rate"": 0.2, ""test_mae"": 0.0102}, {""missing_rate"": 0.3, ""test_mae"": 0.0117}, {""missing_rate"": 0.4, ""test_mae"": 0.0137}, {""missing_rate"": 0.5, ""test_mae"": 0.0157}, {""missing_rate"": 0.6, ""test_mae"": 0.0181}, {""missing_rate"": 0.7, ""test_mae"": 0.0216}, {""missing_rate"": 0.8, ""test_mae"": 0.0263}, {""missing_rate"": 0.9, ""test_mae"": 0.0318}], ""test_mae_mean"": 0.01664, ""test_mae_max"": 0.0318, ""test_mae_min"": 0.0083, ""test_mae"": 0.0318, ""missing_rate"": 0.9}",experiments/logs/seed126_gru_baseline.log,,,15.335848331451416,"0.0,0.1,0.2,0.3,0.4,0.5,0.6,0.7,0.8,0.9","0.0,0.1,0.2,0.3,0.4,0.5,0.6,0.7,0.8,0.9",20260308_023704,experiments/runs/20260308_023704
seed126_gru_mim,126,gru,mim,completed,2026-03-08 02:37:05,,2026-03-08 07:17:31,"{""mr_results"": [{""missing_rate"": 0.0, ""test_mae"": 0.006}, {""missing_rate"": 0.1, ""test_mae"": 0.0062}, {""missing_rate"": 0.2, ""test_mae"": 0.0064}, {""missing_rate"": 0.3, ""test_mae"": 0.0067}, {""missing_rate"": 0.4, ""test_mae"": 0.0069}, {""missing_rate"": 0.5, ""test_mae"": 0.0072}, {""missing_rate"": 0.6, ""test_mae"": 0.0079}, {""missing_rate"": 0.7, ""test_mae"": 0.0093}, {""missing_rate"": 0.8, ""test_mae"": 0.0133}, {""missing_rate"": 0.9, ""test_mae"": 0.0225}], ""test_mae_mean"": 0.00924, ""test_mae_max"": 0.0225, ""test_mae_min"": 0.006, ""test_mae"": 0.0225, ""missing_rate"": 0.9}",experiments/logs/seed126_gru_mim.log,Process exited with code 1,,27.90506911277771,"0.0,0.1,0.2,0.3,0.4,0.5,0.6,0.7,0.8,0.9","0.0,0.1,0.2,0.3,0.4,0.5,0.6,0.7,0.8,0.9",20260308_023704,experiments/runs/20260308_023704
seed126_cnn1d_baseline,126,cnn1d,baseline,completed,2026-03-08 02:37:05,,2026-03-08 07:17:22,"{""mr_results"": [{""missing_rate"": 0.0, ""test_mae"": 0.0337}, {""missing_rate"": 0.1, ""test_mae"": 0.0465}, {""missing_rate"": 0.2, ""test_mae"": 0.0578}, {""missing_rate"": 0.3, ""test_mae"": 0.0632}, {""missing_rate"": 0.4, ""test_mae"": 0.066}, {""missing_rate"": 0.5, ""test_mae"": 0.0699}, {""missing_rate"": 0.6, ""test_mae"": 0.0728}, {""missing_rate"": 0.7, ""test_mae"": 0.0763}, {""missing_rate"": 0.8, ""test_mae"": 0.0813}, {""missing_rate"": 0.9, ""test_mae"": 0.0942}], ""test_mae_mean"": 0.06617, ""test_mae_max"": 0.0942, ""test_mae_min"": 0.0337, ""test_mae"": 0.0942, ""missing_rate"": 0.9}",experiments/logs/seed126_cnn1d_baseline.log,Process exited with code 1,,19.759631395339966,"0.0,0.1,0.2,0.3,0.4,0.5,0.6,0.7,0.8,0.9","0.0,0.1,0.2,0.3,0.4,0.5,0.6,0.7,0.8,0.9",20260308_023704,experiments/runs/20260308_023704
seed126_cnn1d_mim,126,cnn1d,mim,completed,2026-03-08 02:37:05,,2026-03-08 07:16:57,"{""mr_results"": [{""missing_rate"": 0.0, ""test_mae"": 0.0063}, {""missing_rate"": 0.1, ""test_mae"": 0.0065}, {""missing_rate"": 0.2, ""test_mae"": 0.0065}, {""missing_rate"": 0.3, ""test_mae"": 0.0067}, {""missing_rate"": 0.4, ""test_mae"": 0.007}, {""missing_rate"": 0.5, ""test_mae"": 0.007}, {""missing_rate"": 0.6, ""test_mae"": 0.0074}, {""missing_rate"": 0.7, ""test_mae"": 0.0088}, {""missing_rate"": 0.8, ""test_mae"": 0.011}, {""missing_rate"": 0.9, ""test_mae"": 0.0181}], ""test_mae_mean"": 0.00853, ""test_mae_max"": 0.0181, ""test_mae_min"": 0.0063, ""test_mae"": 0.0181, ""missing_rate"": 0.9}",experiments/logs/seed126_cnn1d_mim.log,,,46.62627148628235,"0.0,0.1,0.2,0.3,0.4,0.5,0.6,0.7,0.8,0.9","0.0,0.1,0.2,0.3,0.4,0.5,0.6,0.7,0.8,0.9",20260308_023704,experiments/runs/20260308_023704
seed127_mlp_baseline,127,mlp,baseline,completed,2026-03-08 02:37:05,,2026-03-08 07:18:49,"{""mr_results"": [{""missing_rate"": 0.0, ""test_mae"": 0.0199}, {""missing_rate"": 0.1, ""test_mae"": 0.0203}, {""missing_rate"": 0.2, ""test_mae"": 0.021}, {""missing_rate"": 0.3, ""test_mae"": 0.0227}, {""missing_rate"": 0.4, ""test_mae"": 0.0252}, {""missing_rate"": 0.5, ""test_mae"": 0.0269}, {""missing_rate"": 0.6, ""test_mae"": 0.0298}, {""missing_rate"": 0.7, ""test_mae"": 0.0323}, {""missing_rate"": 0.8, ""test_mae"": 0.0343}, {""missing_rate"": 0.9, ""test_mae"": 0.0379}], ""test_mae_mean"": 0.02703, ""test_mae_max"": 0.0379, ""test_mae_min"": 0.0199, ""test_mae"": 0.0379, ""missing_rate"": 0.9}",experiments/logs/seed127_mlp_baseline.log,Process exited with code 1,,17.0648672580719,"0.0,0.1,0.2,0.3,0.4,0.5,0.6,0.7,0.8,0.9","0.0,0.1,0.2,0.3,0.4,0.5,0.6,0.7,0.8,0.9",20260308_023704,experiments/runs/20260308_023704
seed127_mlp_mim,127,mlp,mim,completed,2026-03-08 02:37:05,,2026-03-08 07:18:26,"{""mr_results"": [{""missing_rate"": 0.0, ""test_mae"": 0.0062}, {""missing_rate"": 0.1, ""test_mae"": 0.0064}, {""missing_rate"": 0.2, ""test_mae"": 0.0066}, {""missing_rate"": 0.3, ""test_mae"": 0.0068}, {""missing_rate"": 0.4, ""test_mae"": 0.0073}, {""missing_rate"": 0.5, ""test_mae"": 0.0081}, {""missing_rate"": 0.6, ""test_mae"": 0.009}, {""missing_rate"": 0.7, ""test_mae"": 0.0105}, {""missing_rate"": 0.8, ""test_mae"": 0.0131}, {""missing_rate"": 0.9, ""test_mae"": 0.022}], ""test_mae_mean"": 0.009600000000000001, ""test_mae_max"": 0.022, ""test_mae_min"": 0.0062, ""test_mae"": 0.022, ""missing_rate"": 0.9}",experiments/logs/seed127_mlp_mim.log,,,53.55683922767639,"0.0,0.1,0.2,0.3,0.4,0.5,0.6,0.7,0.8,0.9","0.0,0.1,0.2,0.3,0.4,0.5,0.6,0.7,0.8,0.9",20260308_023704,experiments/runs/20260308_023704
seed127_lstm_baseline,127,lstm,baseline,completed,2026-03-08 02:37:05,,2026-03-08 07:17:48,"{""mr_results"": [{""missing_rate"": 0.0, ""test_mae"": 0.0084}, {""missing_rate"": 0.1, ""test_mae"": 0.0084}, {""missing_rate"": 0.2, ""test_mae"": 0.0088}, {""missing_rate"": 0.3, ""test_mae"": 0.0094}, {""missing_rate"": 0.4, ""test_mae"": 0.011}, {""missing_rate"": 0.5, ""test_mae"": 0.0135}, {""missing_rate"": 0.6, ""test_mae"": 0.0172}, {""missing_rate"": 0.7, ""test_mae"": 0.0229}, {""missing_rate"": 0.8, ""test_mae"": 0.0291}, {""missing_rate"": 0.9, ""test_mae"": 0.0365}], ""test_mae_mean"": 0.01652, ""test_mae_max"": 0.0365, ""test_mae_min"": 0.0084, ""test_mae"": 0.0365, ""missing_rate"": 0.9}",experiments/logs/seed127_lstm_baseline.log,,,15.433167934417725,"0.0,0.1,0.2,0.3,0.4,0.5,0.6,0.7,0.8,0.9","0.0,0.1,0.2,0.3,0.4,0.5,0.6,0.7,0.8,0.9",20260308_023704,experiments/runs/20260308_023704
seed127_lstm_mim,127,lstm,mim,completed,2026-03-08 02:37:05,,2026-03-08 07:19:47,"{""mr_results"": [{""missing_rate"": 0.0, ""test_mae"": 0.0072}, {""missing_rate"": 0.1, ""test_mae"": 0.0073}, {""missing_rate"": 0.2, ""test_mae"": 0.0073}, {""missing_rate"": 0.3, ""test_mae"": 0.0075}, {""missing_rate"": 0.4, ""test_mae"": 0.0079}, {""missing_rate"": 0.5, ""test_mae"": 0.0084}, {""missing_rate"": 0.6, ""test_mae"": 0.009}, {""missing_rate"": 0.7, ""test_mae"": 0.0105}, {""missing_rate"": 0.8, ""test_mae"": 0.0136}, {""missing_rate"": 0.9, ""test_mae"": 0.0216}], ""test_mae_mean"": 0.01003, ""test_mae_max"": 0.0216, ""test_mae_min"": 0.0072, ""test_mae"": 0.0216, ""missing_rate"": 0.9}",experiments/logs/seed127_lstm_mim.log,Process exited with code 1,,74.43489241600037,"0.0,0.1,0.2,0.3,0.4,0.5,0.6,0.7,0.8,0.9","0.0,0.1,0.2,0.3,0.4,0.5,0.6,0.7,0.8,0.9",20260308_023704,experiments/runs/20260308_023704
seed127_gru_baseline,127,gru,baseline,completed,2026-03-08 02:37:05,,2026-03-08 07:20:03,"{""mr_results"": [{""missing_rate"": 0.0, ""test_mae"": 0.0052}, {""missing_rate"": 0.1, ""test_mae"": 0.0077}, {""missing_rate"": 0.2, ""test_mae"": 0.0103}, {""missing_rate"": 0.3, ""test_mae"": 0.0132}, {""missing_rate"": 0.4, ""test_mae"": 0.0162}, {""missing_rate"": 0.5, ""test_mae"": 0.0196}, {""missing_rate"": 0.6, ""test_mae"": 0.0238}, {""missing_rate"": 0.7, ""test_mae"": 0.0274}, {""missing_rate"": 0.8, ""test_mae"": 0.0311}, {""missing_rate"": 0.9, ""test_mae"": 0.0352}], ""test_mae_mean"": 0.01897, ""test_mae_max"": 0.0352, ""test_mae_min"": 0.0052, ""test_mae"": 0.0352, ""missing_rate"": 0.9}",experiments/logs/seed127_gru_baseline.log,,,15.595172882080078,"0.0,0.1,0.2,0.3,0.4,0.5,0.6,0.7,0.8,0.9","0.0,0.1,0.2,0.3,0.4,0.5,0.6,0.7,0.8,0.9",20260308_023704,experiments/runs/20260308_023704
seed127_gru_mim,127,gru,mim,completed,2026-03-08 02:37:05,,2026-03-08 07:20:47,"{""mr_results"": [{""missing_rate"": 0.0, ""test_mae"": 0.0092}, {""missing_rate"": 0.1, ""test_mae"": 0.0087}, {""missing_rate"": 0.2, ""test_mae"": 0.0085}, {""missing_rate"": 0.3, ""test_mae"": 0.0084}, {""missing_rate"": 0.4, ""test_mae"": 0.0084}, {""missing_rate"": 0.5, ""test_mae"": 0.0084}, {""missing_rate"": 0.6, ""test_mae"": 0.0087}, {""missing_rate"": 0.7, ""test_mae"": 0.0097}, {""missing_rate"": 0.8, ""test_mae"": 0.013}, {""missing_rate"": 0.9, ""test_mae"": 0.0224}], ""test_mae_mean"": 0.010539999999999999, ""test_mae_max"": 0.0224, ""test_mae_min"": 0.0084, ""test_mae"": 0.0224, ""missing_rate"": 0.9}",experiments/logs/seed127_gru_mim.log,,,58.91263151168823,"0.0,0.1,0.2,0.3,0.4,0.5,0.6,0.7,0.8,0.9","0.0,0.1,0.2,0.3,0.4,0.5,0.6,0.7,0.8,0.9",20260308_023704,experiments/runs/20260308_023704
seed127_cnn1d_baseline,127,cnn1d,baseline,completed,2026-03-08 02:37:05,,2026-03-08 07:20:13,"{""mr_results"": [{""missing_rate"": 0.0, ""test_mae"": 0.039}, {""missing_rate"": 0.1, ""test_mae"": 0.061}, {""missing_rate"": 0.2, ""test_mae"": 0.0745}, {""missing_rate"": 0.3, ""test_mae"": 0.0795}, {""missing_rate"": 0.4, ""test_mae"": 0.0823}, {""missing_rate"": 0.5, ""test_mae"": 0.0855}, {""missing_rate"": 0.6, ""test_mae"": 0.0888}, {""missing_rate"": 0.7, ""test_mae"": 0.0911}, {""missing_rate"": 0.8, ""test_mae"": 0.0952}, {""missing_rate"": 0.9, ""test_mae"": 0.1103}], ""test_mae_mean"": 0.08072, ""test_mae_max"": 0.1103, ""test_mae_min"": 0.039, ""test_mae"": 0.1103, ""missing_rate"": 0.9}",experiments/logs/seed127_cnn1d_baseline.log,,,24.814046144485474,"0.0,0.1,0.2,0.3,0.4,0.5,0.6,0.7,0.8,0.9","0.0,0.1,0.2,0.3,0.4,0.5,0.6,0.7,0.8,0.9",20260308_023704,experiments/runs/20260308_023704
seed127_cnn1d_mim,127,cnn1d,mim,completed,2026-03-08 02:37:05,,2026-03-08 07:20:47,"{""mr_results"": [{""missing_rate"": 0.0, ""test_mae"": 0.0062}, {""missing_rate"": 0.1, ""test_mae"": 0.0067}, {""missing_rate"": 0.2, ""test_mae"": 0.007}, {""missing_rate"": 0.3, ""test_mae"": 0.0072}, {""missing_rate"": 0.4, ""test_mae"": 0.0073}, {""missing_rate"": 0.5, ""test_mae"": 0.0077}, {""missing_rate"": 0.6, ""test_mae"": 0.0081}, {""missing_rate"": 0.7, ""test_mae"": 0.0092}, {""missing_rate"": 0.8, ""test_mae"": 0.0116}, {""missing_rate"": 0.9, ""test_mae"": 0.0188}], ""test_mae_mean"": 0.00898, ""test_mae_max"": 0.0188, ""test_mae_min"": 0.0062, ""test_mae"": 0.0188, ""missing_rate"": 0.9}",experiments/logs/seed127_cnn1d_mim.log,,,59.631348609924316,"0.0,0.1,0.2,0.3,0.4,0.5,0.6,0.7,0.8,0.9","0.0,0.1,0.2,0.3,0.4,0.5,0.6,0.7,0.8,0.9",20260308_023704,experiments/runs/20260308_023704
seed128_mlp_baseline,128,mlp,baseline,completed,2026-03-08 02:37:05,,2026-03-08 07:22:23,"{""mr_results"": [{""missing_rate"": 0.0, ""test_mae"": 0.0087}, {""missing_rate"": 0.1, ""test_mae"": 0.0103}, {""missing_rate"": 0.2, ""test_mae"": 0.0122}, {""missing_rate"": 0.3, ""test_mae"": 0.0145}, {""missing_rate"": 0.4, ""test_mae"": 0.017}, {""missing_rate"": 0.5, ""test_mae"": 0.0197}, {""missing_rate"": 0.6, ""test_mae"": 0.023}, {""missing_rate"": 0.7, ""test_mae"": 0.0265}, {""missing_rate"": 0.8, ""test_mae"": 0.0293}, {""missing_rate"": 0.9, ""test_mae"": 0.0334}], ""test_mae_mean"": 0.019459999999999998, ""test_mae_max"": 0.0334, ""test_mae_min"": 0.0087, ""test_mae"": 0.0334, ""missing_rate"": 0.9}",experiments/logs/seed128_mlp_baseline.log,Process exited with code 1,,15.228285789489746,"0.0,0.1,0.2,0.3,0.4,0.5,0.6,0.7,0.8,0.9","0.0,0.1,0.2,0.3,0.4,0.5,0.6,0.7,0.8,0.9",20260308_023704,experiments/runs/20260308_023704
seed128_mlp_mim,128,mlp,mim,completed,2026-03-08 02:37:05,,2026-03-08 07:22:02,"{""mr_results"": [{""missing_rate"": 0.0, ""test_mae"": 0.0066}, {""missing_rate"": 0.1, ""test_mae"": 0.0069}, {""missing_rate"": 0.2, ""test_mae"": 0.0071}, {""missing_rate"": 0.3, ""test_mae"": 0.0072}, {""missing_rate"": 0.4, ""test_mae"": 0.0075}, {""missing_rate"": 0.5, ""test_mae"": 0.0083}, {""missing_rate"": 0.6, ""test_mae"": 0.0095}, {""missing_rate"": 0.7, ""test_mae"": 0.0112}, {""missing_rate"": 0.8, ""test_mae"": 0.0138}, {""missing_rate"": 0.9, ""test_mae"": 0.0234}], ""test_mae_mean"": 0.010150000000000001, ""test_mae_max"": 0.0234, ""test_mae_min"": 0.0066, ""test_mae"": 0.0234, ""missing_rate"": 0.9}",experiments/logs/seed128_mlp_mim.log,,,72.48819327354431,"0.0,0.1,0.2,0.3,0.4,0.5,0.6,0.7,0.8,0.9","0.0,0.1,0.2,0.3,0.4,0.5,0.6,0.7,0.8,0.9",20260308_023704,experiments/runs/20260308_023704
seed128_lstm_baseline,128,lstm,baseline,completed,2026-03-08 02:37:05,,2026-03-08 07:21:07,"{""mr_results"": [{""missing_rate"": 0.0, ""test_mae"": 0.0079}, {""missing_rate"": 0.1, ""test_mae"": 0.0079}, {""missing_rate"": 0.2, ""test_mae"": 0.0083}, {""missing_rate"": 0.3, ""test_mae"": 0.009}, {""missing_rate"": 0.4, ""test_mae"": 0.0104}, {""missing_rate"": 0.5, ""test_mae"": 0.0127}, {""missing_rate"": 0.6, ""test_mae"": 0.0165}, {""missing_rate"": 0.7, ""test_mae"": 0.0205}, {""missing_rate"": 0.8, ""test_mae"": 0.0261}, {""missing_rate"": 0.9, ""test_mae"": 0.036}], ""test_mae_mean"": 0.015529999999999999, ""test_mae_max"": 0.036, ""test_mae_min"": 0.0079, ""test_mae"": 0.036, ""missing_rate"": 0.9}",experiments/logs/seed128_lstm_baseline.log,,,17.942513704299927,"0.0,0.1,0.2,0.3,0.4,0.5,0.6,0.7,0.8,0.9","0.0,0.1,0.2,0.3,0.4,0.5,0.6,0.7,0.8,0.9",20260308_023704,experiments/runs/20260308_023704
seed128_lstm_mim,128,lstm,mim,completed,2026-03-08 02:37:05,,2026-03-08 07:23:09,"{""mr_results"": [{""missing_rate"": 0.0, ""test_mae"": 0.0052}, {""missing_rate"": 0.1, ""test_mae"": 0.0054}, {""missing_rate"": 0.2, ""test_mae"": 0.0056}, {""missing_rate"": 0.3, ""test_mae"": 0.0058}, {""missing_rate"": 0.4, ""test_mae"": 0.0063}, {""missing_rate"": 0.5, ""test_mae"": 0.0072}, {""missing_rate"": 0.6, ""test_mae"": 0.0082}, {""missing_rate"": 0.7, ""test_mae"": 0.0101}, {""missing_rate"": 0.8, ""test_mae"": 0.0153}, {""missing_rate"": 0.9, ""test_mae"": 0.026}], ""test_mae_mean"": 0.009510000000000001, ""test_mae_max"": 0.026, ""test_mae_min"": 0.0052, ""test_mae"": 0.026, ""missing_rate"": 0.9}",experiments/logs/seed128_lstm_mim.log,Process exited with code 1,,61.29221987724304,"0.0,0.1,0.2,0.3,0.4,0.5,0.6,0.7,0.8,0.9","0.0,0.1,0.2,0.3,0.4,0.5,0.6,0.7,0.8,0.9",20260308_023704,experiments/runs/20260308_023704
seed128_gru_baseline,128,gru,baseline,completed,2026-03-08 02:37:05,,2026-03-08 07:23:30,"{""mr_results"": [{""missing_rate"": 0.0, ""test_mae"": 0.0082}, {""missing_rate"": 0.1, ""test_mae"": 0.0097}, {""missing_rate"": 0.2, ""test_mae"": 0.0122}, {""missing_rate"": 0.3, ""test_mae"": 0.015}, {""missing_rate"": 0.4, ""test_mae"": 0.0181}, {""missing_rate"": 0.5, ""test_mae"": 0.0212}, {""missing_rate"": 0.6, ""test_mae"": 0.0246}, {""missing_rate"": 0.7, ""test_mae"": 0.028}, {""missing_rate"": 0.8, ""test_mae"": 0.0317}, {""missing_rate"": 0.9, ""test_mae"": 0.0352}], ""test_mae_mean"": 0.02039, ""test_mae_max"": 0.0352, ""test_mae_min"": 0.0082, ""test_mae"": 0.0352, ""missing_rate"": 0.9}",experiments/logs/seed128_gru_baseline.log,,,18.74091124534607,"0.0,0.1,0.2,0.3,0.4,0.5,0.6,0.7,0.8,0.9","0.0,0.1,0.2,0.3,0.4,0.5,0.6,0.7,0.8,0.9",20260308_023704,experiments/runs/20260308_023704
seed128_gru_mim,128,gru,mim,completed,2026-03-08 02:37:05,,2026-03-08 07:23:52,"{""mr_results"": [{""missing_rate"": 0.0, ""test_mae"": 0.0063}, {""missing_rate"": 0.1, ""test_mae"": 0.0068}, {""missing_rate"": 0.2, ""test_mae"": 0.0074}, {""missing_rate"": 0.3, ""test_mae"": 0.0079}, {""missing_rate"": 0.4, ""test_mae"": 0.0084}, {""missing_rate"": 0.5, ""test_mae"": 0.009}, {""missing_rate"": 0.6, ""test_mae"": 0.0094}, {""missing_rate"": 0.7, ""test_mae"": 0.011}, {""missing_rate"": 0.8, ""test_mae"": 0.0159}, {""missing_rate"": 0.9, ""test_mae"": 0.0261}], ""test_mae_mean"": 0.01082, ""test_mae_max"": 0.0261, ""test_mae_min"": 0.0063, ""test_mae"": 0.0261, ""missing_rate"": 0.9}",experiments/logs/seed128_gru_mim.log,,,40.68132495880127,"0.0,0.1,0.2,0.3,0.4,0.5,0.6,0.7,0.8,0.9","0.0,0.1,0.2,0.3,0.4,0.5,0.6,0.7,0.8,0.9",20260308_023704,experiments/runs/20260308_023704
seed128_cnn1d_baseline,128,cnn1d,baseline,completed,2026-03-08 02:37:05,,2026-03-08 07:23:36,"{""mr_results"": [{""missing_rate"": 0.0, ""test_mae"": 0.0336}, {""missing_rate"": 0.1, ""test_mae"": 0.0559}, {""missing_rate"": 0.2, ""test_mae"": 0.0685}, {""missing_rate"": 0.3, ""test_mae"": 0.0747}, {""missing_rate"": 0.4, ""test_mae"": 0.0783}, {""missing_rate"": 0.5, ""test_mae"": 0.0845}, {""missing_rate"": 0.6, ""test_mae"": 0.0914}, {""missing_rate"": 0.7, ""test_mae"": 0.0975}, {""missing_rate"": 0.8, ""test_mae"": 0.102}, {""missing_rate"": 0.9, ""test_mae"": 0.1177}], ""test_mae_mean"": 0.08041000000000001, ""test_mae_max"": 0.1177, ""test_mae_min"": 0.0336, ""test_mae"": 0.1177, ""missing_rate"": 0.9}",experiments/logs/seed128_cnn1d_baseline.log,,,24.62975835800171,"0.0,0.1,0.2,0.3,0.4,0.5,0.6,0.7,0.8,0.9","0.0,0.1,0.2,0.3,0.4,0.5,0.6,0.7,0.8,0.9",20260308_023704,experiments/runs/20260308_023704
seed128_cnn1d_mim,128,cnn1d,mim,completed,2026-03-08 02:37:05,,2026-03-08 07:24:17,"{""mr_results"": [{""missing_rate"": 0.0, ""test_mae"": 0.008}, {""missing_rate"": 0.1, ""test_mae"": 0.008}, {""missing_rate"": 0.2, ""test_mae"": 0.0079}, {""missing_rate"": 0.3, ""test_mae"": 0.0077}, {""missing_rate"": 0.4, ""test_mae"": 0.0079}, {""missing_rate"": 0.5, ""test_mae"": 0.0078}, {""missing_rate"": 0.6, ""test_mae"": 0.0083}, {""missing_rate"": 0.7, ""test_mae"": 0.0091}, {""missing_rate"": 0.8, ""test_mae"": 0.0108}, {""missing_rate"": 0.9, ""test_mae"": 0.0167}], ""test_mae_mean"": 0.00922, ""test_mae_max"": 0.0167, ""test_mae_min"": 0.0077, ""test_mae"": 0.0167, ""missing_rate"": 0.9}",experiments/logs/seed128_cnn1d_mim.log,,,65.22155809402466,"0.0,0.1,0.2,0.3,0.4,0.5,0.6,0.7,0.8,0.9","0.0,0.1,0.2,0.3,0.4,0.5,0.6,0.7,0.8,0.9",20260308_023704,experiments/runs/20260308_023704
seed129_mlp_baseline,129,mlp,baseline,completed,2026-03-08 02:37:05,,2026-03-08 07:24:44,"{""mr_results"": [{""missing_rate"": 0.0, ""test_mae"": 0.011}, {""missing_rate"": 0.1, ""test_mae"": 0.0125}, {""missing_rate"": 0.2, ""test_mae"": 0.0142}, {""missing_rate"": 0.3, ""test_mae"": 0.0163}, {""missing_rate"": 0.4, ""test_mae"": 0.0187}, {""missing_rate"": 0.5, ""test_mae"": 0.0209}, {""missing_rate"": 0.6, ""test_mae"": 0.0238}, {""missing_rate"": 0.7, ""test_mae"": 0.0262}, {""missing_rate"": 0.8, ""test_mae"": 0.0288}, {""missing_rate"": 0.9, ""test_mae"": 0.033}], ""test_mae_mean"": 0.02054, ""test_mae_max"": 0.033, ""test_mae_min"": 0.011, ""test_mae"": 0.033, ""missing_rate"": 0.9}",experiments/logs/seed129_mlp_baseline.log,,,24.978545665740967,"0.0,0.1,0.2,0.3,0.4,0.5,0.6,0.7,0.8,0.9","0.0,0.1,0.2,0.3,0.4,0.5,0.6,0.7,0.8,0.9",20260308_023704,experiments/runs/20260308_023704
seed129_mlp_mim,129,mlp,mim,completed,2026-03-08 02:37:05,,2026-03-08 07:25:21,"{""mr_results"": [{""missing_rate"": 0.0, ""test_mae"": 0.0058}, {""missing_rate"": 0.1, ""test_mae"": 0.006}, {""missing_rate"": 0.2, ""test_mae"": 0.0064}, {""missing_rate"": 0.3, ""test_mae"": 0.0065}, {""missing_rate"": 0.4, ""test_mae"": 0.007}, {""missing_rate"": 0.5, ""test_mae"": 0.0078}, {""missing_rate"": 0.6, ""test_mae"": 0.0089}, {""missing_rate"": 0.7, ""test_mae"": 0.0104}, {""missing_rate"": 0.8, ""test_mae"": 0.0134}, {""missing_rate"": 0.9, ""test_mae"": 0.0217}], ""test_mae_mean"": 0.009389999999999999, ""test_mae_max"": 0.0217, ""test_mae_min"": 0.0058, ""test_mae"": 0.0217, ""missing_rate"": 0.9}",experiments/logs/seed129_mlp_mim.log,,,62.199933767318726,"0.0,0.1,0.2,0.3,0.4,0.5,0.6,0.7,0.8,0.9","0.0,0.1,0.2,0.3,0.4,0.5,0.6,0.7,0.8,0.9",20260308_023704,experiments/runs/20260308_023704
seed129_lstm_baseline,129,lstm,baseline,completed,2026-03-08 02:37:05,,2026-03-08 07:24:41,"{""mr_results"": [{""missing_rate"": 0.0, ""test_mae"": 0.0092}, {""missing_rate"": 0.1, ""test_mae"": 0.0091}, {""missing_rate"": 0.2, ""test_mae"": 0.0093}, {""missing_rate"": 0.3, ""test_mae"": 0.0096}, {""missing_rate"": 0.4, ""test_mae"": 0.0121}, {""missing_rate"": 0.5, ""test_mae"": 0.0176}, {""missing_rate"": 0.6, ""test_mae"": 0.0282}, {""missing_rate"": 0.7, ""test_mae"": 0.0432}, {""missing_rate"": 0.8, ""test_mae"": 0.0608}, {""missing_rate"": 0.9, ""test_mae"": 0.0783}], ""test_mae_mean"": 0.027739999999999997, ""test_mae_max"": 0.0783, ""test_mae_min"": 0.0091, ""test_mae"": 0.0783, ""missing_rate"": 0.9}",experiments/logs/seed129_lstm_baseline.log,,,22.8132107257843,"0.0,0.1,0.2,0.3,0.4,0.5,0.6,0.7,0.8,0.9","0.0,0.1,0.2,0.3,0.4,0.5,0.6,0.7,0.8,0.9",20260308_023704,experiments/runs/20260308_023704
seed129_lstm_mim,129,lstm,mim,completed,2026-03-08 02:37:05,,2026-03-08 07:25:40,"{""mr_results"": [{""missing_rate"": 0.0, ""test_mae"": 0.0079}, {""missing_rate"": 0.1, ""test_mae"": 0.0081}, {""missing_rate"": 0.2, ""test_mae"": 0.0082}, {""missing_rate"": 0.3, ""test_mae"": 0.0084}, {""missing_rate"": 0.4, ""test_mae"": 0.0088}, {""missing_rate"": 0.5, ""test_mae"": 0.0093}, {""missing_rate"": 0.6, ""test_mae"": 0.0098}, {""missing_rate"": 0.7, ""test_mae"": 0.0108}, {""missing_rate"": 0.8, ""test_mae"": 0.0134}, {""missing_rate"": 0.9, ""test_mae"": 0.021}], ""test_mae_mean"": 0.01057, ""test_mae_max"": 0.021, ""test_mae_min"": 0.0079, ""test_mae"": 0.021, ""missing_rate"": 0.9}",experiments/logs/seed129_lstm_mim.log,,,81.52565264701843,"0.0,0.1,0.2,0.3,0.4,0.5,0.6,0.7,0.8,0.9","0.0,0.1,0.2,0.3,0.4,0.5,0.6,0.7,0.8,0.9",20260308_023704,experiments/runs/20260308_023704
seed129_gru_baseline,129,gru,baseline,completed,2026-03-08 02:37:05,,2026-03-08 07:25:59,"{""mr_results"": [{""missing_rate"": 0.0, ""test_mae"": 0.0055}, {""missing_rate"": 0.1, ""test_mae"": 0.0082}, {""missing_rate"": 0.2, ""test_mae"": 0.0109}, {""missing_rate"": 0.3, ""test_mae"": 0.0137}, {""missing_rate"": 0.4, ""test_mae"": 0.0165}, {""missing_rate"": 0.5, ""test_mae"": 0.0199}, {""missing_rate"": 0.6, ""test_mae"": 0.0232}, {""missing_rate"": 0.7, ""test_mae"": 0.0268}, {""missing_rate"": 0.8, ""test_mae"": 0.0305}, {""missing_rate"": 0.9, ""test_mae"": 0.0339}], ""test_mae_mean"": 0.01891, ""test_mae_max"": 0.0339, ""test_mae_min"": 0.0055, ""test_mae"": 0.0339, ""missing_rate"": 0.9}",experiments/logs/seed129_gru_baseline.log,,,17.039170742034912,"0.0,0.1,0.2,0.3,0.4,0.5,0.6,0.7,0.8,0.9","0.0,0.1,0.2,0.3,0.4,0.5,0.6,0.7,0.8,0.9",20260308_023704,experiments/runs/20260308_023704
seed129_gru_mim,129,gru,mim,completed,2026-03-08 02:37:05,,2026-03-08 07:27:23,"{""mr_results"": [{""missing_rate"": 0.0, ""test_mae"": 0.0046}, {""missing_rate"": 0.1, ""test_mae"": 0.0048}, {""missing_rate"": 0.2, ""test_mae"": 0.0051}, {""missing_rate"": 0.3, ""test_mae"": 0.0054}, {""missing_rate"": 0.4, ""test_mae"": 0.006}, {""missing_rate"": 0.5, ""test_mae"": 0.0066}, {""missing_rate"": 0.6, ""test_mae"": 0.0077}, {""missing_rate"": 0.7, ""test_mae"": 0.0097}, {""missing_rate"": 0.8, ""test_mae"": 0.0141}, {""missing_rate"": 0.9, ""test_mae"": 0.0233}], ""test_mae_mean"": 0.00873, ""test_mae_max"": 0.0233, ""test_mae_min"": 0.0046, ""test_mae"": 0.0233, ""missing_rate"": 0.9}",experiments/logs/seed129_gru_mim.log,Process exited with code 1,,27.549269676208496,"0.0,0.1,0.2,0.3,0.4,0.5,0.6,0.7,0.8,0.9","0.0,0.1,0.2,0.3,0.4,0.5,0.6,0.7,0.8,0.9",20260308_023704,experiments/runs/20260308_023704
seed129_cnn1d_baseline,129,cnn1d,baseline,completed,2026-03-08 02:37:05,,2026-03-08 07:26:06,"{""mr_results"": [{""missing_rate"": 0.0, ""test_mae"": 0.0197}, {""missing_rate"": 0.1, ""test_mae"": 0.0411}, {""missing_rate"": 0.2, ""test_mae"": 0.0542}, {""missing_rate"": 0.3, ""test_mae"": 0.0604}, {""missing_rate"": 0.4, ""test_mae"": 0.0643}, {""missing_rate"": 0.5, ""test_mae"": 0.0688}, {""missing_rate"": 0.6, ""test_mae"": 0.0739}, {""missing_rate"": 0.7, ""test_mae"": 0.0776}, {""missing_rate"": 0.8, ""test_mae"": 0.0798}, {""missing_rate"": 0.9, ""test_mae"": 0.0933}], ""test_mae_mean"": 0.06331, ""test_mae_max"": 0.0933, ""test_mae_min"": 0.0197, ""test_mae"": 0.0933, ""missing_rate"": 0.9}",experiments/logs/seed129_cnn1d_baseline.log,,,23.43328022956848,"0.0,0.1,0.2,0.3,0.4,0.5,0.6,0.7,0.8,0.9","0.0,0.1,0.2,0.3,0.4,0.5,0.6,0.7,0.8,0.9",20260308_023704,experiments/runs/20260308_023704
seed129_cnn1d_mim,129,cnn1d,mim,completed,2026-03-08 02:37:05,,2026-03-08 07:28:02,"{""mr_results"": [{""missing_rate"": 0.0, ""test_mae"": 0.0064}, {""missing_rate"": 0.1, ""test_mae"": 0.0065}, {""missing_rate"": 0.2, ""test_mae"": 0.0065}, {""missing_rate"": 0.3, ""test_mae"": 0.0067}, {""missing_rate"": 0.4, ""test_mae"": 0.0071}, {""missing_rate"": 0.5, ""test_mae"": 0.0074}, {""missing_rate"": 0.6, ""test_mae"": 0.0079}, {""missing_rate"": 0.7, ""test_mae"": 0.0092}, {""missing_rate"": 0.8, ""test_mae"": 0.0115}, {""missing_rate"": 0.9, ""test_mae"": 0.0179}], ""test_mae_mean"": 0.008709999999999999, ""test_mae_max"": 0.0179, ""test_mae_min"": 0.0064, ""test_mae"": 0.0179, ""missing_rate"": 0.9}",experiments/logs/seed129_cnn1d_mim.log,Process exited with code 1,,66.86193871498108,"0.0,0.1,0.2,0.3,0.4,0.5,0.6,0.7,0.8,0.9","0.0,0.1,0.2,0.3,0.4,0.5,0.6,0.7,0.8,0.9",20260308_023704,experiments/runs/20260308_023704
seed130_mlp_baseline,130,mlp,baseline,completed,2026-03-08 02:37:05,,2026-03-08 07:28:20,"{""mr_results"": [{""missing_rate"": 0.0, ""test_mae"": 0.0141}, {""missing_rate"": 0.1, ""test_mae"": 0.0145}, {""missing_rate"": 0.2, ""test_mae"": 0.0153}, {""missing_rate"": 0.3, ""test_mae"": 0.0163}, {""missing_rate"": 0.4, ""test_mae"": 0.0182}, {""missing_rate"": 0.5, ""test_mae"": 0.0199}, {""missing_rate"": 0.6, ""test_mae"": 0.0229}, {""missing_rate"": 0.7, ""test_mae"": 0.0262}, {""missing_rate"": 0.8, ""test_mae"": 0.0284}, {""missing_rate"": 0.9, ""test_mae"": 0.0336}], ""test_mae_mean"": 0.02094, ""test_mae_max"": 0.0336, ""test_mae_min"": 0.0141, ""test_mae"": 0.0336, ""missing_rate"": 0.9}",experiments/logs/seed130_mlp_baseline.log,,,15.505659580230713,"0.0,0.1,0.2,0.3,0.4,0.5,0.6,0.7,0.8,0.9","0.0,0.1,0.2,0.3,0.4,0.5,0.6,0.7,0.8,0.9",20260308_023704,experiments/runs/20260308_023704
seed130_mlp_mim,130,mlp,mim,completed,2026-03-08 02:37:05,,2026-03-08 07:30:08,"{""mr_results"": [{""missing_rate"": 0.0, ""test_mae"": 0.0063}, {""missing_rate"": 0.1, ""test_mae"": 0.0066}, {""missing_rate"": 0.2, ""test_mae"": 0.0069}, {""missing_rate"": 0.3, ""test_mae"": 0.0072}, {""missing_rate"": 0.4, ""test_mae"": 0.0078}, {""missing_rate"": 0.5, ""test_mae"": 0.0087}, {""missing_rate"": 0.6, ""test_mae"": 0.0099}, {""missing_rate"": 0.7, ""test_mae"": 0.0117}, {""missing_rate"": 0.8, ""test_mae"": 0.0141}, {""missing_rate"": 0.9, ""test_mae"": 0.0227}], ""test_mae_mean"": 0.010190000000000001, ""test_mae_max"": 0.0227, ""test_mae_min"": 0.0063, ""test_mae"": 0.0227, ""missing_rate"": 0.9}",experiments/logs/seed130_mlp_mim.log,Process exited with code 1,,53.03553509712219,"0.0,0.1,0.2,0.3,0.4,0.5,0.6,0.7,0.8,0.9","0.0,0.1,0.2,0.3,0.4,0.5,0.6,0.7,0.8,0.9",20260308_023704,experiments/runs/20260308_023704
seed130_lstm_baseline,130,lstm,baseline,completed,2026-03-08 02:37:05,,2026-03-08 07:28:26,"{""mr_results"": [{""missing_rate"": 0.0, ""test_mae"": 0.0059}, {""missing_rate"": 0.1, ""test_mae"": 0.0069}, {""missing_rate"": 0.2, ""test_mae"": 0.0082}, {""missing_rate"": 0.3, ""test_mae"": 0.0096}, {""missing_rate"": 0.4, ""test_mae"": 0.0117}, {""missing_rate"": 0.5, ""test_mae"": 0.0143}, {""missing_rate"": 0.6, ""test_mae"": 0.0186}, {""missing_rate"": 0.7, ""test_mae"": 0.0229}, {""missing_rate"": 0.8, ""test_mae"": 0.0288}, {""missing_rate"": 0.9, ""test_mae"": 0.0365}], ""test_mae_mean"": 0.01634, ""test_mae_max"": 0.0365, ""test_mae_min"": 0.0059, ""test_mae"": 0.0365, ""missing_rate"": 0.9}",experiments/logs/seed130_lstm_baseline.log,,,21.86509370803833,"0.0,0.1,0.2,0.3,0.4,0.5,0.6,0.7,0.8,0.9","0.0,0.1,0.2,0.3,0.4,0.5,0.6,0.7,0.8,0.9",20260308_023704,experiments/runs/20260308_023704
seed130_lstm_mim,130,lstm,mim,completed,2026-03-08 02:37:05,,2026-03-08 07:30:04,"{""mr_results"": [{""missing_rate"": 0.0, ""test_mae"": 0.007}, {""missing_rate"": 0.1, ""test_mae"": 0.0073}, {""missing_rate"": 0.2, ""test_mae"": 0.0074}, {""missing_rate"": 0.3, ""test_mae"": 0.0076}, {""missing_rate"": 0.4, ""test_mae"": 0.0079}, {""missing_rate"": 0.5, ""test_mae"": 0.0085}, {""missing_rate"": 0.6, ""test_mae"": 0.0091}, {""missing_rate"": 0.7, ""test_mae"": 0.0106}, {""missing_rate"": 0.8, ""test_mae"": 0.0138}, {""missing_rate"": 0.9, ""test_mae"": 0.023}], ""test_mae_mean"": 0.01022, ""test_mae_max"": 0.023, ""test_mae_min"": 0.007, ""test_mae"": 0.023, ""missing_rate"": 0.9}",experiments/logs/seed130_lstm_mim.log,Process exited with code 1,,49.55444025993347,"0.0,0.1,0.2,0.3,0.4,0.5,0.6,0.7,0.8,0.9","0.0,0.1,0.2,0.3,0.4,0.5,0.6,0.7,0.8,0.9",20260308_023704,experiments/runs/20260308_023704
seed130_gru_baseline,130,gru,baseline,completed,2026-03-08 02:37:05,,2026-03-08 07:30:29,"{""mr_results"": [{""missing_rate"": 0.0, ""test_mae"": 0.006}, {""missing_rate"": 0.1, ""test_mae"": 0.0078}, {""missing_rate"": 0.2, ""test_mae"": 0.0104}, {""missing_rate"": 0.3, ""test_mae"": 0.0132}, {""missing_rate"": 0.4, ""test_mae"": 0.0163}, {""missing_rate"": 0.5, ""test_mae"": 0.0195}, {""missing_rate"": 0.6, ""test_mae"": 0.023}, {""missing_rate"": 0.7, ""test_mae"": 0.0264}, {""missing_rate"": 0.8, ""test_mae"": 0.0301}, {""missing_rate"": 0.9, ""test_mae"": 0.0339}], ""test_mae_mean"": 0.01866, ""test_mae_max"": 0.0339, ""test_mae_min"": 0.006, ""test_mae"": 0.0339, ""missing_rate"": 0.9}",experiments/logs/seed130_gru_baseline.log,,,19.065059900283813,"0.0,0.1,0.2,0.3,0.4,0.5,0.6,0.7,0.8,0.9","0.0,0.1,0.2,0.3,0.4,0.5,0.6,0.7,0.8,0.9",20260308_023704,experiments/runs/20260308_023704
seed130_gru_mim,130,gru,mim,completed,2026-03-08 02:37:05,,2026-03-08 07:31:07,"{""mr_results"": [{""missing_rate"": 0.0, ""test_mae"": 0.0071}, {""missing_rate"": 0.1, ""test_mae"": 0.0069}, {""missing_rate"": 0.2, ""test_mae"": 0.0071}, {""missing_rate"": 0.3, ""test_mae"": 0.0072}, {""missing_rate"": 0.4, ""test_mae"": 0.0074}, {""missing_rate"": 0.5, ""test_mae"": 0.0075}, {""missing_rate"": 0.6, ""test_mae"": 0.0077}, {""missing_rate"": 0.7, ""test_mae"": 0.0084}, {""missing_rate"": 0.8, ""test_mae"": 0.0109}, {""missing_rate"": 0.9, ""test_mae"": 0.0187}], ""test_mae_mean"": 0.00889, ""test_mae_max"": 0.0187, ""test_mae_min"": 0.0069, ""test_mae"": 0.0187, ""missing_rate"": 0.9}",experiments/logs/seed130_gru_mim.log,,,57.94837784767151,"0.0,0.1,0.2,0.3,0.4,0.5,0.6,0.7,0.8,0.9","0.0,0.1,0.2,0.3,0.4,0.5,0.6,0.7,0.8,0.9",20260308_023704,experiments/runs/20260308_023704
seed130_cnn1d_baseline,130,cnn1d,baseline,completed,2026-03-08 02:37:05,,2026-03-08 07:30:33,"{""mr_results"": [{""missing_rate"": 0.0, ""test_mae"": 0.0223}, {""missing_rate"": 0.1, ""test_mae"": 0.0399}, {""missing_rate"": 0.2, ""test_mae"": 0.0505}, {""missing_rate"": 0.3, ""test_mae"": 0.0556}, {""missing_rate"": 0.4, ""test_mae"": 0.0605}, {""missing_rate"": 0.5, ""test_mae"": 0.0664}, {""missing_rate"": 0.6, ""test_mae"": 0.0727}, {""missing_rate"": 0.7, ""test_mae"": 0.0797}, {""missing_rate"": 0.8, ""test_mae"": 0.0855}, {""missing_rate"": 0.9, ""test_mae"": 0.1001}], ""test_mae_mean"": 0.06332, ""test_mae_max"": 0.1001, ""test_mae_min"": 0.0223, ""test_mae"": 0.1001, ""missing_rate"": 0.9}",experiments/logs/seed130_cnn1d_baseline.log,,,23.993802309036255,"0.0,0.1,0.2,0.3,0.4,0.5,0.6,0.7,0.8,0.9","0.0,0.1,0.2,0.3,0.4,0.5,0.6,0.7,0.8,0.9",20260308_023704,experiments/runs/20260308_023704
seed130_cnn1d_mim,130,cnn1d,mim,completed,2026-03-08 02:37:05,,2026-03-08 07:30:54,"{""mr_results"": [{""missing_rate"": 0.0, ""test_mae"": 0.0099}, {""missing_rate"": 0.1, ""test_mae"": 0.0102}, {""missing_rate"": 0.2, ""test_mae"": 0.0106}, {""missing_rate"": 0.3, ""test_mae"": 0.0109}, {""missing_rate"": 0.4, ""test_mae"": 0.0115}, {""missing_rate"": 0.5, ""test_mae"": 0.0122}, {""missing_rate"": 0.6, ""test_mae"": 0.0136}, {""missing_rate"": 0.7, ""test_mae"": 0.0161}, {""missing_rate"": 0.8, ""test_mae"": 0.0201}, {""missing_rate"": 0.9, ""test_mae"": 0.0265}], ""test_mae_mean"": 0.01416, ""test_mae_max"": 0.0265, ""test_mae_min"": 0.0099, ""test_mae"": 0.0265, ""missing_rate"": 0.9}",experiments/logs/seed130_cnn1d_mim.log,,,44.847564935684204,"0.0,0.1,0.2,0.3,0.4,0.5,0.6,0.7,0.8,0.9","0.0,0.1,0.2,0.3,0.4,0.5,0.6,0.7,0.8,0.9",20260308_023704,experiments/runs/20260308_023704
seed131_mlp_baseline,131,mlp,baseline,completed,2026-03-08 02:37:05,,2026-03-08 07:31:28,"{""mr_results"": [{""missing_rate"": 0.0, ""test_mae"": 0.0116}, {""missing_rate"": 0.1, ""test_mae"": 0.0127}, {""missing_rate"": 0.2, ""test_mae"": 0.014}, {""missing_rate"": 0.3, ""test_mae"": 0.0161}, {""missing_rate"": 0.4, ""test_mae"": 0.0188}, {""missing_rate"": 0.5, ""test_mae"": 0.0218}, {""missing_rate"": 0.6, ""test_mae"": 0.0254}, {""missing_rate"": 0.7, ""test_mae"": 0.0284}, {""missing_rate"": 0.8, ""test_mae"": 0.0309}, {""missing_rate"": 0.9, ""test_mae"": 0.0349}], ""test_mae_mean"": 0.02146, ""test_mae_max"": 0.0349, ""test_mae_min"": 0.0116, ""test_mae"": 0.0349, ""missing_rate"": 0.9}",experiments/logs/seed131_mlp_baseline.log,,,18.510899782180786,"0.0,0.1,0.2,0.3,0.4,0.5,0.6,0.7,0.8,0.9","0.0,0.1,0.2,0.3,0.4,0.5,0.6,0.7,0.8,0.9",20260308_023704,experiments/runs/20260308_023704
seed131_mlp_mim,131,mlp,mim,completed,2026-03-08 02:37:05,,2026-03-08 07:33:12,"{""mr_results"": [{""missing_rate"": 0.0, ""test_mae"": 0.0065}, {""missing_rate"": 0.1, ""test_mae"": 0.0065}, {""missing_rate"": 0.2, ""test_mae"": 0.0068}, {""missing_rate"": 0.3, ""test_mae"": 0.0069}, {""missing_rate"": 0.4, ""test_mae"": 0.0074}, {""missing_rate"": 0.5, ""test_mae"": 0.0081}, {""missing_rate"": 0.6, ""test_mae"": 0.0091}, {""missing_rate"": 0.7, ""test_mae"": 0.011}, {""missing_rate"": 0.8, ""test_mae"": 0.0137}, {""missing_rate"": 0.9, ""test_mae"": 0.0226}], ""test_mae_mean"": 0.009859999999999999, ""test_mae_max"": 0.0226, ""test_mae_min"": 0.0065, ""test_mae"": 0.0226, ""missing_rate"": 0.9}",experiments/logs/seed131_mlp_mim.log,Process exited with code 1,,63.246843099594116,"0.0,0.1,0.2,0.3,0.4,0.5,0.6,0.7,0.8,0.9","0.0,0.1,0.2,0.3,0.4,0.5,0.6,0.7,0.8,0.9",20260308_023704,experiments/runs/20260308_023704
seed131_lstm_baseline,131,lstm,baseline,completed,2026-03-08 02:37:05,,2026-03-08 07:32:25,"{""mr_results"": [{""missing_rate"": 0.0, ""test_mae"": 0.0072}, {""missing_rate"": 0.1, ""test_mae"": 0.0076}, {""missing_rate"": 0.2, ""test_mae"": 0.0084}, {""missing_rate"": 0.3, ""test_mae"": 0.0095}, {""missing_rate"": 0.4, ""test_mae"": 0.011}, {""missing_rate"": 0.5, ""test_mae"": 0.013}, {""missing_rate"": 0.6, ""test_mae"": 0.0162}, {""missing_rate"": 0.7, ""test_mae"": 0.0202}, {""missing_rate"": 0.8, ""test_mae"": 0.0258}, {""missing_rate"": 0.9, ""test_mae"": 0.0342}], ""test_mae_mean"": 0.015309999999999999, ""test_mae_max"": 0.0342, ""test_mae_min"": 0.0072, ""test_mae"": 0.0342, ""missing_rate"": 0.9}",experiments/logs/seed131_lstm_baseline.log,Process exited with code 1,,16.231858253479004,"0.0,0.1,0.2,0.3,0.4,0.5,0.6,0.7,0.8,0.9","0.0,0.1,0.2,0.3,0.4,0.5,0.6,0.7,0.8,0.9",20260308_023704,experiments/runs/20260308_023704
seed131_lstm_mim,131,lstm,mim,completed,2026-03-08 02:37:05,,2026-03-08 07:32:02,"{""mr_results"": [{""missing_rate"": 0.0, ""test_mae"": 0.0059}, {""missing_rate"": 0.1, ""test_mae"": 0.0061}, {""missing_rate"": 0.2, ""test_mae"": 0.0063}, {""missing_rate"": 0.3, ""test_mae"": 0.0066}, {""missing_rate"": 0.4, ""test_mae"": 0.0069}, {""missing_rate"": 0.5, ""test_mae"": 0.0076}, {""missing_rate"": 0.6, ""test_mae"": 0.0083}, {""missing_rate"": 0.7, ""test_mae"": 0.0099}, {""missing_rate"": 0.8, ""test_mae"": 0.0136}, {""missing_rate"": 0.9, ""test_mae"": 0.0232}], ""test_mae_mean"": 0.00944, ""test_mae_max"": 0.0232, ""test_mae_min"": 0.0059, ""test_mae"": 0.0232, ""missing_rate"": 0.9}",experiments/logs/seed131_lstm_mim.log,,,52.954421520233154,"0.0,0.1,0.2,0.3,0.4,0.5,0.6,0.7,0.8,0.9","0.0,0.1,0.2,0.3,0.4,0.5,0.6,0.7,0.8,0.9",20260308_023704,experiments/runs/20260308_023704
seed131_gru_baseline,131,gru,baseline,completed,2026-03-08 02:37:05,,2026-03-08 07:33:31,"{""mr_results"": [{""missing_rate"": 0.0, ""test_mae"": 0.0056}, {""missing_rate"": 0.1, ""test_mae"": 0.011}, {""missing_rate"": 0.2, ""test_mae"": 0.0142}, {""missing_rate"": 0.3, ""test_mae"": 0.0181}, {""missing_rate"": 0.4, ""test_mae"": 0.021}, {""missing_rate"": 0.5, ""test_mae"": 0.0238}, {""missing_rate"": 0.6, ""test_mae"": 0.0267}, {""missing_rate"": 0.7, ""test_mae"": 0.0295}, {""missing_rate"": 0.8, ""test_mae"": 0.0329}, {""missing_rate"": 0.9, ""test_mae"": 0.0366}], ""test_mae_mean"": 0.02194, ""test_mae_max"": 0.0366, ""test_mae_min"": 0.0056, ""test_mae"": 0.0366, ""missing_rate"": 0.9}",experiments/logs/seed131_gru_baseline.log,,,16.903040409088135,"0.0,0.1,0.2,0.3,0.4,0.5,0.6,0.7,0.8,0.9","0.0,0.1,0.2,0.3,0.4,0.5,0.6,0.7,0.8,0.9",20260308_023704,experiments/runs/20260308_023704
seed131_gru_mim,131,gru,mim,completed,2026-03-08 02:37:05,,2026-03-08 07:33:58,"{""mr_results"": [{""missing_rate"": 0.0, ""test_mae"": 0.0055}, {""missing_rate"": 0.1, ""test_mae"": 0.0055}, {""missing_rate"": 0.2, ""test_mae"": 0.0054}, {""missing_rate"": 0.3, ""test_mae"": 0.0057}, {""missing_rate"": 0.4, ""test_mae"": 0.0059}, {""missing_rate"": 0.5, ""test_mae"": 0.0064}, {""missing_rate"": 0.6, ""test_mae"": 0.0071}, {""missing_rate"": 0.7, ""test_mae"": 0.0085}, {""missing_rate"": 0.8, ""test_mae"": 0.0122}, {""missing_rate"": 0.9, ""test_mae"": 0.0215}], ""test_mae_mean"": 0.008369999999999999, ""test_mae_max"": 0.0215, ""test_mae_min"": 0.0054, ""test_mae"": 0.0215, ""missing_rate"": 0.9}",experiments/logs/seed131_gru_mim.log,,,44.420536041259766,"0.0,0.1,0.2,0.3,0.4,0.5,0.6,0.7,0.8,0.9","0.0,0.1,0.2,0.3,0.4,0.5,0.6,0.7,0.8,0.9",20260308_023704,experiments/runs/20260308_023704
seed131_cnn1d_baseline,131,cnn1d,baseline,completed,2026-03-08 02:37:05,,2026-03-08 07:33:38,"{""mr_results"": [{""missing_rate"": 0.0, ""test_mae"": 0.0268}, {""missing_rate"": 0.1, ""test_mae"": 0.0512}, {""missing_rate"": 0.2, ""test_mae"": 0.0652}, {""missing_rate"": 0.3, ""test_mae"": 0.0721}, {""missing_rate"": 0.4, ""test_mae"": 0.0775}, {""missing_rate"": 0.5, ""test_mae"": 0.0839}, {""missing_rate"": 0.6, ""test_mae"": 0.0935}, {""missing_rate"": 0.7, ""test_mae"": 0.1016}, {""missing_rate"": 0.8, ""test_mae"": 0.1107}, {""missing_rate"": 0.9, ""test_mae"": 0.1287}], ""test_mae_mean"": 0.08112, ""test_mae_max"": 0.1287, ""test_mae_min"": 0.0268, ""test_mae"": 0.1287, ""missing_rate"": 0.9}",experiments/logs/seed131_cnn1d_baseline.log,,,24.350319147109985,"0.0,0.1,0.2,0.3,0.4,0.5,0.6,0.7,0.8,0.9","0.0,0.1,0.2,0.3,0.4,0.5,0.6,0.7,0.8,0.9",20260308_023704,experiments/runs/20260308_023704
seed131_cnn1d_mim,131,cnn1d,mim,completed,2026-03-08 02:37:05,,2026-03-08 07:34:21,"{""mr_results"": [{""missing_rate"": 0.0, ""test_mae"": 0.0074}, {""missing_rate"": 0.1, ""test_mae"": 0.0075}, {""missing_rate"": 0.2, ""test_mae"": 0.0074}, {""missing_rate"": 0.3, ""test_mae"": 0.0074}, {""missing_rate"": 0.4, ""test_mae"": 0.0075}, {""missing_rate"": 0.5, ""test_mae"": 0.0078}, {""missing_rate"": 0.6, ""test_mae"": 0.0083}, {""missing_rate"": 0.7, ""test_mae"": 0.01}, {""missing_rate"": 0.8, ""test_mae"": 0.0136}, {""missing_rate"": 0.9, ""test_mae"": 0.0221}], ""test_mae_mean"": 0.0099, ""test_mae_max"": 0.0221, ""test_mae_min"": 0.0074, ""test_mae"": 0.0221, ""missing_rate"": 0.9}",experiments/logs/seed131_cnn1d_mim.log,,,67.19456887245178,"0.0,0.1,0.2,0.3,0.4,0.5,0.6,0.7,0.8,0.9","0.0,0.1,0.2,0.3,0.4,0.5,0.6,0.7,0.8,0.9",20260308_023704,experiments/runs/20260308_023704
seed132_mlp_baseline,132,mlp,baseline,completed,2026-03-08 02:37:05,,2026-03-08 07:34:44,"{""mr_results"": [{""missing_rate"": 0.0, ""test_mae"": 0.0149}, {""missing_rate"": 0.1, ""test_mae"": 0.0156}, {""missing_rate"": 0.2, ""test_mae"": 0.0165}, {""missing_rate"": 0.3, ""test_mae"": 0.0183}, {""missing_rate"": 0.4, ""test_mae"": 0.0206}, {""missing_rate"": 0.5, ""test_mae"": 0.0225}, {""missing_rate"": 0.6, ""test_mae"": 0.0254}, {""missing_rate"": 0.7, ""test_mae"": 0.0287}, {""missing_rate"": 0.8, ""test_mae"": 0.0314}, {""missing_rate"": 0.9, ""test_mae"": 0.0351}], ""test_mae_mean"": 0.022899999999999997, ""test_mae_max"": 0.0351, ""test_mae_min"": 0.0149, ""test_mae"": 0.0351, ""missing_rate"": 0.9}",experiments/logs/seed132_mlp_baseline.log,,,20.84170126914978,"0.0,0.1,0.2,0.3,0.4,0.5,0.6,0.7,0.8,0.9","0.0,0.1,0.2,0.3,0.4,0.5,0.6,0.7,0.8,0.9",20260308_023704,experiments/runs/20260308_023704
seed132_mlp_mim,132,mlp,mim,completed,2026-03-08 02:37:05,,2026-03-08 07:35:20,"{""mr_results"": [{""missing_rate"": 0.0, ""test_mae"": 0.0065}, {""missing_rate"": 0.1, ""test_mae"": 0.007}, {""missing_rate"": 0.2, ""test_mae"": 0.0073}, {""missing_rate"": 0.3, ""test_mae"": 0.0077}, {""missing_rate"": 0.4, ""test_mae"": 0.0081}, {""missing_rate"": 0.5, ""test_mae"": 0.0088}, {""missing_rate"": 0.6, ""test_mae"": 0.0101}, {""missing_rate"": 0.7, ""test_mae"": 0.0117}, {""missing_rate"": 0.8, ""test_mae"": 0.0145}, {""missing_rate"": 0.9, ""test_mae"": 0.023}], ""test_mae_mean"": 0.01047, ""test_mae_max"": 0.023, ""test_mae_min"": 0.0065, ""test_mae"": 0.023, ""missing_rate"": 0.9}",experiments/logs/seed132_mlp_mim.log,,,56.75099563598633,"0.0,0.1,0.2,0.3,0.4,0.5,0.6,0.7,0.8,0.9","0.0,0.1,0.2,0.3,0.4,0.5,0.6,0.7,0.8,0.9",20260308_023704,experiments/runs/20260308_023704
seed132_lstm_baseline,132,lstm,baseline,completed,2026-03-08 02:37:05,,2026-03-08 07:34:48,"{""mr_results"": [{""missing_rate"": 0.0, ""test_mae"": 0.0068}, {""missing_rate"": 0.1, ""test_mae"": 0.007}, {""missing_rate"": 0.2, ""test_mae"": 0.0078}, {""missing_rate"": 0.3, ""test_mae"": 0.0094}, {""missing_rate"": 0.4, ""test_mae"": 0.0119}, {""missing_rate"": 0.5, ""test_mae"": 0.0154}, {""missing_rate"": 0.6, ""test_mae"": 0.021}, {""missing_rate"": 0.7, ""test_mae"": 0.0282}, {""missing_rate"": 0.8, ""test_mae"": 0.0367}, {""missing_rate"": 0.9, ""test_mae"": 0.0469}], ""test_mae_mean"": 0.01911, ""test_mae_max"": 0.0469, ""test_mae_min"": 0.0068, ""test_mae"": 0.0469, ""missing_rate"": 0.9}",experiments/logs/seed132_lstm_baseline.log,,,24.57332181930542,"0.0,0.1,0.2,0.3,0.4,0.5,0.6,0.7,0.8,0.9","0.0,0.1,0.2,0.3,0.4,0.5,0.6,0.7,0.8,0.9",20260308_023704,experiments/runs/20260308_023704
seed132_lstm_mim,132,lstm,mim,completed,2026-03-08 02:37:05,,2026-03-08 07:35:37,"{""mr_results"": [{""missing_rate"": 0.0, ""test_mae"": 0.0072}, {""missing_rate"": 0.1, ""test_mae"": 0.007}, {""missing_rate"": 0.2, ""test_mae"": 0.007}, {""missing_rate"": 0.3, ""test_mae"": 0.0073}, {""missing_rate"": 0.4, ""test_mae"": 0.0076}, {""missing_rate"": 0.5, ""test_mae"": 0.0083}, {""missing_rate"": 0.6, ""test_mae"": 0.009}, {""missing_rate"": 0.7, ""test_mae"": 0.0108}, {""missing_rate"": 0.8, ""test_mae"": 0.0141}, {""missing_rate"": 0.9, ""test_mae"": 0.0234}], ""test_mae_mean"": 0.01017, ""test_mae_max"": 0.0234, ""test_mae_min"": 0.007, ""test_mae"": 0.0234, ""missing_rate"": 0.9}",experiments/logs/seed132_lstm_mim.log,,,74.0723328590393,"0.0,0.1,0.2,0.3,0.4,0.5,0.6,0.7,0.8,0.9","0.0,0.1,0.2,0.3,0.4,0.5,0.6,0.7,0.8,0.9",20260308_023704,experiments/runs/20260308_023704
seed132_gru_baseline,132,gru,baseline,completed,2026-03-08 02:37:05,,2026-03-08 07:35:54,"{""mr_results"": [{""missing_rate"": 0.0, ""test_mae"": 0.0104}, {""missing_rate"": 0.1, ""test_mae"": 0.0107}, {""missing_rate"": 0.2, ""test_mae"": 0.0121}, {""missing_rate"": 0.3, ""test_mae"": 0.0139}, {""missing_rate"": 0.4, ""test_mae"": 0.0161}, {""missing_rate"": 0.5, ""test_mae"": 0.0188}, {""missing_rate"": 0.6, ""test_mae"": 0.0224}, {""missing_rate"": 0.7, ""test_mae"": 0.0261}, {""missing_rate"": 0.8, ""test_mae"": 0.0301}, {""missing_rate"": 0.9, ""test_mae"": 0.0341}], ""test_mae_mean"": 0.019469999999999998, ""test_mae_max"": 0.0341, ""test_mae_min"": 0.0104, ""test_mae"": 0.0341, ""missing_rate"": 0.9}",experiments/logs/seed132_gru_baseline.log,,,14.719215393066406,"0.0,0.1,0.2,0.3,0.4,0.5,0.6,0.7,0.8,0.9","0.0,0.1,0.2,0.3,0.4,0.5,0.6,0.7,0.8,0.9",20260308_023704,experiments/runs/20260308_023704
seed132_gru_mim,132,gru,mim,completed,2026-03-08 02:37:05,,2026-03-08 07:36:25,"{""mr_results"": [{""missing_rate"": 0.0, ""test_mae"": 0.0071}, {""missing_rate"": 0.1, ""test_mae"": 0.0073}, {""missing_rate"": 0.2, ""test_mae"": 0.0073}, {""missing_rate"": 0.3, ""test_mae"": 0.0074}, {""missing_rate"": 0.4, ""test_mae"": 0.0075}, {""missing_rate"": 0.5, ""test_mae"": 0.0077}, {""missing_rate"": 0.6, ""test_mae"": 0.008}, {""missing_rate"": 0.7, ""test_mae"": 0.0091}, {""missing_rate"": 0.8, ""test_mae"": 0.0119}, {""missing_rate"": 0.9, ""test_mae"": 0.0216}], ""test_mae_mean"": 0.00949, ""test_mae_max"": 0.0216, ""test_mae_min"": 0.0071, ""test_mae"": 0.0216, ""missing_rate"": 0.9}",experiments/logs/seed132_gru_mim.log,,,45.620004415512085,"0.0,0.1,0.2,0.3,0.4,0.5,0.6,0.7,0.8,0.9","0.0,0.1,0.2,0.3,0.4,0.5,0.6,0.7,0.8,0.9",20260308_023704,experiments/runs/20260308_023704
seed132_cnn1d_baseline,132,cnn1d,baseline,completed,2026-03-08 02:37:05,,2026-03-08 07:36:50,"{""mr_results"": [{""missing_rate"": 0.0, ""test_mae"": 0.0209}, {""missing_rate"": 0.1, ""test_mae"": 0.035}, {""missing_rate"": 0.2, ""test_mae"": 0.0441}, {""missing_rate"": 0.3, ""test_mae"": 0.0489}, {""missing_rate"": 0.4, ""test_mae"": 0.0511}, {""missing_rate"": 0.5, ""test_mae"": 0.0542}, {""missing_rate"": 0.6, ""test_mae"": 0.057}, {""missing_rate"": 0.7, ""test_mae"": 0.059}, {""missing_rate"": 0.8, ""test_mae"": 0.0621}, {""missing_rate"": 0.9, ""test_mae"": 0.0708}], ""test_mae_mean"": 0.05031, ""test_mae_max"": 0.0708, ""test_mae_min"": 0.0209, ""test_mae"": 0.0708, ""missing_rate"": 0.9}",experiments/logs/seed132_cnn1d_baseline.log,Process exited with code 1,,19.084117889404297,"0.0,0.1,0.2,0.3,0.4,0.5,0.6,0.7,0.8,0.9","0.0,0.1,0.2,0.3,0.4,0.5,0.6,0.7,0.8,0.9",20260308_023704,experiments/runs/20260308_023704
seed132_cnn1d_mim,132,cnn1d,mim,completed,2026-03-08 02:37:05,,2026-03-08 07:37:41,"{""mr_results"": [{""missing_rate"": 0.0, ""test_mae"": 0.0071}, {""missing_rate"": 0.1, ""test_mae"": 0.0071}, {""missing_rate"": 0.2, ""test_mae"": 0.0071}, {""missing_rate"": 0.3, ""test_mae"": 0.0071}, {""missing_rate"": 0.4, ""test_mae"": 0.0073}, {""missing_rate"": 0.5, ""test_mae"": 0.0077}, {""missing_rate"": 0.6, ""test_mae"": 0.0083}, {""missing_rate"": 0.7, ""test_mae"": 0.0097}, {""missing_rate"": 0.8, ""test_mae"": 0.0125}, {""missing_rate"": 0.9, ""test_mae"": 0.0197}], ""test_mae_mean"": 0.00936, ""test_mae_max"": 0.0197, ""test_mae_min"": 0.0071, ""test_mae"": 0.0197, ""missing_rate"": 0.9}",experiments/logs/seed132_cnn1d_mim.log,Process exited with code 1,,70.3269271850586,"0.0,0.1,0.2,0.3,0.4,0.5,0.6,0.7,0.8,0.9","0.0,0.1,0.2,0.3,0.4,0.5,0.6,0.7,0.8,0.9",20260308_023704,experiments/runs/20260308_023704
seed133_mlp_baseline,133,mlp,baseline,completed,2026-03-08 02:37:05,,2026-03-08 07:38:00,"{""mr_results"": [{""missing_rate"": 0.0, ""test_mae"": 0.0148}, {""missing_rate"": 0.1, ""test_mae"": 0.0167}, {""missing_rate"": 0.2, ""test_mae"": 0.0187}, {""missing_rate"": 0.3, ""test_mae"": 0.0212}, {""missing_rate"": 0.4, ""test_mae"": 0.0241}, {""missing_rate"": 0.5, ""test_mae"": 0.0262}, {""missing_rate"": 0.6, ""test_mae"": 0.0293}, {""missing_rate"": 0.7, ""test_mae"": 0.0319}, {""missing_rate"": 0.8, ""test_mae"": 0.0338}, {""missing_rate"": 0.9, ""test_mae"": 0.0367}], ""test_mae_mean"": 0.02534, ""test_mae_max"": 0.0367, ""test_mae_min"": 0.0148, ""test_mae"": 0.0367, ""missing_rate"": 0.9}",experiments/logs/seed133_mlp_baseline.log,,,17.14469623565674,"0.0,0.1,0.2,0.3,0.4,0.5,0.6,0.7,0.8,0.9","0.0,0.1,0.2,0.3,0.4,0.5,0.6,0.7,0.8,0.9",20260308_023704,experiments/runs/20260308_023704
seed133_mlp_mim,133,mlp,mim,completed,2026-03-08 02:37:05,,2026-03-08 07:39:44,"{""mr_results"": [{""missing_rate"": 0.0, ""test_mae"": 0.0059}, {""missing_rate"": 0.1, ""test_mae"": 0.0062}, {""missing_rate"": 0.2, ""test_mae"": 0.0065}, {""missing_rate"": 0.3, ""test_mae"": 0.0067}, {""missing_rate"": 0.4, ""test_mae"": 0.0071}, {""missing_rate"": 0.5, ""test_mae"": 0.0078}, {""missing_rate"": 0.6, ""test_mae"": 0.0092}, {""missing_rate"": 0.7, ""test_mae"": 0.0113}, {""missing_rate"": 0.8, ""test_mae"": 0.0137}, {""missing_rate"": 0.9, ""test_mae"": 0.0232}], ""test_mae_mean"": 0.00976, ""test_mae_max"": 0.0232, ""test_mae_min"": 0.0059, ""test_mae"": 0.0232, ""missing_rate"": 0.9}",experiments/logs/seed133_mlp_mim.log,Process exited with code 1,,49.32642316818237,"0.0,0.1,0.2,0.3,0.4,0.5,0.6,0.7,0.8,0.9","0.0,0.1,0.2,0.3,0.4,0.5,0.6,0.7,0.8,0.9",20260308_023704,experiments/runs/20260308_023704
seed133_lstm_baseline,133,lstm,baseline,completed,2026-03-08 02:37:05,,2026-03-08 07:38:05,"{""mr_results"": [{""missing_rate"": 0.0, ""test_mae"": 0.0065}, {""missing_rate"": 0.1, ""test_mae"": 0.0073}, {""missing_rate"": 0.2, ""test_mae"": 0.0084}, {""missing_rate"": 0.3, ""test_mae"": 0.0104}, {""missing_rate"": 0.4, ""test_mae"": 0.0156}, {""missing_rate"": 0.5, ""test_mae"": 0.0277}, {""missing_rate"": 0.6, ""test_mae"": 0.0466}, {""missing_rate"": 0.7, ""test_mae"": 0.0702}, {""missing_rate"": 0.8, ""test_mae"": 0.0944}, {""missing_rate"": 0.9, ""test_mae"": 0.1121}], ""test_mae_mean"": 0.03992, ""test_mae_max"": 0.1121, ""test_mae_min"": 0.0065, ""test_mae"": 0.1121, ""missing_rate"": 0.9}",experiments/logs/seed133_lstm_baseline.log,,,21.52017593383789,"0.0,0.1,0.2,0.3,0.4,0.5,0.6,0.7,0.8,0.9","0.0,0.1,0.2,0.3,0.4,0.5,0.6,0.7,0.8,0.9",20260308_023704,experiments/runs/20260308_023704
seed133_lstm_mim,133,lstm,mim,completed,2026-03-08 02:37:05,,2026-03-08 07:39:33,"{""mr_results"": [{""missing_rate"": 0.0, ""test_mae"": 0.0076}, {""missing_rate"": 0.1, ""test_mae"": 0.0077}, {""missing_rate"": 0.2, ""test_mae"": 0.0078}, {""missing_rate"": 0.3, ""test_mae"": 0.0079}, {""missing_rate"": 0.4, ""test_mae"": 0.008}, {""missing_rate"": 0.5, ""test_mae"": 0.0082}, {""missing_rate"": 0.6, ""test_mae"": 0.0086}, {""missing_rate"": 0.7, ""test_mae"": 0.0095}, {""missing_rate"": 0.8, ""test_mae"": 0.0122}, {""missing_rate"": 0.9, ""test_mae"": 0.0203}], ""test_mae_mean"": 0.00978, ""test_mae_max"": 0.0203, ""test_mae_min"": 0.0076, ""test_mae"": 0.0203, ""missing_rate"": 0.9}",experiments/logs/seed133_lstm_mim.log,Process exited with code 1,,38.34748864173889,"0.0,0.1,0.2,0.3,0.4,0.5,0.6,0.7,0.8,0.9","0.0,0.1,0.2,0.3,0.4,0.5,0.6,0.7,0.8,0.9",20260308_023704,experiments/runs/20260308_023704
seed133_gru_baseline,133,gru,baseline,completed,2026-03-08 02:37:05,,2026-03-08 07:40:02,"{""mr_results"": [{""missing_rate"": 0.0, ""test_mae"": 0.0066}, {""missing_rate"": 0.1, ""test_mae"": 0.0091}, {""missing_rate"": 0.2, ""test_mae"": 0.0117}, {""missing_rate"": 0.3, ""test_mae"": 0.0143}, {""missing_rate"": 0.4, ""test_mae"": 0.0173}, {""missing_rate"": 0.5, ""test_mae"": 0.0207}, {""missing_rate"": 0.6, ""test_mae"": 0.0246}, {""missing_rate"": 0.7, ""test_mae"": 0.0284}, {""missing_rate"": 0.8, ""test_mae"": 0.032}, {""missing_rate"": 0.9, ""test_mae"": 0.0357}], ""test_mae_mean"": 0.02004, ""test_mae_max"": 0.0357, ""test_mae_min"": 0.0066, ""test_mae"": 0.0357, ""missing_rate"": 0.9}",experiments/logs/seed133_gru_baseline.log,,,16.799736499786377,"0.0,0.1,0.2,0.3,0.4,0.5,0.6,0.7,0.8,0.9","0.0,0.1,0.2,0.3,0.4,0.5,0.6,0.7,0.8,0.9",20260308_023704,experiments/runs/20260308_023704
seed133_gru_mim,133,gru,mim,completed,2026-03-08 02:37:05,,2026-03-08 07:42:02,"{""mr_results"": [{""missing_rate"": 0.0, ""test_mae"": 0.0069}, {""missing_rate"": 0.1, ""test_mae"": 0.0069}, {""missing_rate"": 0.2, ""test_mae"": 0.0069}, {""missing_rate"": 0.3, ""test_mae"": 0.007}, {""missing_rate"": 0.4, ""test_mae"": 0.0072}, {""missing_rate"": 0.5, ""test_mae"": 0.0076}, {""missing_rate"": 0.6, ""test_mae"": 0.0079}, {""missing_rate"": 0.7, ""test_mae"": 0.0091}, {""missing_rate"": 0.8, ""test_mae"": 0.0125}, {""missing_rate"": 0.9, ""test_mae"": 0.0213}], ""test_mae_mean"": 0.00933, ""test_mae_max"": 0.0213, ""test_mae_min"": 0.0069, ""test_mae"": 0.0213, ""missing_rate"": 0.9}",experiments/logs/seed133_gru_mim.log,Process exited with code 1,,50.434510231018066,"0.0,0.1,0.2,0.3,0.4,0.5,0.6,0.7,0.8,0.9","0.0,0.1,0.2,0.3,0.4,0.5,0.6,0.7,0.8,0.9",20260308_023704,experiments/runs/20260308_023704
seed133_cnn1d_baseline,133,cnn1d,baseline,completed,2026-03-08 02:37:05,,2026-03-08 07:41:30,"{""mr_results"": [{""missing_rate"": 0.0, ""test_mae"": 0.0252}, {""missing_rate"": 0.1, ""test_mae"": 0.0482}, {""missing_rate"": 0.2, ""test_mae"": 0.0621}, {""missing_rate"": 0.3, ""test_mae"": 0.0671}, {""missing_rate"": 0.4, ""test_mae"": 0.0722}, {""missing_rate"": 0.5, ""test_mae"": 0.0791}, {""missing_rate"": 0.6, ""test_mae"": 0.0857}, {""missing_rate"": 0.7, ""test_mae"": 0.0927}, {""missing_rate"": 0.8, ""test_mae"": 0.0973}, {""missing_rate"": 0.9, ""test_mae"": 0.1122}], ""test_mae_mean"": 0.07418, ""test_mae_max"": 0.1122, ""test_mae_min"": 0.0252, ""test_mae"": 0.1122, ""missing_rate"": 0.9}",experiments/logs/seed133_cnn1d_baseline.log,Process exited with code 1,,18.95768690109253,"0.0,0.1,0.2,0.3,0.4,0.5,0.6,0.7,0.8,0.9","0.0,0.1,0.2,0.3,0.4,0.5,0.6,0.7,0.8,0.9",20260308_023704,experiments/runs/20260308_023704
seed133_cnn1d_mim,133,cnn1d,mim,completed,2026-03-08 02:37:05,,2026-03-08 07:41:05,"{""mr_results"": [{""missing_rate"": 0.0, ""test_mae"": 0.0063}, {""missing_rate"": 0.1, ""test_mae"": 0.0062}, {""missing_rate"": 0.2, ""test_mae"": 0.0063}, {""missing_rate"": 0.3, ""test_mae"": 0.0064}, {""missing_rate"": 0.4, ""test_mae"": 0.0069}, {""missing_rate"": 0.5, ""test_mae"": 0.0076}, {""missing_rate"": 0.6, ""test_mae"": 0.0087}, {""missing_rate"": 0.7, ""test_mae"": 0.0103}, {""missing_rate"": 0.8, ""test_mae"": 0.0133}, {""missing_rate"": 0.9, ""test_mae"": 0.0213}], ""test_mae_mean"": 0.00933, ""test_mae_max"": 0.0213, ""test_mae_min"": 0.0062, ""test_mae"": 0.0213, ""missing_rate"": 0.9}",experiments/logs/seed133_cnn1d_mim.log,,,80.36512899398804,"0.0,0.1,0.2,0.3,0.4,0.5,0.6,0.7,0.8,0.9","0.0,0.1,0.2,0.3,0.4,0.5,0.6,0.7,0.8,0.9",20260308_023704,experiments/runs/20260308_023704
seed134_mlp_baseline,134,mlp,baseline,completed,2026-03-08 02:37:05,,2026-03-08 07:42:24,"{""mr_results"": [{""missing_rate"": 0.0, ""test_mae"": 0.0098}, {""missing_rate"": 0.1, ""test_mae"": 0.0113}, {""missing_rate"": 0.2, ""test_mae"": 0.0128}, {""missing_rate"": 0.3, ""test_mae"": 0.0148}, {""missing_rate"": 0.4, ""test_mae"": 0.0174}, {""missing_rate"": 0.5, ""test_mae"": 0.0202}, {""missing_rate"": 0.6, ""test_mae"": 0.0236}, {""missing_rate"": 0.7, ""test_mae"": 0.027}, {""missing_rate"": 0.8, ""test_mae"": 0.03}, {""missing_rate"": 0.9, ""test_mae"": 0.034}], ""test_mae_mean"": 0.02009, ""test_mae_max"": 0.034, ""test_mae_min"": 0.0098, ""test_mae"": 0.034, ""missing_rate"": 0.9}",experiments/logs/seed134_mlp_baseline.log,,,20.353240251541138,"0.0,0.1,0.2,0.3,0.4,0.5,0.6,0.7,0.8,0.9","0.0,0.1,0.2,0.3,0.4,0.5,0.6,0.7,0.8,0.9",20260308_023704,experiments/runs/20260308_023704
seed134_mlp_mim,134,mlp,mim,completed,2026-03-08 02:37:05,,2026-03-08 07:42:59,"{""mr_results"": [{""missing_rate"": 0.0, ""test_mae"": 0.0064}, {""missing_rate"": 0.1, ""test_mae"": 0.0067}, {""missing_rate"": 0.2, ""test_mae"": 0.0071}, {""missing_rate"": 0.3, ""test_mae"": 0.0073}, {""missing_rate"": 0.4, ""test_mae"": 0.0079}, {""missing_rate"": 0.5, ""test_mae"": 0.0088}, {""missing_rate"": 0.6, ""test_mae"": 0.01}, {""missing_rate"": 0.7, ""test_mae"": 0.0116}, {""missing_rate"": 0.8, ""test_mae"": 0.0144}, {""missing_rate"": 0.9, ""test_mae"": 0.0228}], ""test_mae_mean"": 0.0103, ""test_mae_max"": 0.0228, ""test_mae_min"": 0.0064, ""test_mae"": 0.0228, ""missing_rate"": 0.9}",experiments/logs/seed134_mlp_mim.log,,,55.110496044158936,"0.0,0.1,0.2,0.3,0.4,0.5,0.6,0.7,0.8,0.9","0.0,0.1,0.2,0.3,0.4,0.5,0.6,0.7,0.8,0.9",20260308_023704,experiments/runs/20260308_023704
seed134_lstm_baseline,134,lstm,baseline,completed,2026-03-08 02:37:05,,2026-03-08 07:42:25,"{""mr_results"": [{""missing_rate"": 0.0, ""test_mae"": 0.0058}, {""missing_rate"": 0.1, ""test_mae"": 0.0064}, {""missing_rate"": 0.2, ""test_mae"": 0.0077}, {""missing_rate"": 0.3, ""test_mae"": 0.0093}, {""missing_rate"": 0.4, ""test_mae"": 0.012}, {""missing_rate"": 0.5, ""test_mae"": 0.0155}, {""missing_rate"": 0.6, ""test_mae"": 0.0208}, {""missing_rate"": 0.7, ""test_mae"": 0.0271}, {""missing_rate"": 0.8, ""test_mae"": 0.034}, {""missing_rate"": 0.9, ""test_mae"": 0.0434}], ""test_mae_mean"": 0.0182, ""test_mae_max"": 0.0434, ""test_mae_min"": 0.0058, ""test_mae"": 0.0434, ""missing_rate"": 0.9}",experiments/logs/seed134_lstm_baseline.log,,,20.914199590682983,"0.0,0.1,0.2,0.3,0.4,0.5,0.6,0.7,0.8,0.9","0.0,0.1,0.2,0.3,0.4,0.5,0.6,0.7,0.8,0.9",20260308_023704,experiments/runs/20260308_023704
seed134_lstm_mim,134,lstm,mim,completed,2026-03-08 02:37:05,,2026-03-08 07:44:20,"{""mr_results"": [{""missing_rate"": 0.0, ""test_mae"": 0.0062}, {""missing_rate"": 0.1, ""test_mae"": 0.0063}, {""missing_rate"": 0.2, ""test_mae"": 0.0065}, {""missing_rate"": 0.3, ""test_mae"": 0.0068}, {""missing_rate"": 0.4, ""test_mae"": 0.007}, {""missing_rate"": 0.5, ""test_mae"": 0.0077}, {""missing_rate"": 0.6, ""test_mae"": 0.0084}, {""missing_rate"": 0.7, ""test_mae"": 0.0097}, {""missing_rate"": 0.8, ""test_mae"": 0.0129}, {""missing_rate"": 0.9, ""test_mae"": 0.0209}], ""test_mae_mean"": 0.00924, ""test_mae_max"": 0.0209, ""test_mae_min"": 0.0062, ""test_mae"": 0.0209, ""missing_rate"": 0.9}",experiments/logs/seed134_lstm_mim.log,Process exited with code 1,,74.66371202468872,"0.0,0.1,0.2,0.3,0.4,0.5,0.6,0.7,0.8,0.9","0.0,0.1,0.2,0.3,0.4,0.5,0.6,0.7,0.8,0.9",20260308_023704,experiments/runs/20260308_023704
seed134_gru_baseline,134,gru,baseline,completed,2026-03-08 02:37:05,,2026-03-08 07:44:34,"{""mr_results"": [{""missing_rate"": 0.0, ""test_mae"": 0.0074}, {""missing_rate"": 0.1, ""test_mae"": 0.0131}, {""missing_rate"": 0.2, ""test_mae"": 0.0173}, {""missing_rate"": 0.3, ""test_mae"": 0.0216}, {""missing_rate"": 0.4, ""test_mae"": 0.0252}, {""missing_rate"": 0.5, ""test_mae"": 0.0273}, {""missing_rate"": 0.6, ""test_mae"": 0.0297}, {""missing_rate"": 0.7, ""test_mae"": 0.031}, {""missing_rate"": 0.8, ""test_mae"": 0.0337}, {""missing_rate"": 0.9, ""test_mae"": 0.0363}], ""test_mae_mean"": 0.02426, ""test_mae_max"": 0.0363, ""test_mae_min"": 0.0074, ""test_mae"": 0.0363, ""missing_rate"": 0.9}",experiments/logs/seed134_gru_baseline.log,,,12.935131311416626,"0.0,0.1,0.2,0.3,0.4,0.5,0.6,0.7,0.8,0.9","0.0,0.1,0.2,0.3,0.4,0.5,0.6,0.7,0.8,0.9",20260308_023704,experiments/runs/20260308_023704
seed134_gru_mim,134,gru,mim,completed,2026-03-08 02:37:05,,2026-03-08 07:45:01,"{""mr_results"": [{""missing_rate"": 0.0, ""test_mae"": 0.0057}, {""missing_rate"": 0.1, ""test_mae"": 0.0057}, {""missing_rate"": 0.2, ""test_mae"": 0.0057}, {""missing_rate"": 0.3, ""test_mae"": 0.0059}, {""missing_rate"": 0.4, ""test_mae"": 0.006}, {""missing_rate"": 0.5, ""test_mae"": 0.0061}, {""missing_rate"": 0.6, ""test_mae"": 0.0065}, {""missing_rate"": 0.7, ""test_mae"": 0.0077}, {""missing_rate"": 0.8, ""test_mae"": 0.0113}, {""missing_rate"": 0.9, ""test_mae"": 0.0213}], ""test_mae_mean"": 0.00819, ""test_mae_max"": 0.0213, ""test_mae_min"": 0.0057, ""test_mae"": 0.0213, ""missing_rate"": 0.9}",experiments/logs/seed134_gru_mim.log,,,39.89649224281311,"0.0,0.1,0.2,0.3,0.4,0.5,0.6,0.7,0.8,0.9","0.0,0.1,0.2,0.3,0.4,0.5,0.6,0.7,0.8,0.9",20260308_023704,experiments/runs/20260308_023704
seed134_cnn1d_baseline,134,cnn1d,baseline,completed,2026-03-08 02:37:05,,2026-03-08 07:46:01,"{""mr_results"": [{""missing_rate"": 0.0, ""test_mae"": 0.0248}, {""missing_rate"": 0.1, ""test_mae"": 0.0375}, {""missing_rate"": 0.2, ""test_mae"": 0.0452}, {""missing_rate"": 0.3, ""test_mae"": 0.0489}, {""missing_rate"": 0.4, ""test_mae"": 0.0518}, {""missing_rate"": 0.5, ""test_mae"": 0.0556}, {""missing_rate"": 0.6, ""test_mae"": 0.0601}, {""missing_rate"": 0.7, ""test_mae"": 0.0635}, {""missing_rate"": 0.8, ""test_mae"": 0.0682}, {""missing_rate"": 0.9, ""test_mae"": 0.0779}], ""test_mae_mean"": 0.053349999999999995, ""test_mae_max"": 0.0779, ""test_mae_min"": 0.0248, ""test_mae"": 0.0779, ""missing_rate"": 0.9}",experiments/logs/seed134_cnn1d_baseline.log,Process exited with code 1,,19.186721563339233,"0.0,0.1,0.2,0.3,0.4,0.5,0.6,0.7,0.8,0.9","0.0,0.1,0.2,0.3,0.4,0.5,0.6,0.7,0.8,0.9",20260308_023704,experiments/runs/20260308_023704
seed134_cnn1d_mim,134,cnn1d,mim,completed,2026-03-08 02:37:05,,2026-03-08 07:46:37,"{""mr_results"": [{""missing_rate"": 0.0, ""test_mae"": 0.0068}, {""missing_rate"": 0.1, ""test_mae"": 0.0066}, {""missing_rate"": 0.2, ""test_mae"": 0.0066}, {""missing_rate"": 0.3, ""test_mae"": 0.0069}, {""missing_rate"": 0.4, ""test_mae"": 0.0072}, {""missing_rate"": 0.5, ""test_mae"": 0.0077}, {""missing_rate"": 0.6, ""test_mae"": 0.0083}, {""missing_rate"": 0.7, ""test_mae"": 0.0093}, {""missing_rate"": 0.8, ""test_mae"": 0.0122}, {""missing_rate"": 0.9, ""test_mae"": 0.0199}], ""test_mae_mean"": 0.00915, ""test_mae_max"": 0.0199, ""test_mae_min"": 0.0066, ""test_mae"": 0.0199, ""missing_rate"": 0.9}",experiments/logs/seed134_cnn1d_mim.log,Process exited with code 1,,54.77627730369568,"0.0,0.1,0.2,0.3,0.4,0.5,0.6,0.7,0.8,0.9","0.0,0.1,0.2,0.3,0.4,0.5,0.6,0.7,0.8,0.9",20260308_023704,experiments/runs/20260308_023704
seed135_mlp_baseline,135,mlp,baseline,completed,2026-03-08 02:37:05,,2026-03-08 07:47:01,"{""mr_results"": [{""missing_rate"": 0.0, ""test_mae"": 0.0092}, {""missing_rate"": 0.1, ""test_mae"": 0.0108}, {""missing_rate"": 0.2, ""test_mae"": 0.0123}, {""missing_rate"": 0.3, ""test_mae"": 0.0149}, {""missing_rate"": 0.4, ""test_mae"": 0.0176}, {""missing_rate"": 0.5, ""test_mae"": 0.0205}, {""missing_rate"": 0.6, ""test_mae"": 0.0243}, {""missing_rate"": 0.7, ""test_mae"": 0.0274}, {""missing_rate"": 0.8, ""test_mae"": 0.03}, {""missing_rate"": 0.9, ""test_mae"": 0.0341}], ""test_mae_mean"": 0.02011, ""test_mae_max"": 0.0341, ""test_mae_min"": 0.0092, ""test_mae"": 0.0341, ""missing_rate"": 0.9}",experiments/logs/seed135_mlp_baseline.log,,,22.126505374908447,"0.0,0.1,0.2,0.3,0.4,0.5,0.6,0.7,0.8,0.9","0.0,0.1,0.2,0.3,0.4,0.5,0.6,0.7,0.8,0.9",20260308_023704,experiments/runs/20260308_023704
seed135_mlp_mim,135,mlp,mim,completed,2026-03-08 02:37:05,,2026-03-08 07:47:32,"{""mr_results"": [{""missing_rate"": 0.0, ""test_mae"": 0.006}, {""missing_rate"": 0.1, ""test_mae"": 0.0064}, {""missing_rate"": 0.2, ""test_mae"": 0.0067}, {""missing_rate"": 0.3, ""test_mae"": 0.0069}, {""missing_rate"": 0.4, ""test_mae"": 0.0076}, {""missing_rate"": 0.5, ""test_mae"": 0.0087}, {""missing_rate"": 0.6, ""test_mae"": 0.0102}, {""missing_rate"": 0.7, ""test_mae"": 0.012}, {""missing_rate"": 0.8, ""test_mae"": 0.0149}, {""missing_rate"": 0.9, ""test_mae"": 0.0241}], ""test_mae_mean"": 0.01035, ""test_mae_max"": 0.0241, ""test_mae_min"": 0.006, ""test_mae"": 0.0241, ""missing_rate"": 0.9}",experiments/logs/seed135_mlp_mim.log,,,53.313188552856445,"0.0,0.1,0.2,0.3,0.4,0.5,0.6,0.7,0.8,0.9","0.0,0.1,0.2,0.3,0.4,0.5,0.6,0.7,0.8,0.9",20260308_023704,experiments/runs/20260308_023704
seed135_lstm_baseline,135,lstm,baseline,completed,2026-03-08 02:37:05,,2026-03-08 07:47:01,"{""mr_results"": [{""missing_rate"": 0.0, ""test_mae"": 0.0061}, {""missing_rate"": 0.1, ""test_mae"": 0.0067}, {""missing_rate"": 0.2, ""test_mae"": 0.0079}, {""missing_rate"": 0.3, ""test_mae"": 0.0096}, {""missing_rate"": 0.4, ""test_mae"": 0.0132}, {""missing_rate"": 0.5, ""test_mae"": 0.0179}, {""missing_rate"": 0.6, ""test_mae"": 0.0256}, {""missing_rate"": 0.7, ""test_mae"": 0.0336}, {""missing_rate"": 0.8, ""test_mae"": 0.0421}, {""missing_rate"": 0.9, ""test_mae"": 0.0529}], ""test_mae_mean"": 0.021560000000000003, ""test_mae_max"": 0.0529, ""test_mae_min"": 0.0061, ""test_mae"": 0.0529, ""missing_rate"": 0.9}",experiments/logs/seed135_lstm_baseline.log,,,22.73947286605835,"0.0,0.1,0.2,0.3,0.4,0.5,0.6,0.7,0.8,0.9","0.0,0.1,0.2,0.3,0.4,0.5,0.6,0.7,0.8,0.9",20260308_023704,experiments/runs/20260308_023704
seed135_lstm_mim,135,lstm,mim,completed,2026-03-08 02:37:05,,2026-03-08 07:47:24,"{""mr_results"": [{""missing_rate"": 0.0, ""test_mae"": 0.0064}, {""missing_rate"": 0.1, ""test_mae"": 0.0065}, {""missing_rate"": 0.2, ""test_mae"": 0.0066}, {""missing_rate"": 0.3, ""test_mae"": 0.0066}, {""missing_rate"": 0.4, ""test_mae"": 0.007}, {""missing_rate"": 0.5, ""test_mae"": 0.0076}, {""missing_rate"": 0.6, ""test_mae"": 0.0083}, {""missing_rate"": 0.7, ""test_mae"": 0.0097}, {""missing_rate"": 0.8, ""test_mae"": 0.0128}, {""missing_rate"": 0.9, ""test_mae"": 0.0218}], ""test_mae_mean"": 0.00933, ""test_mae_max"": 0.0218, ""test_mae_min"": 0.0064, ""test_mae"": 0.0218, ""missing_rate"": 0.9}",experiments/logs/seed135_lstm_mim.log,,,45.13928771018982,"0.0,0.1,0.2,0.3,0.4,0.5,0.6,0.7,0.8,0.9","0.0,0.1,0.2,0.3,0.4,0.5,0.6,0.7,0.8,0.9",20260308_023704,experiments/runs/20260308_023704
seed135_gru_baseline,135,gru,baseline,completed,2026-03-08 02:37:05,,2026-03-08 07:47:51,"{""mr_results"": [{""missing_rate"": 0.0, ""test_mae"": 0.0064}, {""missing_rate"": 0.1, ""test_mae"": 0.0079}, {""missing_rate"": 0.2, ""test_mae"": 0.0101}, {""missing_rate"": 0.3, ""test_mae"": 0.0125}, {""missing_rate"": 0.4, ""test_mae"": 0.0157}, {""missing_rate"": 0.5, ""test_mae"": 0.0188}, {""missing_rate"": 0.6, ""test_mae"": 0.0226}, {""missing_rate"": 0.7, ""test_mae"": 0.0263}, {""missing_rate"": 0.8, ""test_mae"": 0.0302}, {""missing_rate"": 0.9, ""test_mae"": 0.034}], ""test_mae_mean"": 0.01845, ""test_mae_max"": 0.034, ""test_mae_min"": 0.0064, ""test_mae"": 0.034, ""missing_rate"": 0.9}",experiments/logs/seed135_gru_baseline.log,,,17.46479368209839,"0.0,0.1,0.2,0.3,0.4,0.5,0.6,0.7,0.8,0.9","0.0,0.1,0.2,0.3,0.4,0.5,0.6,0.7,0.8,0.9",20260308_023704,experiments/runs/20260308_023704
seed135_gru_mim,135,gru,mim,completed,2026-03-08 02:37:05,,2026-03-08 07:48:59,"{""mr_results"": [{""missing_rate"": 0.0, ""test_mae"": 0.0063}, {""missing_rate"": 0.1, ""test_mae"": 0.0065}, {""missing_rate"": 0.2, ""test_mae"": 0.0069}, {""missing_rate"": 0.3, ""test_mae"": 0.0074}, {""missing_rate"": 0.4, ""test_mae"": 0.008}, {""missing_rate"": 0.5, ""test_mae"": 0.0087}, {""missing_rate"": 0.6, ""test_mae"": 0.0098}, {""missing_rate"": 0.7, ""test_mae"": 0.0117}, {""missing_rate"": 0.8, ""test_mae"": 0.0168}, {""missing_rate"": 0.9, ""test_mae"": 0.0268}], ""test_mae_mean"": 0.01089, ""test_mae_max"": 0.0268, ""test_mae_min"": 0.0063, ""test_mae"": 0.0268, ""missing_rate"": 0.9}",experiments/logs/seed135_gru_mim.log,Process exited with code 1,,32.05257797241211,"0.0,0.1,0.2,0.3,0.4,0.5,0.6,0.7,0.8,0.9","0.0,0.1,0.2,0.3,0.4,0.5,0.6,0.7,0.8,0.9",20260308_023704,experiments/runs/20260308_023704
seed135_cnn1d_baseline,135,cnn1d,baseline,completed,2026-03-08 02:37:05,,2026-03-08 07:47:57,"{""mr_results"": [{""missing_rate"": 0.0, ""test_mae"": 0.0281}, {""missing_rate"": 0.1, ""test_mae"": 0.0446}, {""missing_rate"": 0.2, ""test_mae"": 0.0559}, {""missing_rate"": 0.3, ""test_mae"": 0.0613}, {""missing_rate"": 0.4, ""test_mae"": 0.064}, {""missing_rate"": 0.5, ""test_mae"": 0.0682}, {""missing_rate"": 0.6, ""test_mae"": 0.071}, {""missing_rate"": 0.7, ""test_mae"": 0.0742}, {""missing_rate"": 0.8, ""test_mae"": 0.078}, {""missing_rate"": 0.9, ""test_mae"": 0.0894}], ""test_mae_mean"": 0.06347, ""test_mae_max"": 0.0894, ""test_mae_min"": 0.0281, ""test_mae"": 0.0894, ""missing_rate"": 0.9}",experiments/logs/seed135_cnn1d_baseline.log,,,23.00135612487793,"0.0,0.1,0.2,0.3,0.4,0.5,0.6,0.7,0.8,0.9","0.0,0.1,0.2,0.3,0.4,0.5,0.6,0.7,0.8,0.9",20260308_023704,experiments/runs/20260308_023704
seed135_cnn1d_mim,135,cnn1d,mim,completed,2026-03-08 02:37:05,,2026-03-08 07:48:22,"{""mr_results"": [{""missing_rate"": 0.0, ""test_mae"": 0.0061}, {""missing_rate"": 0.1, ""test_mae"": 0.0066}, {""missing_rate"": 0.2, ""test_mae"": 0.0067}, {""missing_rate"": 0.3, ""test_mae"": 0.0067}, {""missing_rate"": 0.4, ""test_mae"": 0.0068}, {""missing_rate"": 0.5, ""test_mae"": 0.0071}, {""missing_rate"": 0.6, ""test_mae"": 0.0074}, {""missing_rate"": 0.7, ""test_mae"": 0.0082}, {""missing_rate"": 0.8, ""test_mae"": 0.0104}, {""missing_rate"": 0.9, ""test_mae"": 0.0171}], ""test_mae_mean"": 0.008310000000000001, ""test_mae_max"": 0.0171, ""test_mae_min"": 0.0061, ""test_mae"": 0.0171, ""missing_rate"": 0.9}",experiments/logs/seed135_cnn1d_mim.log,,,47.92591857910156,"0.0,0.1,0.2,0.3,0.4,0.5,0.6,0.7,0.8,0.9","0.0,0.1,0.2,0.3,0.4,0.5,0.6,0.7,0.8,0.9",20260308_023704,experiments/runs/20260308_023704
seed136_mlp_baseline,136,mlp,baseline,completed,2026-03-08 02:37:05,,2026-03-08 07:49:18,"{""mr_results"": [{""missing_rate"": 0.0, ""test_mae"": 0.015}, {""missing_rate"": 0.1, ""test_mae"": 0.0158}, {""missing_rate"": 0.2, ""test_mae"": 0.0169}, {""missing_rate"": 0.3, ""test_mae"": 0.0188}, {""missing_rate"": 0.4, ""test_mae"": 0.0217}, {""missing_rate"": 0.5, ""test_mae"": 0.0242}, {""missing_rate"": 0.6, ""test_mae"": 0.0274}, {""missing_rate"": 0.7, ""test_mae"": 0.0306}, {""missing_rate"": 0.8, ""test_mae"": 0.033}, {""missing_rate"": 0.9, ""test_mae"": 0.0366}], ""test_mae_mean"": 0.024, ""test_mae_max"": 0.0366, ""test_mae_min"": 0.015, ""test_mae"": 0.0366, ""missing_rate"": 0.9}",experiments/logs/seed136_mlp_baseline.log,,,16.980956315994263,"0.0,0.1,0.2,0.3,0.4,0.5,0.6,0.7,0.8,0.9","0.0,0.1,0.2,0.3,0.4,0.5,0.6,0.7,0.8,0.9",20260308_023704,experiments/runs/20260308_023704
seed136_mlp_mim,136,mlp,mim,completed,2026-03-08 02:37:05,,2026-03-08 07:51:15,"{""mr_results"": [{""missing_rate"": 0.0, ""test_mae"": 0.0051}, {""missing_rate"": 0.1, ""test_mae"": 0.0055}, {""missing_rate"": 0.2, ""test_mae"": 0.0058}, {""missing_rate"": 0.3, ""test_mae"": 0.0061}, {""missing_rate"": 0.4, ""test_mae"": 0.0066}, {""missing_rate"": 0.5, ""test_mae"": 0.0077}, {""missing_rate"": 0.6, ""test_mae"": 0.0088}, {""missing_rate"": 0.7, ""test_mae"": 0.0108}, {""missing_rate"": 0.8, ""test_mae"": 0.0138}, {""missing_rate"": 0.9, ""test_mae"": 0.0229}], ""test_mae_mean"": 0.00931, ""test_mae_max"": 0.0229, ""test_mae_min"": 0.0051, ""test_mae"": 0.0229, ""missing_rate"": 0.9}",experiments/logs/seed136_mlp_mim.log,Process exited with code 1,,51.70089864730835,"0.0,0.1,0.2,0.3,0.4,0.5,0.6,0.7,0.8,0.9","0.0,0.1,0.2,0.3,0.4,0.5,0.6,0.7,0.8,0.9",20260308_023704,experiments/runs/20260308_023704
seed136_lstm_baseline,136,lstm,baseline,completed,2026-03-08 02:37:05,,2026-03-08 07:50:42,"{""mr_results"": [{""missing_rate"": 0.0, ""test_mae"": 0.0061}, {""missing_rate"": 0.1, ""test_mae"": 0.0072}, {""missing_rate"": 0.2, ""test_mae"": 0.0086}, {""missing_rate"": 0.3, ""test_mae"": 0.0103}, {""missing_rate"": 0.4, ""test_mae"": 0.0129}, {""missing_rate"": 0.5, ""test_mae"": 0.0166}, {""missing_rate"": 0.6, ""test_mae"": 0.022}, {""missing_rate"": 0.7, ""test_mae"": 0.0279}, {""missing_rate"": 0.8, ""test_mae"": 0.0354}, {""missing_rate"": 0.9, ""test_mae"": 0.0446}], ""test_mae_mean"": 0.01916, ""test_mae_max"": 0.0446, ""test_mae_min"": 0.0061, ""test_mae"": 0.0446, ""missing_rate"": 0.9}",experiments/logs/seed136_lstm_baseline.log,Process exited with code 1,,18.682119846343994,"0.0,0.1,0.2,0.3,0.4,0.5,0.6,0.7,0.8,0.9","0.0,0.1,0.2,0.3,0.4,0.5,0.6,0.7,0.8,0.9",20260308_023704,experiments/runs/20260308_023704
seed136_lstm_mim,136,lstm,mim,completed,2026-03-08 02:37:05,,2026-03-08 07:50:17,"{""mr_results"": [{""missing_rate"": 0.0, ""test_mae"": 0.0056}, {""missing_rate"": 0.1, ""test_mae"": 0.0056}, {""missing_rate"": 0.2, ""test_mae"": 0.0058}, {""missing_rate"": 0.3, ""test_mae"": 0.0061}, {""missing_rate"": 0.4, ""test_mae"": 0.0063}, {""missing_rate"": 0.5, ""test_mae"": 0.0069}, {""missing_rate"": 0.6, ""test_mae"": 0.0075}, {""missing_rate"": 0.7, ""test_mae"": 0.0089}, {""missing_rate"": 0.8, ""test_mae"": 0.0119}, {""missing_rate"": 0.9, ""test_mae"": 0.0193}], ""test_mae_mean"": 0.00839, ""test_mae_max"": 0.0193, ""test_mae_min"": 0.0056, ""test_mae"": 0.0193, ""missing_rate"": 0.9}",experiments/logs/seed136_lstm_mim.log,,,75.99688076972961,"0.0,0.1,0.2,0.3,0.4,0.5,0.6,0.7,0.8,0.9","0.0,0.1,0.2,0.3,0.4,0.5,0.6,0.7,0.8,0.9",20260308_023704,experiments/runs/20260308_023704
seed136_gru_baseline,136,gru,baseline,completed,2026-03-08 02:37:05,,2026-03-08 07:51:31,"{""mr_results"": [{""missing_rate"": 0.0, ""test_mae"": 0.0062}, {""missing_rate"": 0.1, ""test_mae"": 0.0096}, {""missing_rate"": 0.2, ""test_mae"": 0.0127}, {""missing_rate"": 0.3, ""test_mae"": 0.0153}, {""missing_rate"": 0.4, ""test_mae"": 0.0187}, {""missing_rate"": 0.5, ""test_mae"": 0.0214}, {""missing_rate"": 0.6, ""test_mae"": 0.0246}, {""missing_rate"": 0.7, ""test_mae"": 0.0278}, {""missing_rate"": 0.8, ""test_mae"": 0.0313}, {""missing_rate"": 0.9, ""test_mae"": 0.0348}], ""test_mae_mean"": 0.02024, ""test_mae_max"": 0.0348, ""test_mae_min"": 0.0062, ""test_mae"": 0.0348, ""missing_rate"": 0.9}",experiments/logs/seed136_gru_baseline.log,,,14.489814043045044,"0.0,0.1,0.2,0.3,0.4,0.5,0.6,0.7,0.8,0.9","0.0,0.1,0.2,0.3,0.4,0.5,0.6,0.7,0.8,0.9",20260308_023704,experiments/runs/20260308_023704
seed136_gru_mim,136,gru,mim,completed,2026-03-08 02:37:05,,2026-03-08 07:53:42,"{""mr_results"": [{""missing_rate"": 0.0, ""test_mae"": 0.0058}, {""missing_rate"": 0.1, ""test_mae"": 0.0061}, {""missing_rate"": 0.2, ""test_mae"": 0.0066}, {""missing_rate"": 0.3, ""test_mae"": 0.0071}, {""missing_rate"": 0.4, ""test_mae"": 0.0075}, {""missing_rate"": 0.5, ""test_mae"": 0.0082}, {""missing_rate"": 0.6, ""test_mae"": 0.0093}, {""missing_rate"": 0.7, ""test_mae"": 0.0114}, {""missing_rate"": 0.8, ""test_mae"": 0.0163}, {""missing_rate"": 0.9, ""test_mae"": 0.0277}], ""test_mae_mean"": 0.0106, ""test_mae_max"": 0.0277, ""test_mae_min"": 0.0058, ""test_mae"": 0.0277, ""missing_rate"": 0.9}",experiments/logs/seed136_gru_mim.log,Process exited with code 1,,34.19143033027649,"0.0,0.1,0.2,0.3,0.4,0.5,0.6,0.7,0.8,0.9","0.0,0.1,0.2,0.3,0.4,0.5,0.6,0.7,0.8,0.9",20260308_023704,experiments/runs/20260308_023704
seed136_cnn1d_baseline,136,cnn1d,baseline,completed,2026-03-08 02:37:05,,2026-03-08 07:53:27,"{""mr_results"": [{""missing_rate"": 0.0, ""test_mae"": 0.0197}, {""missing_rate"": 0.1, ""test_mae"": 0.0352}, {""missing_rate"": 0.2, ""test_mae"": 0.0455}, {""missing_rate"": 0.3, ""test_mae"": 0.0516}, {""missing_rate"": 0.4, ""test_mae"": 0.0559}, {""missing_rate"": 0.5, ""test_mae"": 0.0604}, {""missing_rate"": 0.6, ""test_mae"": 0.0682}, {""missing_rate"": 0.7, ""test_mae"": 0.0733}, {""missing_rate"": 0.8, ""test_mae"": 0.0789}, {""missing_rate"": 0.9, ""test_mae"": 0.0894}], ""test_mae_mean"": 0.05780999999999999, ""test_mae_max"": 0.0894, ""test_mae_min"": 0.0197, ""test_mae"": 0.0894, ""missing_rate"": 0.9}",experiments/logs/seed136_cnn1d_baseline.log,Process exited with code 1,,20.03951096534729,"0.0,0.1,0.2,0.3,0.4,0.5,0.6,0.7,0.8,0.9","0.0,0.1,0.2,0.3,0.4,0.5,0.6,0.7,0.8,0.9",20260308_023704,experiments/runs/20260308_023704
seed136_cnn1d_mim,136,cnn1d,mim,completed,2026-03-08 02:37:05,,2026-03-08 07:52:52,"{""mr_results"": [{""missing_rate"": 0.0, ""test_mae"": 0.0058}, {""missing_rate"": 0.1, ""test_mae"": 0.0065}, {""missing_rate"": 0.2, ""test_mae"": 0.0068}, {""missing_rate"": 0.3, ""test_mae"": 0.0072}, {""missing_rate"": 0.4, ""test_mae"": 0.0075}, {""missing_rate"": 0.5, ""test_mae"": 0.008}, {""missing_rate"": 0.6, ""test_mae"": 0.0084}, {""missing_rate"": 0.7, ""test_mae"": 0.0096}, {""missing_rate"": 0.8, ""test_mae"": 0.0138}, {""missing_rate"": 0.9, ""test_mae"": 0.0227}], ""test_mae_mean"": 0.00963, ""test_mae_max"": 0.0227, ""test_mae_min"": 0.0058, ""test_mae"": 0.0227, ""missing_rate"": 0.9}",experiments/logs/seed136_cnn1d_mim.log,,,95.00445055961609,"0.0,0.1,0.2,0.3,0.4,0.5,0.6,0.7,0.8,0.9","0.0,0.1,0.2,0.3,0.4,0.5,0.6,0.7,0.8,0.9",20260308_023704,experiments/runs/20260308_023704
seed137_mlp_baseline,137,mlp,baseline,completed,2026-03-08 02:37:05,,2026-03-08 07:54:01,"{""mr_results"": [{""missing_rate"": 0.0, ""test_mae"": 0.0233}, {""missing_rate"": 0.1, ""test_mae"": 0.024}, {""missing_rate"": 0.2, ""test_mae"": 0.0248}, {""missing_rate"": 0.3, ""test_mae"": 0.0264}, {""missing_rate"": 0.4, ""test_mae"": 0.0293}, {""missing_rate"": 0.5, ""test_mae"": 0.0315}, {""missing_rate"": 0.6, ""test_mae"": 0.034}, {""missing_rate"": 0.7, ""test_mae"": 0.0365}, {""missing_rate"": 0.8, ""test_mae"": 0.0392}, {""missing_rate"": 0.9, ""test_mae"": 0.0415}], ""test_mae_mean"": 0.03105, ""test_mae_max"": 0.0415, ""test_mae_min"": 0.0233, ""test_mae"": 0.0415, ""missing_rate"": 0.9}",experiments/logs/seed137_mlp_baseline.log,,,17.382373332977295,"0.0,0.1,0.2,0.3,0.4,0.5,0.6,0.7,0.8,0.9","0.0,0.1,0.2,0.3,0.4,0.5,0.6,0.7,0.8,0.9",20260308_023704,experiments/runs/20260308_023704
seed137_mlp_mim,137,mlp,mim,completed,2026-03-08 02:37:05,,2026-03-08 03:00:00,"{""mr_results"": []}",experiments/logs/seed137_mlp_mim.log,Process exited with code 1,cuda:0,,"0.0,0.1,0.2,0.3,0.4,0.5,0.6,0.7,0.8,0.9","0.0,0.1,0.2,0.3,0.4,0.5,0.6,0.7,0.8,0.9",20260308_023704,experiments/runs/20260308_023704
seed137_lstm_baseline,137,lstm,baseline,completed,2026-03-08 02:37:05,,2026-03-08 07:54:04,"{""mr_results"": [{""missing_rate"": 0.0, ""test_mae"": 0.0075}, {""missing_rate"": 0.1, ""test_mae"": 0.0076}, {""missing_rate"": 0.2, ""test_mae"": 0.0084}, {""missing_rate"": 0.3, ""test_mae"": 0.0096}, {""missing_rate"": 0.4, ""test_mae"": 0.0115}, {""missing_rate"": 0.5, ""test_mae"": 0.0154}, {""missing_rate"": 0.6, ""test_mae"": 0.0217}, {""missing_rate"": 0.7, ""test_mae"": 0.0286}, {""missing_rate"": 0.8, ""test_mae"": 0.0374}, {""missing_rate"": 0.9, ""test_mae"": 0.0482}], ""test_mae_mean"": 0.01959, ""test_mae_max"": 0.0482, ""test_mae_min"": 0.0075, ""test_mae"": 0.0482, ""missing_rate"": 0.9}",experiments/logs/seed137_lstm_baseline.log,,,20.084312438964844,"0.0,0.1,0.2,0.3,0.4,0.5,0.6,0.7,0.8,0.9","0.0,0.1,0.2,0.3,0.4,0.5,0.6,0.7,0.8,0.9",20260308_023704,experiments/runs/20260308_023704
seed137_lstm_mim,137,lstm,mim,completed,2026-03-08 02:37:05,,2026-03-08 03:00:00,"{""mr_results"": []}",experiments/logs/seed137_lstm_mim.log,Process exited with code 1,cuda:0,,"0.0,0.1,0.2,0.3,0.4,0.5,0.6,0.7,0.8,0.9","0.0,0.1,0.2,0.3,0.4,0.5,0.6,0.7,0.8,0.9",20260308_023704,experiments/runs/20260308_023704
seed137_gru_baseline,137,gru,baseline,completed,2026-03-08 02:37:05,,2026-03-08 07:57:26,"{""mr_results"": [{""missing_rate"": 0.0, ""test_mae"": 0.0093}, {""missing_rate"": 0.1, ""test_mae"": 0.01}, {""missing_rate"": 0.2, ""test_mae"": 0.0109}, {""missing_rate"": 0.3, ""test_mae"": 0.0128}, {""missing_rate"": 0.4, ""test_mae"": 0.0152}, {""missing_rate"": 0.5, ""test_mae"": 0.0181}, {""missing_rate"": 0.6, ""test_mae"": 0.0215}, {""missing_rate"": 0.7, ""test_mae"": 0.0249}, {""missing_rate"": 0.8, ""test_mae"": 0.029}, {""missing_rate"": 0.9, ""test_mae"": 0.0331}], ""test_mae_mean"": 0.01848, ""test_mae_max"": 0.0331, ""test_mae_min"": 0.0093, ""test_mae"": 0.0331, ""missing_rate"": 0.9}",experiments/logs/seed137_gru_baseline.log,,,16.171114444732666,"0.0,0.1,0.2,0.3,0.4,0.5,0.6,0.7,0.8,0.9","0.0,0.1,0.2,0.3,0.4,0.5,0.6,0.7,0.8,0.9",20260308_023704,experiments/runs/20260308_023704
seed137_gru_mim,137,gru,mim,completed,2026-03-08 02:37:05,,2026-03-08 07:57:46,"{""mr_results"": [{""missing_rate"": 0.0, ""test_mae"": 0.0048}, {""missing_rate"": 0.1, ""test_mae"": 0.0054}, {""missing_rate"": 0.2, ""test_mae"": 0.006}, {""missing_rate"": 0.3, ""test_mae"": 0.0065}, {""missing_rate"": 0.4, ""test_mae"": 0.0071}, {""missing_rate"": 0.5, ""test_mae"": 0.0075}, {""missing_rate"": 0.6, ""test_mae"": 0.0083}, {""missing_rate"": 0.7, ""test_mae"": 0.0102}, {""missing_rate"": 0.8, ""test_mae"": 0.0153}, {""missing_rate"": 0.9, ""test_mae"": 0.0259}], ""test_mae_mean"": 0.0097, ""test_mae_max"": 0.0259, ""test_mae_min"": 0.0048, ""test_mae"": 0.0259, ""missing_rate"": 0.9}",experiments/logs/seed137_gru_mim.log,,,35.60705804824829,"0.0,0.1,0.2,0.3,0.4,0.5,0.6,0.7,0.8,0.9","0.0,0.1,0.2,0.3,0.4,0.5,0.6,0.7,0.8,0.9",20260308_023704,experiments/runs/20260308_023704
seed137_cnn1d_baseline,137,cnn1d,baseline,completed,2026-03-08 02:37:05,,2026-03-08 07:57:35,"{""mr_results"": [{""missing_rate"": 0.0, ""test_mae"": 0.0269}, {""missing_rate"": 0.1, ""test_mae"": 0.0443}, {""missing_rate"": 0.2, ""test_mae"": 0.0564}, {""missing_rate"": 0.3, ""test_mae"": 0.0641}, {""missing_rate"": 0.4, ""test_mae"": 0.069}, {""missing_rate"": 0.5, ""test_mae"": 0.0752}, {""missing_rate"": 0.6, ""test_mae"": 0.0832}, {""missing_rate"": 0.7, ""test_mae"": 0.0918}, {""missing_rate"": 0.8, ""test_mae"": 0.0992}, {""missing_rate"": 0.9, ""test_mae"": 0.1139}], ""test_mae_mean"": 0.07239999999999999, ""test_mae_max"": 0.1139, ""test_mae_min"": 0.0269, ""test_mae"": 0.1139, ""missing_rate"": 0.9}",experiments/logs/seed137_cnn1d_baseline.log,,,24.399335145950317,"0.0,0.1,0.2,0.3,0.4,0.5,0.6,0.7,0.8,0.9","0.0,0.1,0.2,0.3,0.4,0.5,0.6,0.7,0.8,0.9",20260308_023704,experiments/runs/20260308_023704
seed137_cnn1d_mim,137,cnn1d,mim,completed,2026-03-08 02:37:05,,2026-03-08 07:58:08,"{""mr_results"": [{""missing_rate"": 0.0, ""test_mae"": 0.0068}, {""missing_rate"": 0.1, ""test_mae"": 0.0073}, {""missing_rate"": 0.2, ""test_mae"": 0.0075}, {""missing_rate"": 0.3, ""test_mae"": 0.0078}, {""missing_rate"": 0.4, ""test_mae"": 0.008}, {""missing_rate"": 0.5, ""test_mae"": 0.0084}, {""missing_rate"": 0.6, ""test_mae"": 0.0089}, {""missing_rate"": 0.7, ""test_mae"": 0.0099}, {""missing_rate"": 0.8, ""test_mae"": 0.0122}, {""missing_rate"": 0.9, ""test_mae"": 0.0187}], ""test_mae_mean"": 0.00955, ""test_mae_max"": 0.0187, ""test_mae_min"": 0.0068, ""test_mae"": 0.0187, ""missing_rate"": 0.9}",experiments/logs/seed137_cnn1d_mim.log,,,58.14108109474182,"0.0,0.1,0.2,0.3,0.4,0.5,0.6,0.7,0.8,0.9","0.0,0.1,0.2,0.3,0.4,0.5,0.6,0.7,0.8,0.9",20260308_023704,experiments/runs/20260308_023704
seed138_mlp_baseline,138,mlp,baseline,completed,2026-03-08 02:37:05,,2026-03-08 07:58:26,"{""mr_results"": [{""missing_rate"": 0.0, ""test_mae"": 0.0108}, {""missing_rate"": 0.1, ""test_mae"": 0.0117}, {""missing_rate"": 0.2, ""test_mae"": 0.0132}, {""missing_rate"": 0.3, ""test_mae"": 0.0154}, {""missing_rate"": 0.4, ""test_mae"": 0.018}, {""missing_rate"": 0.5, ""test_mae"": 0.0209}, {""missing_rate"": 0.6, ""test_mae"": 0.024}, {""missing_rate"": 0.7, ""test_mae"": 0.0268}, {""missing_rate"": 0.8, ""test_mae"": 0.0293}, {""missing_rate"": 0.9, ""test_mae"": 0.033}], ""test_mae_mean"": 0.02031, ""test_mae_max"": 0.033, ""test_mae_min"": 0.0108, ""test_mae"": 0.033, ""missing_rate"": 0.9}",experiments/logs/seed138_mlp_baseline.log,,,15.774487733840942,"0.0,0.1,0.2,0.3,0.4,0.5,0.6,0.7,0.8,0.9","0.0,0.1,0.2,0.3,0.4,0.5,0.6,0.7,0.8,0.9",20260308_023704,experiments/runs/20260308_023704
seed138_mlp_mim,138,mlp,mim,completed,2026-03-08 02:37:05,,2026-03-08 07:59:15,"{""mr_results"": [{""missing_rate"": 0.0, ""test_mae"": 0.0055}, {""missing_rate"": 0.1, ""test_mae"": 0.0058}, {""missing_rate"": 0.2, ""test_mae"": 0.0061}, {""missing_rate"": 0.3, ""test_mae"": 0.0064}, {""missing_rate"": 0.4, ""test_mae"": 0.0067}, {""missing_rate"": 0.5, ""test_mae"": 0.0078}, {""missing_rate"": 0.6, ""test_mae"": 0.0088}, {""missing_rate"": 0.7, ""test_mae"": 0.0108}, {""missing_rate"": 0.8, ""test_mae"": 0.014}, {""missing_rate"": 0.9, ""test_mae"": 0.0227}], ""test_mae_mean"": 0.00946, ""test_mae_max"": 0.0227, ""test_mae_min"": 0.0055, ""test_mae"": 0.0227, ""missing_rate"": 0.9}",experiments/logs/seed138_mlp_mim.log,,,64.1285047531128,"0.0,0.1,0.2,0.3,0.4,0.5,0.6,0.7,0.8,0.9","0.0,0.1,0.2,0.3,0.4,0.5,0.6,0.7,0.8,0.9",20260308_023704,experiments/runs/20260308_023704
seed138_lstm_baseline,138,lstm,baseline,completed,2026-03-08 02:37:05,,2026-03-08 07:58:36,"{""mr_results"": [{""missing_rate"": 0.0, ""test_mae"": 0.0089}, {""missing_rate"": 0.1, ""test_mae"": 0.0093}, {""missing_rate"": 0.2, ""test_mae"": 0.01}, {""missing_rate"": 0.3, ""test_mae"": 0.0114}, {""missing_rate"": 0.4, ""test_mae"": 0.014}, {""missing_rate"": 0.5, ""test_mae"": 0.021}, {""missing_rate"": 0.6, ""test_mae"": 0.0323}, {""missing_rate"": 0.7, ""test_mae"": 0.0461}, {""missing_rate"": 0.8, ""test_mae"": 0.0617}, {""missing_rate"": 0.9, ""test_mae"": 0.0778}], ""test_mae_mean"": 0.029249999999999998, ""test_mae_max"": 0.0778, ""test_mae_min"": 0.0089, ""test_mae"": 0.0778, ""missing_rate"": 0.9}",experiments/logs/seed138_lstm_baseline.log,,,26.09055757522583,"0.0,0.1,0.2,0.3,0.4,0.5,0.6,0.7,0.8,0.9","0.0,0.1,0.2,0.3,0.4,0.5,0.6,0.7,0.8,0.9",20260308_023704,experiments/runs/20260308_023704
seed138_lstm_mim,138,lstm,mim,completed,2026-03-08 02:37:05,,2026-03-08 07:59:19,"{""mr_results"": [{""missing_rate"": 0.0, ""test_mae"": 0.0053}, {""missing_rate"": 0.1, ""test_mae"": 0.0053}, {""missing_rate"": 0.2, ""test_mae"": 0.0054}, {""missing_rate"": 0.3, ""test_mae"": 0.0054}, {""missing_rate"": 0.4, ""test_mae"": 0.0057}, {""missing_rate"": 0.5, ""test_mae"": 0.0063}, {""missing_rate"": 0.6, ""test_mae"": 0.007}, {""missing_rate"": 0.7, ""test_mae"": 0.009}, {""missing_rate"": 0.8, ""test_mae"": 0.0136}, {""missing_rate"": 0.9, ""test_mae"": 0.0247}], ""test_mae_mean"": 0.00877, ""test_mae_max"": 0.0247, ""test_mae_min"": 0.0053, ""test_mae"": 0.0247, ""missing_rate"": 0.9}",experiments/logs/seed138_lstm_mim.log,,,68.960857629776,"0.0,0.1,0.2,0.3,0.4,0.5,0.6,0.7,0.8,0.9","0.0,0.1,0.2,0.3,0.4,0.5,0.6,0.7,0.8,0.9",20260308_023704,experiments/runs/20260308_023704
seed138_gru_baseline,138,gru,baseline,completed,2026-03-08 02:37:05,,2026-03-08 07:59:38,"{""mr_results"": [{""missing_rate"": 0.0, ""test_mae"": 0.008}, {""missing_rate"": 0.1, ""test_mae"": 0.0091}, {""missing_rate"": 0.2, ""test_mae"": 0.0105}, {""missing_rate"": 0.3, ""test_mae"": 0.0123}, {""missing_rate"": 0.4, ""test_mae"": 0.0144}, {""missing_rate"": 0.5, ""test_mae"": 0.0175}, {""missing_rate"": 0.6, ""test_mae"": 0.0209}, {""missing_rate"": 0.7, ""test_mae"": 0.0245}, {""missing_rate"": 0.8, ""test_mae"": 0.029}, {""missing_rate"": 0.9, ""test_mae"": 0.033}], ""test_mae_mean"": 0.01792, ""test_mae_max"": 0.033, ""test_mae_min"": 0.008, ""test_mae"": 0.033, ""missing_rate"": 0.9}",experiments/logs/seed138_gru_baseline.log,,,16.222954988479614,"0.0,0.1,0.2,0.3,0.4,0.5,0.6,0.7,0.8,0.9","0.0,0.1,0.2,0.3,0.4,0.5,0.6,0.7,0.8,0.9",20260308_023704,experiments/runs/20260308_023704
seed138_gru_mim,138,gru,mim,completed,2026-03-08 02:37:05,,2026-03-08 07:59:56,"{""mr_results"": [{""missing_rate"": 0.0, ""test_mae"": 0.0069}, {""missing_rate"": 0.1, ""test_mae"": 0.0073}, {""missing_rate"": 0.2, ""test_mae"": 0.0077}, {""missing_rate"": 0.3, ""test_mae"": 0.008}, {""missing_rate"": 0.4, ""test_mae"": 0.0084}, {""missing_rate"": 0.5, ""test_mae"": 0.0091}, {""missing_rate"": 0.6, ""test_mae"": 0.0101}, {""missing_rate"": 0.7, ""test_mae"": 0.0123}, {""missing_rate"": 0.8, ""test_mae"": 0.0175}, {""missing_rate"": 0.9, ""test_mae"": 0.028}], ""test_mae_mean"": 0.01153, ""test_mae_max"": 0.028, ""test_mae_min"": 0.0069, ""test_mae"": 0.028, ""missing_rate"": 0.9}",experiments/logs/seed138_gru_mim.log,,,34.94582200050354,"0.0,0.1,0.2,0.3,0.4,0.5,0.6,0.7,0.8,0.9","0.0,0.1,0.2,0.3,0.4,0.5,0.6,0.7,0.8,0.9",20260308_023704,experiments/runs/20260308_023704
seed138_cnn1d_baseline,138,cnn1d,baseline,completed,2026-03-08 02:37:05,,2026-03-08 08:00:22,"{""mr_results"": [{""missing_rate"": 0.0, ""test_mae"": 0.0292}, {""missing_rate"": 0.1, ""test_mae"": 0.0429}, {""missing_rate"": 0.2, ""test_mae"": 0.0534}, {""missing_rate"": 0.3, ""test_mae"": 0.0602}, {""missing_rate"": 0.4, ""test_mae"": 0.0643}, {""missing_rate"": 0.5, ""test_mae"": 0.0695}, {""missing_rate"": 0.6, ""test_mae"": 0.0778}, {""missing_rate"": 0.7, ""test_mae"": 0.0865}, {""missing_rate"": 0.8, ""test_mae"": 0.0936}, {""missing_rate"": 0.9, ""test_mae"": 0.1082}], ""test_mae_mean"": 0.06856, ""test_mae_max"": 0.1082, ""test_mae_min"": 0.0292, ""test_mae"": 0.1082, ""missing_rate"": 0.9}",experiments/logs/seed138_cnn1d_baseline.log,Process exited with code 1,,20.001551389694214,"0.0,0.1,0.2,0.3,0.4,0.5,0.6,0.7,0.8,0.9","0.0,0.1,0.2,0.3,0.4,0.5,0.6,0.7,0.8,0.9",20260308_023704,experiments/runs/20260308_023704
seed138_cnn1d_mim,138,cnn1d,mim,completed,2026-03-08 02:37:05,,2026-03-08 08:01:12,"{""mr_results"": [{""missing_rate"": 0.0, ""test_mae"": 0.0067}, {""missing_rate"": 0.1, ""test_mae"": 0.007}, {""missing_rate"": 0.2, ""test_mae"": 0.0071}, {""missing_rate"": 0.3, ""test_mae"": 0.0073}, {""missing_rate"": 0.4, ""test_mae"": 0.0074}, {""missing_rate"": 0.5, ""test_mae"": 0.0076}, {""missing_rate"": 0.6, ""test_mae"": 0.008}, {""missing_rate"": 0.7, ""test_mae"": 0.0089}, {""missing_rate"": 0.8, ""test_mae"": 0.0109}, {""missing_rate"": 0.9, ""test_mae"": 0.0169}], ""test_mae_mean"": 0.00878, ""test_mae_max"": 0.0169, ""test_mae_min"": 0.0067, ""test_mae"": 0.0169, ""missing_rate"": 0.9}",experiments/logs/seed138_cnn1d_mim.log,Process exited with code 1,,69.47830820083618,"0.0,0.1,0.2,0.3,0.4,0.5,0.6,0.7,0.8,0.9","0.0,0.1,0.2,0.3,0.4,0.5,0.6,0.7,0.8,0.9",20260308_023704,experiments/runs/20260308_023704
seed139_mlp_baseline,139,mlp,baseline,completed,2026-03-08 02:37:05,,2026-03-08 08:01:37,"{""mr_results"": [{""missing_rate"": 0.0, ""test_mae"": 0.0101}, {""missing_rate"": 0.1, ""test_mae"": 0.0115}, {""missing_rate"": 0.2, ""test_mae"": 0.0131}, {""missing_rate"": 0.3, ""test_mae"": 0.0149}, {""missing_rate"": 0.4, ""test_mae"": 0.0172}, {""missing_rate"": 0.5, ""test_mae"": 0.0194}, {""missing_rate"": 0.6, ""test_mae"": 0.0227}, {""missing_rate"": 0.7, ""test_mae"": 0.026}, {""missing_rate"": 0.8, ""test_mae"": 0.0295}, {""missing_rate"": 0.9, ""test_mae"": 0.0342}], ""test_mae_mean"": 0.01986, ""test_mae_max"": 0.0342, ""test_mae_min"": 0.0101, ""test_mae"": 0.0342, ""missing_rate"": 0.9}",experiments/logs/seed139_mlp_baseline.log,,,23.22287654876709,"0.0,0.1,0.2,0.3,0.4,0.5,0.6,0.7,0.8,0.9","0.0,0.1,0.2,0.3,0.4,0.5,0.6,0.7,0.8,0.9",20260308_023704,experiments/runs/20260308_023704
seed139_mlp_mim,139,mlp,mim,completed,2026-03-08 02:37:05,,2026-03-08 08:02:12,"{""mr_results"": [{""missing_rate"": 0.0, ""test_mae"": 0.0066}, {""missing_rate"": 0.1, ""test_mae"": 0.0067}, {""missing_rate"": 0.2, ""test_mae"": 0.007}, {""missing_rate"": 0.3, ""test_mae"": 0.0071}, {""missing_rate"": 0.4, ""test_mae"": 0.0077}, {""missing_rate"": 0.5, ""test_mae"": 0.0087}, {""missing_rate"": 0.6, ""test_mae"": 0.01}, {""missing_rate"": 0.7, ""test_mae"": 0.0117}, {""missing_rate"": 0.8, ""test_mae"": 0.0146}, {""missing_rate"": 0.9, ""test_mae"": 0.0233}], ""test_mae_mean"": 0.01034, ""test_mae_max"": 0.0233, ""test_mae_min"": 0.0066, ""test_mae"": 0.0233, ""missing_rate"": 0.9}",experiments/logs/seed139_mlp_mim.log,,,57.8446524143219,"0.0,0.1,0.2,0.3,0.4,0.5,0.6,0.7,0.8,0.9","0.0,0.1,0.2,0.3,0.4,0.5,0.6,0.7,0.8,0.9",20260308_023704,experiments/runs/20260308_023704
seed139_lstm_baseline,139,lstm,baseline,completed,2026-03-08 02:37:05,,2026-03-08 08:01:34,"{""mr_results"": [{""missing_rate"": 0.0, ""test_mae"": 0.0077}, {""missing_rate"": 0.1, ""test_mae"": 0.0077}, {""missing_rate"": 0.2, ""test_mae"": 0.008}, {""missing_rate"": 0.3, ""test_mae"": 0.0091}, {""missing_rate"": 0.4, ""test_mae"": 0.013}, {""missing_rate"": 0.5, ""test_mae"": 0.0212}, {""missing_rate"": 0.6, ""test_mae"": 0.0347}, {""missing_rate"": 0.7, ""test_mae"": 0.0512}, {""missing_rate"": 0.8, ""test_mae"": 0.0717}, {""missing_rate"": 0.9, ""test_mae"": 0.0954}], ""test_mae_mean"": 0.03197, ""test_mae_max"": 0.0954, ""test_mae_min"": 0.0077, ""test_mae"": 0.0954, ""missing_rate"": 0.9}",experiments/logs/seed139_lstm_baseline.log,,,20.52005100250244,"0.0,0.1,0.2,0.3,0.4,0.5,0.6,0.7,0.8,0.9","0.0,0.1,0.2,0.3,0.4,0.5,0.6,0.7,0.8,0.9",20260308_023704,experiments/runs/20260308_023704
seed139_lstm_mim,139,lstm,mim,completed,2026-03-08 02:37:05,,2026-03-08 08:02:23,"{""mr_results"": [{""missing_rate"": 0.0, ""test_mae"": 0.006}, {""missing_rate"": 0.1, ""test_mae"": 0.006}, {""missing_rate"": 0.2, ""test_mae"": 0.0061}, {""missing_rate"": 0.3, ""test_mae"": 0.0061}, {""missing_rate"": 0.4, ""test_mae"": 0.0064}, {""missing_rate"": 0.5, ""test_mae"": 0.0069}, {""missing_rate"": 0.6, ""test_mae"": 0.0074}, {""missing_rate"": 0.7, ""test_mae"": 0.0088}, {""missing_rate"": 0.8, ""test_mae"": 0.0123}, {""missing_rate"": 0.9, ""test_mae"": 0.0223}], ""test_mae_mean"": 0.008830000000000001, ""test_mae_max"": 0.0223, ""test_mae_min"": 0.006, ""test_mae"": 0.0223, ""missing_rate"": 0.9}",experiments/logs/seed139_lstm_mim.log,,,68.93851804733276,"0.0,0.1,0.2,0.3,0.4,0.5,0.6,0.7,0.8,0.9","0.0,0.1,0.2,0.3,0.4,0.5,0.6,0.7,0.8,0.9",20260308_023704,experiments/runs/20260308_023704
seed139_gru_baseline,139,gru,baseline,completed,2026-03-08 02:37:05,,2026-03-08 08:03:49,"{""mr_results"": [{""missing_rate"": 0.0, ""test_mae"": 0.0087}, {""missing_rate"": 0.1, ""test_mae"": 0.0101}, {""missing_rate"": 0.2, ""test_mae"": 0.0117}, {""missing_rate"": 0.3, ""test_mae"": 0.0134}, {""missing_rate"": 0.4, ""test_mae"": 0.0157}, {""missing_rate"": 0.5, ""test_mae"": 0.0184}, {""missing_rate"": 0.6, ""test_mae"": 0.0216}, {""missing_rate"": 0.7, ""test_mae"": 0.0249}, {""missing_rate"": 0.8, ""test_mae"": 0.0289}, {""missing_rate"": 0.9, ""test_mae"": 0.0329}], ""test_mae_mean"": 0.01863, ""test_mae_max"": 0.0329, ""test_mae_min"": 0.0087, ""test_mae"": 0.0329, ""missing_rate"": 0.9}",experiments/logs/seed139_gru_baseline.log,Process exited with code 1,,14.368159294128418,"0.0,0.1,0.2,0.3,0.4,0.5,0.6,0.7,0.8,0.9","0.0,0.1,0.2,0.3,0.4,0.5,0.6,0.7,0.8,0.9",20260308_023704,experiments/runs/20260308_023704
seed139_gru_mim,139,gru,mim,completed,2026-03-08 02:37:05,,2026-03-08 08:04:04,"{""mr_results"": [{""missing_rate"": 0.0, ""test_mae"": 0.0054}, {""missing_rate"": 0.1, ""test_mae"": 0.006}, {""missing_rate"": 0.2, ""test_mae"": 0.0069}, {""missing_rate"": 0.3, ""test_mae"": 0.0076}, {""missing_rate"": 0.4, ""test_mae"": 0.0083}, {""missing_rate"": 0.5, ""test_mae"": 0.009}, {""missing_rate"": 0.6, ""test_mae"": 0.0096}, {""missing_rate"": 0.7, ""test_mae"": 0.0114}, {""missing_rate"": 0.8, ""test_mae"": 0.0157}, {""missing_rate"": 0.9, ""test_mae"": 0.0253}], ""test_mae_mean"": 0.01052, ""test_mae_max"": 0.0253, ""test_mae_min"": 0.0054, ""test_mae"": 0.0253, ""missing_rate"": 0.9}",experiments/logs/seed139_gru_mim.log,Process exited with code 1,,29.19584631919861,"0.0,0.1,0.2,0.3,0.4,0.5,0.6,0.7,0.8,0.9","0.0,0.1,0.2,0.3,0.4,0.5,0.6,0.7,0.8,0.9",20260308_023704,experiments/runs/20260308_023704
seed139_cnn1d_baseline,139,cnn1d,baseline,completed,2026-03-08 02:37:05,,2026-03-08 08:02:46,"{""mr_results"": [{""missing_rate"": 0.0, ""test_mae"": 0.0178}, {""missing_rate"": 0.1, ""test_mae"": 0.037}, {""missing_rate"": 0.2, ""test_mae"": 0.0485}, {""missing_rate"": 0.3, ""test_mae"": 0.0549}, {""missing_rate"": 0.4, ""test_mae"": 0.0594}, {""missing_rate"": 0.5, ""test_mae"": 0.0656}, {""missing_rate"": 0.6, ""test_mae"": 0.0735}, {""missing_rate"": 0.7, ""test_mae"": 0.0819}, {""missing_rate"": 0.8, ""test_mae"": 0.0861}, {""missing_rate"": 0.9, ""test_mae"": 0.0989}], ""test_mae_mean"": 0.062360000000000006, ""test_mae_max"": 0.0989, ""test_mae_min"": 0.0178, ""test_mae"": 0.0989, ""missing_rate"": 0.9}",experiments/logs/seed139_cnn1d_baseline.log,,,20.924586534500122,"0.0,0.1,0.2,0.3,0.4,0.5,0.6,0.7,0.8,0.9","0.0,0.1,0.2,0.3,0.4,0.5,0.6,0.7,0.8,0.9",20260308_023704,experiments/runs/20260308_023704
seed139_cnn1d_mim,139,cnn1d,mim,completed,2026-03-08 02:37:05,,2026-03-08 08:03:28,"{""mr_results"": [{""missing_rate"": 0.0, ""test_mae"": 0.0087}, {""missing_rate"": 0.1, ""test_mae"": 0.0073}, {""missing_rate"": 0.2, ""test_mae"": 0.0069}, {""missing_rate"": 0.3, ""test_mae"": 0.0066}, {""missing_rate"": 0.4, ""test_mae"": 0.0067}, {""missing_rate"": 0.5, ""test_mae"": 0.0072}, {""missing_rate"": 0.6, ""test_mae"": 0.0078}, {""missing_rate"": 0.7, ""test_mae"": 0.0091}, {""missing_rate"": 0.8, ""test_mae"": 0.0123}, {""missing_rate"": 0.9, ""test_mae"": 0.0213}], ""test_mae_mean"": 0.009389999999999999, ""test_mae_max"": 0.0213, ""test_mae_min"": 0.0066, ""test_mae"": 0.0213, ""missing_rate"": 0.9}",experiments/logs/seed139_cnn1d_mim.log,,,63.62780141830444,"0.0,0.1,0.2,0.3,0.4,0.5,0.6,0.7,0.8,0.9","0.0,0.1,0.2,0.3,0.4,0.5,0.6,0.7,0.8,0.9",20260308_023704,experiments/runs/20260308_023704
seed140_mlp_baseline,140,mlp,baseline,completed,2026-03-08 02:37:05,,2026-03-08 08:06:01,"{""mr_results"": [{""missing_rate"": 0.0, ""test_mae"": 0.0155}, {""missing_rate"": 0.1, ""test_mae"": 0.0163}, {""missing_rate"": 0.2, ""test_mae"": 0.0175}, {""missing_rate"": 0.3, ""test_mae"": 0.0194}, {""missing_rate"": 0.4, ""test_mae"": 0.0218}, {""missing_rate"": 0.5, ""test_mae"": 0.0245}, {""missing_rate"": 0.6, ""test_mae"": 0.0282}, {""missing_rate"": 0.7, ""test_mae"": 0.0312}, {""missing_rate"": 0.8, ""test_mae"": 0.0335}, {""missing_rate"": 0.9, ""test_mae"": 0.0366}], ""test_mae_mean"": 0.02445, ""test_mae_max"": 0.0366, ""test_mae_min"": 0.0155, ""test_mae"": 0.0366, ""missing_rate"": 0.9}",experiments/logs/seed140_mlp_baseline.log,Process exited with code 1,,13.243499517440796,"0.0,0.1,0.2,0.3,0.4,0.5,0.6,0.7,0.8,0.9","0.0,0.1,0.2,0.3,0.4,0.5,0.6,0.7,0.8,0.9",20260308_023704,experiments/runs/20260308_023704
seed140_mlp_mim,140,mlp,mim,completed,2026-03-08 02:37:05,,2026-03-08 08:05:43,"{""mr_results"": [{""missing_rate"": 0.0, ""test_mae"": 0.0072}, {""missing_rate"": 0.1, ""test_mae"": 0.0072}, {""missing_rate"": 0.2, ""test_mae"": 0.0073}, {""missing_rate"": 0.3, ""test_mae"": 0.0073}, {""missing_rate"": 0.4, ""test_mae"": 0.0075}, {""missing_rate"": 0.5, ""test_mae"": 0.0083}, {""missing_rate"": 0.6, ""test_mae"": 0.0093}, {""missing_rate"": 0.7, ""test_mae"": 0.0113}, {""missing_rate"": 0.8, ""test_mae"": 0.0144}, {""missing_rate"": 0.9, ""test_mae"": 0.024}], ""test_mae_mean"": 0.01038, ""test_mae_max"": 0.024, ""test_mae_min"": 0.0072, ""test_mae"": 0.024, ""missing_rate"": 0.9}",experiments/logs/seed140_mlp_mim.log,Process exited with code 1,,70.83090901374817,"0.0,0.1,0.2,0.3,0.4,0.5,0.6,0.7,0.8,0.9","0.0,0.1,0.2,0.3,0.4,0.5,0.6,0.7,0.8,0.9",20260308_023704,experiments/runs/20260308_023704
seed140_lstm_baseline,140,lstm,baseline,completed,2026-03-08 02:37:05,,2026-03-08 08:04:26,"{""mr_results"": [{""missing_rate"": 0.0, ""test_mae"": 0.0081}, {""missing_rate"": 0.1, ""test_mae"": 0.0089}, {""missing_rate"": 0.2, ""test_mae"": 0.0095}, {""missing_rate"": 0.3, ""test_mae"": 0.0103}, {""missing_rate"": 0.4, ""test_mae"": 0.0114}, {""missing_rate"": 0.5, ""test_mae"": 0.0128}, {""missing_rate"": 0.6, ""test_mae"": 0.0149}, {""missing_rate"": 0.7, ""test_mae"": 0.018}, {""missing_rate"": 0.8, ""test_mae"": 0.0227}, {""missing_rate"": 0.9, ""test_mae"": 0.0304}], ""test_mae_mean"": 0.0147, ""test_mae_max"": 0.0304, ""test_mae_min"": 0.0081, ""test_mae"": 0.0304, ""missing_rate"": 0.9}",experiments/logs/seed140_lstm_baseline.log,,,19.853002548217773,"0.0,0.1,0.2,0.3,0.4,0.5,0.6,0.7,0.8,0.9","0.0,0.1,0.2,0.3,0.4,0.5,0.6,0.7,0.8,0.9",20260308_023704,experiments/runs/20260308_023704
seed140_lstm_mim,140,lstm,mim,completed,2026-03-08 02:37:06,,2026-03-08 08:07:03,"{""mr_results"": [{""missing_rate"": 0.0, ""test_mae"": 0.0062}, {""missing_rate"": 0.1, ""test_mae"": 0.0063}, {""missing_rate"": 0.2, ""test_mae"": 0.0063}, {""missing_rate"": 0.3, ""test_mae"": 0.0064}, {""missing_rate"": 0.4, ""test_mae"": 0.0068}, {""missing_rate"": 0.5, ""test_mae"": 0.0074}, {""missing_rate"": 0.6, ""test_mae"": 0.008}, {""missing_rate"": 0.7, ""test_mae"": 0.0093}, {""missing_rate"": 0.8, ""test_mae"": 0.0123}, {""missing_rate"": 0.9, ""test_mae"": 0.0199}], ""test_mae_mean"": 0.00889, ""test_mae_max"": 0.0199, ""test_mae_min"": 0.0062, ""test_mae"": 0.0199, ""missing_rate"": 0.9}",experiments/logs/seed140_lstm_mim.log,Process exited with code 1,,75.33849692344666,"0.0,0.1,0.2,0.3,0.4,0.5,0.6,0.7,0.8,0.9","0.0,0.1,0.2,0.3,0.4,0.5,0.6,0.7,0.8,0.9",20260308_023704,experiments/runs/20260308_023704
seed140_gru_baseline,140,gru,baseline,completed,2026-03-08 02:37:06,,2026-03-08 08:07:23,"{""mr_results"": [{""missing_rate"": 0.0, ""test_mae"": 0.0069}, {""missing_rate"": 0.1, ""test_mae"": 0.0078}, {""missing_rate"": 0.2, ""test_mae"": 0.0098}, {""missing_rate"": 0.3, ""test_mae"": 0.0125}, {""missing_rate"": 0.4, ""test_mae"": 0.0157}, {""missing_rate"": 0.5, ""test_mae"": 0.0191}, {""missing_rate"": 0.6, ""test_mae"": 0.0229}, {""missing_rate"": 0.7, ""test_mae"": 0.0266}, {""missing_rate"": 0.8, ""test_mae"": 0.0305}, {""missing_rate"": 0.9, ""test_mae"": 0.0345}], ""test_mae_mean"": 0.01863, ""test_mae_max"": 0.0345, ""test_mae_min"": 0.0069, ""test_mae"": 0.0345, ""missing_rate"": 0.9}",experiments/logs/seed140_gru_baseline.log,,,17.900391340255737,"0.0,0.1,0.2,0.3,0.4,0.5,0.6,0.7,0.8,0.9","0.0,0.1,0.2,0.3,0.4,0.5,0.6,0.7,0.8,0.9",20260308_023704,experiments/runs/20260308_023704
seed140_gru_mim,140,gru,mim,completed,2026-03-08 02:37:06,,2026-03-08 08:07:43,"{""mr_results"": [{""missing_rate"": 0.0, ""test_mae"": 0.0067}, {""missing_rate"": 0.1, ""test_mae"": 0.0068}, {""missing_rate"": 0.2, ""test_mae"": 0.0071}, {""missing_rate"": 0.3, ""test_mae"": 0.0073}, {""missing_rate"": 0.4, ""test_mae"": 0.0077}, {""missing_rate"": 0.5, ""test_mae"": 0.0079}, {""missing_rate"": 0.6, ""test_mae"": 0.0083}, {""missing_rate"": 0.7, ""test_mae"": 0.0096}, {""missing_rate"": 0.8, ""test_mae"": 0.0136}, {""missing_rate"": 0.9, ""test_mae"": 0.0237}], ""test_mae_mean"": 0.00987, ""test_mae_max"": 0.0237, ""test_mae_min"": 0.0067, ""test_mae"": 0.0237, ""missing_rate"": 0.9}",experiments/logs/seed140_gru_mim.log,,,38.34403848648071,"0.0,0.1,0.2,0.3,0.4,0.5,0.6,0.7,0.8,0.9","0.0,0.1,0.2,0.3,0.4,0.5,0.6,0.7,0.8,0.9",20260308_023704,experiments/runs/20260308_023704
seed140_cnn1d_baseline,140,cnn1d,baseline,completed,2026-03-08 02:37:06,,2026-03-08 08:07:26,"{""mr_results"": [{""missing_rate"": 0.0, ""test_mae"": 0.0259}, {""missing_rate"": 0.1, ""test_mae"": 0.0414}, {""missing_rate"": 0.2, ""test_mae"": 0.0522}, {""missing_rate"": 0.3, ""test_mae"": 0.0575}, {""missing_rate"": 0.4, ""test_mae"": 0.06}, {""missing_rate"": 0.5, ""test_mae"": 0.0632}, {""missing_rate"": 0.6, ""test_mae"": 0.0661}, {""missing_rate"": 0.7, ""test_mae"": 0.0714}, {""missing_rate"": 0.8, ""test_mae"": 0.0779}, {""missing_rate"": 0.9, ""test_mae"": 0.0918}], ""test_mae_mean"": 0.06074, ""test_mae_max"": 0.0918, ""test_mae_min"": 0.0259, ""test_mae"": 0.0918, ""missing_rate"": 0.9}",experiments/logs/seed140_cnn1d_baseline.log,,,21.14509105682373,"0.0,0.1,0.2,0.3,0.4,0.5,0.6,0.7,0.8,0.9","0.0,0.1,0.2,0.3,0.4,0.5,0.6,0.7,0.8,0.9",20260308_023704,experiments/runs/20260308_023704
seed140_cnn1d_mim,140,cnn1d,mim,completed,2026-03-08 02:37:06,,2026-03-08 08:09:04,"{""mr_results"": [{""missing_rate"": 0.0, ""test_mae"": 0.0071}, {""missing_rate"": 0.1, ""test_mae"": 0.0072}, {""missing_rate"": 0.2, ""test_mae"": 0.0073}, {""missing_rate"": 0.3, ""test_mae"": 0.0073}, {""missing_rate"": 0.4, ""test_mae"": 0.0076}, {""missing_rate"": 0.5, ""test_mae"": 0.008}, {""missing_rate"": 0.6, ""test_mae"": 0.0086}, {""missing_rate"": 0.7, ""test_mae"": 0.0097}, {""missing_rate"": 0.8, ""test_mae"": 0.0128}, {""missing_rate"": 0.9, ""test_mae"": 0.0204}], ""test_mae_mean"": 0.009600000000000001, ""test_mae_max"": 0.0204, ""test_mae_min"": 0.0071, ""test_mae"": 0.0204, ""missing_rate"": 0.9}",experiments/logs/seed140_cnn1d_mim.log,Process exited with code 1,,75.31749033927917,"0.0,0.1,0.2,0.3,0.4,0.5,0.6,0.7,0.8,0.9","0.0,0.1,0.2,0.3,0.4,0.5,0.6,0.7,0.8,0.9",20260308_023704,experiments/runs/20260308_023704
seed141_mlp_baseline,141,mlp,baseline,completed,2026-03-08 02:37:06,,2026-03-08 08:09:24,"{""mr_results"": [{""missing_rate"": 0.0, ""test_mae"": 0.0173}, {""missing_rate"": 0.1, ""test_mae"": 0.0178}, {""missing_rate"": 0.2, ""test_mae"": 0.0182}, {""missing_rate"": 0.3, ""test_mae"": 0.0199}, {""missing_rate"": 0.4, ""test_mae"": 0.0219}, {""missing_rate"": 0.5, ""test_mae"": 0.0237}, {""missing_rate"": 0.6, ""test_mae"": 0.0266}, {""missing_rate"": 0.7, ""test_mae"": 0.0296}, {""missing_rate"": 0.8, ""test_mae"": 0.0315}, {""missing_rate"": 0.9, ""test_mae"": 0.0351}], ""test_mae_mean"": 0.02416, ""test_mae_max"": 0.0351, ""test_mae_min"": 0.0173, ""test_mae"": 0.0351, ""missing_rate"": 0.9}",experiments/logs/seed141_mlp_baseline.log,,,17.563976049423218,"0.0,0.1,0.2,0.3,0.4,0.5,0.6,0.7,0.8,0.9","0.0,0.1,0.2,0.3,0.4,0.5,0.6,0.7,0.8,0.9",20260308_023704,experiments/runs/20260308_023704
seed141_mlp_mim,141,mlp,mim,completed,2026-03-08 02:37:06,,2026-03-08 08:09:44,"{""mr_results"": [{""missing_rate"": 0.0, ""test_mae"": 0.0066}, {""missing_rate"": 0.1, ""test_mae"": 0.0067}, {""missing_rate"": 0.2, ""test_mae"": 0.0068}, {""missing_rate"": 0.3, ""test_mae"": 0.0068}, {""missing_rate"": 0.4, ""test_mae"": 0.0073}, {""missing_rate"": 0.5, ""test_mae"": 0.0082}, {""missing_rate"": 0.6, ""test_mae"": 0.0098}, {""missing_rate"": 0.7, ""test_mae"": 0.0113}, {""missing_rate"": 0.8, ""test_mae"": 0.0139}, {""missing_rate"": 0.9, ""test_mae"": 0.0229}], ""test_mae_mean"": 0.01003, ""test_mae_max"": 0.0229, ""test_mae_min"": 0.0066, ""test_mae"": 0.0229, ""missing_rate"": 0.9}",experiments/logs/seed141_mlp_mim.log,,,38.17008686065674,"0.0,0.1,0.2,0.3,0.4,0.5,0.6,0.7,0.8,0.9","0.0,0.1,0.2,0.3,0.4,0.5,0.6,0.7,0.8,0.9",20260308_023704,experiments/runs/20260308_023704
seed141_lstm_baseline,141,lstm,baseline,completed,2026-03-08 02:37:06,,2026-03-08 08:10:08,"{""mr_results"": [{""missing_rate"": 0.0, ""test_mae"": 0.0065}, {""missing_rate"": 0.1, ""test_mae"": 0.007}, {""missing_rate"": 0.2, ""test_mae"": 0.0078}, {""missing_rate"": 0.3, ""test_mae"": 0.0089}, {""missing_rate"": 0.4, ""test_mae"": 0.0109}, {""missing_rate"": 0.5, ""test_mae"": 0.0128}, {""missing_rate"": 0.6, ""test_mae"": 0.0154}, {""missing_rate"": 0.7, ""test_mae"": 0.0184}, {""missing_rate"": 0.8, ""test_mae"": 0.0233}, {""missing_rate"": 0.9, ""test_mae"": 0.0301}], ""test_mae_mean"": 0.014110000000000001, ""test_mae_max"": 0.0301, ""test_mae_min"": 0.0065, ""test_mae"": 0.0301, ""missing_rate"": 0.9}",experiments/logs/seed141_lstm_baseline.log,Process exited with code 1,,17.87574076652527,"0.0,0.1,0.2,0.3,0.4,0.5,0.6,0.7,0.8,0.9","0.0,0.1,0.2,0.3,0.4,0.5,0.6,0.7,0.8,0.9",20260308_023704,experiments/runs/20260308_023704
seed141_lstm_mim,141,lstm,mim,completed,2026-03-08 02:37:06,,2026-03-08 08:11:07,"{""mr_results"": [{""missing_rate"": 0.0, ""test_mae"": 0.0087}, {""missing_rate"": 0.1, ""test_mae"": 0.0088}, {""missing_rate"": 0.2, ""test_mae"": 0.0087}, {""missing_rate"": 0.3, ""test_mae"": 0.0088}, {""missing_rate"": 0.4, ""test_mae"": 0.009}, {""missing_rate"": 0.5, ""test_mae"": 0.0094}, {""missing_rate"": 0.6, ""test_mae"": 0.0099}, {""missing_rate"": 0.7, ""test_mae"": 0.0112}, {""missing_rate"": 0.8, ""test_mae"": 0.0143}, {""missing_rate"": 0.9, ""test_mae"": 0.0224}], ""test_mae_mean"": 0.01112, ""test_mae_max"": 0.0224, ""test_mae_min"": 0.0087, ""test_mae"": 0.0224, ""missing_rate"": 0.9}",experiments/logs/seed141_lstm_mim.log,Process exited with code 1,,76.39499068260193,"0.0,0.1,0.2,0.3,0.4,0.5,0.6,0.7,0.8,0.9","0.0,0.1,0.2,0.3,0.4,0.5,0.6,0.7,0.8,0.9",20260308_023704,experiments/runs/20260308_023704
seed141_gru_baseline,141,gru,baseline,completed,2026-03-08 02:37:06,,2026-03-08 08:12:15,"{""mr_results"": [{""missing_rate"": 0.0, ""test_mae"": 0.0076}, {""missing_rate"": 0.1, ""test_mae"": 0.0097}, {""missing_rate"": 0.2, ""test_mae"": 0.0117}, {""missing_rate"": 0.3, ""test_mae"": 0.0142}, {""missing_rate"": 0.4, ""test_mae"": 0.0174}, {""missing_rate"": 0.5, ""test_mae"": 0.0204}, {""missing_rate"": 0.6, ""test_mae"": 0.0238}, {""missing_rate"": 0.7, ""test_mae"": 0.0275}, {""missing_rate"": 0.8, ""test_mae"": 0.0312}, {""missing_rate"": 0.9, ""test_mae"": 0.0348}], ""test_mae_mean"": 0.01983, ""test_mae_max"": 0.0348, ""test_mae_min"": 0.0076, ""test_mae"": 0.0348, ""missing_rate"": 0.9}",experiments/logs/seed141_gru_baseline.log,Process exited with code 1,,13.259426355361938,"0.0,0.1,0.2,0.3,0.4,0.5,0.6,0.7,0.8,0.9","0.0,0.1,0.2,0.3,0.4,0.5,0.6,0.7,0.8,0.9",20260308_023704,experiments/runs/20260308_023704
seed141_gru_mim,141,gru,mim,completed,2026-03-08 02:37:06,,2026-03-08 08:11:41,"{""mr_results"": [{""missing_rate"": 0.0, ""test_mae"": 0.0073}, {""missing_rate"": 0.1, ""test_mae"": 0.0072}, {""missing_rate"": 0.2, ""test_mae"": 0.0071}, {""missing_rate"": 0.3, ""test_mae"": 0.0074}, {""missing_rate"": 0.4, ""test_mae"": 0.0081}, {""missing_rate"": 0.5, ""test_mae"": 0.0089}, {""missing_rate"": 0.6, ""test_mae"": 0.0099}, {""missing_rate"": 0.7, ""test_mae"": 0.0115}, {""missing_rate"": 0.8, ""test_mae"": 0.0155}, {""missing_rate"": 0.9, ""test_mae"": 0.0242}], ""test_mae_mean"": 0.01071, ""test_mae_max"": 0.0242, ""test_mae_min"": 0.0071, ""test_mae"": 0.0242, ""missing_rate"": 0.9}",experiments/logs/seed141_gru_mim.log,,,32.503762006759644,"0.0,0.1,0.2,0.3,0.4,0.5,0.6,0.7,0.8,0.9","0.0,0.1,0.2,0.3,0.4,0.5,0.6,0.7,0.8,0.9",20260308_023704,experiments/runs/20260308_023704
seed141_cnn1d_baseline,141,cnn1d,baseline,completed,2026-03-08 02:37:06,,2026-03-08 08:11:29,"{""mr_results"": [{""missing_rate"": 0.0, ""test_mae"": 0.0333}, {""missing_rate"": 0.1, ""test_mae"": 0.0446}, {""missing_rate"": 0.2, ""test_mae"": 0.056}, {""missing_rate"": 0.3, ""test_mae"": 0.062}, {""missing_rate"": 0.4, ""test_mae"": 0.0655}, {""missing_rate"": 0.5, ""test_mae"": 0.0715}, {""missing_rate"": 0.6, ""test_mae"": 0.0796}, {""missing_rate"": 0.7, ""test_mae"": 0.0882}, {""missing_rate"": 0.8, ""test_mae"": 0.0956}, {""missing_rate"": 0.9, ""test_mae"": 0.1141}], ""test_mae_mean"": 0.07104, ""test_mae_max"": 0.1141, ""test_mae_min"": 0.0333, ""test_mae"": 0.1141, ""missing_rate"": 0.9}",experiments/logs/seed141_cnn1d_baseline.log,,,20.50334882736206,"0.0,0.1,0.2,0.3,0.4,0.5,0.6,0.7,0.8,0.9","0.0,0.1,0.2,0.3,0.4,0.5,0.6,0.7,0.8,0.9",20260308_023704,experiments/runs/20260308_023704
seed141_cnn1d_mim,141,cnn1d,mim,completed,2026-03-08 02:37:06,,2026-03-08 08:13:01,"{""mr_results"": [{""missing_rate"": 0.0, ""test_mae"": 0.008}, {""missing_rate"": 0.1, ""test_mae"": 0.0079}, {""missing_rate"": 0.2, ""test_mae"": 0.0078}, {""missing_rate"": 0.3, ""test_mae"": 0.0079}, {""missing_rate"": 0.4, ""test_mae"": 0.0079}, {""missing_rate"": 0.5, ""test_mae"": 0.008}, {""missing_rate"": 0.6, ""test_mae"": 0.0083}, {""missing_rate"": 0.7, ""test_mae"": 0.0094}, {""missing_rate"": 0.8, ""test_mae"": 0.0127}, {""missing_rate"": 0.9, ""test_mae"": 0.02}], ""test_mae_mean"": 0.00979, ""test_mae_max"": 0.02, ""test_mae_min"": 0.0078, ""test_mae"": 0.02, ""missing_rate"": 0.9}",experiments/logs/seed141_cnn1d_mim.log,Process exited with code 1,,58.48995614051819,"0.0,0.1,0.2,0.3,0.4,0.5,0.6,0.7,0.8,0.9","0.0,0.1,0.2,0.3,0.4,0.5,0.6,0.7,0.8,0.9",20260308_023704,experiments/runs/20260308_023704
